{
    "log_likelihood_mean_(last_iteration_value)": -48.683038889298885,
    "time_taken_mean": 0.0046717627,
    "time_from_paper": 0.02,
    "percentage_improvement(%)": 328.1039360154145,
    "iterations_made_mean": 12.5,
    "MAE": 0.010630383282921665
}