{
	"input_file":	"/Users/daniel/ecological-inference-elections/instances/J100_M50_G2_I10_L50_seed13.json",
	"method":	"Multinomial",
	"convergence_threshold":	0.001,
	"iterations_made":	13,
	"max_iterations":	10000,
	"time_taken":	0.000125195,
	"ground_truth_matrix":	[[0.095000606641782351, 0.017133841334523565, 0.109854414200967, 0.213159663431239, 0.22726109271150324, 0.038166572341381357, 0.059332412112789071, 0.0943852305406974, 0.064827896915340855, 0.080878269769776023], [0.0068883355213543232, 0.0684607808726845, 0.011645208371382151, 0.37572194421425487, 0.090114377573631624, 0.21997833859893373, 0.057186871760991957, 0.082483938626239872, 0.001826590536552423, 0.085693613923974427]],
	"estimated_matrix":	[[0.0991474443425054, 0.0142043134378786, 0.1130031235610359, 0.21811441395106695, 0.23445351182305268, 0.034360716681737846, 0.0645278923007973, 0.0883406146075176, 0.059261993940075516, 0.074585975354332229], [0.0051702421922491465, 0.0647552592778775, 0.013598407031510665, 0.367856317189503, 0.088792353220021061, 0.22619651372275237, 0.050612501026354569, 0.0871174746993303, 0.00456624755474383, 0.091334684085657564]]
}
