{
	"input_file":	"/Users/daniel/ecological-inference-elections/instances/J100_M50_G2_I10_L50_seed6.json",
	"method":	"Multinomial",
	"convergence_threshold":	0.001,
	"iterations_made":	12,
	"max_iterations":	10000,
	"time_taken":	8.1922e-05,
	"ground_truth_matrix":	[[0.2757785884142302, 0.049811174985890418, 0.21256714574811184, 0.0052585713872016051, 0.0140634359385901, 0.11161384679915949, 0.093172468949395029, 0.067002269496367034, 0.0504463957726052, 0.12028610250844927], [0.037829281177702068, 0.087361551550571126, 0.047893920136897319, 0.056745822878612753, 0.0680224331729206, 0.30367179058157329, 0.11247047241485471, 0.0349793289128446, 0.13711825271796652, 0.11390714645605694]],
	"estimated_matrix":	[[0.25704670774831967, 0.056927423120135573, 0.202409432011171, 0.0047132748726093155, 0.0065960217920111681, 0.11916303627348558, 0.097427181529783, 0.059581299906069612, 0.0669987176712432, 0.12913690507517187], [0.0560876975303472, 0.087448230841194047, 0.03863431279927132, 0.0556277975459972, 0.064418582644381134, 0.28346262786760063, 0.11566604938237225, 0.040776525196960019, 0.14120554980406957, 0.11667262638780666]]
}
