{
	"input_file":	"/Users/daniel/ecological-inference-elections/instances/J100_M50_G2_I10_L50_seed19.json",
	"method":	"Multinomial",
	"convergence_threshold":	0.001,
	"iterations_made":	14,
	"max_iterations":	10000,
	"time_taken":	9.3436e-05,
	"ground_truth_matrix":	[[0.00997967157152297, 0.13928787470867682, 0.027579478928395351, 0.014455766703033052, 0.039154695612610146, 0.00842603508963501, 0.10839645532130762, 0.15977019010638813, 0.394764314683101, 0.098185517275330023], [0.044314691186619112, 0.14507784297469581, 0.14368244984263659, 0.048582056046547389, 0.021994251157037275, 0.12615259812409607, 0.030059954829732515, 0.13859323982483718, 0.089158544885675553, 0.2123843711281225]],
	"estimated_matrix":	[[0.0111923855297745, 0.13626024251442659, 0.03855823632021714, 0.011791906531085385, 0.035529844074258521, 0.013111439172717912, 0.10630547980480572, 0.16188683360423339, 0.39950864981957762, 0.085854982628903148], [0.039220728564804817, 0.1444917331077572, 0.13610294532319225, 0.054580583828252371, 0.026098345707083748, 0.11852915518156387, 0.033439168071889486, 0.14483044004152371, 0.088547683886912171, 0.21415921628702039]]
}
