{
	"input_file":	"/Users/daniel/ecological-inference-elections/instances/J100_M50_G2_I10_L50_seed16.json",
	"method":	"Multinomial",
	"convergence_threshold":	0.001,
	"iterations_made":	15,
	"max_iterations":	10000,
	"time_taken":	0.000107554,
	"ground_truth_matrix":	[[0.037220072406000837, 0.10908437447685727, 0.11784646370736214, 0.0068749419864193783, 0.0659039693392477, 0.03718022718294757, 0.17190609579094332, 0.026337259333659491, 0.010740806916152435, 0.41690578886040985], [0.14673895330909076, 0.014366663143133332, 0.22689653856502881, 0.03052185574293443, 0.050964679802890864, 0.061466417499061822, 0.21102591149970712, 0.11042169790901495, 0.042842649101018683, 0.10475463342811923]],
	"estimated_matrix":	[[0.0364666226508207, 0.11909385720825848, 0.10116682023910339, 0.003214291523084415, 0.0631470752508686, 0.037720833932484363, 0.18187642616705554, 0.030505762454619213, 0.0071862538845347068, 0.41962205668917069], [0.13948440388403449, 0.01759201185241353, 0.2227834134108809, 0.032360682430622616, 0.05955252401379605, 0.062258760816033848, 0.20980624701685271, 0.11507213196965393, 0.052196467542242976, 0.088893357063468931]]
}
