{
	"input_file":	"/Users/daniel/ecological-inference-elections/instances/J100_M50_G2_I2_L50_seed11.json",
	"method":	"Multinomial",
	"convergence_threshold":	0.001,
	"iterations_made":	17,
	"max_iterations":	10000,
	"time_taken":	8.0215e-05,
	"ground_truth_matrix":	[[0.90996736531017963, 0.0900326346898204], [0.3252452051574129, 0.674754794842587]],
	"estimated_matrix":	[[0.90160588086097859, 0.0983941191390215], [0.34767793029371191, 0.652322069706288]]
}
