{
	"input_file":	"/Users/daniel/ecological-inference-elections/instances/J100_M50_G2_I2_L50_seed5.json",
	"method":	"Multinomial",
	"convergence_threshold":	0.001,
	"iterations_made":	0,
	"max_iterations":	10000,
	"time_taken":	2.8408e-05,
	"ground_truth_matrix":	[[0.1092869023075165, 0.89071309769248352], [0.084514668368276855, 0.91548533163172319]],
	"estimated_matrix":	[[0.09628296069139973, 0.9037170393086], [0.094915941394374051, 0.905084058605626]]
}
