{
	"input_file":	"/Users/daniel/ecological-inference-elections/instances/J100_M50_G2_I3_L50_seed9.json",
	"method":	"Multinomial",
	"convergence_threshold":	0.001,
	"iterations_made":	15,
	"max_iterations":	10000,
	"time_taken":	5.1255e-05,
	"ground_truth_matrix":	[[0.0074912953861159658, 0.50062704625065, 0.491881658363234], [0.26431498514720508, 0.28198911632292084, 0.45369589852987391]],
	"estimated_matrix":	[[0.02014949718728766, 0.49476667995098761, 0.48508382286172474], [0.257422708704683, 0.29372161529980534, 0.44885567599551185]]
}
