{
	"input_file":	"/Users/daniel/ecological-inference-elections/instances/J100_M50_G2_I3_L50_seed4.json",
	"method":	"Multinomial",
	"convergence_threshold":	0.001,
	"iterations_made":	15,
	"max_iterations":	10000,
	"time_taken":	8.4348e-05,
	"ground_truth_matrix":	[[0.43718503692497424, 0.10152387292062479, 0.461291090154401], [0.46562077068857344, 0.4440250450179633, 0.0903541842934631]],
	"estimated_matrix":	[[0.41796246034188478, 0.1053089487438838, 0.47672859091423136], [0.48927598958459612, 0.41863370645498987, 0.092090303960414066]]
}
