{
	"input_file":	"/Users/daniel/ecological-inference-elections/instances/J100_M50_G2_I3_L50_seed5.json",
	"method":	"Multinomial",
	"convergence_threshold":	0.001,
	"iterations_made":	18,
	"max_iterations":	10000,
	"time_taken":	9.0743e-05,
	"ground_truth_matrix":	[[0.099277505208629477, 0.80913423592827161, 0.0915882588630989], [0.608148478297384, 0.16248736605778868, 0.22936415564482709]],
	"estimated_matrix":	[[0.0996161911560833, 0.82580968820882139, 0.0745741206350955], [0.597813803069981, 0.16473568697681854, 0.23745050995320063]]
}
