{
	"input_file":	"/Users/daniel/ecological-inference-elections/instances/J100_M50_G2_I3_L50_seed14.json",
	"method":	"Multinomial",
	"convergence_threshold":	0.001,
	"iterations_made":	15,
	"max_iterations":	10000,
	"time_taken":	7.9102e-05,
	"ground_truth_matrix":	[[0.16980903280015061, 0.34919148198550209, 0.48099948521434727], [0.0022826956347437562, 0.10472826176811086, 0.89298904259714529]],
	"estimated_matrix":	[[0.15790297844481621, 0.36461445365918466, 0.477482567895999], [0.0044794042401178052, 0.10443643276612173, 0.89108416299376036]]
}
