{
	"input_file":	"/Users/daniel/ecological-inference-elections/instances/J100_M50_G2_I3_L50_seed19.json",
	"method":	"Multinomial",
	"convergence_threshold":	0.001,
	"iterations_made":	11,
	"max_iterations":	10000,
	"time_taken":	3.7436e-05,
	"ground_truth_matrix":	[[0.05643109664837008, 0.78761785528698358, 0.15595104806464638], [0.23302035588171555, 0.63115580747276, 0.13582383664552442]],
	"estimated_matrix":	[[0.060547329385335122, 0.79357337091476643, 0.14587929969989843], [0.22051866033637638, 0.65098853962500225, 0.12849280003862135]]
}
