{
	"input_file":	"/Users/daniel/ecological-inference-elections/instances/J100_M50_G2_I3_L50_seed8.json",
	"method":	"Multinomial",
	"convergence_threshold":	0.001,
	"iterations_made":	15,
	"max_iterations":	10000,
	"time_taken":	7.8227e-05,
	"ground_truth_matrix":	[[0.27340463300715134, 0.457544000038453, 0.26905136695439574], [0.73250839185554451, 0.25639597500319711, 0.011095633141258382]],
	"estimated_matrix":	[[0.27149976511546409, 0.48870597439444413, 0.23979426049009175], [0.73856017898536341, 0.24187731030527737, 0.019562510709359191]]
}
