{
	"input_file":	"/Users/daniel/ecological-inference-elections/instances/J100_M50_G2_I3_L50_seed3.json",
	"method":	"Multinomial",
	"convergence_threshold":	0.001,
	"iterations_made":	12,
	"max_iterations":	10000,
	"time_taken":	4.0158e-05,
	"ground_truth_matrix":	[[0.33688219083814136, 0.518408337162583, 0.1447094719992755], [0.13709494665374614, 0.42840825980005576, 0.43449679354619813]],
	"estimated_matrix":	[[0.33268137410338577, 0.52427326246678019, 0.14304536342983412], [0.13517262349561865, 0.425781500292341, 0.43904587621204028]]
}
