{
	"input_file":	"/Users/daniel/ecological-inference-elections/instances/J100_M50_G2_I4_L50_seed12.json",
	"method":	"Multinomial",
	"convergence_threshold":	0.001,
	"iterations_made":	14,
	"max_iterations":	10000,
	"time_taken":	5.1069e-05,
	"ground_truth_matrix":	[[0.064811871434951526, 0.52152885323862519, 0.11829638888251422, 0.2953628864439089], [0.0030156831164753, 0.515584843486113, 0.47441747954048219, 0.00698199385692937]],
	"estimated_matrix":	[[0.0610403306345077, 0.52906876997452168, 0.13438305431532005, 0.27550784507565046], [0.00481859487415619, 0.51870747522757266, 0.45813694868783555, 0.018336981210435525]]
}
