{
	"input_file":	"/Users/daniel/ecological-inference-elections/instances/J100_M50_G2_I4_L50_seed13.json",
	"method":	"Multinomial",
	"convergence_threshold":	0.001,
	"iterations_made":	12,
	"max_iterations":	10000,
	"time_taken":	7.1296e-05,
	"ground_truth_matrix":	[[0.218317657192871, 0.0393746969740127, 0.25245268623476663, 0.48985495959834957], [0.542201209301642, 0.091058092837147178, 0.14155571116247334, 0.22518498669873749]],
	"estimated_matrix":	[[0.23780781233408194, 0.0508384092980948, 0.2329225733718612, 0.478431204995962], [0.52553971515431763, 0.090864621716473026, 0.14814918512277134, 0.235446478006438]]
}
