{
	"input_file":	"/Users/daniel/ecological-inference-elections/instances/J100_M50_G2_I4_L50_seed5.json",
	"method":	"Multinomial",
	"convergence_threshold":	0.001,
	"iterations_made":	15,
	"max_iterations":	10000,
	"time_taken":	6.2021e-05,
	"ground_truth_matrix":	[[0.04983539454067374, 0.40616979444752377, 0.04597554104672593, 0.49801926996507662], [0.17642180632607257, 0.24903375337454553, 0.38221213978536139, 0.19233230051402056]],
	"estimated_matrix":	[[0.044709756740950145, 0.40543100147976674, 0.0412216667400621, 0.508637575039221], [0.17381266964638073, 0.24120155861340592, 0.40398848591155567, 0.18099728582865768]]
}
