{
	"input_file":	"/Users/daniel/ecological-inference-elections/instances/J100_M50_G2_I4_L50_seed19.json",
	"method":	"Multinomial",
	"convergence_threshold":	0.001,
	"iterations_made":	24,
	"max_iterations":	10000,
	"time_taken":	0.000146172,
	"ground_truth_matrix":	[[0.052166889316142627, 0.72810163049277654, 0.144166630569279, 0.075564849621801933], [0.12400640059949905, 0.026686001932657091, 0.343301206964579, 0.506006390503265]],
	"estimated_matrix":	[[0.056484495797782, 0.740506990786789, 0.127553571755422, 0.07545494166000713], [0.11232603367181111, 0.034317626771341876, 0.35056643222118017, 0.502789907335667]]
}
