{
	"input_file":	"/Users/daniel/ecological-inference-elections/instances/J100_M50_G2_I4_L50_seed8.json",
	"method":	"Multinomial",
	"convergence_threshold":	0.001,
	"iterations_made":	18,
	"max_iterations":	10000,
	"time_taken":	0.000475224,
	"ground_truth_matrix":	[[0.248524592823477, 0.41590713024020765, 0.2445674774618472, 0.0910007994744682], [0.195642639627116, 0.0084665094920574734, 0.41573970330401455, 0.380151147576812]],
	"estimated_matrix":	[[0.24293995604884991, 0.414832198854902, 0.23075801635911347, 0.11146982873713449], [0.19923872324932004, 0.024676924136898013, 0.42776484637929124, 0.34831950623449071]]
}
