{
	"input_file":	"/Users/daniel/ecological-inference-elections/instances/J100_M50_G2_I4_L50_seed9.json",
	"method":	"Multinomial",
	"convergence_threshold":	0.001,
	"iterations_made":	12,
	"max_iterations":	10000,
	"time_taken":	6.8382e-05,
	"ground_truth_matrix":	[[0.0067904575313161844, 0.453791570266173, 0.445864345135731, 0.093553627066779749], [0.12490196468201752, 0.20095636964109462, 0.44178206861140756, 0.23235959706548037]],
	"estimated_matrix":	[[0.0092770765059308358, 0.446225913064135, 0.45462652290358757, 0.089870487526346438], [0.11665756091485525, 0.21556097221321827, 0.44102335251770874, 0.2267581143542178]]
}
