{
	"input_file":	"/Users/daniel/ecological-inference-elections/instances/J100_M50_G2_I5_L50_seed15.json",
	"method":	"Multinomial",
	"convergence_threshold":	0.001,
	"iterations_made":	12,
	"max_iterations":	10000,
	"time_taken":	5.3766e-05,
	"ground_truth_matrix":	[[0.64854204216829081, 0.06766170140398764, 0.0191880471746618, 0.15402614754092744, 0.1105820617121324], [0.39962760023412636, 0.1932796691291607, 0.19217922484338035, 0.062716975103724426, 0.15219653068960812]],
	"estimated_matrix":	[[0.6454935691546495, 0.056700910492525541, 0.015709552544970026, 0.17421707301093214, 0.10787889479692288], [0.39449504002175456, 0.20824437673516494, 0.1961027557270219, 0.0465827222611201, 0.15457510525493851]]
}
