{
	"input_file":	"/Users/daniel/ecological-inference-elections/instances/J100_M50_G2_I5_L50_seed8.json",
	"method":	"Multinomial",
	"convergence_threshold":	0.001,
	"iterations_made":	14,
	"max_iterations":	10000,
	"time_taken":	9.5348e-05,
	"ground_truth_matrix":	[[0.2408528232864513, 0.40306838613139045, 0.23701786113606288, 0.088191672404500154, 0.030869257041595231], [0.0046235208136498141, 0.22703348683302479, 0.20759874477234228, 0.29826212688429032, 0.26248212069669274]],
	"estimated_matrix":	[[0.22923085879807836, 0.40273855073750242, 0.22853450226497837, 0.10405195976342856, 0.03544412843601228], [0.014655308926333439, 0.23515505497056133, 0.23027925860274193, 0.26642249271519253, 0.2534878847851707]]
}
