{
	"input_file":	"/Users/daniel/ecological-inference-elections/instances/J100_M50_G2_I5_L50_seed3.json",
	"method":	"Multinomial",
	"convergence_threshold":	0.001,
	"iterations_made":	17,
	"max_iterations":	10000,
	"time_taken":	0.000109665,
	"ground_truth_matrix":	[[0.15028701708190306, 0.2312679172167543, 0.064556558588510629, 0.13427919500392829, 0.41960931210890373], [0.69371710750865156, 0.041081001690991485, 0.0710920028043775, 0.016174863536975309, 0.17793502445900408]],
	"estimated_matrix":	[[0.12955614519305084, 0.23948695111477369, 0.071263647955649864, 0.14653233744707436, 0.41316091828945128], [0.7042878915277655, 0.040774837023152224, 0.070223050943368975, 0.009517610529089917, 0.17519660997662326]]
}
