{
	"input_file":	"/Users/daniel/ecological-inference-elections/instances/J100_M50_G2_I5_L50_seed13.json",
	"method":	"Multinomial",
	"convergence_threshold":	0.001,
	"iterations_made":	11,
	"max_iterations":	10000,
	"time_taken":	7.3351e-05,
	"ground_truth_matrix":	[[0.14341670775059129, 0.0258659307785686, 0.16584060853400148, 0.321794336217292, 0.34308241671954659], [0.11305586418501984, 0.17575267345451986, 0.27958507014032441, 0.19203123202957184, 0.23957516019056416]],
	"estimated_matrix":	[[0.15017659063571184, 0.026436021509388945, 0.17937816379371729, 0.31796729211149544, 0.32604193194968645], [0.095710558666898149, 0.17654422949175833, 0.28242355658909735, 0.19384041081352249, 0.25148124443872372]]
}
