{
	"input_file":	"/Users/daniel/ecological-inference-elections/instances/J100_M50_G2_I5_L50_seed12.json",
	"method":	"Multinomial",
	"convergence_threshold":	0.001,
	"iterations_made":	13,
	"max_iterations":	10000,
	"time_taken":	8.6496e-05,
	"ground_truth_matrix":	[[0.0644455938402166, 0.51858148681146043, 0.11762784906370648, 0.29369367360951, 0.0056513966751065665], [0.308115663974515, 0.28351387469299938, 0.0041724687997965176, 0.386082738833395, 0.018115253699294016]],
	"estimated_matrix":	[[0.060473419540011668, 0.525945972998774, 0.12015857330677975, 0.28414212613657353, 0.00927990801786091], [0.30955588556331426, 0.289041415884903, 0.0070565030330416376, 0.37441671362650591, 0.019929481892235083]]
}
