{
	"input_file":	"/Users/daniel/ecological-inference-elections/instances/J100_M50_G2_I5_L50_seed14.json",
	"method":	"Multinomial",
	"convergence_threshold":	0.001,
	"iterations_made":	17,
	"max_iterations":	10000,
	"time_taken":	9.8634e-05,
	"ground_truth_matrix":	[[0.15590939304920856, 0.32060857491831252, 0.44162749507565729, 0.0017460734744377071, 0.080108463482383763], [0.59766213007816038, 0.13609533714227331, 0.072449225855054339, 0.14650677874371171, 0.047286528180800258]],
	"estimated_matrix":	[[0.15200828333060606, 0.31556201875741174, 0.44495195341547517, 0.010349743946935894, 0.077128000549571071], [0.59645722064188667, 0.14367045174242177, 0.064050029697772723, 0.14675085476727218, 0.049071443150646724]]
}
