{
	"input_file":	"/Users/daniel/ecological-inference-elections/instances/J100_M50_G3_I10_L50_seed1.json",
	"method":	"Multinomial",
	"convergence_threshold":	0.001,
	"iterations_made":	13,
	"max_iterations":	10000,
	"time_taken":	0.000178712,
	"ground_truth_matrix":	[[0.12436308318824252, 0.2936479442801595, 2.6361498408479558e-05, 0.0829722235922016, 0.036577837427075648, 0.0223288485003637, 0.047503287797740747, 0.0977139586640639, 0.11649176519617498, 0.17837468985556892], [0.078737587506692047, 0.16750337765308135, 0.033145413394336042, 0.3050005136808091, 0.0040242128188571836, 0.16086639690315654, 0.078266859223934074, 0.11854087140099424, 0.021921593367001047, 0.031993174051138537], [0.12057861540422678, 0.25789235616624362, 0.028107564516233675, 0.0881039432937717, 0.15626627010132041, 0.16818376689753073, 0.0066434326979972836, 0.0029777413570878652, 0.013912210833154727, 0.15733409873243309]],
	"estimated_matrix":	[[0.1214401703258743, 0.26169630320114468, 0.00083038004099414962, 0.10042307854145155, 0.035020542669742423, 0.0424462849047532, 0.06140811783314757, 0.0982381994314128, 0.10397742896547346, 0.17451949408600587], [0.072925272002699729, 0.19102362429740213, 0.042896055109228316, 0.29683446033816124, 0.0072429973919383543, 0.15302336191690905, 0.067992896492512722, 0.10755463267808761, 0.023507317481897778, 0.036999382291163077], [0.11750992647512641, 0.2692789163461265, 0.02228961223236, 0.0794522858285823, 0.14680111430649928, 0.17029656947613583, 0.0025141887108915983, 0.014241552745147311, 0.018101499687296817, 0.15951433419183406]]
}
