{
	"input_file":	"/Users/daniel/ecological-inference-elections/instances/J100_M50_G3_I10_L50_seed12.json",
	"method":	"Multinomial",
	"convergence_threshold":	0.001,
	"iterations_made":	14,
	"max_iterations":	10000,
	"time_taken":	0.000210083,
	"ground_truth_matrix":	[[0.015582156525603087, 0.12538666210153721, 0.028440975506022707, 0.0710115388820721, 0.0013664386086365743, 0.2336170641797074, 0.21496368670652949, 0.0031636168665235879, 0.29273265374842722, 0.013735206874940618], [0.033685472240404149, 0.094004134275044657, 0.29125377741216613, 0.19328498797955979, 0.00022822457699712571, 0.074318804422831147, 0.0810309053295545, 0.067032982095265731, 0.14748154604349473, 0.017679165624682143], [0.20048479434601485, 0.0029150704700110059, 0.020137011718670491, 0.017134292221539584, 0.051415898857770453, 0.15429323352817573, 0.088328200571823071, 0.23478377805692366, 0.047395008217637064, 0.18311271201143423]],
	"estimated_matrix":	[[0.013727519601620022, 0.10653291719439373, 0.054115989317787619, 0.05714832324697474, 0.001205893469549191, 0.23439050944116221, 0.21786294686017307, 0.014293432510283772, 0.28984869682410819, 0.010873771533947321], [0.023808073418175712, 0.09056114211885366, 0.30908128663506745, 0.19914578528394186, 0.0022735972305941484, 0.0976779648004105, 0.0668226978948982, 0.0642870209914711, 0.12373753938014335, 0.022604892246444037], [0.20897446074250495, 0.0051581423570594967, 0.025771692531127311, 0.01124755159843468, 0.049471457054838672, 0.14724380335786708, 0.0922895729226211, 0.21604772741075751, 0.064536980086431342, 0.1792586119383579]]
}
