{
	"input_file":	"/Users/daniel/ecological-inference-elections/instances/J100_M50_G3_I10_L50_seed16.json",
	"method":	"Multinomial",
	"convergence_threshold":	0.001,
	"iterations_made":	13,
	"max_iterations":	10000,
	"time_taken":	0.00018864,
	"ground_truth_matrix":	[[0.037220072406000837, 0.10908437447685727, 0.11784646370736214, 0.0068749419864193783, 0.0659039693392477, 0.03718022718294757, 0.17190609579094332, 0.026337259333659491, 0.010740806916152435, 0.41690578886040985], [0.14673895330909076, 0.014366663143133332, 0.22689653856502881, 0.03052185574293443, 0.050964679802890864, 0.061466417499061822, 0.21102591149970712, 0.11042169790901495, 0.042842649101018683, 0.10475463342811923], [0.013250987302843993, 0.256850768624498, 0.0859595215094735, 0.065692664325043046, 0.038848493972169149, 0.00454383432734067, 0.14359733763946944, 0.0806029761315524, 0.149913861489711, 0.16073955467789863]],
	"estimated_matrix":	[[0.028930806200065811, 0.11128801734441753, 0.12208437434675047, 0.011630902356761959, 0.0789194325592476, 0.0356230852479851, 0.17300230198418251, 0.021749414974453679, 0.012808226768475928, 0.40396343821765945], [0.14216606873011686, 0.023693846072017386, 0.21678731462066189, 0.032367079807232135, 0.042540945597500247, 0.070987104198438358, 0.198831544623314, 0.11522044729484224, 0.048376812173397864, 0.109028836882479], [0.013853482782899775, 0.252754484755874, 0.070568284525908756, 0.055733739846562276, 0.054208110607388879, 0.0038016898519760518, 0.13177450832966417, 0.0931462137558426, 0.16286412225328642, 0.16129536329059707]]
}
