{
	"input_file":	"/Users/daniel/ecological-inference-elections/instances/J100_M50_G3_I10_L50_seed18.json",
	"method":	"Multinomial",
	"convergence_threshold":	0.001,
	"iterations_made":	13,
	"max_iterations":	10000,
	"time_taken":	0.000188017,
	"ground_truth_matrix":	[[0.079612049573285548, 0.053341302769557571, 0.15974625935528347, 0.01520417981069265, 0.14485572387769835, 0.10506232004872461, 0.083098883069512963, 0.33440299380389882, 0.022500991524444326, 0.0021752961669017148], [0.11041562041843452, 0.20549084721159183, 0.14569309460047292, 0.0022990684700750739, 0.012939030064866993, 0.038644144714774474, 0.1269946163384455, 0.21625373472435236, 0.024212202145507448, 0.11705764131147908], [0.10266653452655629, 0.037083991797034088, 0.13319222292738928, 0.1435889494144332, 0.018771610259097959, 0.254774298579153, 0.0552593377388751, 0.0937544862565924, 0.020261829253660643, 0.14064673924720819]],
	"estimated_matrix":	[[0.074320087439007448, 0.043853552716757983, 0.1683221458417471, 0.020194490302626246, 0.14934223868542731, 0.11338199111299518, 0.083233122577244065, 0.30701257882516564, 0.0225474612480059, 0.01779233125102311], [0.11489574026663391, 0.22794641512680947, 0.13213815043391625, 0.012940307568172769, 0.0043093741332902438, 0.0400736508934207, 0.13938310686440927, 0.2208800901358775, 0.024430514113487713, 0.083002650463982156], [0.11200926584003816, 0.0384556379551778, 0.13562774729378971, 0.13053923983101162, 0.018456420291482947, 0.258388015634525, 0.05276593718379468, 0.0898296240725893, 0.023201432664690949, 0.1407266792328998]]
}
