{
	"input_file":	"/Users/daniel/ecological-inference-elections/instances/J100_M50_G3_I10_L50_seed4.json",
	"method":	"Multinomial",
	"convergence_threshold":	0.001,
	"iterations_made":	13,
	"max_iterations":	10000,
	"time_taken":	0.000169417,
	"ground_truth_matrix":	[[0.22583551318107506, 0.052443917345447011, 0.23828791306220862, 0.0830378819242122, 0.079186543171321358, 0.016113585473482447, 0.24761394129387149, 0.00041364337115573342, 0.019304135128980132, 0.037762926048245667], [0.12006391970874336, 0.017497584298260781, 0.15791029373823773, 0.32558754806371482, 0.014215320954268749, 0.072264894734091964, 0.00071710695160031874, 0.038822962732027649, 0.0035880152585265278, 0.249332353560528], [0.055515405364858314, 0.28830098826938388, 0.1495248801034782, 0.19495435552022833, 0.018424095092939071, 0.00754847271122037, 0.0889614160291074, 0.017817431884025, 0.12808472611908472, 0.0508682289056748]],
	"estimated_matrix":	[[0.24193764835961395, 0.0415386867668943, 0.23862653728133859, 0.089364465581901975, 0.0915466132213166, 0.0081976077129112448, 0.20738775732272183, 0.0044330795067211038, 0.04133349843386315, 0.035634105812717268], [0.10847284866444787, 0.035018006183972938, 0.153884493673354, 0.30046737316460881, 0.011968910214424828, 0.084666519735759, 0.018624669670655951, 0.037433279706350117, 0.0010856600639835043, 0.24837823892244296], [0.058320628744491822, 0.26370525683969659, 0.17694287228215516, 0.18576839455346292, 0.014365376235918575, 0.00980824455042906, 0.094321307138837, 0.022235303185365724, 0.1133556789549183, 0.06117693751472484]]
}
