{
	"input_file":	"/Users/daniel/ecological-inference-elections/instances/J100_M50_G3_I2_L50_seed2.json",
	"method":	"Multinomial",
	"convergence_threshold":	0.001,
	"iterations_made":	21,
	"max_iterations":	10000,
	"time_taken":	6.3268e-05,
	"ground_truth_matrix":	[[0.956143597579845, 0.043856402420155059], [0.582620503431051, 0.417379496568949], [0.57628561358826846, 0.42371438641173154]],
	"estimated_matrix":	[[0.95813287013250026, 0.041867129867499679], [0.585523445612221, 0.41447655438777908], [0.59331585255590547, 0.40668414744409448]]
}
