{
	"input_file":	"/Users/daniel/ecological-inference-elections/instances/J100_M50_G3_I2_L50_seed20.json",
	"method":	"Multinomial",
	"convergence_threshold":	0.001,
	"iterations_made":	21,
	"max_iterations":	10000,
	"time_taken":	0.000211454,
	"ground_truth_matrix":	[[0.28008881000392533, 0.71991118999607473], [0.56763625027584241, 0.43236374972415759], [0.030121069218649359, 0.96987893078135068]],
	"estimated_matrix":	[[0.27020999109057581, 0.72979000890942425], [0.559611662149426, 0.44038833785057413], [0.024848140563002847, 0.97515185943699723]]
}
