{
	"input_file":	"/Users/daniel/ecological-inference-elections/instances/J100_M50_G3_I3_L50_seed19.json",
	"method":	"Multinomial",
	"convergence_threshold":	0.001,
	"iterations_made":	17,
	"max_iterations":	10000,
	"time_taken":	0.000107891,
	"ground_truth_matrix":	[[0.05643109664837008, 0.78761785528698358, 0.15595104806464638], [0.23302035588171555, 0.63115580747276, 0.13582383664552442], [0.16351092624063165, 0.24100577544256716, 0.595483298316801]],
	"estimated_matrix":	[[0.048388858865491734, 0.79189348816018079, 0.15971765297432738], [0.213144832484991, 0.642592149761662, 0.144263017753347], [0.16674195630989652, 0.27817075763013815, 0.55508728605996538]]
}
