{
	"input_file":	"/Users/daniel/ecological-inference-elections/instances/J100_M50_G3_I3_L50_seed14.json",
	"method":	"Multinomial",
	"convergence_threshold":	0.001,
	"iterations_made":	19,
	"max_iterations":	10000,
	"time_taken":	0.000128557,
	"ground_truth_matrix":	[[0.16980903280015061, 0.34919148198550209, 0.48099948521434727], [0.0022826956347437562, 0.10472826176811086, 0.89298904259714529], [0.38331171056814639, 0.20405281529085445, 0.41263547414099916]],
	"estimated_matrix":	[[0.16878024743382714, 0.36056838660997975, 0.47065136595619317], [0.022694417633596028, 0.10097090509241309, 0.876334677273991], [0.34903919428567887, 0.22034531083724254, 0.43061549487707868]]
}
