{
	"input_file":	"/Users/daniel/ecological-inference-elections/instances/J100_M50_G3_I3_L50_seed8.json",
	"method":	"Multinomial",
	"convergence_threshold":	0.001,
	"iterations_made":	19,
	"max_iterations":	10000,
	"time_taken":	0.000125492,
	"ground_truth_matrix":	[[0.27340463300715134, 0.457544000038453, 0.26905136695439574], [0.73250839185554451, 0.25639597500319711, 0.011095633141258382], [0.30977655129027537, 0.28325875669197409, 0.40696469201775065]],
	"estimated_matrix":	[[0.26654887854078724, 0.47208005630241323, 0.26137106515679948], [0.744172340343645, 0.23996231042247276, 0.015865349233882234], [0.31673732592016252, 0.30732119609181, 0.37594147798802752]]
}
