{
	"input_file":	"/Users/daniel/ecological-inference-elections/instances/J100_M50_G3_I3_L50_seed2.json",
	"method":	"Multinomial",
	"convergence_threshold":	0.001,
	"iterations_made":	23,
	"max_iterations":	10000,
	"time_taken":	0.000138499,
	"ground_truth_matrix":	[[0.41002688019419109, 0.0188071163226876, 0.57116600348312141], [0.37652229212981631, 0.359301233438576, 0.26417647443160769], [0.14764526815067625, 0.622681621564415, 0.22967311028490894]],
	"estimated_matrix":	[[0.41148329203070716, 0.020302181737305122, 0.56821452623198776], [0.39882826819029976, 0.359304300231273, 0.24186743157842711], [0.13863699149495756, 0.63467621553105735, 0.22668679297398525]]
}
