{
	"input_file":	"/Users/daniel/ecological-inference-elections/instances/J100_M50_G3_I3_L50_seed3.json",
	"method":	"Multinomial",
	"convergence_threshold":	0.001,
	"iterations_made":	13,
	"max_iterations":	10000,
	"time_taken":	9.0886e-05,
	"ground_truth_matrix":	[[0.33688219083814136, 0.518408337162583, 0.1447094719992755], [0.13709494665374614, 0.42840825980005576, 0.43449679354619813], [0.32007545057654463, 0.55390092484015363, 0.12602362458330174]],
	"estimated_matrix":	[[0.30092385999488042, 0.549471539897332, 0.1496046001077877], [0.1552172902743551, 0.411251289717231, 0.43353142000841388], [0.33154017954762943, 0.540783669688627, 0.12767615076374339]]
}
