{
	"input_file":	"/Users/daniel/ecological-inference-elections/instances/J100_M50_G3_I3_L50_seed9.json",
	"method":	"Multinomial",
	"convergence_threshold":	0.001,
	"iterations_made":	22,
	"max_iterations":	10000,
	"time_taken":	0.000149596,
	"ground_truth_matrix":	[[0.0074912953861159658, 0.50062704625065, 0.491881658363234], [0.26431498514720508, 0.28198911632292084, 0.45369589852987391], [0.5924477648098716, 0.31160369262214915, 0.095948542567979231]],
	"estimated_matrix":	[[0.0192397787580779, 0.491378804026088, 0.48938141721583411], [0.250080422331733, 0.3086090409271724, 0.44131053674109472], [0.612371943477077, 0.28131988011014419, 0.1063081764127787]]
}
