{
	"input_file":	"/Users/daniel/ecological-inference-elections/instances/J100_M50_G3_I3_L50_seed11.json",
	"method":	"Multinomial",
	"convergence_threshold":	0.001,
	"iterations_made":	20,
	"max_iterations":	10000,
	"time_taken":	0.000131338,
	"ground_truth_matrix":	[[0.23647057945119962, 0.02339651959646144, 0.740132900952339], [0.516247965232227, 0.218010359126032, 0.265741675641741], [0.0036490791266723327, 0.1895586707975162, 0.80679225007581146]],
	"estimated_matrix":	[[0.194496737937915, 0.024916682857387216, 0.78058657920469776], [0.519269395658482, 0.23183277065520966, 0.24889783368630811], [0.022167033664906469, 0.19000480091066652, 0.787828165424427]]
}
