{
	"input_file":	"/Users/daniel/ecological-inference-elections/instances/J100_M50_G3_I3_L50_seed10.json",
	"method":	"Multinomial",
	"convergence_threshold":	0.001,
	"iterations_made":	25,
	"max_iterations":	10000,
	"time_taken":	0.000174332,
	"ground_truth_matrix":	[[0.590040182963056, 0.00838622005696103, 0.401573596979983], [0.59386635266519261, 0.296677408979759, 0.10945623835504842], [0.12026555402602122, 0.77879320819781883, 0.1009412377761599]],
	"estimated_matrix":	[[0.566186084299443, 0.0192581062088496, 0.41455580949170751], [0.63190721599989075, 0.273906287073196, 0.0941864969269134], [0.11328659335250317, 0.7927023995965482, 0.094011007050948531]]
}
