{
	"input_file":	"/Users/daniel/ecological-inference-elections/instances/J100_M50_G3_I3_L50_seed1.json",
	"method":	"Multinomial",
	"convergence_threshold":	0.001,
	"iterations_made":	17,
	"max_iterations":	10000,
	"time_taken":	0.000105561,
	"ground_truth_matrix":	[[0.29749272785290543, 0.70244421200198748, 6.3060145107194e-05], [0.58481013050579844, 0.25781025207282132, 0.15737961742138015], [0.181511853553677, 0.373368719881009, 0.445119426565314]],
	"estimated_matrix":	[[0.28806268448640471, 0.69608956027711044, 0.015847755236484844], [0.58953436996401454, 0.252481263131714, 0.15798436690427145], [0.18525230874573131, 0.38829840822309891, 0.42644928303116975]]
}
