{
	"input_file":	"/Users/daniel/ecological-inference-elections/instances/J100_M50_G3_I4_L50_seed16.json",
	"method":	"Multinomial",
	"convergence_threshold":	0.001,
	"iterations_made":	18,
	"max_iterations":	10000,
	"time_taken":	0.000131055,
	"ground_truth_matrix":	[[0.13733033971538156, 0.402486971039085, 0.43481631950235439, 0.025366369743179053], [0.21871205928257512, 0.12338807712654326, 0.57049577727443768, 0.087404086316444057], [0.019119524157554624, 0.74212676605831351, 0.217462744278536, 0.02129096550559572]],
	"estimated_matrix":	[[0.12403269772608068, 0.4091313303203154, 0.43937312816271451, 0.027462843790889518], [0.22301263471796354, 0.13144249659015825, 0.55955091467578122, 0.0859939540160969], [0.030056027060383791, 0.7259941206142122, 0.21891737858108024, 0.02503247374432371]]
}
