{
	"input_file":	"/Users/daniel/ecological-inference-elections/instances/J100_M50_G3_I4_L50_seed3.json",
	"method":	"Multinomial",
	"convergence_threshold":	0.001,
	"iterations_made":	19,
	"max_iterations":	10000,
	"time_taken":	0.000133318,
	"ground_truth_matrix":	[[0.25894112400042968, 0.39846937940559979, 0.11122948719780965, 0.23136000939616086], [0.4590928673412436, 0.46561749041159473, 0.027573246650422822, 0.047716395596738945], [0.041449596854558513, 0.45597510070313158, 0.023793686172073253, 0.47878161627023669]],
	"estimated_matrix":	[[0.22711974341718716, 0.42430648799904441, 0.12830472523619776, 0.22026904334757072], [0.47240661789471017, 0.44153626920096867, 0.02054085121255881, 0.0655162616917624], [0.04213609218955746, 0.48075502006403836, 0.018463971342194185, 0.45864491640421]]
}
