{
	"input_file":	"/Users/daniel/ecological-inference-elections/instances/J100_M50_G3_I4_L50_seed20.json",
	"method":	"Multinomial",
	"convergence_threshold":	0.001,
	"iterations_made":	20,
	"max_iterations":	10000,
	"time_taken":	0.000146992,
	"ground_truth_matrix":	[[0.12528497207799447, 0.32201948137817415, 0.31373002758429769, 0.23896551895953352], [0.015101828534048147, 0.48626910303626614, 0.19664095811027157, 0.301988110319414], [0.37325565430763752, 0.074973029032247326, 0.1106017466286246, 0.44116957003149054]],
	"estimated_matrix":	[[0.12493701552149235, 0.32459732703236521, 0.33311744922749409, 0.21734820821864836], [0.014971925617315069, 0.48883476076265564, 0.161657461828571, 0.33453585179145834], [0.37143653961719814, 0.0517764422514679, 0.12897434794848076, 0.4478126701828532]]
}
