{
	"input_file":	"/Users/daniel/ecological-inference-elections/instances/J100_M50_G3_I4_L50_seed19.json",
	"method":	"Multinomial",
	"convergence_threshold":	0.001,
	"iterations_made":	22,
	"max_iterations":	10000,
	"time_taken":	0.00015826,
	"ground_truth_matrix":	[[0.052166889316142627, 0.72810163049277654, 0.144166630569279, 0.075564849621801933], [0.12400640059949905, 0.026686001932657091, 0.343301206964579, 0.506006390503265], [0.664535329822959, 0.16528278438434141, 0.039819720179869643, 0.1303621656128299]],
	"estimated_matrix":	[[0.0527433706575839, 0.746025703913927, 0.1360937615621402, 0.065137163866348741], [0.10216085801465, 0.034380790203722214, 0.36181027289733758, 0.50164807888429019], [0.669012208450108, 0.1584483729659866, 0.03178721238060437, 0.14075220620330117]]
}
