{
	"input_file":	"/Users/daniel/ecological-inference-elections/instances/J100_M50_G3_I4_L50_seed5.json",
	"method":	"Multinomial",
	"convergence_threshold":	0.001,
	"iterations_made":	19,
	"max_iterations":	10000,
	"time_taken":	0.000141111,
	"ground_truth_matrix":	[[0.04983539454067374, 0.40616979444752377, 0.04597554104672593, 0.49801926996507662], [0.17642180632607257, 0.24903375337454553, 0.38221213978536139, 0.19233230051402056], [0.17736032732383658, 0.10472522126556412, 0.042405367741133453, 0.675509083669466]],
	"estimated_matrix":	[[0.0473822332082282, 0.386455165780563, 0.0392054193009936, 0.52695718171021533], [0.17634392608563848, 0.23664648454880047, 0.38969215208077829, 0.19731743728478279], [0.17147637231548934, 0.118196816529304, 0.029267747700576323, 0.68105906345463041]]
}
