{
	"input_file":	"/Users/daniel/ecological-inference-elections/instances/J100_M50_G3_I5_L50_seed9.json",
	"method":	"Multinomial",
	"convergence_threshold":	0.001,
	"iterations_made":	14,
	"max_iterations":	10000,
	"time_taken":	0.000134328,
	"ground_truth_matrix":	[[0.0061742133612349686, 0.4126093070211917, 0.40540148941948045, 0.085063495583889731, 0.090751494614203052], [0.15553306732402988, 0.34192357446845528, 0.17983804603115919, 0.055375461920108081, 0.26732985025624767], [0.027870328380781784, 0.32205400604816126, 0.460581980701258, 0.0060366687454068944, 0.18345701612439208]],
	"estimated_matrix":	[[0.024541862967801246, 0.38317578157178189, 0.44028674626445619, 0.084389502998032523, 0.0676061061979281], [0.138506965298652, 0.35334515711571257, 0.1984275314112692, 0.049409268454289584, 0.26031107772007656], [0.016608961573623019, 0.35085243859457915, 0.42495081584656341, 0.00906112943194056, 0.19852665455329385]]
}
