{
	"input_file":	"/Users/daniel/ecological-inference-elections/instances/J100_M50_G3_I5_L50_seed3.json",
	"method":	"Multinomial",
	"convergence_threshold":	0.001,
	"iterations_made":	22,
	"max_iterations":	10000,
	"time_taken":	0.000111162,
	"ground_truth_matrix":	[[0.15028701708190306, 0.2312679172167543, 0.064556558588510629, 0.13427919500392829, 0.41960931210890373], [0.69371710750865156, 0.041081001690991485, 0.0710920028043775, 0.016174863536975309, 0.17793502445900408], [0.0096528152078873657, 0.19423600165890281, 0.33332108255790721, 0.10387615586913534, 0.35891394470616728]],
	"estimated_matrix":	[[0.13649530290262887, 0.22577712066276012, 0.074340078715601665, 0.14639517930966509, 0.41699231840934442], [0.68758073728589952, 0.044633840406385857, 0.0706222719500379, 0.00820023785728596, 0.1889629125003908], [0.016519720308625953, 0.20484501763756452, 0.3414090450452788, 0.099364684466504, 0.33786153254202672]]
}
