{
	"input_file":	"/Users/daniel/ecological-inference-elections/instances/J100_M50_G3_I5_L50_seed8.json",
	"method":	"Multinomial",
	"convergence_threshold":	0.001,
	"iterations_made":	15,
	"max_iterations":	10000,
	"time_taken":	0.000263109,
	"ground_truth_matrix":	[[0.2408528232864513, 0.40306838613139045, 0.23701786113606288, 0.088191672404500154, 0.030869257041595231], [0.0046235208136498141, 0.22703348683302479, 0.20759874477234228, 0.29826212688429032, 0.26248212069669274], [0.15472836613195357, 0.14965678117547959, 0.27316305159423143, 0.23789096581818792, 0.18456083528014738]],
	"estimated_matrix":	[[0.22913113655803585, 0.42006380828303852, 0.23836419174408832, 0.063607524442895733, 0.048833338971941566], [0.021877488700820187, 0.24567914344667285, 0.183127592086375, 0.31410498341108711, 0.23521079235504486], [0.14151207271263549, 0.15473281749130657, 0.29834952345949711, 0.22936494128196688, 0.176040645054594]]
}
