{
	"input_file":	"/Users/daniel/ecological-inference-elections/instances/J100_M50_G3_I5_L50_seed13.json",
	"method":	"Multinomial",
	"convergence_threshold":	0.001,
	"iterations_made":	16,
	"max_iterations":	10000,
	"time_taken":	9.87e-05,
	"ground_truth_matrix":	[[0.14341670775059129, 0.0258659307785686, 0.16584060853400148, 0.321794336217292, 0.34308241671954659], [0.11305586418501984, 0.17575267345451986, 0.27958507014032441, 0.19203123202957184, 0.23957516019056416], [0.01246011878013732, 0.1238368048144796, 0.021064693941961567, 0.679632988071014, 0.16300539439240769]],
	"estimated_matrix":	[[0.14841969807637168, 0.034676800144403434, 0.186428382972867, 0.31449282875704643, 0.31598229004931144], [0.10184864030221283, 0.15115091096090189, 0.29369595437072121, 0.22055933305459668, 0.23274516131156742], [0.024362094897965286, 0.10822209708355773, 0.016622581656009626, 0.66168720504433, 0.18910602131813728]]
}
