{
	"input_file":	"/Users/daniel/ecological-inference-elections/instances/J100_M50_G3_I5_L50_seed11.json",
	"method":	"Multinomial",
	"convergence_threshold":	0.001,
	"iterations_made":	17,
	"max_iterations":	10000,
	"time_taken":	0.000146035,
	"ground_truth_matrix":	[[0.0742704298794536, 0.0073483541679689336, 0.23246015994561139, 0.48226262845984663, 0.20365842754711935], [0.10906573959976795, 0.0021115223402377388, 0.1096872263605117, 0.46684651136059585, 0.31228900033888668], [0.22595248847629812, 0.019867410510385194, 0.387186047554461, 0.33585447066553586, 0.0311395827933199]],
	"estimated_matrix":	[[0.0506097494729434, 0.00100405257039744, 0.2521037143314892, 0.48418634555670215, 0.21209613806846794], [0.10448649798578973, 0.0021602929377387238, 0.10342314769527108, 0.48197486079779084, 0.30795520058340964], [0.261652388049414, 0.026718784045507139, 0.34512610919218445, 0.33842271638864857, 0.028080002324245925]]
}
