{
	"input_file":	"/Users/daniel/ecological-inference-elections/instances/J100_M50_G3_I5_L50_seed2.json",
	"method":	"Multinomial",
	"convergence_threshold":	0.001,
	"iterations_made":	20,
	"max_iterations":	10000,
	"time_taken":	0.000159292,
	"ground_truth_matrix":	[[0.22783917374835463, 0.010450529100728561, 0.317379168519664, 0.2273650803535196, 0.21696604827773336], [0.17725330515516027, 0.10121746478598845, 0.42687622768416966, 0.15745123595039329, 0.1372017664242883], [0.34751781116712555, 0.26968629801752636, 0.0517533038213183, 0.25804238256025486, 0.073000204433774835]],
	"estimated_matrix":	[[0.23421747446484761, 0.02670795393273704, 0.32390198087812039, 0.19936441828962034, 0.21580817243467462], [0.17003951018025185, 0.1073627398252838, 0.4393816998941486, 0.15264036386666119, 0.13057568623365456], [0.35748892397621673, 0.27220532207556125, 0.03959392910838494, 0.25187545484365287, 0.0788363699961843]]
}
