{
	"input_file":	"/Users/daniel/ecological-inference-elections/instances/J100_M50_G3_I5_L50_seed5.json",
	"method":	"Multinomial",
	"convergence_threshold":	0.001,
	"iterations_made":	17,
	"max_iterations":	10000,
	"time_taken":	0.000157263,
	"ground_truth_matrix":	[[0.043982912303551426, 0.358470733786538, 0.040576345559300911, 0.43953375062527472, 0.11743625772533485], [0.256473892537231, 0.39363112002854944, 0.198078425534879, 0.095454145901107262, 0.05636241599823328], [0.019580703375263634, 0.31191671477471344, 0.13540090275600683, 0.040084305930368942, 0.493017373163647]],
	"estimated_matrix":	[[0.04298420808792635, 0.35576220977426865, 0.024056957669992236, 0.47228413697605987, 0.10491248749175294], [0.26034448498739027, 0.38949550116443954, 0.2079190760161527, 0.0669794233696197, 0.0752615144623977], [0.021350675524944553, 0.27817052192377439, 0.147436847383909, 0.042249985612120455, 0.51079196955525152]]
}
