{
	"input_file":	"/Users/daniel/ecological-inference-elections/instances/J100_M50_G4_I10_L50_seed5.json",
	"method":	"Multinomial",
	"convergence_threshold":	0.001,
	"iterations_made":	20,
	"max_iterations":	10000,
	"time_taken":	0.000353839,
	"ground_truth_matrix":	[[0.026715474938408819, 0.21773719390232371, 0.024646306624725028, 0.26697533847630672, 0.071331461147205, 0.10069016905056917, 0.15453730446846922, 0.0777644459444631, 0.037474746424589631, 0.022127559022939464], [0.011432530344489289, 0.1821179371482772, 0.079056145214111834, 0.02340391124384544, 0.28785667046947466, 0.043499462919321719, 0.072629835700401, 0.047677443735614625, 0.13457350322664272, 0.11775255999782144], [0.0980656442888187, 0.033076972621810384, 0.035863752635601466, 0.031308368631353931, 0.042480730056273688, 0.016664471943367083, 0.019381380265742564, 0.35563741156193152, 0.345173883787732, 0.022347384207368561], [0.0024998014743971664, 0.023249233544709712, 0.12225828191408337, 0.15359586527260127, 0.00235689573151083, 0.087565373473592542, 0.00016696494934188776, 0.073609992628529172, 0.10373145122203967, 0.43096613978919429]],
	"estimated_matrix":	[[0.037781870214395712, 0.210245881023226, 0.027873358156986133, 0.28772380809750919, 0.075400642843195462, 0.098021709336780574, 0.16348135153317761, 0.048817023437401234, 0.039258884708806389, 0.011395470648521672], [0.015889279662483834, 0.18147722747271006, 0.089985643331616738, 0.032256462799868144, 0.27437440879344022, 0.0315091553514524, 0.0698375545623086, 0.052421014793469646, 0.15136613595129406, 0.10088311728135635], [0.0838004844463165, 0.023052681572982792, 0.03987479643411615, 0.0127769996014199, 0.02573547444387515, 0.024037959551772545, 0.030989054790864428, 0.38087493483790114, 0.36646932561584938, 0.012388288704902025], [0.0038292339970837975, 0.02432395354344662, 0.11041039757628222, 0.11523279925290152, 0.013635805361223828, 0.080700640450223, 0.0061714144478014618, 0.0889283646641917, 0.07095221356180495, 0.485815177145041]]
}
