{
	"input_file":	"/Users/daniel/ecological-inference-elections/instances/J100_M50_G4_I10_L50_seed9.json",
	"method":	"Multinomial",
	"convergence_threshold":	0.001,
	"iterations_made":	12,
	"max_iterations":	10000,
	"time_taken":	0.000281656,
	"ground_truth_matrix":	[[0.0031845878535814529, 0.21281910917822938, 0.20910140020993273, 0.043874767354241673, 0.046808571478480061, 0.075310909771104, 0.16556334873637976, 0.0870796615220599, 0.026813439019434428, 0.12944420487655667], [0.0142710070749783, 0.16490781651527461, 0.23584109291398292, 0.0030910774066948976, 0.093939200833778158, 0.066516745753404521, 0.17855868802116745, 0.085985088518246378, 0.0620822392605847, 0.0948070437018881], [0.029749867779614324, 0.072198273449989248, 0.10609433568271461, 0.038165718905451625, 0.17185928702530912, 0.099157362908030441, 0.24942287516209627, 0.011319994990374232, 0.044833360092397113, 0.177198924004023], [0.0752028946487588, 0.14144413173079354, 0.25355459418123122, 0.014719976569851292, 0.0199782340187023, 0.14823323769446353, 0.1697994559674898, 0.10184511376430988, 0.030556255175655311, 0.044666106248744418]],
	"estimated_matrix":	[[0.0029124549847421881, 0.1979968524776777, 0.20761342369412666, 0.042411356897599055, 0.05379319604046455, 0.079524577503535435, 0.18604082515732318, 0.081111135939816142, 0.0276684088525462, 0.12092776845216892], [0.0095231067224312051, 0.17555301810233212, 0.25287664672670024, 0.0037678536984591363, 0.098620018165745435, 0.070032961859744572, 0.15229575210150612, 0.0770187676855487, 0.07574130109631326, 0.084570573841219243], [0.035559350959036132, 0.060795432876801621, 0.099082527860301, 0.047282785591779, 0.1479477668383567, 0.094529701921172146, 0.291975457034811, 0.020060200871388729, 0.045924909006091474, 0.15684186704026223], [0.066500347067824248, 0.15625329088951181, 0.27882976798863918, 0.014702414390599041, 0.021906871721539212, 0.14529767733976884, 0.14258078857301412, 0.0889696232992102, 0.0386497809070032, 0.046309437822890154]]
}
