{
	"input_file":	"/Users/daniel/ecological-inference-elections/instances/J100_M50_G4_I10_L50_seed2.json",
	"method":	"Multinomial",
	"convergence_threshold":	0.001,
	"iterations_made":	14,
	"max_iterations":	10000,
	"time_taken":	0.000257593,
	"ground_truth_matrix":	[[0.11991661550111644, 0.0055003363088887832, 0.16704342406662817, 0.11966709003802448, 0.11419385771146613, 0.083961110968791053, 0.047944554745746416, 0.2022021665049108, 0.074581293038413141, 0.0649895511160146], [0.10911846334865041, 0.0846798451193815, 0.016250220290096911, 0.0810237270119616, 0.022921616895543978, 0.17298877101751881, 0.21630711039323489, 0.0766399545108728, 0.21073926823981, 0.0093310231729288751], [0.19966258193982236, 0.019156405580939437, 0.15855947193431905, 0.028802863437738628, 0.038588756331956124, 0.25768408299196249, 0.0726925031860041, 0.03209262146888716, 0.0706085005185904, 0.12215221260978017], [0.083419112105758, 0.029801868665378786, 0.13527487157614856, 0.0872725691336062, 0.0930693838728003, 0.064704452441190968, 0.2087249734595181, 0.11473843959917937, 0.023422700795430153, 0.15957162835098973]],
	"estimated_matrix":	[[0.0967393704748043, 0.011386729745057427, 0.19690459095639384, 0.13503045968055571, 0.11766743633829671, 0.085817487736948223, 0.070792704387895, 0.16326828387239831, 0.051105267661224731, 0.071287669146425661], [0.11960489747604948, 0.0714744433776748, 0.020943870545433712, 0.0675705240396867, 0.016669656195775588, 0.19920624615876914, 0.18200516246321535, 0.074472834988015671, 0.23337091520609571, 0.014681449549283843], [0.20632118118749285, 0.028144288375558768, 0.165252091515314, 0.056626392730824239, 0.0274923553396784, 0.25493204020001448, 0.048023946983565539, 0.053118981608926641, 0.058076034294688841, 0.1020126877639362], [0.086618075591798349, 0.040067152759690354, 0.107264270217759, 0.067876239173553579, 0.11851094926588374, 0.0662307859755029, 0.21041225928609519, 0.1074522014171459, 0.0404991370049291, 0.15506892930764193]]
}
