{
	"input_file":	"/Users/daniel/ecological-inference-elections/instances/J100_M50_G4_I10_L50_seed3.json",
	"method":	"Multinomial",
	"convergence_threshold":	0.001,
	"iterations_made":	15,
	"max_iterations":	10000,
	"time_taken":	0.000190071,
	"ground_truth_matrix":	[[0.0931453723690264, 0.14333597595076422, 0.040011072182719966, 0.0832239927500704, 0.26006681338677834, 0.26376288024201622, 0.01561968590937181, 0.027030371918026031, 0.0061499544235774336, 0.06765388086764923], [0.00530734356503633, 0.10679549657807895, 0.18326772703150396, 0.057113539992176665, 0.1973392812162813, 0.156378119637341, 0.00424742361571192, 0.143197917396384, 0.052509906307626246, 0.093843244659859673], [0.0395463488169282, 0.1401219686035122, 0.0688690139110761, 0.02023877259293767, 0.0933097362495889, 0.17976208999999529, 0.043388781861188462, 0.029768361144874161, 0.058235178169727869, 0.3267597486501711], [0.30577533984047445, 0.091491465069962336, 0.19114167175880473, 0.15325095051847379, 0.038928389250341831, 0.0079323384323611, 0.086875804637829054, 0.066909239758589, 0.036790914047388532, 0.02090388668577518]],
	"estimated_matrix":	[[0.074529307522972876, 0.1427918781071037, 0.030856095788865976, 0.094871245327877662, 0.23239039522232066, 0.29791743063986914, 0.0212028916472629, 0.032122871994603362, 0.0035153697510222153, 0.0698025139981016], [0.016050963112189925, 0.11996328615712502, 0.169283696147472, 0.0583193374435983, 0.24398246083804853, 0.11706229615345742, 0.0075336715318455316, 0.12248043944654551, 0.06156368441433116, 0.083760164755386654], [0.032016911909891858, 0.13078271018836177, 0.11623736018988984, 0.019801718513645039, 0.082839383292599253, 0.15836903818328993, 0.0315756693030939, 0.034472851736794055, 0.0543222627670102, 0.33958209391542421], [0.30056855007595829, 0.083801922658552574, 0.19461216444872967, 0.13600418449988888, 0.049263582350345732, 0.027139742011758585, 0.07159583712246835, 0.064515282849974348, 0.0537144985540492, 0.018784235428274371]]
}
