{
	"input_file":	"/Users/daniel/ecological-inference-elections/instances/J100_M50_G4_I2_L50_seed12.json",
	"method":	"Multinomial",
	"convergence_threshold":	0.001,
	"iterations_made":	31,
	"max_iterations":	10000,
	"time_taken":	0.000209252,
	"ground_truth_matrix":	[[0.11053619287835263, 0.88946380712164752], [0.28597542938972, 0.71402457061028], [0.0058150405982643075, 0.99418495940173579], [0.985496465528608, 0.014503534471392115]],
	"estimated_matrix":	[[0.073436799968410058, 0.92656320003159], [0.33473861156054752, 0.66526138843945237], [0.016311435272915644, 0.98368856472708432], [0.96967819471691663, 0.030321805283083408]]
}
