{
	"input_file":	"/Users/daniel/ecological-inference-elections/instances/J100_M50_G4_I2_L50_seed9.json",
	"method":	"Multinomial",
	"convergence_threshold":	0.001,
	"iterations_made":	27,
	"max_iterations":	10000,
	"time_taken":	9.6397e-05,
	"ground_truth_matrix":	[[0.014743209941968996, 0.985256790058031], [0.82656560980942351, 0.17343439019057644], [0.38330142741774459, 0.61669857258225547], [0.65532526930793666, 0.34467473069206339]],
	"estimated_matrix":	[[0.0321139799625291, 0.967886020037471], [0.81633570319121618, 0.18366429680878382], [0.37271617911955834, 0.62728382088044166], [0.66921341479159246, 0.33078658520840765]]
}
