{
	"input_file":	"/Users/daniel/ecological-inference-elections/instances/J100_M50_G4_I2_L50_seed13.json",
	"method":	"Multinomial",
	"convergence_threshold":	0.001,
	"iterations_made":	18,
	"max_iterations":	10000,
	"time_taken":	0.000117235,
	"ground_truth_matrix":	[[0.84720269601591158, 0.15279730398408845], [0.34009172295595952, 0.65990827704404054], [0.856207255811948, 0.14379274418805191], [0.38598309919790691, 0.614016900802093]],
	"estimated_matrix":	[[0.879598516323141, 0.120401483676859], [0.32416202372587433, 0.67583797627412578], [0.844324850994977, 0.15567514900502269], [0.36469914846314339, 0.63530085153685667]]
}
