{
	"input_file":	"/Users/daniel/ecological-inference-elections/instances/J100_M50_G4_I2_L50_seed6.json",
	"method":	"Multinomial",
	"convergence_threshold":	0.001,
	"iterations_made":	24,
	"max_iterations":	10000,
	"time_taken":	0.000146747,
	"ground_truth_matrix":	[[0.84701246603789282, 0.15298753396210726], [0.97585881292457777, 0.024141187075422219], [0.11190117762122714, 0.888098822378773], [0.58169265549289373, 0.41830734450710627]],
	"estimated_matrix":	[[0.81420650790627425, 0.18579349209372581], [0.975586014946785, 0.02441398505321473], [0.11133096912105384, 0.888669030878946], [0.56963132725046173, 0.43036867274953822]]
}
