{
	"input_file":	"/Users/daniel/ecological-inference-elections/instances/J100_M50_G4_I2_L50_seed18.json",
	"method":	"Multinomial",
	"convergence_threshold":	0.001,
	"iterations_made":	24,
	"max_iterations":	10000,
	"time_taken":	0.000159898,
	"ground_truth_matrix":	[[0.598796857472177, 0.40120314252782313], [0.913094360419019, 0.086905639580980923], [0.57961290670290522, 0.42038709329709484], [0.19903834610714546, 0.80096165389285456]],
	"estimated_matrix":	[[0.60704974713236426, 0.39295025286763585], [0.94422519339941668, 0.055774806600583385], [0.58185489734633233, 0.41814510265366772], [0.21350226201689892, 0.786497737983101]]
}
