{
	"input_file":	"/Users/daniel/ecological-inference-elections/instances/J100_M50_G4_I2_L50_seed8.json",
	"method":	"Multinomial",
	"convergence_threshold":	0.001,
	"iterations_made":	23,
	"max_iterations":	10000,
	"time_taken":	0.000141684,
	"ground_truth_matrix":	[[0.37404082947384554, 0.62595917052615457], [0.728815845450914, 0.27118415454908579], [0.9585196963066358, 0.041480303693364189], [0.52235768616250344, 0.47764231383749667]],
	"estimated_matrix":	[[0.33671204114209535, 0.6632879588579047], [0.75970269070412555, 0.24029730929587451], [0.950055014837289, 0.049944985162710932], [0.58782795514396124, 0.41217204485603876]]
}
