{
	"input_file":	"/Users/daniel/ecological-inference-elections/instances/J100_M50_G4_I2_L50_seed20.json",
	"method":	"Multinomial",
	"convergence_threshold":	0.001,
	"iterations_made":	22,
	"max_iterations":	10000,
	"time_taken":	7.812e-05,
	"ground_truth_matrix":	[[0.28008881000392533, 0.71991118999607473], [0.56763625027584241, 0.43236374972415759], [0.030121069218649359, 0.96987893078135068], [0.39436320615953213, 0.605636793840468]],
	"estimated_matrix":	[[0.28440804980056583, 0.71559195019943422], [0.59351831223519025, 0.40648168776480958], [0.038470160625125385, 0.96152983937487446], [0.35151376771520415, 0.648486232284796]]
}
