{
	"input_file":	"/Users/daniel/ecological-inference-elections/instances/J100_M50_G4_I2_L50_seed7.json",
	"method":	"Multinomial",
	"convergence_threshold":	0.001,
	"iterations_made":	27,
	"max_iterations":	10000,
	"time_taken":	0.000167691,
	"ground_truth_matrix":	[[0.049824327768858021, 0.950175672231142], [0.30980548916967027, 0.69019451083032979], [0.831514501677034, 0.16848549832296594], [0.90290621666010051, 0.0970937833398996]],
	"estimated_matrix":	[[0.0447538249660078, 0.955246175033992], [0.36125414469859135, 0.63874585530140882], [0.828510621139953, 0.171489378860047], [0.89068076480614455, 0.10931923519385538]]
}
