{
	"input_file":	"/Users/daniel/ecological-inference-elections/instances/J100_M50_G4_I3_L50_seed10.json",
	"method":	"Multinomial",
	"convergence_threshold":	0.001,
	"iterations_made":	25,
	"max_iterations":	10000,
	"time_taken":	0.000110905,
	"ground_truth_matrix":	[[0.590040182963056, 0.00838622005696103, 0.401573596979983], [0.59386635266519261, 0.296677408979759, 0.10945623835504842], [0.12026555402602122, 0.77879320819781883, 0.1009412377761599], [0.021434925155496692, 0.26798895440852949, 0.710576120435974]],
	"estimated_matrix":	[[0.5657981976671338, 0.023647526741126444, 0.41055427559173974], [0.61592051437737549, 0.28359239743311071, 0.10048708818951363], [0.15071442712476724, 0.736103960593932, 0.11318161228130078], [0.024637310618967921, 0.28037288388527187, 0.69498980549576028]]
}
