{
	"input_file":	"/Users/daniel/ecological-inference-elections/instances/J100_M50_G4_I3_L50_seed14.json",
	"method":	"Multinomial",
	"convergence_threshold":	0.001,
	"iterations_made":	21,
	"max_iterations":	10000,
	"time_taken":	0.000219893,
	"ground_truth_matrix":	[[0.16980903280015061, 0.34919148198550209, 0.48099948521434727], [0.0022826956347437562, 0.10472826176811086, 0.89298904259714529], [0.38331171056814639, 0.20405281529085445, 0.41263547414099916], [0.10819096507086004, 0.71055994962537883, 0.18124908530376127]],
	"estimated_matrix":	[[0.17770804611983193, 0.40684809330971944, 0.41544386057044852], [0.00845750947235847, 0.09623553711406746, 0.895306953413574], [0.38364389844370816, 0.19599021791826876, 0.420365883638023], [0.089329349332062158, 0.675165682002552, 0.23550496866538595]]
}
