{
	"input_file":	"/Users/daniel/ecological-inference-elections/instances/J100_M50_G4_I3_L50_seed19.json",
	"method":	"Multinomial",
	"convergence_threshold":	0.001,
	"iterations_made":	23,
	"max_iterations":	10000,
	"time_taken":	0.000185564,
	"ground_truth_matrix":	[[0.05643109664837008, 0.78761785528698358, 0.15595104806464638], [0.23302035588171555, 0.63115580747276, 0.13582383664552442], [0.16351092624063165, 0.24100577544256716, 0.595483298316801], [0.49269803671758838, 0.11870019027295735, 0.38860177300945425]],
	"estimated_matrix":	[[0.055578927295164129, 0.80850967813289, 0.13591139457194584], [0.21672113992158556, 0.651449581129813, 0.13182927894860128], [0.11963874789114, 0.25330104359362021, 0.62706020851523969], [0.5246354880134092, 0.087943832725375135, 0.38742067926121559]]
}
