{
	"input_file":	"/Users/daniel/ecological-inference-elections/instances/J100_M50_G4_I3_L50_seed7.json",
	"method":	"Multinomial",
	"convergence_threshold":	0.001,
	"iterations_made":	23,
	"max_iterations":	10000,
	"time_taken":	0.000168779,
	"ground_truth_matrix":	[[0.036577241285230634, 0.697546888897068, 0.26587586981770139], [0.21879765890019268, 0.6495810753685386, 0.13162126573126864], [0.64224846952680181, 0.069064020825201869, 0.28868750964799622], [0.20036480098911963, 0.32878764303571356, 0.47084755597516686]],
	"estimated_matrix":	[[0.0488254860274433, 0.71478594328439737, 0.23638857068815936], [0.25960752506095564, 0.61623535753152225, 0.12415711740752204], [0.576913919136816, 0.0796349626930031, 0.34345111817018087], [0.23547440363056785, 0.31862545152273969, 0.44590014484669238]]
}
