{
	"input_file":	"/Users/daniel/ecological-inference-elections/instances/J100_M50_G4_I3_L50_seed13.json",
	"method":	"Multinomial",
	"convergence_threshold":	0.001,
	"iterations_made":	20,
	"max_iterations":	10000,
	"time_taken":	0.000158358,
	"ground_truth_matrix":	[[0.42795213106645874, 0.0771833377876456, 0.49486453114589557], [0.44539345432817962, 0.47485814852501324, 0.0797483971468072], [0.27148763699248735, 0.431879006667955, 0.29663335633955767], [0.76643654146817553, 0.0213521212310118, 0.2122113373008129]],
	"estimated_matrix":	[[0.449507994902206, 0.080311946725026, 0.470180058372768], [0.47478933849576888, 0.43856666017346579, 0.086644001330765372], [0.23283235905000738, 0.45457206016792262, 0.31259558078207], [0.76171779565047859, 0.031570744886297741, 0.20671145946322364]]
}
