{
	"input_file":	"/Users/daniel/ecological-inference-elections/instances/J100_M50_G4_I3_L50_seed5.json",
	"method":	"Multinomial",
	"convergence_threshold":	0.001,
	"iterations_made":	24,
	"max_iterations":	10000,
	"time_taken":	0.000134131,
	"ground_truth_matrix":	[[0.099277505208629477, 0.80913423592827161, 0.0915882588630989], [0.608148478297384, 0.16248736605778868, 0.22936415564482709], [0.57283457335997, 0.28825508098764524, 0.13891034565238466], [0.12730387889618566, 0.0515479245040332, 0.82114819659978122]],
	"estimated_matrix":	[[0.10765334352116919, 0.82039436421109968, 0.071952292267731], [0.59966002576300959, 0.14082438086195484, 0.2595155933750356], [0.56962625254488963, 0.32186859495772235, 0.10850515249738796], [0.11688193404622708, 0.044632288640996533, 0.83848577731277651]]
}
