{
	"input_file":	"/Users/daniel/ecological-inference-elections/instances/J100_M50_G4_I3_L50_seed4.json",
	"method":	"Multinomial",
	"convergence_threshold":	0.001,
	"iterations_made":	22,
	"max_iterations":	10000,
	"time_taken":	0.000162873,
	"ground_truth_matrix":	[[0.43718503692497424, 0.10152387292062479, 0.461291090154401], [0.46562077068857344, 0.4440250450179633, 0.0903541842934631], [0.92624227863670883, 0.0015473037448547695, 0.072210417618436565], [0.24783908902531707, 0.65648734996908331, 0.095673561005599539]],
	"estimated_matrix":	[[0.45134372023815017, 0.059161510574317476, 0.48949476918753232], [0.471332645272045, 0.45100940087267172, 0.077657953855283249], [0.91683046003594737, 0.0161978479923334, 0.06697169197171926], [0.23390501419281975, 0.661966712656454, 0.1041282731507263]]
}
