{
	"input_file":	"/Users/daniel/ecological-inference-elections/instances/J100_M50_G4_I3_L50_seed9.json",
	"method":	"Multinomial",
	"convergence_threshold":	0.001,
	"iterations_made":	25,
	"max_iterations":	10000,
	"time_taken":	0.000191533,
	"ground_truth_matrix":	[[0.0074912953861159658, 0.50062704625065, 0.491881658363234], [0.26431498514720508, 0.28198911632292084, 0.45369589852987391], [0.5924477648098716, 0.31160369262214915, 0.095948542567979231], [0.15614525105695157, 0.067210269891934848, 0.77664447905111356]],
	"estimated_matrix":	[[0.015184615223259463, 0.4933459347586952, 0.49146945001804521], [0.27861988520903341, 0.3046408878089561, 0.41673922698201049], [0.60204992506076649, 0.30865779016163514, 0.0892922847775984], [0.14701926115081543, 0.050173856389127955, 0.8028068824600566]]
}
