{
	"input_file":	"/Users/daniel/ecological-inference-elections/instances/J100_M50_G4_I4_L50_seed2.json",
	"method":	"Multinomial",
	"convergence_threshold":	0.001,
	"iterations_made":	17,
	"max_iterations":	10000,
	"time_taken":	0.000182457,
	"ground_truth_matrix":	[[0.29096972519164355, 0.013346201755036091, 0.4053198048712896, 0.29036426818203082], [0.25472546786309014, 0.1872870721984784, 0.10694707564706017, 0.45104038429137128], [0.14900963765748226, 0.12984582418451729, 0.40604164441947943, 0.315102893738521], [0.055426632115844331, 0.27635762651681645, 0.0781815879716952, 0.590034153395644]],
	"estimated_matrix":	[[0.29653595895839829, 0.021130674833976883, 0.42027068885053326, 0.26206267735709154], [0.2935090915499815, 0.1884938393130578, 0.068841980798974731, 0.449155088337986], [0.14132473357991637, 0.13849164215808304, 0.41179889238501727, 0.30838473187698329], [0.039531956658992271, 0.2611111148382963, 0.12167965892617928, 0.5776772695765322]]
}
