{
	"input_file":	"/Users/daniel/ecological-inference-elections/instances/J100_M50_G4_I4_L50_seed8.json",
	"method":	"Multinomial",
	"convergence_threshold":	0.001,
	"iterations_made":	20,
	"max_iterations":	10000,
	"time_taken":	0.000190208,
	"ground_truth_matrix":	[[0.248524592823477, 0.41590713024020765, 0.2445674774618472, 0.0910007994744682], [0.195642639627116, 0.0084665094920574734, 0.41573970330401455, 0.380151147576812], [0.24777481565370346, 0.21805134881656238, 0.27153704946869556, 0.26263678606103863], [0.34076211243970533, 0.29676132101110025, 0.23023370011666558, 0.13224286643252883]],
	"estimated_matrix":	[[0.26272095471957235, 0.41852758434586446, 0.22956263167859237, 0.089188829255970922], [0.19912016148176429, 0.026491941375647327, 0.40989800331544818, 0.36448989382714014], [0.242848901967323, 0.19370192558572422, 0.27224254885200938, 0.29120662359494326], [0.34621807575005253, 0.32734629699805967, 0.24009318330655022, 0.08634244394533766]]
}
