{
	"input_file":	"/Users/daniel/ecological-inference-elections/instances/J100_M50_G4_I4_L50_seed12.json",
	"method":	"Multinomial",
	"convergence_threshold":	0.001,
	"iterations_made":	23,
	"max_iterations":	10000,
	"time_taken":	0.000209361,
	"ground_truth_matrix":	[[0.064811871434951526, 0.52152885323862519, 0.11829638888251422, 0.2953628864439089], [0.0030156831164753, 0.515584843486113, 0.47441747954048219, 0.00698199385692937], [0.69001613232409476, 0.032376006581974162, 0.073235027922700938, 0.2043728331712302], [0.52094648144142852, 0.345716149325363, 0.000408210294889534, 0.13292915893831883]],
	"estimated_matrix":	[[0.047691318565571336, 0.48504478880277441, 0.12864884148253652, 0.33861505114911783], [0.0328716341137415, 0.53075458536797848, 0.4281486840480746, 0.00822509647020546], [0.70746886219915828, 0.0588581955593906, 0.0666241009052182, 0.16704884133623285], [0.4939247357480217, 0.36799863847928865, 0.0045890295590758, 0.13348759621361395]]
}
