{
	"input_file":	"/Users/daniel/ecological-inference-elections/instances/J100_M50_G4_I4_L50_seed5.json",
	"method":	"Multinomial",
	"convergence_threshold":	0.001,
	"iterations_made":	23,
	"max_iterations":	10000,
	"time_taken":	0.000197901,
	"ground_truth_matrix":	[[0.04983539454067374, 0.40616979444752377, 0.04597554104672593, 0.49801926996507662], [0.17642180632607257, 0.24903375337454553, 0.38221213978536139, 0.19233230051402056], [0.17736032732383658, 0.10472522126556412, 0.042405367741133453, 0.675509083669466], [0.18223419748820011, 0.053948911524286144, 0.66354524613560528, 0.1002716448519083]],
	"estimated_matrix":	[[0.046649254769294858, 0.38688930730343146, 0.052851471670767189, 0.51360996625650646], [0.15795419840999217, 0.28488242214379977, 0.36683903737769813, 0.19032434206851], [0.179609953658184, 0.088261079584222843, 0.044272078117105818, 0.68785688864048733], [0.17952006575729326, 0.0393542141541735, 0.67142276090247044, 0.10970295918606286]]
}
