{
	"input_file":	"/Users/daniel/ecological-inference-elections/instances/J100_M50_G4_I4_L50_seed18.json",
	"method":	"Multinomial",
	"convergence_threshold":	0.001,
	"iterations_made":	19,
	"max_iterations":	10000,
	"time_taken":	0.000164019,
	"ground_truth_matrix":	[[0.25856144603859232, 0.17324016215639787, 0.5188187471563106, 0.049379644648699164], [0.21703835825592904, 0.15741561912449081, 0.12450764575610422, 0.501038376863476], [0.092386911183075723, 0.00893155724049351, 0.31410714573850357, 0.584574385837927], [0.73001552280892, 0.01151980247078856, 0.06483281052782, 0.19363186419247139]],
	"estimated_matrix":	[[0.22518261859624841, 0.16986783804223218, 0.51786326819376249, 0.0870862751677569], [0.22561493254155313, 0.1636282056397233, 0.1143238037626772, 0.49643305805604648], [0.09779062515975824, 0.014748264022740204, 0.306771693556287, 0.58068941726121448], [0.77349044243064946, 0.005854382733208356, 0.0762082817833333, 0.144446893052809]]
}
