{
	"input_file":	"/Users/daniel/ecological-inference-elections/instances/J100_M50_G4_I4_L50_seed3.json",
	"method":	"Multinomial",
	"convergence_threshold":	0.001,
	"iterations_made":	21,
	"max_iterations":	10000,
	"time_taken":	0.000176964,
	"ground_truth_matrix":	[[0.25894112400042968, 0.39846937940559979, 0.11122948719780965, 0.23136000939616086], [0.4590928673412436, 0.46561749041159473, 0.027573246650422822, 0.047716395596738945], [0.041449596854558513, 0.45597510070313158, 0.023793686172073253, 0.47878161627023669], [0.30848028608836, 0.0961347720173177, 0.332165836899397, 0.26321910499492518]],
	"estimated_matrix":	[[0.2461702633025229, 0.4054960131672945, 0.14398413292765957, 0.20434959060252306], [0.46498120343341631, 0.45272851346748266, 0.020071834455439946, 0.062218448643660988], [0.040430670554864948, 0.4591958419518487, 0.030879325250509987, 0.46949416224277646], [0.30387146858654945, 0.10809392692121073, 0.30972640204728036, 0.27830820244495946]]
}
