{
	"input_file":	"/Users/daniel/ecological-inference-elections/instances/J100_M50_G4_I4_L50_seed14.json",
	"method":	"Multinomial",
	"convergence_threshold":	0.001,
	"iterations_made":	23,
	"max_iterations":	10000,
	"time_taken":	0.000229653,
	"ground_truth_matrix":	[[0.16948671322645967, 0.34852867125185555, 0.48008648579103436, 0.0018981297306503366], [0.079987281299932059, 0.68202951659915934, 0.15530687378570474, 0.0826763283152038], [0.25105168191104937, 0.081029441322241033, 0.532172679173297, 0.13574619759341275], [0.3627498793244377, 0.0027605641290022972, 0.524015969214685, 0.1104735873318748]],
	"estimated_matrix":	[[0.17007114051273872, 0.39005773310908654, 0.43659318547019266, 0.0032779409079822107], [0.07452080825529786, 0.666515604853097, 0.19109431184322712, 0.0678692750483779], [0.24119316312408617, 0.088759500159156679, 0.55228100096936428, 0.11776633574739272], [0.36117363002145414, 0.016679599360979028, 0.4784478680620366, 0.14369890255553025]]
}
