{
	"input_file":	"/Users/daniel/ecological-inference-elections/instances/J100_M50_G4_I4_L50_seed15.json",
	"method":	"Multinomial",
	"convergence_threshold":	0.001,
	"iterations_made":	21,
	"max_iterations":	10000,
	"time_taken":	0.000179671,
	"ground_truth_matrix":	[[0.729175806164576, 0.076074136231428655, 0.021573712816720172, 0.17317634478727548], [0.178428232666503, 0.41819946747570369, 0.20226194250932708, 0.2011103573484663], [0.03692154969556357, 0.0895982588773646, 0.77790639491020774, 0.0955737965168639], [0.2454144268167292, 0.3895043399526712, 0.31921668759311272, 0.0458645456374869]],
	"estimated_matrix":	[[0.7145443708140905, 0.0749925999338504, 0.03108563340153022, 0.17937739585052886], [0.17040888037267188, 0.42768259129762537, 0.2016665931997893, 0.20024193512991345], [0.027334650344340246, 0.10295894104874229, 0.75853276230925071, 0.11117364629766671], [0.23824680520734662, 0.41988320785307481, 0.30279728364273784, 0.039072703296840719]]
}
