{
	"input_file":	"/Users/daniel/ecological-inference-elections/instances/J100_M50_G4_I4_L50_seed19.json",
	"method":	"Multinomial",
	"convergence_threshold":	0.001,
	"iterations_made":	22,
	"max_iterations":	10000,
	"time_taken":	0.000179843,
	"ground_truth_matrix":	[[0.052166889316142627, 0.72810163049277654, 0.144166630569279, 0.075564849621801933], [0.12400640059949905, 0.026686001932657091, 0.343301206964579, 0.506006390503265], [0.664535329822959, 0.16528278438434141, 0.039819720179869643, 0.1303621656128299], [0.422084773790076, 0.14271573291742995, 0.064610803438190062, 0.3705886898543041]],
	"estimated_matrix":	[[0.061697160718016869, 0.73508074478099628, 0.11954630631815587, 0.083675788182831223], [0.094894999916531345, 0.031157934907366461, 0.36080663191343176, 0.51314043326267045], [0.67659373439733683, 0.16216146669966361, 0.040784982847951186, 0.12045981605504839], [0.44360325420028884, 0.13019175715613809, 0.051929513815907352, 0.37427547482766566]]
}
