{
	"input_file":	"/Users/daniel/ecological-inference-elections/instances/J100_M50_G4_I4_L50_seed11.json",
	"method":	"Multinomial",
	"convergence_threshold":	0.001,
	"iterations_made":	22,
	"max_iterations":	10000,
	"time_taken":	0.000186355,
	"ground_truth_matrix":	[[0.093264539298993046, 0.00922764103013564, 0.2919101149392348, 0.60559770473163632], [0.28831523205269738, 0.351439138882518, 0.0068038927321034627, 0.35344173633268122], [0.46088254985022259, 0.308299510147119, 0.21216300284705122, 0.018654937155607145], [0.41773579520977072, 0.362354055019222, 0.033596557682875387, 0.18631359208813192]],
	"estimated_matrix":	[[0.064345843281410728, 0.023241090002323439, 0.30075188902600275, 0.61166117769026318], [0.29069964805368737, 0.35603936161965871, 0.0022488569829560022, 0.35101213334369791], [0.49133260430335224, 0.26723506269865865, 0.21027005227613041, 0.0311622807218588], [0.40089682804287019, 0.377616628857287, 0.0329415580249143, 0.18854498507492856]]
}
