{
	"input_file":	"/Users/daniel/ecological-inference-elections/instances/J100_M50_G4_I4_L50_seed6.json",
	"method":	"Multinomial",
	"convergence_threshold":	0.001,
	"iterations_made":	22,
	"max_iterations":	10000,
	"time_taken":	0.000193293,
	"ground_truth_matrix":	[[0.507491225944653, 0.091663150517557662, 0.39116873435159927, 0.00967688918619004], [0.049198308552667672, 0.39046023301512889, 0.32594651093818944, 0.23439494749401418], [0.12416321052879148, 0.29605898381257317, 0.17519316033671811, 0.40458464532191729], [0.10054693445790465, 0.11913033047675195, 0.14280407847917545, 0.637518656586168]],
	"estimated_matrix":	[[0.50502682219610717, 0.10390358842869536, 0.36115280121914128, 0.029916788156056272], [0.048750542500680977, 0.3491483269816496, 0.3530929492290899, 0.24900818128857946], [0.11443946066404229, 0.30639731705715312, 0.18643557372633376, 0.39272764855247089], [0.11035935099685033, 0.095885252575821, 0.140961592323991, 0.65279380410333776]]
}
