{
	"input_file":	"/Users/daniel/ecological-inference-elections/instances/J100_M50_G4_I5_L50_seed16.json",
	"method":	"Multinomial",
	"convergence_threshold":	0.001,
	"iterations_made":	21,
	"max_iterations":	10000,
	"time_taken":	0.000214438,
	"ground_truth_matrix":	[[0.11046832303046365, 0.32375992679000548, 0.34976560708473542, 0.020404670466171049, 0.19560147262862432], [0.056072838761014418, 0.259257770101578, 0.039720168700331022, 0.016198597480567022, 0.62875062495650935], [0.31255056034065565, 0.030600658614167615, 0.48328435407656345, 0.065010843405680863, 0.1085535835629325], [0.11586259596294285, 0.39777834656095723, 0.2081420243919308, 0.0807572776280516, 0.19745975545611746]],
	"estimated_matrix":	[[0.080796737047638137, 0.31706558035920618, 0.36847194178337678, 0.01809062979874616, 0.21557511101103272], [0.062107614634910442, 0.24430156179124743, 0.0379611094338789, 0.016310945498011438, 0.63931876864195181], [0.33346396239813419, 0.035691375745424761, 0.47450655463681285, 0.074832043778908452, 0.081506063440719839], [0.1174368580017989, 0.3854014706287463, 0.21314280516047562, 0.088281769853592262, 0.195737096355387]]
}
