{
	"input_file":	"/Users/daniel/ecological-inference-elections/instances/J100_M50_G4_I5_L50_seed3.json",
	"method":	"Multinomial",
	"convergence_threshold":	0.001,
	"iterations_made":	23,
	"max_iterations":	10000,
	"time_taken":	0.000233547,
	"ground_truth_matrix":	[[0.15028701708190306, 0.2312679172167543, 0.064556558588510629, 0.13427919500392829, 0.41960931210890373], [0.69371710750865156, 0.041081001690991485, 0.0710920028043775, 0.016174863536975309, 0.17793502445900408], [0.0096528152078873657, 0.19423600165890281, 0.33332108255790721, 0.10387615586913534, 0.35891394470616728], [0.34737059989782576, 0.00943501618277375, 0.31809275226905409, 0.11664290181363193, 0.20845872983671451]],
	"estimated_matrix":	[[0.12164993855275236, 0.23860059231220129, 0.058828457846446032, 0.1468930823793661, 0.43402792890923414], [0.70292243129088439, 0.036402262620902917, 0.058519804411910056, 0.019189218238661387, 0.18296628343764137], [0.026867214559043055, 0.17630311136091142, 0.35827511486160013, 0.0874309169129241, 0.3511236423055214], [0.34976144544859455, 0.019888848339245552, 0.30265000529246616, 0.11151483290204894, 0.21618486801764478]]
}
