{
	"input_file":	"/Users/daniel/ecological-inference-elections/instances/J100_M50_G4_I5_L50_seed13.json",
	"method":	"Multinomial",
	"convergence_threshold":	0.001,
	"iterations_made":	21,
	"max_iterations":	10000,
	"time_taken":	0.000235046,
	"ground_truth_matrix":	[[0.14341670775059129, 0.0258659307785686, 0.16584060853400148, 0.321794336217292, 0.34308241671954659], [0.11305586418501984, 0.17575267345451986, 0.27958507014032441, 0.19203123202957184, 0.23957516019056416], [0.01246011878013732, 0.1238368048144796, 0.021064693941961567, 0.679632988071014, 0.16300539439240769], [0.4919351849660189, 0.1278863842528718, 0.18445794191947654, 0.00408478470734505, 0.1916357041542876]],
	"estimated_matrix":	[[0.144751431251055, 0.029477236702895381, 0.197028701685639, 0.29829239464462037, 0.33045023571579019], [0.12614697807820521, 0.17125515110092629, 0.26184419009008209, 0.21881094785078495, 0.22194273288000149], [0.019477701379360456, 0.11151701347798489, 0.021014704355925437, 0.66992420507560624, 0.17806637571112308], [0.47481484702564758, 0.12927514191181752, 0.18834227396275666, 0.016520978953706023, 0.19104675814607228]]
}
