{
	"input_file":	"/Users/daniel/ecological-inference-elections/instances/J100_M50_G4_I5_L50_seed7.json",
	"method":	"Multinomial",
	"convergence_threshold":	0.001,
	"iterations_made":	22,
	"max_iterations":	10000,
	"time_taken":	0.000238318,
	"ground_truth_matrix":	[[0.010915758563635679, 0.20816915542206624, 0.0793454263047044, 0.176768261407425, 0.52480139830216865], [0.30336933090138923, 0.27281770821747647, 0.029337380742531057, 0.12263021012911926, 0.271845370009484], [0.3112604723649372, 0.445747386767779, 0.13127742314124657, 0.018672572575976328, 0.093042145150061], [0.40414208490409764, 0.040359198958406881, 0.1011778397934792, 0.450081026098011, 0.0042398502460051727]],
	"estimated_matrix":	[[0.025728375795549877, 0.18194794589297272, 0.085947488486856127, 0.19115393688049737, 0.515222252944124], [0.32520662132779526, 0.29812003548850785, 0.019556268538060646, 0.11776136958870102, 0.23935570505693532], [0.297576169506933, 0.45501197659837617, 0.13434708429952366, 0.024231177434108624, 0.088833592161058558], [0.39664298248699476, 0.0617824275220301, 0.10041920116995992, 0.42717811970420344, 0.013977269116811816]]
}
