{
	"input_file":	"/Users/daniel/ecological-inference-elections/instances/J100_M50_G4_I5_L50_seed8.json",
	"method":	"Multinomial",
	"convergence_threshold":	0.001,
	"iterations_made":	15,
	"max_iterations":	10000,
	"time_taken":	0.000101954,
	"ground_truth_matrix":	[[0.2408528232864513, 0.40306838613139045, 0.23701786113606288, 0.088191672404500154, 0.030869257041595231], [0.0046235208136498141, 0.22703348683302479, 0.20759874477234228, 0.29826212688429032, 0.26248212069669274], [0.15472836613195357, 0.14965678117547959, 0.27316305159423143, 0.23789096581818792, 0.18456083528014738], [0.10691664683877969, 0.065693592652813437, 0.70164889803094044, 0.0781969831597336, 0.047543879317732969]],
	"estimated_matrix":	[[0.2209566243576174, 0.420469113356754, 0.24907899216426313, 0.089216006245850771, 0.020279263875514562], [0.021117795805965654, 0.23844853807158942, 0.19451443656716641, 0.30151319818914862, 0.2444060313661299], [0.16496352341025125, 0.13231062933310411, 0.260346065448012, 0.24825857333710954, 0.19412120847152312], [0.098539530923124438, 0.069370431218217232, 0.72737217623195838, 0.0759526456505451, 0.028765215976154834]]
}
