{
	"input_file":	"/Users/daniel/ecological-inference-elections/instances/J100_M50_G4_I5_L50_seed14.json",
	"method":	"Multinomial",
	"convergence_threshold":	0.001,
	"iterations_made":	21,
	"max_iterations":	10000,
	"time_taken":	0.000222874,
	"ground_truth_matrix":	[[0.15590939304920856, 0.32060857491831252, 0.44162749507565729, 0.0017460734744377071, 0.080108463482383763], [0.59766213007816038, 0.13609533714227331, 0.072449225855054339, 0.14650677874371171, 0.047286528180800258], [0.41478598240157316, 0.10580328928860022, 0.19550423839535092, 0.0014878074903490689, 0.28241868242412665], [0.037797114110708178, 0.43231344101648556, 0.0751597260223246, 0.22381649355526642, 0.23091322529521516]],
	"estimated_matrix":	[[0.11463386855633864, 0.39712038217083312, 0.407631000486787, 0.01425175714132835, 0.066362991644712946], [0.61778288967623363, 0.14688446090247029, 0.048143633630277988, 0.14615888463273988, 0.0410301311582784], [0.38608945928241767, 0.0889207602241694, 0.21000734793160841, 0.00721529510683596, 0.30776713745496864], [0.05919580291739264, 0.39721093868008522, 0.093808624821804659, 0.20856314371568749, 0.24122148986503006]]
}
