{
	"input_file":	"../../instances/J100_M50_G2_I10_L50_seed20.json",
	"method":	"MVN PDF",
	"convergence_threshold":	0.001,
	"iterations_made":	12,
	"max_iterations":	10000,
	"time_taken":	0.077377569999999937,
	"ground_truth_matrix":	[[0.082219907057948835, 0.21132951055997232, 0.20588944772410889, 0.15682425779427028, 0.0033877396753867507, 0.10908302458583818, 0.0441117692532601, 0.06774392256656836, 0.099437221215447555, 0.019973199567198632], [0.036851563522719288, 0.14699395741819674, 0.17712024127059539, 0.22017884136159249, 0.17304768634872764, 0.0043302193415076231, 0.01438446802344439, 0.16130282000057855, 0.031695152369169713, 0.034095050343468228]],
	"estimated_matrix":	[[0.09017248555749427, 0.19841016469621467, 0.20958696474302943, 0.14184472258595524, 0.017091729188026, 0.11739596465727284, 0.054637891264427779, 0.064999620204381478, 0.0892047733865607, 0.0166556837166375], [0.030590259603812318, 0.15262034341433034, 0.17823050955143038, 0.21300270137564956, 0.15910587790270361, 0.0060173134327737863, 0.0085537546972221448, 0.17547727297597468, 0.03543079220189254, 0.040971174844210673]],
	"log_likelihood":	[-321.13165304500973, -263.76564061020184, -248.65111475863091, -237.74527312905266, -231.40788956299491, -227.61427704782142, -225.39772532877416, -224.13455375592622, -223.44606632602378, -223.09958564329796, -222.95340902258351, -222.92180022897855, -222.79021605994268]
}
