{
	"input_file":	"../../instances/J100_M50_G2_I10_L50_seed15.json",
	"method":	"MVN PDF",
	"convergence_threshold":	0.001,
	"iterations_made":	9,
	"max_iterations":	10000,
	"time_taken":	0.074724999999999944,
	"ground_truth_matrix":	[[0.39339948770115563, 0.041042950092062262, 0.011639288492786368, 0.093430808791668, 0.067078035960545859, 0.157217266005475, 0.0760380442620253, 0.0756051191039522, 0.02467344936176653, 0.059875550228563078], [0.2953606482247047, 0.036288091571448439, 0.14966549434619961, 0.23753843791970947, 0.19467365456822786, 0.027970400863696843, 0.021652015798033372, 0.00565896413313319, 0.00475841081323897, 0.0264338817616074]],
	"estimated_matrix":	[[0.39318629505538022, 0.0478673864760969, 0.013722561561630981, 0.097659576854280644, 0.077685119326449, 0.15505999839356582, 0.060299858866222016, 0.0700660437042155, 0.0198946052787058, 0.064558554483453143], [0.30221103838345, 0.0284579962551031, 0.1430285123831323, 0.24797807527574059, 0.16488263451444651, 0.027246903834236957, 0.034549872809184923, 0.016360257720398525, 0.0071935283477474942, 0.028091180476559594]],
	"log_likelihood":	[-314.00246700885322, -269.69710604082263, -252.726216435598, -242.64304126257321, -237.38295847527613, -234.616784618999, -233.30992562102591, -232.7677057882909, -232.63052405480562, -232.687141615421]
}
