{
	"input_file":	"../../instances/J100_M50_G2_I10_L50_seed4.json",
	"method":	"MVN PDF",
	"convergence_threshold":	0.001,
	"iterations_made":	9,
	"max_iterations":	10000,
	"time_taken":	0.061470999999999935,
	"ground_truth_matrix":	[[0.22583551318107506, 0.052443917345447011, 0.23828791306220862, 0.0830378819242122, 0.079186543171321358, 0.016113585473482447, 0.24761394129387149, 0.00041364337115573342, 0.019304135128980132, 0.037762926048245667], [0.12006391970874336, 0.017497584298260781, 0.15791029373823773, 0.32558754806371482, 0.014215320954268749, 0.072264894734091964, 0.00071710695160031874, 0.038822962732027649, 0.0035880152585265278, 0.249332353560528]],
	"estimated_matrix":	[[0.2415733799074124, 0.043980824386288565, 0.237716683575124, 0.081285164400057341, 0.0795828572770141, 0.02060191931368148, 0.23272867091933752, 0.00027252112340903149, 0.022593729434946506, 0.039664249662729016], [0.11524070320964618, 0.017747710761559218, 0.14940576383000914, 0.31591863755657462, 0.016709599913672674, 0.075597299408416946, 0.014846428934028114, 0.041080922925583331, 0.007784139709663373, 0.24566879375084646]],
	"log_likelihood":	[-375.67778651831532, -294.38316931046842, -269.5518563493348, -251.04694599444429, -241.67396038454822, -236.18561484309035, -233.52136053030731, -232.35443575962537, -232.08405425986459, -232.26046919377816]
}
