{
	"input_file":	"../../instances/J100_M50_G2_I10_L50_seed2.json",
	"method":	"MVN PDF",
	"convergence_threshold":	0.001,
	"iterations_made":	10,
	"max_iterations":	10000,
	"time_taken":	0.064478905,
	"ground_truth_matrix":	[[0.11991661550111644, 0.0055003363088887832, 0.16704342406662817, 0.11966709003802448, 0.11419385771146613, 0.083961110968791053, 0.047944554745746416, 0.2022021665049108, 0.074581293038413141, 0.0649895511160146], [0.10911846334865041, 0.0846798451193815, 0.016250220290096911, 0.0810237270119616, 0.022921616895543978, 0.17298877101751881, 0.21630711039323489, 0.0766399545108728, 0.21073926823981, 0.0093310231729288751]],
	"estimated_matrix":	[[0.12335775036594612, 0.01175394157907076, 0.16239681204173007, 0.11990935896366332, 0.11052538620055913, 0.080848194319431577, 0.052189447597733474, 0.18238830548915211, 0.0879007910799065, 0.068730012362806944], [0.11050449051845412, 0.0749393953003857, 0.0282436178879599, 0.0896614904492477, 0.02420095367561963, 0.18873894777543146, 0.210068052298182, 0.067875138722679529, 0.19371946107098595, 0.012048452301053976]],
	"log_likelihood":	[-331.39558307525039, -276.592382765657, -253.30601332060505, -239.049904923263, -231.05259289962163, -226.62628881256313, -224.30985820751323, -223.201107167717, -222.76078443916438, -222.67163376722888, -222.61757000101508]
}
