{
	"input_file":	"../../instances/J100_M50_G2_I10_L50_seed10.json",
	"method":	"MVN PDF",
	"convergence_threshold":	0.001,
	"iterations_made":	13,
	"max_iterations":	10000,
	"time_taken":	0.090331,
	"ground_truth_matrix":	[[0.21843127705125, 0.00310455594308142, 0.14866145756024521, 0.20452786828098479, 0.10217584773651123, 0.037696783123583662, 0.032677328835812119, 0.21160574168951965, 0.027426722860244761, 0.013692416918767124], [0.089337698565748663, 0.23688004378999766, 0.000305646789730184, 0.055459840205091121, 0.12938125590902735, 0.0732507112687405, 0.0988351780171504, 0.026665214833852879, 0.19301748277755362, 0.0968669278431076]],
	"estimated_matrix":	[[0.2255677073857883, 0.015472114161814052, 0.14702778603182354, 0.18917501516806165, 0.089194605698760351, 0.047911995713806221, 0.0412117704639467, 0.20244403766124444, 0.02845051841172128, 0.013544449303033423], [0.0972714308130276, 0.23440168405218509, 0.0108149560001072, 0.0512347139771162, 0.13661976731452341, 0.064403061605083078, 0.10548149839172866, 0.035321501036794489, 0.17044440466186672, 0.094006982147567628]],
	"log_likelihood":	[-406.67408856642555, -335.78245068361269, -302.4690416062345, -280.94223327249466, -267.38506561396042, -258.82458215434764, -253.51484377527322, -250.31321103006718, -248.462665841217, -247.46024417334849, -246.97564321810873, -246.79607890762171, -246.78771462024122, -246.86864735384611]
}
