{
	"input_file":	"../../instances/J100_M50_G2_I10_L50_seed13.json",
	"method":	"MVN PDF",
	"convergence_threshold":	0.001,
	"iterations_made":	10,
	"max_iterations":	10000,
	"time_taken":	0.062243,
	"ground_truth_matrix":	[[0.095000606641782351, 0.017133841334523565, 0.109854414200967, 0.213159663431239, 0.22726109271150324, 0.038166572341381357, 0.059332412112789071, 0.0943852305406974, 0.064827896915340855, 0.080878269769776023], [0.0068883355213543232, 0.0684607808726845, 0.011645208371382151, 0.37572194421425487, 0.090114377573631624, 0.21997833859893373, 0.057186871760991957, 0.082483938626239872, 0.001826590536552423, 0.085693613923974427]],
	"estimated_matrix":	[[0.0985708842564317, 0.013333239713868787, 0.11237217816502741, 0.21923517340823476, 0.23479375665190089, 0.036774944477438141, 0.064493714505087271, 0.086304791245730872, 0.056522444263941, 0.077598873312339139], [0.00684548682329542, 0.0635992005627895, 0.0141302581670194, 0.371038066533836, 0.0910653432388357, 0.22382678318799154, 0.050236102440403524, 0.087937684250723749, 0.0029127913388480851, 0.088408283456257133]],
	"log_likelihood":	[-304.26363087813581, -257.828991941186, -237.14854830787451, -224.58155517769669, -217.22031680287785, -212.97014510689576, -210.60277890703887, -209.36458798276556, -208.79332238278562, -208.60670399629288, -208.63398885237456]
}
