{
	"input_file":	"../../instances/J100_M50_G2_I10_L50_seed6.json",
	"method":	"MVN PDF",
	"convergence_threshold":	0.001,
	"iterations_made":	12,
	"max_iterations":	10000,
	"time_taken":	0.097221794999999944,
	"ground_truth_matrix":	[[0.2757785884142302, 0.049811174985890418, 0.21256714574811184, 0.0052585713872016051, 0.0140634359385901, 0.11161384679915949, 0.093172468949395029, 0.067002269496367034, 0.0504463957726052, 0.12028610250844927], [0.037829281177702068, 0.087361551550571126, 0.047893920136897319, 0.056745822878612753, 0.0680224331729206, 0.30367179058157329, 0.11247047241485471, 0.0349793289128446, 0.13711825271796652, 0.11390714645605694]],
	"estimated_matrix":	[[0.259316343646152, 0.0545613058053691, 0.20463563657088329, 0.0028930276268019648, 0.00503923140226079, 0.12113512210869107, 0.0947436238442878, 0.061093811204355, 0.066327477321363126, 0.13025442046983585], [0.053985068769519626, 0.088593975721752, 0.036548957023453371, 0.055839584306219187, 0.066143079853631062, 0.28625814188633447, 0.1162394319813934, 0.0370729614681975, 0.143193712449787, 0.11612508653971243]],
	"log_likelihood":	[-302.86469008292738, -251.799300848969, -230.612443261165, -216.97682881773153, -208.94581039487741, -204.16379219124451, -201.3808803848481, -199.80924315102121, -198.96522010928979, -198.551226264552, -198.38585049926212, -198.35970408294392, -198.29745468750085]
}
