{
	"input_file":	"../../instances/J100_M50_G2_I2_L50_seed16.json",
	"method":	"MVN PDF",
	"convergence_threshold":	0.001,
	"iterations_made":	13,
	"max_iterations":	10000,
	"time_taken":	0.0035840000000000008,
	"ground_truth_matrix":	[[0.25440151136213868, 0.74559848863786138], [0.944877609836287, 0.055122390163713141]],
	"estimated_matrix":	[[0.27012881086607476, 0.72987118913392524], [0.9292697971782975, 0.070730202821702379]],
	"log_likelihood":	[-170.98212792708273, -111.690296136236, -77.822885562289727, -56.246388731424233, -42.215013819974658, -33.107517040347, -27.295157785030209, -23.693760799707729, -21.55684671327424, -20.367057974286787, -19.770174519558175, -19.529326449448082, -19.4908112750782, -19.558266576367533]
}
