{
	"input_file":	"../../instances/J100_M50_G2_I2_L50_seed13.json",
	"method":	"MVN PDF",
	"convergence_threshold":	0.001,
	"iterations_made":	12,
	"max_iterations":	10000,
	"time_taken":	0.002622,
	"ground_truth_matrix":	[[0.84720269601591158, 0.15279730398408845], [0.34009172295595952, 0.65990827704404054]],
	"estimated_matrix":	[[0.839509594214628, 0.160490405785372], [0.335830626140449, 0.664169373859551]],
	"log_likelihood":	[-112.68319630326997, -75.6983140998799, -54.519007916460779, -41.744628674565661, -34.024850474603014, -29.430894568782712, -26.77459163806299, -25.30357072593225, -24.540358997955824, -24.186002692679, -24.057568258414335, -24.046338750979061, -24.08993312419128]
}
