{
	"input_file":	"../../instances/J100_M50_G2_I2_L50_seed18.json",
	"method":	"MVN PDF",
	"convergence_threshold":	0.001,
	"iterations_made":	11,
	"max_iterations":	10000,
	"time_taken":	0.002084,
	"ground_truth_matrix":	[[0.598796857472177, 0.40120314252782313], [0.913094360419019, 0.086905639580980923]],
	"estimated_matrix":	[[0.617879788832327, 0.3821202111676732], [0.91391290144604731, 0.0860870985539526]],
	"log_likelihood":	[-57.887872725174482, -37.6011089707307, -27.690900926210279, -22.054676925551458, -18.872574088535483, -17.102620481213165, -16.143162425410708, -15.645057330283295, -15.405847855444444, -15.3086506656521, -15.286521211627305, -15.301600546638143]
}
