{
	"input_file":	"../../instances/J100_M50_G2_I2_L50_seed17.json",
	"method":	"MVN PDF",
	"convergence_threshold":	0.001,
	"iterations_made":	11,
	"max_iterations":	10000,
	"time_taken":	0.003154,
	"ground_truth_matrix":	[[0.315810458607232, 0.684189541392768], [0.751461243773324, 0.24853875622667579]],
	"estimated_matrix":	[[0.2992041936659664, 0.70079580633403349], [0.7536572464437763, 0.24634275355622379]],
	"log_likelihood":	[-92.6483111531655, -62.261567929189546, -44.8548657890446, -34.6713463503477, -28.74457448361126, -25.368007461011828, -23.510340024963735, -22.539549048875209, -22.0713323899524, -21.876789452991069, -21.823384521255541, -21.836959254377081]
}
