{
	"input_file":	"../../instances/J100_M50_G2_I2_L50_seed19.json",
	"method":	"MVN PDF",
	"convergence_threshold":	0.001,
	"iterations_made":	13,
	"max_iterations":	10000,
	"time_taken":	0.002983,
	"ground_truth_matrix":	[[0.0668576111835421, 0.933142388816458], [0.65610367000627345, 0.34389632999372649]],
	"estimated_matrix":	[[0.052485687033797246, 0.94751431296620281], [0.66392795485072764, 0.33607204514927236]],
	"log_likelihood":	[-166.77651233045952, -109.77405515982365, -79.239442988323233, -60.0797670178395, -47.817637831450988, -39.968421980721523, -34.999709919611874, -31.915500181339411, -30.054287938017158, -28.975719816479117, -28.389072156888421, -28.104893094581456, -28.00153103724293, -28.00206757027625]
}
