{
	"input_file":	"../../instances/J100_M50_G2_I2_L50_seed9.json",
	"method":	"MVN PDF",
	"convergence_threshold":	0.001,
	"iterations_made":	15,
	"max_iterations":	10000,
	"time_taken":	0.005357,
	"ground_truth_matrix":	[[0.014743209941968996, 0.985256790058031], [0.82656560980942351, 0.17343439019057644]],
	"estimated_matrix":	[[0.032862597969305532, 0.96713740203069465], [0.80962581263358335, 0.19037418736641659]],
	"log_likelihood":	[-222.78742013164094, -150.17527622974927, -107.34041711330394, -78.885489337824623, -59.2349889177643, -45.455922421920086, -35.794289405502262, -29.10042817209527, -24.566412283056028, -21.596878497342928, -19.742563051467744, -18.663805897732832, -18.107578558505779, -17.890099698012069, -17.881926605333973, -17.994854497423869]
}
