{
	"input_file":	"../../instances/J100_M50_G2_I3_L50_seed15.json",
	"method":	"MVN PDF",
	"convergence_threshold":	0.001,
	"iterations_made":	14,
	"max_iterations":	10000,
	"time_taken":	0.011688,
	"ground_truth_matrix":	[[0.88190002979169, 0.0920076920293921, 0.026092278178917974], [0.294060845578166, 0.21111905408272336, 0.49482010033911067]],
	"estimated_matrix":	[[0.880476826253039, 0.087858966397882834, 0.031664207349078016], [0.2960138372761254, 0.21406359952445472, 0.48992256319941985]],
	"log_likelihood":	[-175.95827772678405, -121.2216203228181, -92.067179002026322, -74.2544609864115, -63.195882258025833, -56.353805785547181, -52.176054157608867, -49.6750294068944, -48.215811794106237, -47.3932721368987, -46.953006094837065, -46.738179654255241, -46.653790377573657, -46.643153470448688, -46.672862959941824]
}
