{
	"input_file":	"../../instances/J100_M50_G2_I3_L50_seed8.json",
	"method":	"MVN PDF",
	"convergence_threshold":	0.001,
	"iterations_made":	14,
	"max_iterations":	10000,
	"time_taken":	0.01389651,
	"ground_truth_matrix":	[[0.27340463300715134, 0.457544000038453, 0.26905136695439574], [0.73250839185554451, 0.25639597500319711, 0.011095633141258382]],
	"estimated_matrix":	[[0.271495271759197, 0.48836482303649165, 0.2401399052043113], [0.73925836642046738, 0.2436649331069092, 0.017076700472623427]],
	"log_likelihood":	[-149.09517873191115, -106.79858705979449, -86.257171461783159, -73.899804927755653, -66.52792174471017, -62.1478570996363, -59.570765131677874, -58.071512726219581, -57.2090987909761, -56.718538507737371, -56.442978662003085, -56.290888012275524, -56.209473660689461, -56.168533214504123, -56.099506457280341]
}
