{
	"input_file":	"../../instances/J100_M50_G2_I3_L50_seed5.json",
	"method":	"MVN PDF",
	"convergence_threshold":	0.001,
	"iterations_made":	11,
	"max_iterations":	10000,
	"time_taken":	0.009837,
	"ground_truth_matrix":	[[0.099277505208629477, 0.80913423592827161, 0.0915882588630989], [0.608148478297384, 0.16248736605778868, 0.22936415564482709]],
	"estimated_matrix":	[[0.10450345994246769, 0.822074784334355, 0.073421755723177343], [0.593236987887377, 0.16953253760215217, 0.23723047451047083]],
	"log_likelihood":	[-189.58744775875846, -127.433551704405, -91.7486993415942, -70.215552183057028, -57.122634565649577, -49.326689709497131, -44.881310620199883, -42.511670274245226, -41.374824762680134, -40.927292042817513, -40.834926788777565, -40.904503333235219]
}
