{
	"input_file":	"../../instances/J100_M50_G2_I3_L50_seed13.json",
	"method":	"MVN PDF",
	"convergence_threshold":	0.001,
	"iterations_made":	13,
	"max_iterations":	10000,
	"time_taken":	0.012723,
	"ground_truth_matrix":	[[0.42795213106645874, 0.0771833377876456, 0.49486453114589557], [0.44539345432817962, 0.47485814852501324, 0.0797483971468072]],
	"estimated_matrix":	[[0.43639093912550952, 0.0729228501645364, 0.49068621070995416], [0.43503755820758616, 0.48581205123517324, 0.079150390557240533]],
	"log_likelihood":	[-152.575622464974, -107.22392914673011, -84.001978946257154, -69.302021626781041, -59.9396570165739, -53.984642017357444, -50.23742426849735, -47.9234326169679, -46.53424697960476, -45.734950357900061, -45.3058038242134, -45.1038554254946, -45.037168013782548, -45.0474460344751]
}
