{
	"input_file":	"../../instances/J100_M50_G2_I3_L50_seed12.json",
	"method":	"MVN PDF",
	"convergence_threshold":	0.001,
	"iterations_made":	15,
	"max_iterations":	10000,
	"time_taken":	0.014224999999999937,
	"ground_truth_matrix":	[[0.0919790771562763, 0.74013821186145934, 0.16788271098226437], [0.23206761290778644, 0.004465558007663243, 0.76346682908455032]],
	"estimated_matrix":	[[0.0732042941966598, 0.7386674565253, 0.18812824927804031], [0.24237648621942962, 0.013330420113003724, 0.74429309366756669]],
	"log_likelihood":	[-251.26018999348159, -172.2433093975626, -129.43615452325977, -102.21468442320182, -84.26793714052495, -72.3095893910345, -64.373143790241272, -59.179066128611886, -55.851822533220322, -53.779785876467237, -52.53649169343705, -51.829174465553727, -51.46110410111168, -51.302951321681512, -51.271365682265369, -51.313540198244922]
}
