{
	"input_file":	"../../instances/J100_M50_G2_I4_L50_seed4.json",
	"method":	"MVN PDF",
	"convergence_threshold":	0.001,
	"iterations_made":	9,
	"max_iterations":	10000,
	"time_taken":	0.012969,
	"ground_truth_matrix":	[[0.37664033529374275, 0.0874640765523398, 0.39740799933549775, 0.1384875888184196], [0.23064419241874784, 0.046933541478898853, 0.72121745986295, 0.0012048062394032465]],
	"estimated_matrix":	[[0.3641270999065343, 0.082165684182621573, 0.41814782464837663, 0.13555939126246758], [0.25277824057440379, 0.0481604141326883, 0.68830403698301723, 0.010757308309890712]],
	"log_likelihood":	[-105.52039496311654, -84.635979174287144, -76.4020202337697, -71.779232395936077, -69.324716947471, -68.062058296469459, -67.4517675822659, -67.19328295859475, -67.120569897425625, -67.142741558242747]
}
