{
	"input_file":	"../../instances/J100_M50_G2_I4_L50_seed7.json",
	"method":	"MVN PDF",
	"convergence_threshold":	0.001,
	"iterations_made":	15,
	"max_iterations":	10000,
	"time_taken":	0.020813,
	"ground_truth_matrix":	[[0.022970939991479138, 0.43806769354602731, 0.16697318978046674, 0.37198817668202688], [0.712028237377669, 0.14427461235209513, 0.12974505029533678, 0.0139520999748993]],
	"estimated_matrix":	[[0.032767177282327753, 0.47226244696331043, 0.16152308046913766, 0.33344729528522415], [0.69212176084346821, 0.14294974090912393, 0.12751754118994582, 0.037410957057462]],
	"log_likelihood":	[-234.48226438987928, -168.67071582146937, -132.368160859678, -108.5308566089202, -92.43617259158205, -81.445101359417933, -73.946119674129847, -68.877866802426951, -65.507543680081838, -63.316750978975257, -61.9363016574582, -61.1045877363853, -60.638344436762438, -60.41098349752847, -60.336314303384988, -60.3564483564772]
}
