{
	"input_file":	"../../instances/J100_M50_G2_I4_L50_seed17.json",
	"method":	"MVN PDF",
	"convergence_threshold":	0.001,
	"iterations_made":	11,
	"max_iterations":	10000,
	"time_taken":	0.017537,
	"ground_truth_matrix":	[[0.251451374164373, 0.54475840075349535, 0.15314045600906431, 0.0506497690730673], [0.3446886550413053, 0.23807393689403214, 0.22619453600901995, 0.19104287205564249]],
	"estimated_matrix":	[[0.24184867149068096, 0.571504889243371, 0.1428753324127674, 0.0437711068531805], [0.3472001120493971, 0.23173300142923309, 0.23230159172244905, 0.18876529479892074]],
	"log_likelihood":	[-117.80733275031815, -94.7957839353455, -82.774617404234462, -75.8711086076665, -71.967550452445664, -69.8106502617097, -68.6623858404488, -68.0862101418862, -67.826119128486241, -67.734297652862452, -67.7271439020366, -67.7586095833793]
}
