{
	"input_file":	"../../instances/J100_M50_G2_I4_L50_seed3.json",
	"method":	"MVN PDF",
	"convergence_threshold":	0.001,
	"iterations_made":	8,
	"max_iterations":	10000,
	"time_taken":	0.007258,
	"ground_truth_matrix":	[[0.25894112400042968, 0.39846937940559979, 0.11122948719780965, 0.23136000939616086], [0.4590928673412436, 0.46561749041159473, 0.027573246650422822, 0.047716395596738945]],
	"estimated_matrix":	[[0.25975445022961013, 0.43957824033872211, 0.10034916360748346, 0.20031814582418425], [0.45451925327469717, 0.43292042835166344, 0.0360616420043474, 0.076498676369292029]],
	"log_likelihood":	[-87.867297879951138, -75.418785798413836, -69.5082040074502, -66.473303357046831, -64.9883215985168, -64.319428132075359, -64.068218538169745, -64.020666688311834, -64.064081987653864]
}
