{
	"input_file":	"../../instances/J100_M50_G2_I4_L50_seed11.json",
	"method":	"MVN PDF",
	"convergence_threshold":	0.001,
	"iterations_made":	16,
	"max_iterations":	10000,
	"time_taken":	0.024048136,
	"ground_truth_matrix":	[[0.093264539298993046, 0.00922764103013564, 0.2919101149392348, 0.60559770473163632], [0.28831523205269738, 0.351439138882518, 0.0068038927321034627, 0.35344173633268122]],
	"estimated_matrix":	[[0.087780271550186043, 0.008819753287719204, 0.290169139939998, 0.61323083522209676], [0.28847588701382915, 0.35344716254656716, 0.010069697507355006, 0.34800725293224866]],
	"log_likelihood":	[-216.19727621094827, -150.73478802031349, -122.26727785152131, -103.40689791086271, -90.965736006342169, -82.6466955279167, -77.053790631782647, -73.281890228099726, -70.729952190144843, -68.995114325831267, -67.807178593413425, -66.9855304688523, -66.40995181175613, -66.000688001049, -65.704892028580957, -65.4874918477144, -65.129588955010547]
}
