{
	"input_file":	"../../instances/J100_M50_G2_I5_L50_seed15.json",
	"method":	"MVN PDF",
	"convergence_threshold":	0.001,
	"iterations_made":	9,
	"max_iterations":	10000,
	"time_taken":	0.018751,
	"ground_truth_matrix":	[[0.64854204216829081, 0.06766170140398764, 0.0191880471746618, 0.15402614754092744, 0.1105820617121324], [0.39962760023412636, 0.1932796691291607, 0.19217922484338035, 0.062716975103724426, 0.15219653068960812]],
	"estimated_matrix":	[[0.642060553144651, 0.0626049489947296, 0.017501453215609752, 0.17112562066045045, 0.10670742398455905], [0.39671339818553925, 0.20632265397897334, 0.19140544382613492, 0.049216263890141915, 0.15634224011921061]],
	"log_likelihood":	[-182.36535728329085, -147.06440279998387, -132.15097344084847, -123.81625771897619, -119.29965093156019, -116.93812005059768, -115.77748204189713, -115.26974192110502, -115.10439581317588, -115.10907951922526]
}
