{
	"input_file":	"../../instances/J100_M50_G2_I5_L50_seed14.json",
	"method":	"MVN PDF",
	"convergence_threshold":	0.001,
	"iterations_made":	10,
	"max_iterations":	10000,
	"time_taken":	0.018402,
	"ground_truth_matrix":	[[0.15590939304920856, 0.32060857491831252, 0.44162749507565729, 0.0017460734744377071, 0.080108463482383763], [0.59766213007816038, 0.13609533714227331, 0.072449225855054339, 0.14650677874371171, 0.047286528180800258]],
	"estimated_matrix":	[[0.159525856899034, 0.313526987652908, 0.435742659540438, 0.013327144324351269, 0.077877351583268653], [0.58946748857427578, 0.14580569965476731, 0.073142246463009333, 0.143358465743222, 0.0482260995647255]],
	"log_likelihood":	[-223.66144411324487, -172.23889868943013, -144.36416283749182, -127.40788165982407, -117.13954982293741, -111.05149176299638, -107.59199580902133, -105.75960895442186, -104.90361542842226, -104.60763983324067, -104.61292115849709]
}
