{
	"input_file":	"../../instances/J100_M50_G2_I5_L50_seed19.json",
	"method":	"MVN PDF",
	"convergence_threshold":	0.001,
	"iterations_made":	12,
	"max_iterations":	10000,
	"time_taken":	0.021602,
	"ground_truth_matrix":	[[0.0433037419557625, 0.604397263048471, 0.11967273975203206, 0.06272639200543513, 0.16989986323829925], [0.010949408191273125, 0.14085830680435835, 0.2076171069384817, 0.51298571330785936, 0.12758946475802732]],
	"estimated_matrix":	[[0.0332679473553417, 0.63340299761471464, 0.11908891291375882, 0.0569969121171551, 0.15724322999902976], [0.012446220266902551, 0.138285786103057, 0.20746969188501493, 0.51692428588682859, 0.12487401585819685]],
	"log_likelihood":	[-228.64833534231664, -177.22623107524126, -147.58601100006905, -129.58983565976, -118.32386365833997, -111.37578676696316, -107.18856296226917, -104.76159885566162, -103.43582468925507, -102.78058352821581, -102.5192637685102, -102.47846607015811, -102.55253146977213]
}
