{
	"input_file":	"../../instances/J100_M50_G2_I5_L50_seed2.json",
	"method":	"MVN PDF",
	"convergence_threshold":	0.001,
	"iterations_made":	8,
	"max_iterations":	10000,
	"time_taken":	0.018651,
	"ground_truth_matrix":	[[0.22783917374835463, 0.010450529100728561, 0.317379168519664, 0.2273650803535196, 0.21696604827773336], [0.17725330515516027, 0.10121746478598845, 0.42687622768416966, 0.15745123595039329, 0.1372017664242883]],
	"estimated_matrix":	[[0.24168406362000938, 0.017546236148388451, 0.31677742088514832, 0.22409014226846849, 0.19990213707798529], [0.17383460336520962, 0.098552656368142935, 0.442683908820076, 0.14329296440583444, 0.141635867040737]],
	"log_likelihood":	[-150.95921745849009, -130.55140628886474, -125.47688127348023, -122.28249636188382, -120.71245192854595, -119.96190384416735, -119.6480384972658, -119.5575593421712, -119.57597987713874]
}
