{
	"input_file":	"../../instances/J100_M50_G3_I10_L50_seed20.json",
	"method":	"MVN PDF",
	"convergence_threshold":	0.001,
	"iterations_made":	14,
	"max_iterations":	10000,
	"time_taken":	0.173849274,
	"ground_truth_matrix":	[[0.082219907057948835, 0.21132951055997232, 0.20588944772410889, 0.15682425779427028, 0.0033877396753867507, 0.10908302458583818, 0.0441117692532601, 0.06774392256656836, 0.099437221215447555, 0.019973199567198632], [0.036851563522719288, 0.14699395741819674, 0.17712024127059539, 0.22017884136159249, 0.17304768634872764, 0.0043302193415076231, 0.01438446802344439, 0.16130282000057855, 0.031695152369169713, 0.034095050343468228], [0.15918532554909737, 0.24428049725138792, 0.067357448039370771, 0.01608475063339752, 0.12010770984818865, 0.055369517882249544, 0.0814706996585495, 0.14939832088464047, 0.050476971643638679, 0.056268758609479635]],
	"estimated_matrix":	[[0.10068616338871533, 0.18719096900642496, 0.21516338257273532, 0.14396501156592978, 0.0091985623362189455, 0.10592857200542459, 0.037906490652777673, 0.080776041832843079, 0.094652731595574538, 0.0245320750433558], [0.045240506840716926, 0.15622335185299877, 0.17236674458681328, 0.20901079939414316, 0.15869589420132824, 0.0047745247988877143, 0.020024429160986554, 0.1709645445611486, 0.029542820135718961, 0.033156384467257723], [0.13183482266302668, 0.24276535912429395, 0.0664174922161356, 0.029169475287097561, 0.12301354342788466, 0.0625048007413198, 0.0928474029354495, 0.14789703290088577, 0.045586697376623429, 0.057963373327283033]],
	"log_likelihood":	[-300.83210653134142, -263.41344416093182, -245.35304537346306, -234.78079389719915, -228.5495185625916, -224.82901868845164, -222.59999169144893, -221.268683945554, -220.48237029113091, -220.02841735116547, -219.77736246686786, -219.64982038050667, -219.59687950738135, -219.58832568640193, -219.481048352311]
}
