{
	"input_file":	"../../instances/J100_M50_G3_I10_L50_seed2.json",
	"method":	"MVN PDF",
	"convergence_threshold":	0.001,
	"iterations_made":	14,
	"max_iterations":	10000,
	"time_taken":	0.174018532,
	"ground_truth_matrix":	[[0.11991661550111644, 0.0055003363088887832, 0.16704342406662817, 0.11966709003802448, 0.11419385771146613, 0.083961110968791053, 0.047944554745746416, 0.2022021665049108, 0.074581293038413141, 0.0649895511160146], [0.10911846334865041, 0.0846798451193815, 0.016250220290096911, 0.0810237270119616, 0.022921616895543978, 0.17298877101751881, 0.21630711039323489, 0.0766399545108728, 0.21073926823981, 0.0093310231729288751], [0.19966258193982236, 0.019156405580939437, 0.15855947193431905, 0.028802863437738628, 0.038588756331956124, 0.25768408299196249, 0.0726925031860041, 0.03209262146888716, 0.0706085005185904, 0.12215221260978017]],
	"estimated_matrix":	[[0.12151590541825845, 0.00190727890540269, 0.19115045989681181, 0.10621697057063059, 0.12327508589340891, 0.0798429779321456, 0.043282250978071035, 0.19603993574105941, 0.071335064876235657, 0.0654340697879758], [0.097606324370348857, 0.089544689402346847, 0.017961493562367124, 0.099384436379332378, 0.012174028047836627, 0.1840134272530794, 0.20583467965078728, 0.062976251128373642, 0.22630820057832732, 0.00419646962720059], [0.20937729215061929, 0.017193206113244479, 0.14728979748144619, 0.045547673180955886, 0.0433166521393944, 0.26281876104730817, 0.0763635630420787, 0.0294381343492813, 0.053122975434047814, 0.11553194506162379]],
	"log_likelihood":	[-386.95553217685824, -306.78346989126135, -275.34729627209066, -257.68288063325, -248.19715733979635, -242.96440312242626, -240.07325241668553, -238.47131252502811, -237.58388143720512, -237.09399843709795, -236.82660661652719, -236.68475153969985, -236.61448742749724, -236.58555939939947, -236.45723483111846]
}
