{
	"input_file":	"../../instances/J100_M50_G3_I10_L50_seed6.json",
	"method":	"MVN PDF",
	"convergence_threshold":	0.001,
	"iterations_made":	10,
	"max_iterations":	10000,
	"time_taken":	0.123844,
	"ground_truth_matrix":	[[0.2757785884142302, 0.049811174985890418, 0.21256714574811184, 0.0052585713872016051, 0.0140634359385901, 0.11161384679915949, 0.093172468949395029, 0.067002269496367034, 0.0504463957726052, 0.12028610250844927], [0.037829281177702068, 0.087361551550571126, 0.047893920136897319, 0.056745822878612753, 0.0680224331729206, 0.30367179058157329, 0.11247047241485471, 0.0349793289128446, 0.13711825271796652, 0.11390714645605694], [0.005413509600190102, 0.12255642412443131, 0.15659858686385889, 0.12886126867449413, 0.11934533866161898, 0.07524458775695847, 0.012885711406898518, 0.30556443953072565, 0.049894633529748239, 0.023635499851075638]],
	"estimated_matrix":	[[0.26430090859129257, 0.045691229291027279, 0.18246807009315494, 0.023556888166372185, 0.014737807292039364, 0.12008008415294777, 0.081022362494869354, 0.068764087777476446, 0.046238219969049282, 0.15314034217177083], [0.031016665872976426, 0.076904408541377534, 0.056083715447229648, 0.052762779993956843, 0.065479774217233375, 0.28972125496458939, 0.11812763856931673, 0.042094404552013014, 0.16854592218215886, 0.0992634356591481], [0.018991107675722114, 0.15345139053629428, 0.14337879575663287, 0.12233279993802339, 0.0962500400223696, 0.070023740186762357, 0.0243158289943075, 0.30147447197560323, 0.053912679250784155, 0.015869145663500506]],
	"log_likelihood":	[-414.33396923512453, -319.90709077009279, -276.91011868510458, -253.85489517323055, -241.42709378332253, -234.82360620679725, -231.45203854998306, -229.858297716486, -229.2204125360652, -229.07680886487159, -229.17256869158476]
}
