{
	"input_file":	"../../instances/J100_M50_G3_I10_L50_seed12.json",
	"method":	"MVN PDF",
	"convergence_threshold":	0.001,
	"iterations_made":	10,
	"max_iterations":	10000,
	"time_taken":	0.129242,
	"ground_truth_matrix":	[[0.015582156525603087, 0.12538666210153721, 0.028440975506022707, 0.0710115388820721, 0.0013664386086365743, 0.2336170641797074, 0.21496368670652949, 0.0031636168665235879, 0.29273265374842722, 0.013735206874940618], [0.033685472240404149, 0.094004134275044657, 0.29125377741216613, 0.19328498797955979, 0.00022822457699712571, 0.074318804422831147, 0.0810309053295545, 0.067032982095265731, 0.14748154604349473, 0.017679165624682143], [0.20048479434601485, 0.0029150704700110059, 0.020137011718670491, 0.017134292221539584, 0.051415898857770453, 0.15429323352817573, 0.088328200571823071, 0.23478377805692366, 0.047395008217637064, 0.18311271201143423]],
	"estimated_matrix":	[[0.011760247816048229, 0.10727599758533944, 0.058066251265175881, 0.056946408544301046, 0.00194605917191173, 0.2314402579659858, 0.2169896780886334, 0.013788490384109038, 0.28936598694821658, 0.012420622230278856], [0.024299330614812049, 0.0869598742024026, 0.30736366132666865, 0.19930845524165239, 0.0030844857563723425, 0.10140820941067062, 0.067600642546199727, 0.062821605583428572, 0.12390662712697353, 0.02324710819081955], [0.21242478071420914, 0.0071004636508558757, 0.023509286600863627, 0.011903185350293506, 0.052405932278137134, 0.14588424401233061, 0.090840380339881371, 0.216521585954658, 0.0654019021479501, 0.17400823895082063]],
	"log_likelihood":	[-499.909067088672, -328.49061053996934, -281.28493614758611, -250.01324915105636, -235.60554808395955, -227.5498551743627, -223.765518294516, -222.03759908217361, -221.45272957766463, -221.41341709291, -221.62580403464554]
}
