{
	"input_file":	"../../instances/J100_M50_G3_I10_L50_seed8.json",
	"method":	"MVN PDF",
	"convergence_threshold":	0.001,
	"iterations_made":	15,
	"max_iterations":	10000,
	"time_taken":	0.17837,
	"ground_truth_matrix":	[[0.18686245439528151, 0.31271523785328015, 0.1838871500988386, 0.068422334178453253, 0.023949501846988717, 0.0010364237832000416, 0.050892580529086434, 0.0465360241937968, 0.066859429077963328, 0.058838864043111186], [0.077693951352584556, 0.0751473499456211, 0.13716371065268357, 0.11945249334395132, 0.092673767042944846, 0.053230454927533574, 0.032706785389616029, 0.34932904412825921, 0.038931832512760181, 0.023670610704045591], [0.0055072216856861637, 0.329020230196156, 0.011067270247359991, 0.031454329030375532, 0.0059530913362825962, 0.020596990261568617, 0.040472518156600683, 0.18322100316570472, 0.034287810719799784, 0.33841953520046592]],
	"estimated_matrix":	[[0.16095041295732629, 0.31802394223530611, 0.20166954659275094, 0.068509207276326131, 0.02705003790822141, 0.00351076181762044, 0.05126468436197297, 0.054339636328940157, 0.057118300138676, 0.057563470382859534], [0.0773068993083038, 0.0519826472462842, 0.14903243754587647, 0.13009818628127884, 0.068312769031518158, 0.063884690512709161, 0.0356859047746939, 0.35279047020284826, 0.056480777982482723, 0.014425217114004468], [0.022928108964943641, 0.36573895396114348, 0.017349797770532329, 0.032704584605519268, 0.0051571278288577958, 0.017309105886226049, 0.033536447151418666, 0.15597690790077548, 0.023818991561105844, 0.32547997436947745]],
	"log_likelihood":	[-421.98501849318041, -337.22523499073083, -298.7378548044739, -276.60710425255229, -263.80496883172856, -256.18720468682665, -251.61423436006478, -248.85592090252044, -247.19594454088565, -246.20710057091259, -245.63141334653372, -245.31132857273991, -245.14967307241807, -245.08595100296944, -245.08217446092976, -245.11431455815827]
}
