{
	"input_file":	"../../instances/J100_M50_G3_I10_L50_seed1.json",
	"method":	"MVN PDF",
	"convergence_threshold":	0.001,
	"iterations_made":	11,
	"max_iterations":	10000,
	"time_taken":	0.125769,
	"ground_truth_matrix":	[[0.12436308318824252, 0.2936479442801595, 2.6361498408479558e-05, 0.0829722235922016, 0.036577837427075648, 0.0223288485003637, 0.047503287797740747, 0.0977139586640639, 0.11649176519617498, 0.17837468985556892], [0.078737587506692047, 0.16750337765308135, 0.033145413394336042, 0.3050005136808091, 0.0040242128188571836, 0.16086639690315654, 0.078266859223934074, 0.11854087140099424, 0.021921593367001047, 0.031993174051138537], [0.12057861540422678, 0.25789235616624362, 0.028107564516233675, 0.0881039432937717, 0.15626627010132041, 0.16818376689753073, 0.0066434326979972836, 0.0029777413570878652, 0.013912210833154727, 0.15733409873243309]],
	"estimated_matrix":	[[0.11770325076954223, 0.26469264459741215, 0.00030128714479256885, 0.0957205230426558, 0.0332536233099553, 0.047663022173859516, 0.063233371560134338, 0.0979620938167026, 0.10257178655540142, 0.17689839702954416], [0.0715579117855721, 0.19065226567792615, 0.043139371065263846, 0.29697744987092128, 0.0065865184538296878, 0.14907524308019549, 0.068516652315722, 0.10976785307550503, 0.024104557358591468, 0.039622177316473023], [0.11777374080011886, 0.26877199985916678, 0.024761178265085948, 0.0786345985818593, 0.1477571646044111, 0.16930949882129023, 0.00278063672798425, 0.015718470553779031, 0.017280497519250013, 0.15721221426705448]],
	"log_likelihood":	[-385.91945153272434, -292.31448375155412, -272.16591911660669, -255.60482449722829, -247.81791757908707, -243.18041596228062, -240.73072784199138, -239.41088413514487, -238.75360106514566, -238.4602582311378, -238.36827305698813, -238.383012474092]
}
