{
	"input_file":	"../../instances/J100_M50_G3_I2_L50_seed5.json",
	"method":	"MVN PDF",
	"convergence_threshold":	0.001,
	"iterations_made":	10,
	"max_iterations":	10000,
	"time_taken":	0.006123,
	"ground_truth_matrix":	[[0.1092869023075165, 0.89071309769248352], [0.084514668368276855, 0.91548533163172319], [0.41466565027429875, 0.585334349725701]],
	"estimated_matrix":	[[0.0999180319824207, 0.90008196801757934], [0.087231654925857771, 0.91276834507414228], [0.38624542226498026, 0.61375457773501974]],
	"log_likelihood":	[-75.950209397225, -49.140617115901421, -38.3813606903764, -32.710532051116672, -29.773598389594973, -28.288835318916252, -27.56930384896771, -27.246140983764686, -27.122499387292727, -27.094678784364241, -27.109156276221242]
}
