{
	"input_file":	"../../instances/J100_M50_G3_I2_L50_seed13.json",
	"method":	"MVN PDF",
	"convergence_threshold":	0.001,
	"iterations_made":	11,
	"max_iterations":	10000,
	"time_taken":	0.005536,
	"ground_truth_matrix":	[[0.84720269601591158, 0.15279730398408845], [0.34009172295595952, 0.65990827704404054], [0.856207255811948, 0.14379274418805191]],
	"estimated_matrix":	[[0.86882498588350576, 0.13117501411649413], [0.29354059884730188, 0.706459401152698], [0.851679584332601, 0.14832041566739884]],
	"log_likelihood":	[-131.24889012884415, -81.4584307797293, -55.556015913858545, -40.345462580894534, -31.380825488521157, -26.204746521715578, -23.334133735914193, -21.840047178148566, -21.139033805974908, -20.872207106326943, -20.8266366961663, -20.88175151617995]
}
