{
	"input_file":	"../../instances/J100_M50_G3_I3_L50_seed2.json",
	"method":	"MVN PDF",
	"convergence_threshold":	0.001,
	"iterations_made":	17,
	"max_iterations":	10000,
	"time_taken":	0.025256,
	"ground_truth_matrix":	[[0.41002688019419109, 0.0188071163226876, 0.57116600348312141], [0.37652229212981631, 0.359301233438576, 0.26417647443160769], [0.14764526815067625, 0.622681621564415, 0.22967311028490894]],
	"estimated_matrix":	[[0.40607537537982458, 0.025251803477287033, 0.56867282114288842], [0.4023716996126126, 0.35618925704040549, 0.24143904334698191], [0.14277027938051634, 0.630100764508489, 0.22712895611099473]],
	"log_likelihood":	[-145.66476107940727, -105.5064706050152, -84.0519252967868, -71.0504847233677, -62.93195509224747, -57.7718589039586, -54.456575508353637, -52.312634639163619, -50.921446108728517, -50.018333363097362, -49.4340021952591, -49.059211045873461, -48.822920939807325, -48.6785891344019, -48.5954945771143, -48.553210639821785, -48.538060590641187, -48.5408289777114]
}
