{
	"input_file":	"../../instances/J100_M50_G3_I3_L50_seed7.json",
	"method":	"MVN PDF",
	"convergence_threshold":	0.001,
	"iterations_made":	19,
	"max_iterations":	10000,
	"time_taken":	0.030926,
	"ground_truth_matrix":	[[0.036577241285230634, 0.697546888897068, 0.26587586981770139], [0.21879765890019268, 0.6495810753685386, 0.13162126573126864], [0.64224846952680181, 0.069064020825201869, 0.28868750964799622]],
	"estimated_matrix":	[[0.020989899786093006, 0.708087177513617, 0.27092292270028973], [0.22220605134394442, 0.62787304526867549, 0.14992090338738], [0.653439946624563, 0.075479084859627177, 0.27108096851580971]],
	"log_likelihood":	[-184.94045370573676, -134.62309379685649, -106.37975396822915, -87.901268713426944, -75.393193437490069, -66.757140179471776, -60.73213332376973, -56.510965932270921, -53.553787397096059, -51.489008594558314, -50.056303510034539, -49.071483275347234, -48.4035956267291, -47.959368872792773, -47.672362415149571, -47.495287006794982, -47.394530211767254, -47.346243808112973, -47.333546482176132, -47.344524834843682]
}
