{
	"input_file":	"../../instances/J100_M50_G3_I3_L50_seed13.json",
	"method":	"MVN PDF",
	"convergence_threshold":	0.001,
	"iterations_made":	15,
	"max_iterations":	10000,
	"time_taken":	0.020754,
	"ground_truth_matrix":	[[0.42795213106645874, 0.0771833377876456, 0.49486453114589557], [0.44539345432817962, 0.47485814852501324, 0.0797483971468072], [0.27148763699248735, 0.431879006667955, 0.29663335633955767]],
	"estimated_matrix":	[[0.443042658527049, 0.080747123740244522, 0.47621021773270655], [0.41293576839647173, 0.488426794063311, 0.0986374375402172], [0.28633979156499717, 0.43198396208815332, 0.28167624634684951]],
	"log_likelihood":	[-113.97935926579009, -86.2909808232891, -71.12935543203524, -61.8247556157428, -56.0129708288317, -52.349051685550826, -50.032083667692277, -48.569434025665, -47.652220393990284, -47.084389961823973, -46.74045454072408, -46.539609214720059, -46.429609517927119, -46.37660473950293, -46.358664048197319, -46.361618935935979]
}
