{
	"input_file":	"../../instances/J100_M50_G3_I3_L50_seed12.json",
	"method":	"MVN PDF",
	"convergence_threshold":	0.001,
	"iterations_made":	14,
	"max_iterations":	10000,
	"time_taken":	0.028106,
	"ground_truth_matrix":	[[0.0919790771562763, 0.74013821186145934, 0.16788271098226437], [0.23206761290778644, 0.004465558007663243, 0.76346682908455032], [0.42078789622427676, 0.006192728205026937, 0.57301937557069638]],
	"estimated_matrix":	[[0.094358772611656525, 0.732778350836449, 0.1728628765518945], [0.250244652102461, 0.00905542409380429, 0.74069992380373462], [0.406480021272411, 0.0125275127358085, 0.58099246599178034]],
	"log_likelihood":	[-284.12372697573727, -179.00694964322, -133.61044706936894, -105.56727747739725, -87.5159699021404, -75.720844285652277, -68.027506882351659, -63.082134627769172, -59.983901453856639, -58.115091207893428, -57.049334385603132, -56.495375406450172, -56.258211531755371, -56.210385404853149, -56.270614516505027]
}
