{
	"input_file":	"../../instances/J100_M50_G3_I4_L50_seed17.json",
	"method":	"MVN PDF",
	"convergence_threshold":	0.001,
	"iterations_made":	14,
	"max_iterations":	10000,
	"time_taken":	0.038277,
	"ground_truth_matrix":	[[0.251451374164373, 0.54475840075349535, 0.15314045600906431, 0.0506497690730673], [0.3446886550413053, 0.23807393689403214, 0.22619453600901995, 0.19104287205564249], [0.011524386006546622, 0.12808909480050026, 0.84247712525239948, 0.01790939394055354]],
	"estimated_matrix":	[[0.23811301017866371, 0.60102192738651472, 0.11312256323512114, 0.047742499199700361], [0.34129094761053375, 0.21467654190070506, 0.254064565368633, 0.18996794512012821], [0.017286716876059063, 0.12497493681210735, 0.84166862268806319, 0.016069723623770321]],
	"log_likelihood":	[-254.13130960618778, -164.52703894054352, -121.17144854647906, -97.423488771096146, -83.955830516343127, -76.212207553371357, -71.77945978535837, -69.287948592473228, -67.9296473112537, -67.2209032498633, -66.873773729664649, -66.72017497173475, -66.664836806659764, -66.655725427600842, -66.665697677680228]
}
