{
	"input_file":	"../../instances/J100_M50_G3_I4_L50_seed9.json",
	"method":	"MVN PDF",
	"convergence_threshold":	0.001,
	"iterations_made":	12,
	"max_iterations":	10000,
	"time_taken":	0.033547,
	"ground_truth_matrix":	[[0.0067904575313161844, 0.453791570266173, 0.445864345135731, 0.093553627066779749], [0.12490196468201752, 0.20095636964109462, 0.44178206861140756, 0.23235959706548037], [0.031330988253750372, 0.15125306603020736, 0.065104505715419259, 0.75231144000062322]],
	"estimated_matrix":	[[0.017295302216902352, 0.43220723310521059, 0.45015527214265016, 0.10034219253523674], [0.11173637789147595, 0.2313684525826076, 0.44127627694616617, 0.2156188925797502], [0.0302057736511636, 0.1450807291046205, 0.0829681631381818, 0.741745334106034]],
	"log_likelihood":	[-228.21187693226085, -161.98921325286807, -131.08531235645995, -112.6338445592354, -101.81752291286317, -95.4413760467913, -91.761772136760626, -89.7156016771338, -88.645474265976361, -88.1432210707258, -87.9588554077533, -87.942820956214277, -88.008351310647]
}
