{
	"input_file":	"../../instances/J100_M50_G3_I4_L50_seed18.json",
	"method":	"MVN PDF",
	"convergence_threshold":	0.001,
	"iterations_made":	17,
	"max_iterations":	10000,
	"time_taken":	0.045892,
	"ground_truth_matrix":	[[0.25856144603859232, 0.17324016215639787, 0.5188187471563106, 0.049379644648699164], [0.21703835825592904, 0.15741561912449081, 0.12450764575610422, 0.501038376863476], [0.092386911183075723, 0.00893155724049351, 0.31410714573850357, 0.584574385837927]],
	"estimated_matrix":	[[0.24737919736077427, 0.19329605746595518, 0.51133403280903744, 0.047990712364233114], [0.24973048008885565, 0.12702708032297857, 0.13971168330590689, 0.483530756282259], [0.077333369733841764, 0.015862124762443187, 0.31696707126277779, 0.589837434240937]],
	"log_likelihood":	[-158.557311948182, -120.75190867364188, -98.316857088347, -84.0353618726862, -74.739231809857, -68.6143603786008, -64.556654457772751, -61.864883842140181, -60.08279787327028, -58.90939553511032, -58.144433810737922, -57.653948125016413, -57.347924813837459, -57.165659069030433, -57.066081951557756, -57.021337123107131, -57.012496463406372, -57.026689739877078]
}
