{
	"input_file":	"../../instances/J100_M50_G3_I5_L50_seed13.json",
	"method":	"MVN PDF",
	"convergence_threshold":	0.001,
	"iterations_made":	12,
	"max_iterations":	10000,
	"time_taken":	0.050188,
	"ground_truth_matrix":	[[0.14341670775059129, 0.0258659307785686, 0.16584060853400148, 0.321794336217292, 0.34308241671954659], [0.11305586418501984, 0.17575267345451986, 0.27958507014032441, 0.19203123202957184, 0.23957516019056416], [0.01246011878013732, 0.1238368048144796, 0.021064693941961567, 0.679632988071014, 0.16300539439240769]],
	"estimated_matrix":	[[0.14486492767230447, 0.035099796856962427, 0.18714440479561972, 0.31586881082822665, 0.31702205984688669], [0.1015777019100377, 0.15507896063730986, 0.29082602737129754, 0.22323625225253077, 0.22928105782882408], [0.023155778102395556, 0.1022518131867028, 0.021502058751071276, 0.659843322929433, 0.19324702703039712]],
	"log_likelihood":	[-182.70722700834929, -144.00090579831922, -124.98730085357714, -114.4237811202857, -108.44723322241367, -105.04220845843858, -103.10742317319372, -102.02171405574703, -101.42877369818572, -101.1222961024437, -100.98206523342536, -100.93764789557082, -100.94756888568362]
}
