{
	"input_file":	"../../instances/J100_M50_G3_I5_L50_seed18.json",
	"method":	"MVN PDF",
	"convergence_threshold":	0.001,
	"iterations_made":	10,
	"max_iterations":	10000,
	"time_taken":	0.038148,
	"ground_truth_matrix":	[[0.17583738578154742, 0.11781376416577459, 0.35282805535055234, 0.033581138096485837, 0.31993965660563983], [0.19198564982437369, 0.15185075922920055, 0.611071372104512, 0.041117190992067849, 0.0039750278498458178], [0.23155809514120673, 0.4309450870170965, 0.30554024270356456, 0.0048214909585465749, 0.027135084179585732]],
	"estimated_matrix":	[[0.18715745485952137, 0.12181796980405467, 0.34607385230192483, 0.052640819147781764, 0.29230990388671735], [0.20419320327163135, 0.16811230613183317, 0.60349589599357778, 0.011636331693920209, 0.012562262909037563], [0.22258045268371754, 0.425917839658166, 0.328357159990842, 0.0037257154585303323, 0.019418832208744186]],
	"log_likelihood":	[-195.9010086941496, -130.58683798224288, -107.71154709394931, -95.373122426536739, -88.896847035266674, -85.535911726103976, -83.8434238648403, -83.042260648012061, -82.7134842958366, -82.630894096524329, -82.672546783596871]
}
