{
	"input_file":	"../../instances/J100_M50_G3_I5_L50_seed17.json",
	"method":	"MVN PDF",
	"convergence_threshold":	0.001,
	"iterations_made":	13,
	"max_iterations":	10000,
	"time_taken":	0.047494,
	"ground_truth_matrix":	[[0.11895137105452967, 0.25770294108928515, 0.0724444925653346, 0.023960336247350313, 0.52694085904350019], [0.31206054417870038, 0.29648936342259824, 0.25041356224424272, 0.011641851525571994, 0.12939467862888676], [0.409075625543571, 0.0086961370341577856, 0.280225064237081, 0.294623242274094, 0.0073799309110963163]],
	"estimated_matrix":	[[0.13939820508128353, 0.23669921731570295, 0.071187416365613251, 0.020522588966907594, 0.53219257227049266], [0.29109225858570886, 0.28208361881250171, 0.28337700349809486, 0.022104355224095231, 0.12134276387959932], [0.39993858847827568, 0.022114814589263919, 0.26418428286482509, 0.2951236502298, 0.018638663837835346]],
	"log_likelihood":	[-287.83222611957081, -192.39023786757721, -152.30352100604154, -129.12902150569627, -115.63469760170835, -107.69791466163537, -103.04770452056538, -100.36261121243581, -98.8552557339423, -98.051430655911147, -97.6647499209268, -97.522483635596743, -97.5207692922335, -97.597391228283627]
}
