{
	"input_file":	"../../instances/J100_M50_G3_I5_L50_seed12.json",
	"method":	"MVN PDF",
	"convergence_threshold":	0.001,
	"iterations_made":	10,
	"max_iterations":	10000,
	"time_taken":	0.043328,
	"ground_truth_matrix":	[[0.0644455938402166, 0.51858148681146043, 0.11762784906370648, 0.29369367360951, 0.0056513966751065665], [0.308115663974515, 0.28351387469299938, 0.0041724687997965176, 0.386082738833395, 0.018115253699294016], [0.055000586872240034, 0.15348701412423124, 0.47555007013414252, 0.3155896909089051, 0.00037263796048121083]],
	"estimated_matrix":	[[0.052218603500428, 0.555592368167962, 0.11654803060127683, 0.26859945343003, 0.0070415443003031541], [0.333760085178156, 0.2728729310271219, 0.026643788533480546, 0.35052818451448325, 0.016195010746758314], [0.053096554080362852, 0.13498865014101863, 0.45779505502068468, 0.353099657532582, 0.0010200832253519055]],
	"log_likelihood":	[-251.42510160467734, -155.804601548235, -131.83190229116147, -108.40056772400823, -102.69129398486135, -95.026061682434744, -93.930861318611761, -91.3393664939642, -91.3199097875325, -90.441695601837651, -90.6008787692351]
}
