{
	"input_file":	"../../instances/J100_M50_G3_I5_L50_seed14.json",
	"method":	"MVN PDF",
	"convergence_threshold":	0.001,
	"iterations_made":	13,
	"max_iterations":	10000,
	"time_taken":	0.04554,
	"ground_truth_matrix":	[[0.15590939304920856, 0.32060857491831252, 0.44162749507565729, 0.0017460734744377071, 0.080108463482383763], [0.59766213007816038, 0.13609533714227331, 0.072449225855054339, 0.14650677874371171, 0.047286528180800258], [0.41478598240157316, 0.10580328928860022, 0.19550423839535092, 0.0014878074903490689, 0.28241868242412665]],
	"estimated_matrix":	[[0.13492547359302753, 0.33233399967195759, 0.41790123445906546, 0.013822029358567524, 0.10101726291738189], [0.58300660746673982, 0.16437568006791914, 0.066270143318126251, 0.14458962662129651, 0.041757942525918246], [0.43150451228177922, 0.0871988768404456, 0.20612241627688324, 0.006498160939820254, 0.26867603366107162]],
	"log_likelihood":	[-232.83875776382527, -163.41683775677623, -136.62663089548732, -120.41730887809517, -111.22545159427955, -105.88339877545006, -102.79778498176483, -101.03945424129159, -100.06293612718207, -99.544004320538946, -99.2895227790294, -99.184672818768377, -99.1615548784055, -99.180374610796676]
}
