{
	"input_file":	"../../instances/J100_M50_G3_I5_L50_seed19.json",
	"method":	"MVN PDF",
	"convergence_threshold":	0.001,
	"iterations_made":	12,
	"max_iterations":	10000,
	"time_taken":	0.048308,
	"ground_truth_matrix":	[[0.0433037419557625, 0.604397263048471, 0.11967273975203206, 0.06272639200543513, 0.16989986323829925], [0.010949408191273125, 0.14085830680435835, 0.2076171069384817, 0.51298571330785936, 0.12758946475802732], [0.10978458920334491, 0.35941379635053472, 0.355956869140207, 0.12035649855401814, 0.054488246751895043]],
	"estimated_matrix":	[[0.039020556842109658, 0.63377890500908352, 0.10004390007858276, 0.050404980827446225, 0.17675165724277792], [0.010480869386723345, 0.13054713241253629, 0.19729851199419562, 0.57616614258058541, 0.08550734362595927], [0.1101050070728699, 0.35737427525133458, 0.360573508580306, 0.096686514288941178, 0.0752606948065483]],
	"log_likelihood":	[-257.14734786817576, -181.05702995144026, -145.56463866652575, -125.30096846164226, -113.58381480628881, -106.77427897155764, -102.865281031008, -100.68266258039304, -99.522780773900351, -98.959570141686143, -98.7353363415911, -98.6957295319813, -98.749880424228635]
}
