{
	"input_file":	"../../instances/J100_M50_G3_I5_L50_seed9.json",
	"method":	"MVN PDF",
	"convergence_threshold":	0.001,
	"iterations_made":	10,
	"max_iterations":	10000,
	"time_taken":	0.042095,
	"ground_truth_matrix":	[[0.0061742133612349686, 0.4126093070211917, 0.40540148941948045, 0.085063495583889731, 0.090751494614203052], [0.15553306732402988, 0.34192357446845528, 0.17983804603115919, 0.055375461920108081, 0.26732985025624767], [0.027870328380781784, 0.32205400604816126, 0.460581980701258, 0.0060366687454068944, 0.18345701612439208]],
	"estimated_matrix":	[[0.0258377365492154, 0.38246781414321129, 0.4375109386270043, 0.0820346051953228, 0.072148905485246162], [0.13581951246386853, 0.35472116647940966, 0.20421802080554954, 0.045741539204632045, 0.25949976104654027], [0.016640521887949226, 0.35322796880513951, 0.42427964203363344, 0.011543826145255459, 0.19430804112802233]],
	"log_likelihood":	[-126.70825835364418, -101.36019748483191, -90.70390016722007, -84.5002072749358, -81.0208720074151, -79.0980196324817, -78.0764844797734, -77.5758850943508, -77.37332750608887, -77.337566445016733, -77.391377266981635]
}
