{
	"input_file":	"../../instances/J100_M50_G3_I5_L50_seed2.json",
	"method":	"MVN PDF",
	"convergence_threshold":	0.001,
	"iterations_made":	17,
	"max_iterations":	10000,
	"time_taken":	0.073028,
	"ground_truth_matrix":	[[0.22783917374835463, 0.010450529100728561, 0.317379168519664, 0.2273650803535196, 0.21696604827773336], [0.17725330515516027, 0.10121746478598845, 0.42687622768416966, 0.15745123595039329, 0.1372017664242883], [0.34751781116712555, 0.26968629801752636, 0.0517533038213183, 0.25804238256025486, 0.073000204433774835]],
	"estimated_matrix":	[[0.23152407415250573, 0.026700874325767, 0.324161743821311, 0.20122011223414388, 0.21639319546627234], [0.16988513348210055, 0.10732718226785606, 0.4389608394383675, 0.152071656659003, 0.13175518815267295], [0.36159602607598651, 0.27562082564169049, 0.039298528353405429, 0.24903037649295864, 0.074454243435958967]],
	"log_likelihood":	[-185.24018304087031, -145.15831981410889, -125.75388398482448, -113.99469847923861, -106.72061009939009, -102.12644399866574, -99.1860058942444, -97.2877295881897, -96.056395637963, -95.2570201944377, -94.740177469718375, -94.4096681263831, -94.2028893714456, -94.078695595684962, -94.009788531521423, -93.977894265073047, -93.970676828508957, -93.9797449767017]
}
