{
	"input_file":	"../../instances/J100_M50_G4_I10_L50_seed1.json",
	"method":	"MVN PDF",
	"convergence_threshold":	0.001,
	"iterations_made":	10,
	"max_iterations":	10000,
	"time_taken":	0.204296,
	"ground_truth_matrix":	[[0.12436308318824252, 0.2936479442801595, 2.6361498408479558e-05, 0.0829722235922016, 0.036577837427075648, 0.0223288485003637, 0.047503287797740747, 0.0977139586640639, 0.11649176519617498, 0.17837468985556892], [0.078737587506692047, 0.16750337765308135, 0.033145413394336042, 0.3050005136808091, 0.0040242128188571836, 0.16086639690315654, 0.078266859223934074, 0.11854087140099424, 0.021921593367001047, 0.031993174051138537], [0.12057861540422678, 0.25789235616624362, 0.028107564516233675, 0.0881039432937717, 0.15626627010132041, 0.16818376689753073, 0.0066434326979972836, 0.0029777413570878652, 0.013912210833154727, 0.15733409873243309], [0.0098590115765334746, 0.0520579481522232, 0.30164606027898377, 0.072546463444841558, 0.11211347244977547, 0.0361017615479848, 0.11046616198861507, 0.17137563389676491, 0.001757767044924791, 0.132075719619353]],
	"estimated_matrix":	[[0.12078564376170821, 0.26533958111085737, 0.018569357339019033, 0.071800490429513045, 0.0344739131668888, 0.033233177617124965, 0.054863858696669959, 0.0908405430256351, 0.10867666137025031, 0.20141677348233319], [0.080469189975128558, 0.15057472364989227, 0.041105572211178, 0.30936370847687139, 0.011803114199507881, 0.177610125411608, 0.0717154299329126, 0.11739169825158942, 0.023877540224196459, 0.016088897667115305], [0.099114321057533566, 0.30489856431131573, 0.034704635395031741, 0.062823412635281739, 0.13698965410480629, 0.15030349015614958, 0.0086246062882588629, 0.038675815013423563, 0.00810233604232961, 0.15576316499586926], [0.0224198829356261, 0.068635531052308, 0.26627151393020282, 0.0868370664137085, 0.12182289564750509, 0.056565448913145, 0.091948454513921543, 0.15638726634324188, 0.012947663510903453, 0.11616427673943765]],
	"log_likelihood":	[-382.61957523870791, -289.47329846646488, -253.21004030572206, -234.34360080950532, -224.60145375190194, -219.56844628398443, -217.0582044200234, -215.89793624296848, -215.45157504074282, -215.3718893913998, -215.4704917944936]
}
