{
	"input_file":	"../../instances/J100_M50_G4_I10_L50_seed15.json",
	"method":	"MVN PDF",
	"convergence_threshold":	0.001,
	"iterations_made":	16,
	"max_iterations":	10000,
	"time_taken":	0.298588,
	"ground_truth_matrix":	[[0.39339948770115563, 0.041042950092062262, 0.011639288492786368, 0.093430808791668, 0.067078035960545859, 0.157217266005475, 0.0760380442620253, 0.0756051191039522, 0.02467344936176653, 0.059875550228563078], [0.2953606482247047, 0.036288091571448439, 0.14966549434619961, 0.23753843791970947, 0.19467365456822786, 0.027970400863696843, 0.021652015798033372, 0.00565896413313319, 0.00475841081323897, 0.0264338817616074], [0.4551716897329145, 0.032506860223525939, 0.099599876553778, 0.044701146428546813, 0.049670784992480038, 0.20217060418700536, 0.00807758594348576, 0.043600597580280752, 0.010636544040331203, 0.053864310317651654], [0.052571421830119418, 0.11419191992446751, 0.16211882632878732, 0.067048666787579, 0.144369323587347, 0.1523146549010575, 0.08060745680876423, 0.0763970285101682, 0.0732510321786754, 0.077129669143034332]],
	"estimated_matrix":	[[0.368821201770265, 0.036693279928626227, 0.015544091759898061, 0.070923254365214045, 0.052445903015799, 0.16349510344762172, 0.099746169573910567, 0.089205276552369969, 0.0257047146362256, 0.077421004950069774], [0.30012068820973109, 0.029312752530050546, 0.15479830031821643, 0.2452050264527729, 0.17167168956183748, 0.043463920610646939, 0.027526698700881116, 0.00905774071204828, 0.000986741597465406, 0.017856441306349832], [0.45449713510645817, 0.035542001031298072, 0.11942001274382229, 0.057104028385407131, 0.071100642719981053, 0.16615674470864086, 0.0011540046030946761, 0.023098310230236018, 0.014471328529966843, 0.0574557919410949], [0.0632378381374988, 0.11570356167346259, 0.17256002571041376, 0.046802954735131463, 0.1682770659681003, 0.15316509134748391, 0.047652940080368862, 0.0812480733468653, 0.064049237210790977, 0.087303211789883942]],
	"log_likelihood":	[-358.59061717910964, -292.40713788233847, -263.49923659249743, -246.44246018948633, -236.48134002336894, -230.47486658475083, -226.81170873154792, -224.56035853157817, -223.17266601174188, -222.31841910471229, -221.79617432115987, -221.48183210408914, -221.29832779352924, -221.19744709196905, -221.14880364721122, -221.13310671173645, -221.13802253736347]
}
