{
	"input_file":	"../../instances/J100_M50_G4_I10_L50_seed19.json",
	"method":	"MVN PDF",
	"convergence_threshold":	0.001,
	"iterations_made":	17,
	"max_iterations":	10000,
	"time_taken":	0.375959479,
	"ground_truth_matrix":	[[0.00997967157152297, 0.13928787470867682, 0.027579478928395351, 0.014455766703033052, 0.039154695612610146, 0.00842603508963501, 0.10839645532130762, 0.15977019010638813, 0.394764314683101, 0.098185517275330023], [0.044314691186619112, 0.14507784297469581, 0.14368244984263659, 0.048582056046547389, 0.021994251157037275, 0.12615259812409607, 0.030059954829732515, 0.13859323982483718, 0.089158544885675553, 0.2123843711281225], [0.042098920851732474, 0.26356125129739461, 0.1355079862150774, 0.084486126625485977, 0.086158010636071036, 0.0929118015992064, 0.028201901225743359, 0.12510976961175574, 0.03049321518503639, 0.11147101675249657], [0.0091947790217126457, 0.16071148208847358, 0.11027804659106387, 0.11078741918084128, 0.0584045461434473, 0.026011234892600814, 0.10717594487047974, 0.0072971516700121846, 0.23970420654092939, 0.17043518900043916]],
	"estimated_matrix":	[[0.0085159535991044168, 0.12015769219812904, 0.055034322769029774, 0.029171919876186118, 0.0297510254621894, 0.0025777805680584861, 0.10418061330458959, 0.1460292196759693, 0.416607105341162, 0.087974367205582], [0.034736685980693773, 0.15719922392440991, 0.11852056195325568, 0.050857706527785415, 0.0242001078300916, 0.15425019147381877, 0.015098773146339766, 0.14524225131424706, 0.064650794879458837, 0.23524370296989919], [0.025093394075264772, 0.2679104906462999, 0.1236520719035837, 0.0798883026935497, 0.0978198168606975, 0.10119367569161808, 0.035041951160050322, 0.14347736645049644, 0.030619515917379526, 0.095303414601060052], [0.018402148029349974, 0.1495636859287556, 0.15348009684681818, 0.092488160958354035, 0.062393396256254369, 0.022097022374746991, 0.1113134520978307, 0.0099862403695737557, 0.24107114777107577, 0.13920464936724058]],
	"log_likelihood":	[-314.936990729697, -258.927609114442, -231.47543821645846, -216.28034421661769, -207.37707092863789, -202.07687254942317, -198.87483005155954, -196.93039979977141, -195.74899508908811, -195.03452951233891, -194.60694000597306, -194.355732880711, -194.21270263284291, -194.13561525037915, -194.09829711908273, -194.08455234300189, -194.08440073111771, -194.01962755159877]
}
