{
	"input_file":	"../../instances/J100_M50_G4_I10_L50_seed20.json",
	"method":	"MVN PDF",
	"convergence_threshold":	0.001,
	"iterations_made":	12,
	"max_iterations":	10000,
	"time_taken":	0.23820700000000006,
	"ground_truth_matrix":	[[0.082219907057948835, 0.21132951055997232, 0.20588944772410889, 0.15682425779427028, 0.0033877396753867507, 0.10908302458583818, 0.0441117692532601, 0.06774392256656836, 0.099437221215447555, 0.019973199567198632], [0.036851563522719288, 0.14699395741819674, 0.17712024127059539, 0.22017884136159249, 0.17304768634872764, 0.0043302193415076231, 0.01438446802344439, 0.16130282000057855, 0.031695152369169713, 0.034095050343468228], [0.15918532554909737, 0.24428049725138792, 0.067357448039370771, 0.01608475063339752, 0.12010770984818865, 0.055369517882249544, 0.0814706996585495, 0.14939832088464047, 0.050476971643638679, 0.056268758609479635], [0.17512236761584526, 0.1619564906034287, 0.048192968371954921, 0.010729382754040132, 0.22721335331152778, 0.10095756647924056, 0.061467597720307812, 0.11001516460228818, 0.047109106956295665, 0.057236001585070841]],
	"estimated_matrix":	[[0.088067526497109569, 0.1931915257485621, 0.23167237785980646, 0.14498875105868647, 0.021300194604120793, 0.0979974719071688, 0.056411386333411175, 0.066417529086771676, 0.083993930430183647, 0.015959306474179338], [0.036962486707474367, 0.14057696675674156, 0.16575112079800933, 0.22235561341229054, 0.15959673520744477, 0.014228291631847478, 0.014658224363336837, 0.17267491443829019, 0.03821288812866893, 0.034982758555895978], [0.15129734674078782, 0.23974305194210532, 0.027181115564321932, 0.0187854003593119, 0.11779148631507215, 0.082488917425114869, 0.0817482097849262, 0.1766372585262494, 0.049236479784089127, 0.055090733558021313], [0.17062634800442161, 0.17533496638860163, 0.05371379143383212, 0.014474429352316322, 0.22857513094519732, 0.095109383337201259, 0.045728807880869533, 0.10665093608026383, 0.044371306373163152, 0.065414900204133236]],
	"log_likelihood":	[-279.67904192069727, -234.11744766949306, -212.18521816565431, -199.52005699052944, -192.038122293782, -187.58855452517673, -184.95593227725871, -183.42719277243, -182.57292982009412, -182.13063492096393, -181.93838500947041, -181.89581067885834, -181.94058837975484]
}
