{
	"input_file":	"../../instances/J100_M50_G4_I10_L50_seed10.json",
	"method":	"MVN PDF",
	"convergence_threshold":	0.001,
	"iterations_made":	14,
	"max_iterations":	10000,
	"time_taken":	0.274952,
	"ground_truth_matrix":	[[0.21843127705125, 0.00310455594308142, 0.14866145756024521, 0.20452786828098479, 0.10217584773651123, 0.037696783123583662, 0.032677328835812119, 0.21160574168951965, 0.027426722860244761, 0.013692416918767124], [0.089337698565748663, 0.23688004378999766, 0.000305646789730184, 0.055459840205091121, 0.12938125590902735, 0.0732507112687405, 0.0988351780171504, 0.026665214833852879, 0.19301748277755362, 0.0968669278431076], [0.10672896050204253, 0.020927421351082318, 0.063779059262355456, 0.153018180528831, 0.0795746549692582, 0.0776761725567312, 0.13124552522321278, 0.098226905335430229, 0.14342301595160181, 0.12540010431945453], [0.1919861357043022, 0.0865406000475947, 0.28084304616379091, 0.045128827850497613, 0.011127371584026975, 0.041976099394574959, 0.014202749869359089, 0.20704656332915794, 0.0056368930526053875, 0.11551171300409022]],
	"estimated_matrix":	[[0.25824233755527737, 0.013942031805131545, 0.14889274666450447, 0.17038363709438048, 0.0802460644901097, 0.042397797889312132, 0.0104610205968124, 0.23128648339010818, 0.022716672437154656, 0.021431208077209059], [0.10617621688283665, 0.2370515241170334, 0.0189880124375656, 0.035913438734944146, 0.12099734179756583, 0.079691529918829065, 0.099260214766367039, 0.034324417498783961, 0.17677419344755066, 0.0908231103985236], [0.097179436070822162, 0.02122758437126189, 0.086950401960539173, 0.14386304518948753, 0.078600551010758843, 0.0872254258476449, 0.13086600933942777, 0.083856765525250829, 0.12736598216540809, 0.14286479851939887], [0.1769266896407764, 0.10181540333793335, 0.2815416011898989, 0.062149191315221869, 0.017390301017713976, 0.024945462421646421, 0.028566168794483666, 0.21543649183815261, 0.0047749319594570516, 0.0864537584847158]],
	"log_likelihood":	[-389.70657484704418, -314.09677352993771, -277.5267082321671, -256.93297381602741, -244.85898543958047, -237.65661394428679, -233.33016352616713, -230.73492040975586, -229.19135476738685, -228.28891771337413, -227.77731199902479, -227.50328831275888, -227.37283264984654, -227.3282188798112, -227.33399546365087]
}
