{
	"input_file":	"../../instances/J100_M50_G4_I10_L50_seed13.json",
	"method":	"MVN PDF",
	"convergence_threshold":	0.001,
	"iterations_made":	13,
	"max_iterations":	10000,
	"time_taken":	0.248497,
	"ground_truth_matrix":	[[0.095000606641782351, 0.017133841334523565, 0.109854414200967, 0.213159663431239, 0.22726109271150324, 0.038166572341381357, 0.059332412112789071, 0.0943852305406974, 0.064827896915340855, 0.080878269769776023], [0.0068883355213543232, 0.0684607808726845, 0.011645208371382151, 0.37572194421425487, 0.090114377573631624, 0.21997833859893373, 0.057186871760991957, 0.082483938626239872, 0.001826590536552423, 0.085693613923974427], [0.27956318930356217, 0.023073793909949909, 0.036123216791498255, 0.23454490768563666, 0.0030440371355612453, 0.006318257987249565, 0.0933001577690485, 0.19433754783255683, 0.00082184714507826516, 0.12887304443985828], [0.18167492691597709, 0.0085360079749319528, 0.11583046420564749, 0.077171872428467833, 0.070868524171963959, 0.33758470960167358, 1.3045793357177294e-06, 0.030752060077022, 0.13503708974239564, 0.042543040302584968]],
	"estimated_matrix":	[[0.08527020842977194, 0.01408636798157664, 0.12233231671780109, 0.21833602003092006, 0.22691344513698189, 0.032978353458587815, 0.0762565010167926, 0.0830983713092384, 0.061373100975016331, 0.0793553149433132], [0.015047612987031573, 0.0765259373244644, 0.017088072406596076, 0.39553766484706177, 0.0764181568967821, 0.24077978100733, 0.028907353703691682, 0.055417659943832576, 0.0016705760647284045, 0.092607184818481431], [0.25113371095731074, 0.027223428434873676, 0.013708429039657351, 0.24344696120511289, 0.0091639730872358858, 0.00918274002290731, 0.0897718320522371, 0.21757821776484035, 0.0068623167995203443, 0.13192839063630435], [0.17579957808974572, 0.0044042967137434439, 0.12761792985047526, 0.08986888792310796, 0.0660189972363001, 0.322167630740229, 0.012560225382675511, 0.031285372155232, 0.12626114870867683, 0.044015933199814047]],
	"log_likelihood":	[-410.453998585623, -313.83776293720166, -271.84844619081417, -248.57220792064888, -235.55349985572269, -228.04375554882731, -223.68414575188848, -221.1540190178261, -219.70312577103709, -218.89409732316375, -218.46854978985453, -218.27206510475611, -218.21152012475017, -218.23034772251478]
}
