{
	"input_file":	"../../instances/J100_M50_G4_I2_L50_seed19.json",
	"method":	"MVN PDF",
	"convergence_threshold":	0.001,
	"iterations_made":	17,
	"max_iterations":	10000,
	"time_taken":	0.011904,
	"ground_truth_matrix":	[[0.0668576111835421, 0.933142388816458], [0.65610367000627345, 0.34389632999372649], [0.82291076733637858, 0.17708923266362139], [0.404213041291647, 0.595786958708353]],
	"estimated_matrix":	[[0.0638735905331495, 0.93612640946685044], [0.678498213406513, 0.3215017865934871], [0.80779398161996474, 0.19220601838003537], [0.43756648878624876, 0.562433511213751]],
	"log_likelihood":	[-124.9964978670553, -86.211107323515478, -63.2130110799672, -48.755174757312361, -39.403039813012633, -33.270706056534777, -29.230247732109714, -26.57040339514338, -24.828348023624685, -23.697715092026559, -22.974054902161686, -22.520539560290789, -22.245583208033555, -22.087945545316416, -22.006735353672013, -21.974691814931415, -21.973675156840791, -21.991646512474]
}
