{
	"input_file":	"../../instances/J100_M50_G4_I2_L50_seed1.json",
	"method":	"MVN PDF",
	"convergence_threshold":	0.001,
	"iterations_made":	19,
	"max_iterations":	10000,
	"time_taken":	0.014848617,
	"ground_truth_matrix":	[[0.297511488970571, 0.702488511029429], [0.00031761382895504226, 0.99968238617104477], [0.620945430067681, 0.3790545699323189], [0.327118775180985, 0.672881224819015]],
	"estimated_matrix":	[[0.30642040902489359, 0.69357959097510646], [0.0111224714260823, 0.98887752857391775], [0.599357466267383, 0.400642533732617], [0.32367220919955331, 0.67632779080044658]],
	"log_likelihood":	[-99.6564534581715, -68.5755444001946, -53.240726630992881, -44.094721781835652, -38.4348991772722, -34.832581226050614, -32.482122178301132, -30.911404823716559, -29.836692836551247, -29.084140961305774, -28.545350288775886, -28.151513872962123, -27.858124043177206, -27.6358137908551, -27.464807126444789, -27.331513155439914, -27.226405516417813, -27.14268080986097, -27.075395085987836, -26.968962442699066]
}
