{
	"input_file":	"../../instances/J100_M50_G4_I3_L50_seed1.json",
	"method":	"MVN PDF",
	"convergence_threshold":	0.001,
	"iterations_made":	18,
	"max_iterations":	10000,
	"time_taken":	0.049188118,
	"ground_truth_matrix":	[[0.29749272785290543, 0.70244421200198748, 6.3060145107194e-05], [0.58481013050579844, 0.25781025207282132, 0.15737961742138015], [0.181511853553677, 0.373368719881009, 0.445119426565314], [0.31294128737882621, 0.2196927122672046, 0.467366000353969]],
	"estimated_matrix":	[[0.28104390409723784, 0.71193543104092571, 0.0070206648618363733], [0.58344348911450339, 0.26264298260397934, 0.15391352828151725], [0.20353678906448261, 0.3324602999532898, 0.46400291098222762], [0.2827010933589148, 0.25030291643108132, 0.46699599021000382]],
	"log_likelihood":	[-165.15700972329188, -113.87461294200111, -89.905265805151544, -76.900099075681439, -69.5958967684776, -65.36034633627213, -62.814574353736539, -61.218233271029469, -60.168404296658, -59.443165375838745, -58.918347854871634, -58.522917285803075, -58.215009637194136, -57.9690270467986, -57.7686462468473, -57.6029884317375, -57.464485694362082, -57.347665222275673, -57.17794988556075]
}
