{
	"input_file":	"../../instances/J100_M50_G4_I3_L50_seed9.json",
	"method":	"MVN PDF",
	"convergence_threshold":	0.001,
	"iterations_made":	21,
	"max_iterations":	10000,
	"time_taken":	0.054957,
	"ground_truth_matrix":	[[0.0074912953861159658, 0.50062704625065, 0.491881658363234], [0.26431498514720508, 0.28198911632292084, 0.45369589852987391], [0.5924477648098716, 0.31160369262214915, 0.095948542567979231], [0.15614525105695157, 0.067210269891934848, 0.77664447905111356]],
	"estimated_matrix":	[[0.013317981061359176, 0.4909538823419714, 0.49572813659666931], [0.27822705275313819, 0.3027892445437142, 0.41898370270314772], [0.603568079927329, 0.31087427025302938, 0.085557649819641562], [0.14553783353591385, 0.053559749327937958, 0.80090241713614818]],
	"log_likelihood":	[-184.87346445946389, -128.71218790431686, -98.9553431363004, -80.9855322247862, -69.623765696982659, -62.2209227937017, -57.298925556285184, -53.980202877805922, -51.720440000794234, -50.171418705027, -49.105359251889837, -48.370766691740542, -47.865547290049548, -47.52013153950837, -47.286646111520767, -47.131855149038927, -47.032500475309689, -46.972191646677366, -46.939309036485412, -46.92557582846495, -46.925076006692073, -46.933572626608921]
}
