{
	"input_file":	"../../instances/J100_M50_G4_I3_L50_seed12.json",
	"method":	"MVN PDF",
	"convergence_threshold":	0.001,
	"iterations_made":	16,
	"max_iterations":	10000,
	"time_taken":	0.043548,
	"ground_truth_matrix":	[[0.0919790771562763, 0.74013821186145934, 0.16788271098226437], [0.23206761290778644, 0.004465558007663243, 0.76346682908455032], [0.42078789622427676, 0.006192728205026937, 0.57301937557069638], [0.10444416615842719, 0.23625432017407338, 0.65930151366749945]],
	"estimated_matrix":	[[0.074100390303711655, 0.730112761203692, 0.19578684849259637], [0.266577121325447, 0.00714687510808153, 0.7262760035664716], [0.44028666390980215, 0.017687005458895757, 0.542026330631302], [0.10524334857911373, 0.22841429412869466, 0.6663423572921916]],
	"log_likelihood":	[-233.28177299219112, -142.64780583813126, -104.68893321438784, -82.592626387713523, -69.0911912966079, -60.634085661108038, -55.2897637928185, -51.917668483037453, -49.807423324003558, -48.504073890135473, -47.7137514740701, -47.247228169501369, -46.983629490827333, -46.8463832349432, -46.787279784928238, -46.776062246000656, -46.793748555941946]
}
