{
	"input_file":	"../../instances/J100_M50_G4_I3_L50_seed4.json",
	"method":	"MVN PDF",
	"convergence_threshold":	0.001,
	"iterations_made":	16,
	"max_iterations":	10000,
	"time_taken":	0.046472,
	"ground_truth_matrix":	[[0.43718503692497424, 0.10152387292062479, 0.461291090154401], [0.46562077068857344, 0.4440250450179633, 0.0903541842934631], [0.92624227863670883, 0.0015473037448547695, 0.072210417618436565], [0.24783908902531707, 0.65648734996908331, 0.095673561005599539]],
	"estimated_matrix":	[[0.448374630974161, 0.0649387425397599, 0.48668662648607913], [0.4755996697657387, 0.44573228559570982, 0.078668044638551551], [0.92027504853424258, 0.018234886844155529, 0.061490064621602], [0.23207237592565519, 0.6566764334047045, 0.11125119066964022]],
	"log_likelihood":	[-236.25542800142355, -145.52091201497942, -106.05144426752426, -84.375882006297559, -72.057593289944137, -64.930592069522845, -60.774910756419487, -58.346554955646226, -56.930500020641148, -56.110453355103431, -55.642204581211331, -55.381671348273649, -55.2434344853034, -55.1766663030209, -55.151068676196822, -55.148600619214065, -55.158573754777947]
}
