{
	"input_file":	"../../instances/J100_M50_G4_I3_L50_seed20.json",
	"method":	"MVN PDF",
	"convergence_threshold":	0.001,
	"iterations_made":	13,
	"max_iterations":	10000,
	"time_taken":	0.03636,
	"ground_truth_matrix":	[[0.16462456721633445, 0.42313389130268786, 0.41224154148097764], [0.582351120333567, 0.012580030813523983, 0.405068848852909], [0.20877069949759983, 0.3206161607287713, 0.47061313977362884], [0.11962298431176888, 0.17647027434518489, 0.70390674134304621]],
	"estimated_matrix":	[[0.18634007892464557, 0.378760348615453, 0.43489957245990141], [0.52881306934654881, 0.035588403920872584, 0.43559852673257848], [0.23818144865774563, 0.29481996918797776, 0.46699858215427664], [0.098119304650704078, 0.205167305917518, 0.696713389431778]],
	"log_likelihood":	[-122.16832786367897, -89.24812441021426, -74.084040551679053, -65.9317993086443, -61.4544964415104, -58.960139273073985, -57.558348152463488, -56.767478370514141, -56.322608941552431, -56.076161751729032, -55.944908237330083, -55.881273281695947, -55.857650953435218, -55.8577626887627]
}
