{
	"input_file":	"../../instances/J100_M50_G4_I4_L50_seed10.json",
	"method":	"MVN PDF",
	"convergence_threshold":	0.001,
	"iterations_made":	15,
	"max_iterations":	10000,
	"time_taken":	0.059543,
	"ground_truth_matrix":	[[0.380062145693794, 0.0054018097091338329, 0.25866530336247168, 0.35587074123460055], [0.26597509126643765, 0.0981289174874491, 0.0850627199283102, 0.550833271317803], [0.041167866022291, 0.020552495028497372, 0.25695642103798533, 0.68132321791122641], [0.001182855267320227, 0.214629979163991, 0.500706387852455, 0.283480777716234]],
	"estimated_matrix":	[[0.37390992475576418, 0.013126420570592639, 0.252047269929943, 0.3609163847437003], [0.28156698469014252, 0.0816114399857302, 0.075193403378153542, 0.5616281719459737], [0.053995079797357119, 0.021415695341206981, 0.27503339975717234, 0.64955582510426346], [0.018831990404654789, 0.2300482285846652, 0.51518828561623164, 0.23593149539444846]],
	"log_likelihood":	[-196.60944752555284, -133.22697309396435, -105.63361593761979, -89.809473441788455, -80.6451192567144, -75.254418033713648, -72.061919455244421, -70.1664545336035, -69.042560820968, -68.38068290303336, -67.997275080572734, -67.78284213455575, -67.671580347477146, -67.6235794268008, -67.614373907418639, -67.6287940263107]
}
