{
	"input_file":	"../../instances/J100_M50_G4_I4_L50_seed3.json",
	"method":	"MVN PDF",
	"convergence_threshold":	0.001,
	"iterations_made":	16,
	"max_iterations":	10000,
	"time_taken":	0.067269,
	"ground_truth_matrix":	[[0.25894112400042968, 0.39846937940559979, 0.11122948719780965, 0.23136000939616086], [0.4590928673412436, 0.46561749041159473, 0.027573246650422822, 0.047716395596738945], [0.041449596854558513, 0.45597510070313158, 0.023793686172073253, 0.47878161627023669], [0.30848028608836, 0.0961347720173177, 0.332165836899397, 0.26321910499492518]],
	"estimated_matrix":	[[0.24399668937433155, 0.40881583098568736, 0.14604905371766572, 0.20113842592231534], [0.464824560178011, 0.45175170428516237, 0.018783933741992994, 0.064639801794833723], [0.042378744935373518, 0.4571206661238697, 0.032002961899948335, 0.46849762704080838], [0.30323615408384563, 0.10962130315485411, 0.30680949757386333, 0.28033304518743679]],
	"log_likelihood":	[-184.88519481708343, -131.89563674861458, -106.58662465103205, -91.5419451689025, -82.2686634556206, -76.3987048774803, -72.6244551287952, -70.177394972134763, -68.586865650474067, -67.556329726116573, -66.895116462813, -66.4787452447711, -66.224989833892778, -66.0790439803916, -66.004135339778941, -65.975485647416434, -65.9763679384727]
}
