{
	"input_file":	"../../instances/J100_M50_G4_I4_L50_seed17.json",
	"method":	"MVN PDF",
	"convergence_threshold":	0.001,
	"iterations_made":	13,
	"max_iterations":	10000,
	"time_taken":	0.05705,
	"ground_truth_matrix":	[[0.251451374164373, 0.54475840075349535, 0.15314045600906431, 0.0506497690730673], [0.3446886550413053, 0.23807393689403214, 0.22619453600901995, 0.19104287205564249], [0.011524386006546622, 0.12808909480050026, 0.84247712525239948, 0.01790939394055354], [0.3835370373281905, 0.40324346352626877, 0.010100726874787774, 0.203118772270753]],
	"estimated_matrix":	[[0.202048091835315, 0.6216925686603576, 0.13216270341895273, 0.044096636085374744], [0.33308128504278789, 0.24605846799901923, 0.25145755010315191, 0.16940269685504095], [0.030424399967136664, 0.12085713689541942, 0.82803923113366218, 0.020679232003781713], [0.3965802972193424, 0.354038247895633, 0.035070156937845889, 0.21431129794717871]],
	"log_likelihood":	[-250.78939814754972, -164.210384893189, -122.41216173461349, -98.918906220836476, -85.2418468312016, -77.189457771789364, -72.4815217012683, -69.788118173133469, -68.303362477212346, -67.5320199070173, -67.1711512348831, -67.0386052267065, -67.027539505385, -67.077095360993354]
}
