{
	"input_file":	"../../instances/J100_M50_G4_I4_L50_seed20.json",
	"method":	"MVN PDF",
	"convergence_threshold":	0.001,
	"iterations_made":	22,
	"max_iterations":	10000,
	"time_taken":	0.11198005899999995,
	"ground_truth_matrix":	[[0.12528497207799447, 0.32201948137817415, 0.31373002758429769, 0.23896551895953352], [0.015101828534048147, 0.48626910303626614, 0.19664095811027157, 0.301988110319414], [0.37325565430763752, 0.074973029032247326, 0.1106017466286246, 0.44116957003149054], [0.30820834115463464, 0.38313495378391749, 0.30112165593037288, 0.0075350491310749142]],
	"estimated_matrix":	[[0.10079522344429813, 0.35842426922052845, 0.3011604821699026, 0.23962002516527081], [0.031281076514948686, 0.52597586432733456, 0.15938995881267506, 0.28335310034504163], [0.36638038819095264, 0.054327802054669222, 0.0946627737780692, 0.48462903597630891], [0.3124383103601569, 0.319726968501658, 0.3524027859057684, 0.015431935232416717]],
	"log_likelihood":	[-180.96242654989467, -136.17163318547983, -110.70984608215825, -95.040396219269624, -85.112050116066257, -78.70550523913947, -74.5206738942696, -71.7616554830633, -69.928118974657252, -68.7004614475222, -67.872454239026055, -67.310067952362573, -66.925661674308259, -66.661571645220135, -66.479594836533167, -66.354219782806226, -66.268255625579926, -66.210001058861636, -66.171403930088672, -66.146859257751, -66.132419601658142, -66.1252726189075, -66.078025945226145]
}
