{
	"input_file":	"../../instances/J100_M50_G4_I4_L50_seed9.json",
	"method":	"MVN PDF",
	"convergence_threshold":	0.001,
	"iterations_made":	14,
	"max_iterations":	10000,
	"time_taken":	0.063968,
	"ground_truth_matrix":	[[0.0067904575313161844, 0.453791570266173, 0.445864345135731, 0.093553627066779749], [0.12490196468201752, 0.20095636964109462, 0.44178206861140756, 0.23235959706548037], [0.031330988253750372, 0.15125306603020736, 0.065104505715419259, 0.75231144000062322], [0.59050603392987744, 0.0077395327397986, 0.23520780127629609, 0.16654663205402792]],
	"estimated_matrix":	[[0.036247980018613554, 0.42670161194632855, 0.45080885810864846, 0.086241549926409339], [0.12528960374844933, 0.18330916618904963, 0.45789304140987769, 0.23350818865262327], [0.025725141877322336, 0.16504246836464134, 0.091977976485752969, 0.71725441327228323], [0.569944986918485, 0.020824187343860972, 0.22709735155099481, 0.18213347418665909]],
	"log_likelihood":	[-291.34073310156026, -177.05870533719252, -128.64823773400391, -102.8382125793198, -88.5932611327432, -80.5915545260554, -76.0712088039129, -73.521064603080163, -72.093637231103159, -71.308223683787162, -70.890408681572524, -70.682664276125564, -70.594042296591, -70.5717662272653, -70.585126541329529]
}
