{
	"input_file":	"../../instances/J100_M50_G4_I4_L50_seed2.json",
	"method":	"MVN PDF",
	"convergence_threshold":	0.001,
	"iterations_made":	16,
	"max_iterations":	10000,
	"time_taken":	0.063757,
	"ground_truth_matrix":	[[0.29096972519164355, 0.013346201755036091, 0.4053198048712896, 0.29036426818203082], [0.25472546786309014, 0.1872870721984784, 0.10694707564706017, 0.45104038429137128], [0.14900963765748226, 0.12984582418451729, 0.40604164441947943, 0.315102893738521], [0.055426632115844331, 0.27635762651681645, 0.0781815879716952, 0.590034153395644]],
	"estimated_matrix":	[[0.2988844189034, 0.021073629903305136, 0.42104259711223452, 0.25899935408106034], [0.292386644800414, 0.18477696183033956, 0.0679049826398792, 0.45493141072936721], [0.14150400970510649, 0.14279038784799661, 0.41073348119492864, 0.30497212125196826], [0.039183673624278353, 0.25960996780039852, 0.12073033378800724, 0.580476024787316]],
	"log_likelihood":	[-145.60717352887764, -110.54033316928293, -91.333458242599548, -79.6726009937113, -72.4971950017763, -68.0553439935911, -65.304687419874426, -63.606925874979446, -62.5657956975354, -61.933937937678955, -61.5567656309171, -61.33774366446238, -61.216665524200231, -61.1560201922351, -61.132446418780724, -61.13139117059626, -61.1437809695889]
}
