{
	"input_file":	"../../instances/J100_M50_G4_I5_L50_seed14.json",
	"method":	"MVN PDF",
	"convergence_threshold":	0.001,
	"iterations_made":	13,
	"max_iterations":	10000,
	"time_taken":	0.075675,
	"ground_truth_matrix":	[[0.15590939304920856, 0.32060857491831252, 0.44162749507565729, 0.0017460734744377071, 0.080108463482383763], [0.59766213007816038, 0.13609533714227331, 0.072449225855054339, 0.14650677874371171, 0.047286528180800258], [0.41478598240157316, 0.10580328928860022, 0.19550423839535092, 0.0014878074903490689, 0.28241868242412665], [0.037797114110708178, 0.43231344101648556, 0.0751597260223246, 0.22381649355526642, 0.23091322529521516]],
	"estimated_matrix":	[[0.11505049165644549, 0.396480001534125, 0.4041670860591568, 0.015396196813910305, 0.0689062239363623], [0.61421459290692149, 0.146886868010941, 0.051006744323189981, 0.14500865850679523, 0.0428831362521523], [0.38090692658358, 0.090675055817823272, 0.20938860376020993, 0.013136946591692372, 0.30589246724669444], [0.065995978482354556, 0.39429730478663388, 0.099045508549631969, 0.2025497213894478, 0.23811148679193189]],
	"log_likelihood":	[-257.29405449885411, -179.46214170495386, -140.38869471960558, -118.2240543494616, -105.32337422202708, -97.744985047404967, -93.3134976556103, -90.759118149289577, -89.3234194385291, -88.550550848117567, -88.167075726596323, -88.0097829360987, -87.981749045130044, -88.0256649971262]
}
