{
	"input_file":	"/Users/daniel/ecological-inference-elections/instances/J100_M50_G2_I10_L50_seed20.json",
	"method":	"MVN PDF",
	"convergence_threshold":	0.001,
	"iterations_made":	12,
	"max_iterations":	10000,
	"time_taken":	0.00807965,
	"ground_truth_matrix":	[[0.082219907057948835, 0.21132951055997232, 0.20588944772410889, 0.15682425779427028, 0.0033877396753867507, 0.10908302458583818, 0.0441117692532601, 0.06774392256656836, 0.099437221215447555, 0.019973199567198632], [0.036851563522719288, 0.14699395741819674, 0.17712024127059539, 0.22017884136159249, 0.17304768634872764, 0.0043302193415076231, 0.01438446802344439, 0.16130282000057855, 0.031695152369169713, 0.034095050343468228]],
	"estimated_matrix":	[[0.090172485557494256, 0.19841016469621464, 0.20958696474302951, 0.14184472258595524, 0.017091729188026022, 0.11739596465727289, 0.054637891264427772, 0.064999620204381478, 0.0892047733865607, 0.01665568371663748], [0.030590259603812318, 0.15262034341433039, 0.17823050955143038, 0.21300270137564956, 0.15910587790270359, 0.00601731343277379, 0.0085537546972221448, 0.17547727297597468, 0.035430792201892547, 0.040971174844210631]],
	"log_likelihood":	[-321.13165304500956, -263.7656406102019, -248.65111475863065, -237.74527312905261, -231.40788956299494, -227.61427704782116, -225.39772532877419, -224.13455375592633, -223.44606632602418, -223.09958564329779, -222.95340902258368, -222.92180022897867]
}
