{
	"input_file":	"/Users/daniel/ecological-inference-elections/instances/J100_M50_G2_I10_L50_seed5.json",
	"method":	"MVN PDF",
	"convergence_threshold":	0.001,
	"iterations_made":	10,
	"max_iterations":	10000,
	"time_taken":	0.0069260000000000016,
	"ground_truth_matrix":	[[0.026715474938408819, 0.21773719390232371, 0.024646306624725028, 0.26697533847630672, 0.071331461147205, 0.10069016905056917, 0.15453730446846922, 0.0777644459444631, 0.037474746424589631, 0.022127559022939464], [0.011432530344489289, 0.1821179371482772, 0.079056145214111834, 0.02340391124384544, 0.28785667046947466, 0.043499462919321719, 0.072629835700401, 0.047677443735614625, 0.13457350322664272, 0.11775255999782144]],
	"estimated_matrix":	[[0.0249467854413777, 0.21624915325561841, 0.020440469551172982, 0.26782118267578142, 0.0694174316643176, 0.10620210289378455, 0.15699293432621086, 0.0702106164844385, 0.042197267513593179, 0.025522056193704689], [0.00720502425942444, 0.17517063015819578, 0.0774595931010797, 0.01930569817319279, 0.29421901884910645, 0.048504106176383711, 0.075133494636949932, 0.059830186553225737, 0.13360364564470659, 0.10956860244773482]],
	"log_likelihood":	[-329.15888514202845, -278.70025044835069, -253.36952298894667, -239.96565862742747, -232.55767370079965, -228.71127303031838, -226.80048410275612, -225.947719386595, -225.63757729571307, -225.58976624144637]
}
