{
	"input_file":	"/Users/daniel/ecological-inference-elections/instances/J100_M50_G2_I10_L50_seed19.json",
	"method":	"MVN PDF",
	"convergence_threshold":	0.001,
	"iterations_made":	9,
	"max_iterations":	10000,
	"time_taken":	0.007176,
	"ground_truth_matrix":	[[0.00997967157152297, 0.13928787470867682, 0.027579478928395351, 0.014455766703033052, 0.039154695612610146, 0.00842603508963501, 0.10839645532130762, 0.15977019010638813, 0.394764314683101, 0.098185517275330023], [0.044314691186619112, 0.14507784297469581, 0.14368244984263659, 0.048582056046547389, 0.021994251157037275, 0.12615259812409607, 0.030059954829732515, 0.13859323982483718, 0.089158544885675553, 0.2123843711281225]],
	"estimated_matrix":	[[0.011243110182837088, 0.1346958851243987, 0.038644761767759377, 0.012475868689939456, 0.033185136142385968, 0.01473562485115419, 0.10982617744314557, 0.16230059938817734, 0.39499455457407562, 0.087898281836126732], [0.038501034791290335, 0.14421606544904442, 0.13554423626879772, 0.0543248418759092, 0.030628520803728552, 0.11465017673678984, 0.034492766243028446, 0.1446503311828094, 0.092187468943240175, 0.210804557705362]],
	"log_likelihood":	[-334.76798185867671, -282.74517502156021, -261.71939245616153, -249.53677635100632, -243.08152214691245, -239.781782206468, -238.25086727164484, -237.67224959508476, -237.58015681941083]
}
