{
	"input_file":	"/Users/daniel/ecological-inference-elections/instances/J100_M50_G2_I10_L50_seed11.json",
	"method":	"MVN PDF",
	"convergence_threshold":	0.001,
	"iterations_made":	2,
	"max_iterations":	10000,
	"time_taken":	0.001732,
	"ground_truth_matrix":	[[0.022670189430670222, 0.0022430000911789036, 0.07095577431831715, 0.14720508768109594, 0.062164378732414968, 0.075774684449878463, 0.0014670045756580005, 0.076206469567349347, 0.32434701506348212, 0.21696639608995485], [0.17475220147373904, 0.015365503375000471, 0.29945062630790814, 0.2597506605011623, 0.024083428701327351, 0.1335574362557338, 0.0027625429341148482, 0.0165692122202841, 0.050767037043357562, 0.022941351187372273]],
	"estimated_matrix":	[[0.041382266311786875, 0.0096461091437772036, 0.094492906168656729, 0.14974395285165032, 0.051714373748979414, 0.0888825906608838, 0.0070349480017867245, 0.0834377466368099, 0.28095882084232743, 0.19270628563334152], [0.15416593381323365, 0.010675106713773494, 0.2634367303086787, 0.25226501237451582, 0.02313567783388552, 0.12557326245998754, 0.001108618336090677, 0.022151964903307193, 0.095346288141191129, 0.05214140511533627]],
	"log_likelihood":	[-499.87463746520825, -297.624963651465]
}
