{
	"input_file":	"/Users/daniel/ecological-inference-elections/instances/J100_M50_G2_I2_L50_seed13.json",
	"method":	"MVN PDF",
	"convergence_threshold":	0.001,
	"iterations_made":	15,
	"max_iterations":	10000,
	"time_taken":	0.00310405,
	"ground_truth_matrix":	[[0.84720269601591158, 0.15279730398408845], [0.34009172295595952, 0.65990827704404054]],
	"estimated_matrix":	[[0.84281131603449477, 0.15718868396550525], [0.3325257047256111, 0.667474295274389]]
}
