{
	"input_file":	"/Users/daniel/ecological-inference-elections/instances/J100_M50_G2_I2_L50_seed15.json",
	"method":	"MVN PDF",
	"convergence_threshold":	0.001,
	"iterations_made":	12,
	"max_iterations":	10000,
	"time_taken":	0.002918,
	"ground_truth_matrix":	[[0.905527300001945, 0.0944726999980548], [0.11077641301954382, 0.889223586980456]],
	"estimated_matrix":	[[0.892126985290473, 0.10787301470952716], [0.11719952601384348, 0.88280047398615635]],
	"log_likelihood":	[-223.81305527386414, -150.60092589508238, -106.15184145314642, -77.022957042897346, -57.320825481095937, -43.934725268571967, -34.992521857155758, -29.241717160576282, -25.7713660156782, -23.883527400850632, -23.036843991008165, -22.822567492871958]
}
