{
	"input_file":	"/Users/daniel/ecological-inference-elections/instances/J100_M50_G2_I2_L50_seed17.json",
	"method":	"MVN PDF",
	"convergence_threshold":	0.001,
	"iterations_made":	11,
	"max_iterations":	10000,
	"time_taken":	0.002718,
	"ground_truth_matrix":	[[0.315810458607232, 0.684189541392768], [0.751461243773324, 0.24853875622667579]],
	"estimated_matrix":	[[0.29920419366596657, 0.70079580633403349], [0.753657246443776, 0.24634275355622379]],
	"log_likelihood":	[-92.6483111531655, -62.2615679291895, -44.854865789044766, -34.671346350347434, -28.744574483611441, -25.368007461012294, -23.510340024963607, -22.53954904887561, -22.071332389952364, -21.876789452990963, -21.823384521254585]
}
