{
	"input_file":	"/Users/daniel/ecological-inference-elections/instances/J100_M50_G2_I2_L50_seed8.json",
	"method":	"MVN PDF",
	"convergence_threshold":	0.001,
	"iterations_made":	11,
	"max_iterations":	10000,
	"time_taken":	0.004362,
	"ground_truth_matrix":	[[0.37404082947384554, 0.62595917052615457], [0.728815845450914, 0.27118415454908579]],
	"estimated_matrix":	[[0.36932973906895367, 0.63067026093104639], [0.74133240984008542, 0.25866759015991458]],
	"log_likelihood":	[-72.594046803346131, -50.918057397234534, -38.987743448042, -32.3240230114019, -28.647283349733108, -26.672338443495807, -25.655226366695921, -25.164898684635489, -24.954908619055665, -24.887368506842488, -24.887253411188116]
}
