{
	"input_file":	"/Users/daniel/ecological-inference-elections/instances/J100_M50_G2_I2_L50_seed12.json",
	"method":	"MVN PDF",
	"convergence_threshold":	0.001,
	"iterations_made":	10,
	"max_iterations":	10000,
	"time_taken":	0.003346545,
	"ground_truth_matrix":	[[0.11053619287835263, 0.88946380712164752], [0.28597542938972, 0.71402457061028]],
	"estimated_matrix":	[[0.11131223298318473, 0.888687767016815], [0.27816359951148417, 0.72183640048851583]],
	"log_likelihood":	[-44.245098774542733, -35.570995596555157, -31.566063094923052, -29.36753106322681, -28.180603706974935, -27.552905881381694, -27.231975342740764, -27.077099007407764, -27.010241566329714, -26.988501600712429]
}
