{
	"input_file":	"/Users/daniel/ecological-inference-elections/instances/J100_M50_G2_I2_L50_seed14.json",
	"method":	"MVN PDF",
	"convergence_threshold":	0.001,
	"iterations_made":	20,
	"max_iterations":	10000,
	"time_taken":	0.006885032,
	"ground_truth_matrix":	[[0.32718470976908715, 0.6728152902309128], [0.99606184581514945, 0.0039381541848506141]],
	"estimated_matrix":	[[0.33930637856467227, 0.66069362143532773], [0.97733814179578249, 0.022661858204217625]]
}
