{
	"input_file":	"/Users/daniel/ecological-inference-elections/instances/J100_M50_G2_I2_L50_seed9.json",
	"method":	"MVN PDF",
	"convergence_threshold":	0.001,
	"iterations_made":	15,
	"max_iterations":	10000,
	"time_taken":	0.004132,
	"ground_truth_matrix":	[[0.014743209941968996, 0.985256790058031], [0.82656560980942351, 0.17343439019057644]],
	"estimated_matrix":	[[0.032862597969305539, 0.9671374020306942], [0.80962581263358335, 0.19037418736641659]],
	"log_likelihood":	[-222.78742013164091, -150.1752762297491, -107.34041711330414, -78.885489337824438, -59.234988917763943, -45.455922421920519, -35.794289405502234, -29.100428172095256, -24.566412283056348, -21.596878497342985, -19.742563051468373, -18.663805897732217, -18.107578558506361, -17.890099698012179, -17.881926605333973]
}
