{
	"input_file":	"/Users/daniel/ecological-inference-elections/instances/J100_M50_G2_I2_L50_seed13.json",
	"method":	"MVN PDF",
	"convergence_threshold":	0.001,
	"iterations_made":	12,
	"max_iterations":	10000,
	"time_taken":	0.005892,
	"ground_truth_matrix":	[[0.84720269601591158, 0.15279730398408845], [0.34009172295595952, 0.65990827704404054]],
	"estimated_matrix":	[[0.839509594214628, 0.160490405785372], [0.3358306261404489, 0.664169373859551]],
	"log_likelihood":	[-112.68319630326995, -75.698314099879369, -54.519007916460382, -41.744628674565618, -34.0248504746032, -29.430894568783074, -26.774591638063, -25.303570725932321, -24.540358997955835, -24.18600269267943, -24.057568258414161, -24.046338750978627]
}
