{
	"input_file":	"/Users/daniel/ecological-inference-elections/instances/J100_M50_G2_I3_L50_seed1.json",
	"method":	"MVN PDF",
	"convergence_threshold":	0.001,
	"iterations_made":	12,
	"max_iterations":	10000,
	"time_taken":	0.005747,
	"ground_truth_matrix":	[[0.29749272785290543, 0.70244421200198748, 6.3060145107194e-05], [0.58481013050579844, 0.25781025207282132, 0.15737961742138015]],
	"estimated_matrix":	[[0.30524963972846941, 0.689179920374884, 0.0055704398966466987], [0.585033156757948, 0.26567699247568666, 0.1492898507663655]],
	"log_likelihood":	[-127.32564446956457, -89.4203039278739, -73.028268911529565, -63.2258915764554, -57.606783499298238, -54.4187553777005, -52.651749154329721, -51.704292337240283, -51.221310729317025, -50.99608099088173, -50.910290483186813, -50.8974587241527]
}
