{
	"input_file":	"/Users/daniel/ecological-inference-elections/instances/J100_M50_G2_I3_L50_seed11.json",
	"method":	"MVN PDF",
	"convergence_threshold":	0.001,
	"iterations_made":	10,
	"max_iterations":	10000,
	"time_taken":	0.007135,
	"ground_truth_matrix":	[[0.23647057945119962, 0.02339651959646144, 0.740132900952339], [0.516247965232227, 0.218010359126032, 0.265741675641741]],
	"estimated_matrix":	[[0.20446545890210369, 0.0297432996846145, 0.76579124141328181], [0.533143459210531, 0.21180113116647964, 0.2550554096229895]],
	"log_likelihood":	[-140.0786240675977, -96.5349416027443, -73.4232641906009, -59.917551015762818, -52.117284137584178, -47.730323673976351, -45.375043285201585, -44.200387205497478, -43.686791097091721, -43.52497826979382]
}
