{
	"input_file":	"/Users/daniel/ecological-inference-elections/instances/J100_M50_G2_I3_L50_seed6.json",
	"method":	"MVN PDF",
	"convergence_threshold":	0.001,
	"iterations_made":	14,
	"max_iterations":	10000,
	"time_taken":	0.00916,
	"ground_truth_matrix":	[[0.51245014925241528, 0.092558832078787248, 0.39499101866879749], [0.040161431888498515, 0.10740706609794944, 0.852431502013552]],
	"estimated_matrix":	[[0.50261489913513557, 0.0898877830803532, 0.40749731778451115], [0.0461713013385059, 0.10222494139630793, 0.85160375726518622]],
	"log_likelihood":	[-147.458988220968, -107.60756960259145, -87.499701344028963, -75.159666220379137, -67.4713036472438, -62.67975703051448, -59.709765939085841, -57.888454717733069, -56.790426676171975, -56.146093498112648, -55.78468304547026, -55.59815576877, -55.518263610362368, -55.501982749004725]
}
