{
	"input_file":	"/Users/daniel/ecological-inference-elections/instances/J100_M50_G2_I3_L50_seed16.json",
	"method":	"MVN PDF",
	"convergence_threshold":	0.001,
	"iterations_made":	11,
	"max_iterations":	10000,
	"time_taken":	0.005012724,
	"ground_truth_matrix":	[[0.14090457732224396, 0.41296232609275713, 0.44613309658499889], [0.062522697791787138, 0.599349633264765, 0.3381276689434477]],
	"estimated_matrix":	[[0.14549909461872396, 0.39105438919505064, 0.46344651618622529], [0.069884170443733254, 0.59984986497219217, 0.33026596458407448]],
	"log_likelihood":	[-69.161699170203164, -60.948323824028286, -56.6678434445722, -54.352909122955971, -53.121825639335768, -52.4816703953753, -52.160117352882374, -52.0073495714298, -51.941787370662468, -51.919637150759463, -51.9178333623375]
}
