{
	"input_file":	"/Users/daniel/ecological-inference-elections/instances/J100_M50_G2_I3_L50_seed19.json",
	"method":	"MVN PDF",
	"convergence_threshold":	0.001,
	"iterations_made":	11,
	"max_iterations":	10000,
	"time_taken":	0.005927076,
	"ground_truth_matrix":	[[0.05643109664837008, 0.78761785528698358, 0.15595104806464638], [0.23302035588171555, 0.63115580747276, 0.13582383664552442]],
	"estimated_matrix":	[[0.059167355222142531, 0.79449154732146055, 0.1463410974563969], [0.22049734791221107, 0.6518087963815733, 0.12769385570621561]],
	"log_likelihood":	[-66.910396027441024, -57.547127021902512, -53.0409751247209, -50.3683497111013, -48.8040787385301, -47.898969238457042, -47.385414065899155, -47.1035847548899, -46.957847723080064, -46.890942434277868, -46.868634403324918]
}
