{
	"input_file":	"/Users/daniel/ecological-inference-elections/instances/J100_M50_G2_I3_L50_seed17.json",
	"method":	"MVN PDF",
	"convergence_threshold":	0.001,
	"iterations_made":	13,
	"max_iterations":	10000,
	"time_taken":	0.005321,
	"ground_truth_matrix":	[[0.26486681729550876, 0.573822371351404, 0.16131081135308734], [0.026190298800185041, 0.575982674279107, 0.397827026920708]],
	"estimated_matrix":	[[0.26447066008247866, 0.60304854963410426, 0.13248079028341711], [0.023817122033332808, 0.56056916805458779, 0.41561370991207947]],
	"log_likelihood":	[-124.1425496182475, -88.600819736772635, -75.051408724644062, -66.620467060062055, -61.542824761933474, -58.488284188734049, -56.666488813095086, -55.5963395833013, -54.983605900513119, -54.648073030717647, -54.4793722087193, -54.4099727405596, -54.398623198578051]
}
