{
	"input_file":	"/Users/daniel/ecological-inference-elections/instances/J100_M50_G2_I3_L50_seed13.json",
	"method":	"MVN PDF",
	"convergence_threshold":	0.001,
	"iterations_made":	13,
	"max_iterations":	10000,
	"time_taken":	0.008184,
	"ground_truth_matrix":	[[0.42795213106645874, 0.0771833377876456, 0.49486453114589557], [0.44539345432817962, 0.47485814852501324, 0.0797483971468072]],
	"estimated_matrix":	[[0.43639093912550936, 0.0729228501645364, 0.49068621070995427], [0.43503755820758627, 0.48581205123517324, 0.07915039055724056]],
	"log_likelihood":	[-152.575622464974, -107.2239291467295, -84.0019789462573, -69.302021626781027, -59.939657016573648, -53.984642017357757, -50.237424268497712, -47.923432616968157, -46.5342469796055, -45.73495035789982, -45.305803824212873, -45.103855425494444, -45.037168013782512]
}
