{
	"input_file":	"/Users/daniel/ecological-inference-elections/instances/J100_M50_G2_I3_L50_seed19.json",
	"method":	"MVN PDF",
	"convergence_threshold":	0.001,
	"iterations_made":	11,
	"max_iterations":	10000,
	"time_taken":	0.004635876,
	"ground_truth_matrix":	[[0.05643109664837008, 0.78761785528698358, 0.15595104806464638], [0.23302035588171555, 0.63115580747276, 0.13582383664552442]],
	"estimated_matrix":	[[0.059167355222142531, 0.79449154732146066, 0.1463410974563967], [0.22049734791221107, 0.6518087963815733, 0.12769385570621561]]
}
