{
	"input_file":	"/Users/daniel/ecological-inference-elections/instances/J100_M50_G2_I4_L50_seed4.json",
	"method":	"MVN PDF",
	"convergence_threshold":	0.001,
	"iterations_made":	12,
	"max_iterations":	10000,
	"time_taken":	0.003476118,
	"ground_truth_matrix":	[[0.37664033529374275, 0.0874640765523398, 0.39740799933549775, 0.1384875888184196], [0.23064419241874784, 0.046933541478898853, 0.72121745986295, 0.0012048062394032465]],
	"estimated_matrix":	[[0.36488965118485051, 0.082498924074020555, 0.41500589039940139, 0.13760553434172759], [0.25203838794919747, 0.0478432055999137, 0.69145022574386117, 0.00866818070702763]]
}
