{
	"input_file":	"/Users/daniel/ecological-inference-elections/instances/J100_M50_G2_I4_L50_seed4.json",
	"method":	"MVN PDF",
	"convergence_threshold":	0.001,
	"iterations_made":	9,
	"max_iterations":	10000,
	"time_taken":	0.003693,
	"ground_truth_matrix":	[[0.37664033529374275, 0.0874640765523398, 0.39740799933549775, 0.1384875888184196], [0.23064419241874784, 0.046933541478898853, 0.72121745986295, 0.0012048062394032465]],
	"estimated_matrix":	[[0.3641270999065343, 0.082165684182621573, 0.41814782464837652, 0.13555939126246752], [0.25277824057440373, 0.048160414132688283, 0.68830403698301723, 0.010757308309890717]],
	"log_likelihood":	[-105.52039496311666, -84.6359791742868, -76.402020233769861, -71.7792323959358, -69.324716947470833, -68.0620582964689, -67.4517675822659, -67.193282958594551, -67.1205698974252]
}
