{
	"input_file":	"/Users/daniel/ecological-inference-elections/instances/J100_M50_G2_I4_L50_seed5.json",
	"method":	"MVN PDF",
	"convergence_threshold":	0.001,
	"iterations_made":	14,
	"max_iterations":	10000,
	"time_taken":	0.007452461,
	"ground_truth_matrix":	[[0.04983539454067374, 0.40616979444752377, 0.04597554104672593, 0.49801926996507662], [0.17642180632607257, 0.24903375337454553, 0.38221213978536139, 0.19233230051402056]],
	"estimated_matrix":	[[0.044882577786058031, 0.40519372296020645, 0.041950399997141646, 0.507973299256594], [0.17177813098576458, 0.24159212636549612, 0.4053310322430097, 0.18129871040572959]]
}
