{
	"input_file":	"/Users/daniel/ecological-inference-elections/instances/J100_M50_G2_I4_L50_seed15.json",
	"method":	"MVN PDF",
	"convergence_threshold":	0.001,
	"iterations_made":	10,
	"max_iterations":	10000,
	"time_taken":	0.004203,
	"ground_truth_matrix":	[[0.729175806164576, 0.076074136231428655, 0.021573712816720172, 0.17317634478727548], [0.178428232666503, 0.41819946747570369, 0.20226194250932708, 0.2011103573484663]],
	"estimated_matrix":	[[0.70347044797762226, 0.072122833687287072, 0.0393489305182887, 0.18505778781680204], [0.19079919757726954, 0.4373503129345962, 0.18536891459483917, 0.18648157489329509]],
	"log_likelihood":	[-187.90949843151247, -136.80207895384711, -109.04134197466772, -92.710150443271758, -83.1092219888261, -77.6036880755841, -74.587991970065829, -73.0546040817415, -72.372244883540063, -72.153730362453359]
}
