{
	"input_file":	"/Users/daniel/ecological-inference-elections/instances/J100_M50_G2_I4_L50_seed1.json",
	"method":	"MVN PDF",
	"convergence_threshold":	0.001,
	"iterations_made":	14,
	"max_iterations":	10000,
	"time_taken":	0.009287993,
	"ground_truth_matrix":	[[0.24822494433396575, 0.58611239568895857, 5.2616751750196278e-05, 0.16561004322532558], [0.179194262029625, 0.10938868480049078, 0.23271787507579811, 0.478699178094086]],
	"estimated_matrix":	[[0.23389383878927575, 0.581197543009712, 0.0072418163868766669, 0.17766680181413541], [0.181403176076933, 0.12590121889494468, 0.21762698542348044, 0.47506861960464186]]
}
