{
	"input_file":	"/Users/daniel/ecological-inference-elections/instances/J100_M50_G2_I4_L50_seed3.json",
	"method":	"MVN PDF",
	"convergence_threshold":	0.001,
	"iterations_made":	10,
	"max_iterations":	10000,
	"time_taken":	0.003640535,
	"ground_truth_matrix":	[[0.25894112400042968, 0.39846937940559979, 0.11122948719780965, 0.23136000939616086], [0.4590928673412436, 0.46561749041159473, 0.027573246650422822, 0.047716395596738945]],
	"estimated_matrix":	[[0.2575074242187701, 0.43946846825881641, 0.10097765338477031, 0.20204645413764313], [0.45675514997131161, 0.43302237236983021, 0.035451904101595121, 0.074770573557263062]]
}
