{
	"input_file":	"/Users/daniel/ecological-inference-elections/instances/J100_M50_G2_I4_L50_seed13.json",
	"method":	"MVN PDF",
	"convergence_threshold":	0.001,
	"iterations_made":	12,
	"max_iterations":	10000,
	"time_taken":	0.006948777,
	"ground_truth_matrix":	[[0.218317657192871, 0.0393746969740127, 0.25245268623476663, 0.48985495959834957], [0.542201209301642, 0.091058092837147178, 0.14155571116247334, 0.22518498669873749]],
	"estimated_matrix":	[[0.23762815568709081, 0.049149434807170614, 0.23358303979691192, 0.47963936970882659], [0.527019529853617, 0.0894283363591086, 0.14945261953423894, 0.23409951425303552]]
}
