{
	"input_file":	"/Users/daniel/ecological-inference-elections/instances/J100_M50_G2_I4_L50_seed7.json",
	"method":	"MVN PDF",
	"convergence_threshold":	0.001,
	"iterations_made":	15,
	"max_iterations":	10000,
	"time_taken":	0.010325,
	"ground_truth_matrix":	[[0.022970939991479138, 0.43806769354602731, 0.16697318978046674, 0.37198817668202688], [0.712028237377669, 0.14427461235209513, 0.12974505029533678, 0.0139520999748993]],
	"estimated_matrix":	[[0.03276717728232776, 0.47226244696331043, 0.16152308046913769, 0.33344729528522415], [0.69212176084346821, 0.142949740909124, 0.12751754118994585, 0.037410957057462]],
	"log_likelihood":	[-234.48226438987919, -168.67071582146949, -132.36816085967851, -108.53085660891959, -92.436172591581936, -81.4451013594186, -73.94611967412996, -68.877866802426823, -65.507543680082165, -63.3167509789748, -61.936301657458159, -61.104587736385618, -60.638344436762054, -60.4109834975289, -60.3363143033845]
}
