{
	"input_file":	"/Users/daniel/ecological-inference-elections/instances/J100_M50_G2_I4_L50_seed8.json",
	"method":	"MVN PDF",
	"convergence_threshold":	0.001,
	"iterations_made":	17,
	"max_iterations":	10000,
	"time_taken":	0.008761273,
	"ground_truth_matrix":	[[0.248524592823477, 0.41590713024020765, 0.2445674774618472, 0.0910007994744682], [0.195642639627116, 0.0084665094920574734, 0.41573970330401455, 0.380151147576812]],
	"estimated_matrix":	[[0.24192868837487394, 0.41534324151822644, 0.23178837440853242, 0.11093969569836722], [0.19915194874924014, 0.0225193368809493, 0.42719852104219186, 0.35113019332761863]]
}
