{
	"input_file":	"/Users/daniel/ecological-inference-elections/instances/J100_M50_G2_I4_L50_seed9.json",
	"method":	"MVN PDF",
	"convergence_threshold":	0.001,
	"iterations_made":	11,
	"max_iterations":	10000,
	"time_taken":	0.007778757,
	"ground_truth_matrix":	[[0.0067904575313161844, 0.453791570266173, 0.445864345135731, 0.093553627066779749], [0.12490196468201752, 0.20095636964109462, 0.44178206861140756, 0.23235959706548037]],
	"estimated_matrix":	[[0.0095820461654656242, 0.44640470347208566, 0.45595799449992747, 0.088055255862521151], [0.11855865732083279, 0.21465821119046755, 0.43983287434800644, 0.2269502571406932]]
}
