{
	"input_file":	"/Users/daniel/ecological-inference-elections/instances/J100_M50_G2_I5_L50_seed5.json",
	"method":	"MVN PDF",
	"convergence_threshold":	0.001,
	"iterations_made":	10,
	"max_iterations":	10000,
	"time_taken":	0.008161,
	"ground_truth_matrix":	[[0.043982912303551426, 0.358470733786538, 0.040576345559300911, 0.43953375062527472, 0.11743625772533485], [0.256473892537231, 0.39363112002854944, 0.198078425534879, 0.095454145901107262, 0.05636241599823328]],
	"estimated_matrix":	[[0.043655334384029028, 0.3583007107641128, 0.0472842088066789, 0.441451902655341, 0.10930784338983818], [0.23724549554051283, 0.394176386184868, 0.21342335727090392, 0.093946417879965174, 0.061208343123749953]],
	"log_likelihood":	[-170.68537251658589, -129.43781223708291, -109.07376810403954, -97.4000040976716, -90.7785735337415, -87.12271701725966, -85.198180470440064, -84.2656605792975, -83.884396660072, -83.7956410430082]
}
