{
	"input_file":	"/Users/daniel/ecological-inference-elections/instances/J100_M50_G2_I5_L50_seed7.json",
	"method":	"MVN PDF",
	"convergence_threshold":	0.001,
	"iterations_made":	12,
	"max_iterations":	10000,
	"time_taken":	0.00925,
	"ground_truth_matrix":	[[0.010915758563635679, 0.20816915542206624, 0.0793454263047044, 0.176768261407425, 0.52480139830216865], [0.30336933090138923, 0.27281770821747647, 0.029337380742531057, 0.12263021012911926, 0.271845370009484]],
	"estimated_matrix":	[[0.0242150662916862, 0.21778825589600426, 0.0866881761402973, 0.17623772086640679, 0.4950707808056054], [0.291276399506878, 0.27410717247785321, 0.025555663444141688, 0.1171558534459036, 0.29190491112522354]],
	"log_likelihood":	[-181.84274721320608, -147.73183041217908, -134.14426153655512, -125.75749742808215, -120.7458382262321, -117.76037226988892, -116.00490444168268, -114.99454421978909, -114.43415588019116, -114.14405976723921, -114.01494288135645, -113.98034984526331]
}
