{
	"input_file":	"/Users/daniel/ecological-inference-elections/instances/J100_M50_G2_I5_L50_seed13.json",
	"method":	"MVN PDF",
	"convergence_threshold":	0.001,
	"iterations_made":	12,
	"max_iterations":	10000,
	"time_taken":	0.004140242,
	"ground_truth_matrix":	[[0.14341670775059129, 0.0258659307785686, 0.16584060853400148, 0.321794336217292, 0.34308241671954659], [0.11305586418501984, 0.17575267345451986, 0.27958507014032441, 0.19203123202957184, 0.23957516019056416]],
	"estimated_matrix":	[[0.14976320528563417, 0.024343479185305886, 0.17896670641877024, 0.31999339187208625, 0.32693321723820351], [0.097605132461088873, 0.18014245750975477, 0.282092221868465, 0.19208876923337065, 0.24807141892732079]]
}
