{
	"input_file":	"/Users/daniel/ecological-inference-elections/instances/J100_M50_G2_I5_L50_seed15.json",
	"method":	"MVN PDF",
	"convergence_threshold":	0.001,
	"iterations_made":	12,
	"max_iterations":	10000,
	"time_taken":	0.004868456,
	"ground_truth_matrix":	[[0.64854204216829081, 0.06766170140398764, 0.0191880471746618, 0.15402614754092744, 0.1105820617121324], [0.39962760023412636, 0.1932796691291607, 0.19217922484338035, 0.062716975103724426, 0.15219653068960812]],
	"estimated_matrix":	[[0.64499570939551432, 0.061491640051592023, 0.014189857514804873, 0.17289130680604234, 0.10643148623204639], [0.39377793541275663, 0.20748928273579376, 0.19463753950863166, 0.047444328693938644, 0.1566509136488794]]
}
