{
	"input_file":	"/Users/daniel/ecological-inference-elections/instances/J100_M50_G2_I5_L50_seed11.json",
	"method":	"MVN PDF",
	"convergence_threshold":	0.001,
	"iterations_made":	2,
	"max_iterations":	10000,
	"time_taken":	0.0022,
	"ground_truth_matrix":	[[0.0742704298794536, 0.0073483541679689336, 0.23246015994561139, 0.48226262845984663, 0.20365842754711935], [0.10906573959976795, 0.0021115223402377388, 0.1096872263605117, 0.46684651136059585, 0.31228900033888668]],
	"estimated_matrix":	[[0.078419696010659776, 0.00455894517565813, 0.20937432387146515, 0.4889891883319652, 0.21865784661025167], [0.1054692161189088, 0.0068619326276522855, 0.12261039290344003, 0.472525310704527, 0.292533147645472]],
	"log_likelihood":	[-125.73136804251754, -100.41771305920709]
}
