{
	"input_file":	"/Users/daniel/ecological-inference-elections/instances/J100_M50_G2_I5_L50_seed10.json",
	"method":	"MVN PDF",
	"convergence_threshold":	0.001,
	"iterations_made":	14,
	"max_iterations":	10000,
	"time_taken":	0.007488239,
	"ground_truth_matrix":	[[0.32269308943329617, 0.0045864253604871313, 0.21962067734703034, 0.302153293162828, 0.1509465146963585], [0.11667254894123515, 0.10113720407829543, 0.65492541293454032, 0.084886438578035225, 0.0423783954678938]],
	"estimated_matrix":	[[0.34582736845430739, 0.0092568942620225962, 0.19346072593564373, 0.31048455645243522, 0.140970454895591], [0.12751984929763169, 0.098225111834491424, 0.65365909623677754, 0.073179671934096774, 0.047416270697002529]]
}
