{
	"input_file":	"/Users/daniel/ecological-inference-elections/instances/J100_M50_G2_I5_L50_seed19.json",
	"method":	"MVN PDF",
	"convergence_threshold":	0.001,
	"iterations_made":	12,
	"max_iterations":	10000,
	"time_taken":	0.005686,
	"ground_truth_matrix":	[[0.0433037419557625, 0.604397263048471, 0.11967273975203206, 0.06272639200543513, 0.16989986323829925], [0.010949408191273125, 0.14085830680435835, 0.2076171069384817, 0.51298571330785936, 0.12758946475802732]],
	"estimated_matrix":	[[0.0332679473553417, 0.63340299761471464, 0.11908891291375885, 0.0569969121171551, 0.15724322999902976], [0.01244622026690255, 0.13828578610305706, 0.20746969188501493, 0.51692428588682859, 0.12487401585819688]],
	"log_likelihood":	[-228.64833534231673, -177.2262310752408, -147.58601100006908, -129.58983565976013, -118.32386365833938, -111.375786766963, -107.18856296226917, -104.76159885566194, -103.43582468925577, -102.78058352821536, -102.51926376851013, -102.47846607015825]
}
