{
	"input_file":	"/Users/daniel/ecological-inference-elections/instances/J100_M50_G2_I5_L50_seed4.json",
	"method":	"MVN PDF",
	"convergence_threshold":	0.001,
	"iterations_made":	13,
	"max_iterations":	10000,
	"time_taken":	0.007237,
	"ground_truth_matrix":	[[0.33270219763982, 0.077260685478113045, 0.351047145907638, 0.12233189286483045, 0.1166580781095984], [0.050165543415490517, 0.77088292625501365, 0.0012877732599235222, 0.0600985069713388, 0.11756525009823347]],
	"estimated_matrix":	[[0.33507547162096429, 0.0899613288978231, 0.33043047319941965, 0.12954476952986538, 0.11498795675192759], [0.052768796830787286, 0.756260202702726, 0.012814727578126524, 0.047003466136523737, 0.13115280675183658]],
	"log_likelihood":	[-290.18050255927778, -218.22410176093172, -176.88402683139867, -150.87449535131523, -134.03389845649954, -123.13852986475857, -116.21353825098775, -111.95642553458089, -109.46816926474285, -108.12010864089203, -107.47790561538039, -107.25018201288979, -107.24920698590093]
}
