{
	"input_file":	"/Users/daniel/ecological-inference-elections/instances/J100_M50_G2_I5_L50_seed17.json",
	"method":	"MVN PDF",
	"convergence_threshold":	0.001,
	"iterations_made":	10,
	"max_iterations":	10000,
	"time_taken":	0.007333,
	"ground_truth_matrix":	[[0.11895137105452967, 0.25770294108928515, 0.0724444925653346, 0.023960336247350313, 0.52694085904350019], [0.31206054417870038, 0.29648936342259824, 0.25041356224424272, 0.011641851525571994, 0.12939467862888676]],
	"estimated_matrix":	[[0.136116320982724, 0.23727433828761063, 0.0725753975185376, 0.018178972311661459, 0.53585497089946654], [0.29580358077328367, 0.29332594036953452, 0.26414143058892642, 0.012900323565206413, 0.133828724703049]],
	"log_likelihood":	[-175.218158064255, -141.35474796841956, -121.9240710280238, -111.34142718105683, -105.27005302138123, -101.971831577618, -100.23172567986857, -99.381821621152838, -99.016505354582762, -98.905221725371177]
}
