{
	"input_file":	"/Users/daniel/ecological-inference-elections/instances/J100_M50_G2_I5_L50_seed14.json",
	"method":	"MVN PDF",
	"convergence_threshold":	0.001,
	"iterations_made":	15,
	"max_iterations":	10000,
	"time_taken":	0.00776159,
	"ground_truth_matrix":	[[0.15590939304920856, 0.32060857491831252, 0.44162749507565729, 0.0017460734744377071, 0.080108463482383763], [0.59766213007816038, 0.13609533714227331, 0.072449225855054339, 0.14650677874371171, 0.047286528180800258]],
	"estimated_matrix":	[[0.15398177455787787, 0.3146259285876688, 0.442757027815178, 0.010610638310168672, 0.0780246307291066], [0.595061704917474, 0.14473582409236574, 0.0660621606996283, 0.14604811532068415, 0.048092194969847832]]
}
