{
	"input_file":	"/Users/daniel/ecological-inference-elections/instances/J100_M50_G2_I5_L50_seed11.json",
	"method":	"MVN PDF",
	"convergence_threshold":	0.001,
	"iterations_made":	0,
	"max_iterations":	10000,
	"time_taken":	0,
	"ground_truth_matrix":	[[0.0742704298794536, 0.0073483541679689336, 0.23246015994561139, 0.48226262845984663, 0.20365842754711935], [0.10906573959976795, 0.0021115223402377388, 0.1096872263605117, 0.46684651136059585, 0.31228900033888668]],
	"estimated_matrix":	[[0.07354799360184576, 0.0032129340860500783, 0.226937928566318, 0.49324348596878, 0.203057657777006], [0.11073468814442773, 0.0050493078243608333, 0.10501710939834513, 0.47021566043991875, 0.30898323419294765]]
}
