{
	"input_file":	"/Users/daniel/ecological-inference-elections/instances/J100_M50_G3_I10_L50_seed11.json",
	"method":	"MVN PDF",
	"convergence_threshold":	0.001,
	"iterations_made":	11,
	"max_iterations":	10000,
	"time_taken":	0.018156,
	"ground_truth_matrix":	[[0.022670189430670222, 0.0022430000911789036, 0.07095577431831715, 0.14720508768109594, 0.062164378732414968, 0.075774684449878463, 0.0014670045756580005, 0.076206469567349347, 0.32434701506348212, 0.21696639608995485], [0.17475220147373904, 0.015365503375000471, 0.29945062630790814, 0.2597506605011623, 0.024083428701327351, 0.1335574362557338, 0.0027625429341148482, 0.0165692122202841, 0.050767037043357562, 0.022941351187372273], [0.20286311633434817, 0.24312411956007066, 0.060243706866737655, 0.05473336022465846, 0.016880923775346772, 0.012501891955236983, 0.17783373523956272, 0.1304755028070759, 0.00816706959117638, 0.093176573645786145]],
	"estimated_matrix":	[[0.015465492465499938, 0.0072899945122426773, 0.053587285483028151, 0.15478653395847289, 0.057214363517070849, 0.081398034334777825, 0.0051166682944621981, 0.087368328630593739, 0.31954377549197671, 0.218229523311875], [0.15495754451693036, 0.013365818034849479, 0.29849366058268939, 0.27355367087110388, 0.030263454848774247, 0.12637758611575653, 0.016618738160896426, 0.028472124416636775, 0.0294631081493429, 0.028434294303020038], [0.21383769661318458, 0.2406107499903597, 0.072795697625193265, 0.040870310207910376, 0.018111385216640366, 0.020689715615117614, 0.15830921793239824, 0.12279827846481882, 0.016139887854950838, 0.0958370604794262]],
	"log_likelihood":	[-456.564513094532, -331.406099363385, -276.577202977037, -245.35766530244612, -227.31768080368556, -216.9517993614881, -211.14896523258412, -208.07072767256224, -206.5987490186086, -206.05080459211405, -206.01407707626811]
}
