{
	"input_file":	"/Users/daniel/ecological-inference-elections/instances/J100_M50_G3_I10_L50_seed7.json",
	"method":	"MVN PDF",
	"convergence_threshold":	0.001,
	"iterations_made":	15,
	"max_iterations":	10000,
	"time_taken":	0.022147000000000007,
	"ground_truth_matrix":	[[0.00808261828816172, 0.15413970663026186, 0.058751646987581382, 0.13088878561109682, 0.38859135211187357, 0.078738263100063072, 0.07080871498828735, 0.0076143966059739766, 0.0318281670743481, 0.070556348602352159], [0.11844066583086636, 0.16961555343026474, 0.0499536137283108, 0.0071052771714643923, 0.03540434652102236, 0.25035815833408864, 0.025001738498636041, 0.0626777031670133, 0.278816438584351, 0.002626504733982544], [0.0806419372660566, 0.26348510646049522, 0.023002633148146594, 0.0698763924999843, 0.2107570616409781, 0.012558716070879135, 0.06512631348954924, 0.12196815242292552, 0.0971640283229745, 0.055419658678010977]],
	"estimated_matrix":	[[0.0029302390517635555, 0.182751909654672, 0.0512464363528361, 0.12497104924235078, 0.38662798080122129, 0.080470547160174169, 0.068695959379995161, 0.015530843980123308, 0.028536447495529436, 0.0582385868813343], [0.11699461731647071, 0.15487033110701789, 0.066027881261936164, 0.013911619999975342, 0.030132516063047579, 0.2452566541198915, 0.025267505872176011, 0.07455731928037064, 0.270072579659946, 0.0029089753191681414], [0.094787043402025067, 0.270511258481944, 0.011420981974892466, 0.068988263904240552, 0.19514190179066918, 0.016948218579875163, 0.063085960680662079, 0.123649234113152, 0.0900044035987884, 0.065462733473751061]],
	"log_likelihood":	[-404.67129457319936, -331.81906893753643, -298.37113179834051, -277.95941828971854, -265.67431323057212, -258.09290509589033, -253.40449842589109, -250.51142198313156, -248.74199257854625, -247.67707199979938, -247.05369368592116, -246.70651225349414, -246.53153120934664, -246.46331411774094, -246.46063892595552]
}
