{
	"input_file":	"/Users/daniel/ecological-inference-elections/instances/J100_M50_G3_I10_L50_seed12.json",
	"method":	"MVN PDF",
	"convergence_threshold":	0.001,
	"iterations_made":	10,
	"max_iterations":	10000,
	"time_taken":	0.011657,
	"ground_truth_matrix":	[[0.015582156525603087, 0.12538666210153721, 0.028440975506022707, 0.0710115388820721, 0.0013664386086365743, 0.2336170641797074, 0.21496368670652949, 0.0031636168665235879, 0.29273265374842722, 0.013735206874940618], [0.033685472240404149, 0.094004134275044657, 0.29125377741216613, 0.19328498797955979, 0.00022822457699712571, 0.074318804422831147, 0.0810309053295545, 0.067032982095265731, 0.14748154604349473, 0.017679165624682143], [0.20048479434601485, 0.0029150704700110059, 0.020137011718670491, 0.017134292221539584, 0.051415898857770453, 0.15429323352817573, 0.088328200571823071, 0.23478377805692366, 0.047395008217637064, 0.18311271201143423]],
	"estimated_matrix":	[[0.011760247816048229, 0.10727599758533947, 0.058066251265175853, 0.056946408544301046, 0.0019460591719117279, 0.2314402579659858, 0.21698967808863337, 0.013788490384109033, 0.28936598694821664, 0.012420622230278879], [0.024299330614812056, 0.0869598742024026, 0.3073636613266687, 0.19930845524165239, 0.0030844857563723425, 0.10140820941067058, 0.067600642546199741, 0.062821605583428572, 0.12390662712697358, 0.023247108190819533], [0.21242478071420914, 0.00710046365085588, 0.023509286600863637, 0.01190318535029351, 0.052405932278137134, 0.14588424401233063, 0.090840380339881371, 0.216521585954658, 0.0654019021479501, 0.17400823895082063]],
	"log_likelihood":	[-499.909067088672, -328.49061053996962, -281.28493614758651, -250.01324915105627, -235.60554808395952, -227.54985517436293, -223.76551829451594, -222.03759908217305, -221.4527295776646, -221.41341709290967]
}
