{
	"input_file":	"/Users/daniel/ecological-inference-elections/instances/J100_M50_G3_I10_L50_seed13.json",
	"method":	"MVN PDF",
	"convergence_threshold":	0.001,
	"iterations_made":	12,
	"max_iterations":	10000,
	"time_taken":	0.013686,
	"ground_truth_matrix":	[[0.095000606641782351, 0.017133841334523565, 0.109854414200967, 0.213159663431239, 0.22726109271150324, 0.038166572341381357, 0.059332412112789071, 0.0943852305406974, 0.064827896915340855, 0.080878269769776023], [0.0068883355213543232, 0.0684607808726845, 0.011645208371382151, 0.37572194421425487, 0.090114377573631624, 0.21997833859893373, 0.057186871760991957, 0.082483938626239872, 0.001826590536552423, 0.085693613923974427], [0.27956318930356217, 0.023073793909949909, 0.036123216791498255, 0.23454490768563666, 0.0030440371355612453, 0.006318257987249565, 0.0933001577690485, 0.19433754783255683, 0.00082184714507826516, 0.12887304443985828]],
	"estimated_matrix":	[[0.0883619065901967, 0.015165365692127933, 0.11697470935141933, 0.21173979859484707, 0.22725432831851977, 0.035138127859853645, 0.06809646628764976, 0.0807042305942604, 0.07069549717642927, 0.085869569534696141], [0.019954561787937791, 0.0715385785582302, 0.013634998442478086, 0.37724561660279782, 0.0756751643226953, 0.21438258917462324, 0.053817048692493756, 0.079248430010522133, 0.00071524172861667668, 0.093787770679605], [0.27205846476994516, 0.023629923586044672, 0.034132118456308681, 0.2218396371505541, 0.013358869935999584, 0.015645287785396332, 0.10213522995840463, 0.19731737222174761, 0.0043333377166797013, 0.11554975841891951]],
	"log_likelihood":	[-456.444875999553, -317.19475030607975, -287.337459636001, -267.20103605528914, -258.40011162629474, -253.71551067689879, -251.43918447769056, -250.2948063738302, -249.73909790275192, -249.47718727078805, -249.36535866525759, -249.33004842598319]
}
