{
	"input_file":	"/Users/daniel/ecological-inference-elections/instances/J100_M50_G3_I10_L50_seed19.json",
	"method":	"MVN PDF",
	"convergence_threshold":	0.001,
	"iterations_made":	13,
	"max_iterations":	10000,
	"time_taken":	0.01659,
	"ground_truth_matrix":	[[0.00997967157152297, 0.13928787470867682, 0.027579478928395351, 0.014455766703033052, 0.039154695612610146, 0.00842603508963501, 0.10839645532130762, 0.15977019010638813, 0.394764314683101, 0.098185517275330023], [0.044314691186619112, 0.14507784297469581, 0.14368244984263659, 0.048582056046547389, 0.021994251157037275, 0.12615259812409607, 0.030059954829732515, 0.13859323982483718, 0.089158544885675553, 0.2123843711281225], [0.042098920851732474, 0.26356125129739461, 0.1355079862150774, 0.084486126625485977, 0.086158010636071036, 0.0929118015992064, 0.028201901225743359, 0.12510976961175574, 0.03049321518503639, 0.11147101675249657]],
	"estimated_matrix":	[[0.0021150820644415791, 0.14261259663656375, 0.032297384797621148, 0.026687972924892472, 0.04159056342717396, 0.0178749872995829, 0.095883993222024441, 0.17701006157927385, 0.37976537175521857, 0.084161986293207244], [0.047105091984794144, 0.13485089438051792, 0.13079171420610328, 0.0538532234808182, 0.022309700748067915, 0.15117939695996255, 0.033976162069343827, 0.14920430645520771, 0.079264912048990874, 0.19746459766619354], [0.032571521342237786, 0.27878538674974351, 0.14083613527093505, 0.056783402939650715, 0.0835008442533946, 0.081683985330970876, 0.031732682630046437, 0.139194403892921, 0.046375710722192362, 0.10853592686790763]],
	"log_likelihood":	[-314.97538022861329, -261.28922937019945, -235.74455551579277, -221.84128024675093, -214.19422937512513, -209.9943733167193, -207.71267956967625, -206.49753884080914, -205.87092541941561, -205.56484608252026, -205.43003979267311, -205.38421397562226, -205.38261007912882]
}
