{
	"input_file":	"/Users/daniel/ecological-inference-elections/instances/J100_M50_G3_I10_L50_seed18.json",
	"method":	"MVN PDF",
	"convergence_threshold":	0.001,
	"iterations_made":	9,
	"max_iterations":	10000,
	"time_taken":	0.01325,
	"ground_truth_matrix":	[[0.079612049573285548, 0.053341302769557571, 0.15974625935528347, 0.01520417981069265, 0.14485572387769835, 0.10506232004872461, 0.083098883069512963, 0.33440299380389882, 0.022500991524444326, 0.0021752961669017148], [0.11041562041843452, 0.20549084721159183, 0.14569309460047292, 0.0022990684700750739, 0.012939030064866993, 0.038644144714774474, 0.1269946163384455, 0.21625373472435236, 0.024212202145507448, 0.11705764131147908], [0.10266653452655629, 0.037083991797034088, 0.13319222292738928, 0.1435889494144332, 0.018771610259097959, 0.254774298579153, 0.0552593377388751, 0.0937544862565924, 0.020261829253660643, 0.14064673924720819]],
	"estimated_matrix":	[[0.075451943142101435, 0.044075934940914829, 0.16557288995936437, 0.021115095363559641, 0.14719120915573777, 0.11198579639480262, 0.0811161408292945, 0.3082920897069108, 0.025999699632674508, 0.019199200874639475], [0.11415617804413523, 0.22683995366225415, 0.13005833459567231, 0.012302407237330426, 0.0062145291221894841, 0.047802595107041539, 0.13909541673581366, 0.21953737909173932, 0.021900740025937011, 0.0820924663778868], [0.11330041152307946, 0.0368265900515926, 0.14044653544011712, 0.12816803808137653, 0.020059679301914227, 0.25124647164591768, 0.052999229823439076, 0.0952851817342094, 0.022856833442618182, 0.13881102895573577]],
	"log_likelihood":	[-383.37500288482772, -298.27303970584023, -267.07173363016364, -250.44039110083739, -241.83474948832247, -237.58119771771615, -235.62126265639623, -234.87125023523075, -234.73142421128105]
}
