{
	"input_file":	"/Users/daniel/ecological-inference-elections/instances/J100_M50_G3_I10_L50_seed15.json",
	"method":	"MVN PDF",
	"convergence_threshold":	0.001,
	"iterations_made":	9,
	"max_iterations":	10000,
	"time_taken":	0.010589,
	"ground_truth_matrix":	[[0.39339948770115563, 0.041042950092062262, 0.011639288492786368, 0.093430808791668, 0.067078035960545859, 0.157217266005475, 0.0760380442620253, 0.0756051191039522, 0.02467344936176653, 0.059875550228563078], [0.2953606482247047, 0.036288091571448439, 0.14966549434619961, 0.23753843791970947, 0.19467365456822786, 0.027970400863696843, 0.021652015798033372, 0.00565896413313319, 0.00475841081323897, 0.0264338817616074], [0.4551716897329145, 0.032506860223525939, 0.099599876553778, 0.044701146428546813, 0.049670784992480038, 0.20217060418700536, 0.00807758594348576, 0.043600597580280752, 0.010636544040331203, 0.053864310317651654]],
	"estimated_matrix":	[[0.39412677729330586, 0.044819255906655357, 0.023895655930514192, 0.086600057097220226, 0.065707249488963226, 0.16894255548105558, 0.065868783665089178, 0.0730735708402503, 0.0248074162174114, 0.0521586780795347], [0.30197713496512951, 0.027541413597340886, 0.15486670653385809, 0.22755855215311951, 0.18470566435215455, 0.0336424286869154, 0.016586706264273131, 0.014528570101775187, 0.00989358041870347, 0.028699242926730248], [0.45541028961373364, 0.031978306994734383, 0.0980993503767589, 0.060271408256855841, 0.049793106319609114, 0.16608367774536775, 0.014202693987755954, 0.041351818376115242, 0.015253469702894509, 0.067555878626174626]],
	"log_likelihood":	[-374.09035472941679, -279.86455704139638, -274.04299246071662, -256.30328195095, -253.84115929836969, -249.69885251451859, -249.01883756274208, -248.22480868998977, -248.22246106498179]
}
