{
	"input_file":	"/Users/daniel/ecological-inference-elections/instances/J100_M50_G3_I10_L50_seed3.json",
	"method":	"MVN PDF",
	"convergence_threshold":	0.001,
	"iterations_made":	11,
	"max_iterations":	10000,
	"time_taken":	0.017347,
	"ground_truth_matrix":	[[0.0931453723690264, 0.14333597595076422, 0.040011072182719966, 0.0832239927500704, 0.26006681338677834, 0.26376288024201622, 0.01561968590937181, 0.027030371918026031, 0.0061499544235774336, 0.06765388086764923], [0.00530734356503633, 0.10679549657807895, 0.18326772703150396, 0.057113539992176665, 0.1973392812162813, 0.156378119637341, 0.00424742361571192, 0.143197917396384, 0.052509906307626246, 0.093843244659859673], [0.0395463488169282, 0.1401219686035122, 0.0688690139110761, 0.02023877259293767, 0.0933097362495889, 0.17976208999999529, 0.043388781861188462, 0.029768361144874161, 0.058235178169727869, 0.3267597486501711]],
	"estimated_matrix":	[[0.093686312780335, 0.12243680598022455, 0.034961427145264116, 0.09046234416296775, 0.271104271905019, 0.25860331219612143, 0.013633846367341688, 0.030836093224552035, 0.013970562610977479, 0.0703050236271969], [0.0043967240828706924, 0.11801656576182608, 0.18846727461285454, 0.064142529224353, 0.19952729202228511, 0.14376482669700574, 0.0094193648505633346, 0.13800536842576752, 0.0534664665115996, 0.0807935878108745], [0.028048474190565262, 0.14491597419013, 0.077821177977500752, 0.011711419694640405, 0.098797098001455336, 0.17279957827404005, 0.038759669584984516, 0.040810565475188479, 0.0512429562911231, 0.335093086320372]],
	"log_likelihood":	[-363.62987879618458, -284.553089772862, -260.21658326509754, -246.011782970674, -238.9477930359, -235.30269679741841, -233.491883702314, -232.62678885531574, -232.24714319323488, -232.108564039899, -232.08417651377576]
}
