{
	"input_file":	"/Users/daniel/ecological-inference-elections/instances/J100_M50_G3_I2_L50_seed2.json",
	"method":	"MVN PDF",
	"convergence_threshold":	0.001,
	"iterations_made":	16,
	"max_iterations":	10000,
	"time_taken":	0.007657,
	"ground_truth_matrix":	[[0.956143597579845, 0.043856402420155059], [0.582620503431051, 0.417379496568949], [0.57628561358826846, 0.42371438641173154]],
	"estimated_matrix":	[[0.952501313719582, 0.047498686280417875], [0.588369387485279, 0.41163061251472088], [0.59553171640592673, 0.40446828359407322]],
	"log_likelihood":	[-77.145019440574046, -58.6475046469075, -48.760657420613668, -42.3675320459361, -38.1810782353451, -35.418992575107914, -33.590711199982032, -32.380807591503228, -31.583302470760259, -31.062270222439789, -30.727288475689353, -30.517789586811858, -30.392949961690334, -30.325097149563472, -30.295378989083847, -30.290899215957062]
}
