{
	"input_file":	"/Users/daniel/ecological-inference-elections/instances/J100_M50_G3_I2_L50_seed13.json",
	"method":	"MVN PDF",
	"convergence_threshold":	0.001,
	"iterations_made":	15,
	"max_iterations":	10000,
	"time_taken":	0.006105316,
	"ground_truth_matrix":	[[0.84720269601591158, 0.15279730398408845], [0.34009172295595952, 0.65990827704404054], [0.856207255811948, 0.14379274418805191]],
	"estimated_matrix":	[[0.870889715565651, 0.129110284434349], [0.28711009246037789, 0.712889907539622], [0.85600020476665, 0.14399979523335019]]
}
