{
	"input_file":	"/Users/daniel/ecological-inference-elections/instances/J100_M50_G3_I2_L50_seed8.json",
	"method":	"MVN PDF",
	"convergence_threshold":	0.001,
	"iterations_made":	13,
	"max_iterations":	10000,
	"time_taken":	0.007848,
	"ground_truth_matrix":	[[0.37404082947384554, 0.62595917052615457], [0.728815845450914, 0.27118415454908579], [0.9585196963066358, 0.041480303693364189]],
	"estimated_matrix":	[[0.36627049966727432, 0.63372950033272579], [0.76469028264701344, 0.23530971735298653], [0.931275724282637, 0.068724275717363142]],
	"log_likelihood":	[-111.94903326126125, -72.160776855104558, -51.800346564880414, -39.762711943265984, -32.560518847069851, -28.263664139228, -25.730948919397111, -24.267351113114476, -23.445794259957491, -23.00461152732116, -22.784900885151647, -22.691271637492974, -22.6671844012185]
}
