{
	"input_file":	"/Users/daniel/ecological-inference-elections/instances/J100_M50_G3_I2_L50_seed14.json",
	"method":	"MVN PDF",
	"convergence_threshold":	0.001,
	"iterations_made":	19,
	"max_iterations":	10000,
	"time_taken":	0.008921,
	"ground_truth_matrix":	[[0.32718470976908715, 0.6728152902309128], [0.99606184581514945, 0.0039381541848506141], [0.104967871470104, 0.895032128529896]],
	"estimated_matrix":	[[0.334836209208707, 0.665163790791293], [0.977680212666331, 0.02231978733366892], [0.11189926403972528, 0.888100735960275]],
	"log_likelihood":	[-190.15760691226339, -132.17157095422127, -96.830975055067242, -73.428555555585277, -57.207084072241784, -45.671010624200058, -37.358780398143, -31.342436624350491, -26.995431406264739, -23.874843150967248, -21.657524743447468, -20.103355968051371, -19.032634094225372, -18.311044736486771, -17.838881058500373, -17.542856080970768, -17.369699045933945, -17.281119785667386, -17.249886449183229]
}
