{
	"input_file":	"/Users/daniel/ecological-inference-elections/instances/J100_M50_G3_I2_L50_seed6.json",
	"method":	"MVN PDF",
	"convergence_threshold":	0.001,
	"iterations_made":	13,
	"max_iterations":	10000,
	"time_taken":	0.0046900000000000015,
	"ground_truth_matrix":	[[0.84701246603789282, 0.15298753396210726], [0.97585881292457777, 0.024141187075422219], [0.11190117762122714, 0.888098822378773]],
	"estimated_matrix":	[[0.84160072837146382, 0.15839927162853615], [0.957446394784974, 0.042553605215025936], [0.14042117887595831, 0.85957882112404171]],
	"log_likelihood":	[-213.82310909775538, -141.10572274885783, -100.85847885309211, -74.8594397885914, -57.4203715885127, -45.5798472375749, -37.581091855585349, -32.282283475595378, -28.888982976616354, -26.823862671938517, -25.660202066188329, -25.085025554396278, -24.874912787892214]
}
