{
	"input_file":	"/Users/daniel/ecological-inference-elections/instances/J100_M50_G3_I2_L50_seed1.json",
	"method":	"MVN PDF",
	"convergence_threshold":	0.001,
	"iterations_made":	20,
	"max_iterations":	10000,
	"time_taken":	0.010855597,
	"ground_truth_matrix":	[[0.297511488970571, 0.702488511029429], [0.00031761382895504226, 0.99968238617104477], [0.620945430067681, 0.3790545699323189]],
	"estimated_matrix":	[[0.29968164506047734, 0.70031835493952266], [0.032041725569331714, 0.967958274430668], [0.58770126605396722, 0.41229873394603267]],
	"log_likelihood":	[-109.92785813871552, -74.5988664059732, -57.013796440854954, -46.449927496728677, -39.881229125309744, -35.6956129084303, -32.976729541208819, -31.182220983054215, -29.981910868053543, -29.170348705286543, -28.61726191615703, -28.238595646405113, -27.979207678425716, -27.80234391467943, -27.683135426664546, -27.6045181354774, -27.554632931963216, -27.525143408996183, -27.510130645104653, -27.505356258212224]
}
