{
	"input_file":	"/Users/daniel/ecological-inference-elections/instances/J100_M50_G3_I2_L50_seed12.json",
	"method":	"MVN PDF",
	"convergence_threshold":	0.001,
	"iterations_made":	13,
	"max_iterations":	10000,
	"time_taken":	0.006002335,
	"ground_truth_matrix":	[[0.11053619287835263, 0.88946380712164752], [0.28597542938972, 0.71402457061028], [0.0058150405982643075, 0.99418495940173579]],
	"estimated_matrix":	[[0.0821441636782312, 0.91785583632176881], [0.303172450756632, 0.696827549243368], [0.027045130008473538, 0.97295486999152647]]
}
