{
	"input_file":	"/Users/daniel/ecological-inference-elections/instances/J100_M50_G3_I2_L50_seed9.json",
	"method":	"MVN PDF",
	"convergence_threshold":	0.001,
	"iterations_made":	22,
	"max_iterations":	10000,
	"time_taken":	0.006463487,
	"ground_truth_matrix":	[[0.014743209941968996, 0.985256790058031], [0.82656560980942351, 0.17343439019057644], [0.38330142741774459, 0.61669857258225547]],
	"estimated_matrix":	[[0.024726183758412949, 0.975273816241587], [0.836355485283767, 0.16364451471623293], [0.37423174479010285, 0.625768255209897]]
}
