{
	"input_file":	"/Users/daniel/ecological-inference-elections/instances/J100_M50_G3_I3_L50_seed18.json",
	"method":	"MVN PDF",
	"convergence_threshold":	0.001,
	"iterations_made":	22,
	"max_iterations":	10000,
	"time_taken":	0.013512764,
	"ground_truth_matrix":	[[0.2719923306744691, 0.18223906229356635, 0.54576860703196461], [0.0573478133834925, 0.54637337389464335, 0.39627881272186422], [0.18885986669153693, 0.76000184958232464, 0.051138283726138462]],
	"estimated_matrix":	[[0.24541989808728229, 0.18810013197351158, 0.566479969939206], [0.073527761305917955, 0.54650260066062317, 0.3799696380334589], [0.20379267905600118, 0.76901122919787457, 0.0271960917461243]]
}
