{
	"input_file":	"/Users/daniel/ecological-inference-elections/instances/J100_M50_G3_I3_L50_seed14.json",
	"method":	"MVN PDF",
	"convergence_threshold":	0.001,
	"iterations_made":	18,
	"max_iterations":	10000,
	"time_taken":	0.009001451,
	"ground_truth_matrix":	[[0.16980903280015061, 0.34919148198550209, 0.48099948521434727], [0.0022826956347437562, 0.10472826176811086, 0.89298904259714529], [0.38331171056814639, 0.20405281529085445, 0.41263547414099916]],
	"estimated_matrix":	[[0.17018839103188954, 0.35992333095956258, 0.469888278008548], [0.022319178700276044, 0.099897930345038244, 0.87778289095468576], [0.34635508368903772, 0.22051567265841313, 0.43312924365254912]],
	"log_likelihood":	[-117.50261885367495, -85.8692389785863, -70.148535077215044, -60.984112576196829, -55.525559582482316, -52.2221444157715, -50.202106814928761, -48.9586622891108, -48.190297967188179, -47.714697357805768, -47.420374354801453, -47.238634669470869, -47.126940363848455, -47.058870949681371, -47.017990722577473, -46.994069910133248, -46.980742449289913, -46.9740487247914]
}
