{
	"input_file":	"/Users/daniel/ecological-inference-elections/instances/J100_M50_G3_I3_L50_seed10.json",
	"method":	"MVN PDF",
	"convergence_threshold":	0.001,
	"iterations_made":	22,
	"max_iterations":	10000,
	"time_taken":	0.012246275,
	"ground_truth_matrix":	[[0.590040182963056, 0.00838622005696103, 0.401573596979983], [0.59386635266519261, 0.296677408979759, 0.10945623835504842], [0.12026555402602122, 0.77879320819781883, 0.1009412377761599]],
	"estimated_matrix":	[[0.569584252592757, 0.014290726256090517, 0.41612502115115257], [0.63084660189435726, 0.27504972046256249, 0.0941036776430802], [0.11353685535366578, 0.79097462825035636, 0.0954885163959779]]
}
