{
	"input_file":	"/Users/daniel/ecological-inference-elections/instances/J100_M50_G3_I3_L50_seed4.json",
	"method":	"MVN PDF",
	"convergence_threshold":	0.001,
	"iterations_made":	16,
	"max_iterations":	10000,
	"time_taken":	0.008610201,
	"ground_truth_matrix":	[[0.43718503692497424, 0.10152387292062479, 0.461291090154401], [0.46562077068857344, 0.4440250450179633, 0.0903541842934631], [0.92624227863670883, 0.0015473037448547695, 0.072210417618436565]],
	"estimated_matrix":	[[0.42056062077682638, 0.11897979759106891, 0.46045958163210471], [0.48252932121330872, 0.40445586589095861, 0.11301481289573262], [0.919587033921832, 0.011487635269250984, 0.0689253308089171]]
}
