{
	"input_file":	"/Users/daniel/ecological-inference-elections/instances/J100_M50_G3_I3_L50_seed17.json",
	"method":	"MVN PDF",
	"convergence_threshold":	0.001,
	"iterations_made":	18,
	"max_iterations":	10000,
	"time_taken":	0.007434438,
	"ground_truth_matrix":	[[0.26486681729550876, 0.573822371351404, 0.16131081135308734], [0.026190298800185041, 0.575982674279107, 0.397827026920708], [0.53082469934270038, 0.44833211672477563, 0.020843183932523809]],
	"estimated_matrix":	[[0.25819133854664755, 0.601648936124961, 0.14015972532839158], [0.058424301978275243, 0.54396029277873548, 0.39761540524298927], [0.4965950945411382, 0.47591500919142171, 0.027489896267440108]]
}
