{
	"input_file":	"/Users/daniel/ecological-inference-elections/instances/J100_M50_G3_I3_L50_seed2.json",
	"method":	"MVN PDF",
	"convergence_threshold":	0.001,
	"iterations_made":	21,
	"max_iterations":	10000,
	"time_taken":	0.009760236,
	"ground_truth_matrix":	[[0.41002688019419109, 0.0188071163226876, 0.57116600348312141], [0.37652229212981631, 0.359301233438576, 0.26417647443160769], [0.14764526815067625, 0.622681621564415, 0.22967311028490894]],
	"estimated_matrix":	[[0.408485395346686, 0.020590474218930229, 0.570924130434384], [0.40186385567544236, 0.35812567472435469, 0.24001046960020295], [0.14091521117167971, 0.63269711975061182, 0.22638766907770866]]
}
