{
	"input_file":	"/Users/daniel/ecological-inference-elections/instances/J100_M50_G3_I3_L50_seed4.json",
	"method":	"MVN PDF",
	"convergence_threshold":	0.001,
	"iterations_made":	16,
	"max_iterations":	10000,
	"time_taken":	0.00803275,
	"ground_truth_matrix":	[[0.43718503692497424, 0.10152387292062479, 0.461291090154401], [0.46562077068857344, 0.4440250450179633, 0.0903541842934631], [0.92624227863670883, 0.0015473037448547695, 0.072210417618436565]],
	"estimated_matrix":	[[0.42056062077682643, 0.11897979759106889, 0.4604595816321046], [0.48252932121330866, 0.40445586589095867, 0.11301481289573258], [0.919587033921832, 0.011487635269250979, 0.0689253308089171]],
	"log_likelihood":	[-177.90406915023016, -105.48974135410481, -75.8907453520587, -60.419181174457336, -52.237699406148742, -47.8948102842022, -45.593543784406783, -44.379668459187144, -43.7434933229021, -43.412898126321679, -43.243057605937537, -43.157240513881668, -43.115023772001919, -43.0952669757443, -43.087020049707512, -43.084682818046176]
}
