{
	"input_file":	"/Users/daniel/ecological-inference-elections/instances/J100_M50_G3_I3_L50_seed6.json",
	"method":	"MVN PDF",
	"convergence_threshold":	0.001,
	"iterations_made":	19,
	"max_iterations":	10000,
	"time_taken":	0.015576000000000003,
	"ground_truth_matrix":	[[0.51245014925241528, 0.092558832078787248, 0.39499101866879749], [0.040161431888498515, 0.10740706609794944, 0.852431502013552], [0.44236998957946888, 0.31811750394858568, 0.23951250647194552]],
	"estimated_matrix":	[[0.510334308289425, 0.069660105935419728, 0.420005585775155], [0.0295065495267868, 0.12797138469716493, 0.84252206577604827], [0.44456815902790747, 0.28347306672351114, 0.27195877424858139]],
	"log_likelihood":	[-146.86742635741456, -105.477699850444, -82.814382328436849, -69.204533015346868, -60.768239455935969, -55.438272773199387, -52.027820768355674, -49.824326590468075, -48.3886465581729, -47.446126929232264, -46.823438203802688, -46.410401488019325, -46.136429992688782, -45.955866706851126, -45.838834482388869, -45.765518307680878, -45.722583102836012, -45.70091821005353, -45.6942061422235]
}
