{
	"input_file":	"/Users/daniel/ecological-inference-elections/instances/J100_M50_G3_I4_L50_seed4.json",
	"method":	"MVN PDF",
	"convergence_threshold":	0.001,
	"iterations_made":	13,
	"max_iterations":	10000,
	"time_taken":	0.007831123,
	"ground_truth_matrix":	[[0.37664033529374275, 0.0874640765523398, 0.39740799933549775, 0.1384875888184196], [0.23064419241874784, 0.046933541478898853, 0.72121745986295, 0.0012048062394032465], [0.11244721555034376, 0.21997027355988638, 0.58266717542103574, 0.084915335468733921]],
	"estimated_matrix":	[[0.377760362984021, 0.086191938808983654, 0.397933935711069, 0.13811376249592647], [0.235421162258409, 0.0516674910075284, 0.702973746955981, 0.00993759977808154], [0.11877570792835036, 0.20214640464027345, 0.597427971232466, 0.08164991619891003]],
	"log_likelihood":	[-120.06689939266833, -91.739544064728847, -79.0575800463627, -72.011067492913241, -68.085149971803077, -65.868715060020932, -64.605464172416845, -63.879068148447821, -63.457583419353959, -63.21065340834415, -63.0644847723173, -62.977016968109083, -62.9241078633064]
}
