{
	"input_file":	"/Users/daniel/ecological-inference-elections/instances/J100_M50_G3_I4_L50_seed5.json",
	"method":	"MVN PDF",
	"convergence_threshold":	0.001,
	"iterations_made":	11,
	"max_iterations":	10000,
	"time_taken":	0.00995,
	"ground_truth_matrix":	[[0.04983539454067374, 0.40616979444752377, 0.04597554104672593, 0.49801926996507662], [0.17642180632607257, 0.24903375337454553, 0.38221213978536139, 0.19233230051402056], [0.17736032732383658, 0.10472522126556412, 0.042405367741133453, 0.675509083669466]],
	"estimated_matrix":	[[0.050654560005924887, 0.3858557548149, 0.039429692325418216, 0.52405999285375682], [0.17287524582614305, 0.23741169853219993, 0.38222932083153932, 0.20748373481011773], [0.17157705543080035, 0.11986694744721274, 0.03453111432657608, 0.674024882795411]],
	"log_likelihood":	[-187.99183431049886, -128.96025231589255, -102.33038872892881, -86.932760136643267, -77.947988336381769, -72.7232806700625, -69.7361713933715, -68.0858806817283, -67.229750391570263, -66.8383808009644, -66.7118343290011]
}
