{
	"input_file":	"/Users/daniel/ecological-inference-elections/instances/J100_M50_G3_I4_L50_seed14.json",
	"method":	"MVN PDF",
	"convergence_threshold":	0.001,
	"iterations_made":	15,
	"max_iterations":	10000,
	"time_taken":	0.013942,
	"ground_truth_matrix":	[[0.16948671322645967, 0.34852867125185555, 0.48008648579103436, 0.0018981297306503366], [0.079987281299932059, 0.68202951659915934, 0.15530687378570474, 0.0826763283152038], [0.25105168191104937, 0.081029441322241033, 0.532172679173297, 0.13574619759341275]],
	"estimated_matrix":	[[0.16570539987884333, 0.35664690631334645, 0.47374115365526964, 0.0039065401525406216], [0.076276290454041676, 0.680335662834663, 0.17037442647874088, 0.0730136202325544], [0.23298782130947288, 0.099860867025050537, 0.51872709648736481, 0.14842421517811166]],
	"log_likelihood":	[-164.28352492451569, -124.31547202640786, -102.97325433291947, -89.7983028663145, -81.590356642469, -76.432663413463828, -73.196319984514474, -71.181167276598856, -69.943139120477028, -69.197590731414522, -68.761612579905744, -68.51795257092995, -68.391856602350146, -68.336028600287364, -68.3208369671406]
}
