{
	"input_file":	"/Users/daniel/ecological-inference-elections/instances/J100_M50_G3_I4_L50_seed12.json",
	"method":	"MVN PDF",
	"convergence_threshold":	0.001,
	"iterations_made":	13,
	"max_iterations":	10000,
	"time_taken":	0.013327,
	"ground_truth_matrix":	[[0.064811871434951526, 0.52152885323862519, 0.11829638888251422, 0.2953628864439089], [0.0030156831164753, 0.515584843486113, 0.47441747954048219, 0.00698199385692937], [0.69001613232409476, 0.032376006581974162, 0.073235027922700938, 0.2043728331712302]],
	"estimated_matrix":	[[0.0512581512686673, 0.530905540866691, 0.10754661001498368, 0.310289697849658], [0.016489693170566512, 0.507093550520167, 0.46094538357207265, 0.01547137273719386], [0.67417461563747838, 0.057195599594669334, 0.0777775007592381, 0.19085228400861426]],
	"log_likelihood":	[-336.22485320757534, -224.56848094289816, -169.97689853688058, -137.75559314615643, -117.97693221187762, -105.69526362169158, -98.117867118273736, -93.542582251706136, -90.880517461639272, -89.418972261546358, -88.690828646952625, -88.394487008307252, -88.340254427614553]
}
