{
	"input_file":	"/Users/daniel/ecological-inference-elections/instances/J100_M50_G3_I4_L50_seed3.json",
	"method":	"MVN PDF",
	"convergence_threshold":	0.001,
	"iterations_made":	18,
	"max_iterations":	10000,
	"time_taken":	0.011742618,
	"ground_truth_matrix":	[[0.25894112400042968, 0.39846937940559979, 0.11122948719780965, 0.23136000939616086], [0.4590928673412436, 0.46561749041159473, 0.027573246650422822, 0.047716395596738945], [0.041449596854558513, 0.45597510070313158, 0.023793686172073253, 0.47878161627023669]],
	"estimated_matrix":	[[0.22610305337536285, 0.423193095887627, 0.1282247139331, 0.22247913680391029], [0.475848441225825, 0.441766772413259, 0.016707864495820061, 0.065676921865096], [0.0388414212924854, 0.48020789078143089, 0.024160917642303565, 0.45678977028378015]]
}
