{
	"input_file":	"/Users/daniel/ecological-inference-elections/instances/J100_M50_G3_I4_L50_seed8.json",
	"method":	"MVN PDF",
	"convergence_threshold":	0.001,
	"iterations_made":	18,
	"max_iterations":	10000,
	"time_taken":	0.012727416,
	"ground_truth_matrix":	[[0.248524592823477, 0.41590713024020765, 0.2445674774618472, 0.0910007994744682], [0.195642639627116, 0.0084665094920574734, 0.41573970330401455, 0.380151147576812], [0.24777481565370346, 0.21805134881656238, 0.27153704946869556, 0.26263678606103863]],
	"estimated_matrix":	[[0.22665523631563231, 0.436876073678018, 0.2481598518515474, 0.088308838154802463], [0.17705271548087731, 0.019496144152244752, 0.42363711920665953, 0.37981402116021834], [0.2811392353614241, 0.2345788474886738, 0.23105855700305369, 0.25322336014684843]]
}
