{
	"input_file":	"/Users/daniel/ecological-inference-elections/instances/J100_M50_G3_I4_L50_seed15.json",
	"method":	"MVN PDF",
	"convergence_threshold":	0.001,
	"iterations_made":	14,
	"max_iterations":	10000,
	"time_taken":	0.010625,
	"ground_truth_matrix":	[[0.729175806164576, 0.076074136231428655, 0.021573712816720172, 0.17317634478727548], [0.178428232666503, 0.41819946747570369, 0.20226194250932708, 0.2011103573484663], [0.03692154969556357, 0.0895982588773646, 0.77790639491020774, 0.0955737965168639]],
	"estimated_matrix":	[[0.6927989311407653, 0.0855792676336487, 0.034111907634792382, 0.18750989359079343], [0.19092845090703459, 0.42888067696778254, 0.17871131167611629, 0.20147956044906656], [0.04676390293718212, 0.0802039774690573, 0.78573371605167364, 0.0872984035420868]],
	"log_likelihood":	[-315.599534284927, -203.42408397653719, -148.09193874227731, -116.74768394074705, -98.211804259847355, -87.039728291281165, -80.280076602912629, -76.2240317362233, -73.838712180784341, -72.4830600005086, -71.754303572784551, -71.3995046529165, -71.261511466280027, -71.24441907406657]
}
