{
	"input_file":	"/Users/daniel/ecological-inference-elections/instances/J100_M50_G3_I4_L50_seed9.json",
	"method":	"MVN PDF",
	"convergence_threshold":	0.001,
	"iterations_made":	17,
	"max_iterations":	10000,
	"time_taken":	0.009198733,
	"ground_truth_matrix":	[[0.0067904575313161844, 0.453791570266173, 0.445864345135731, 0.093553627066779749], [0.12490196468201752, 0.20095636964109462, 0.44178206861140756, 0.23235959706548037], [0.031330988253750372, 0.15125306603020736, 0.065104505715419259, 0.75231144000062322]],
	"estimated_matrix":	[[0.016448079681851947, 0.43402944453319381, 0.45517614749926788, 0.094346328285686273], [0.11206636284978466, 0.22958607007308035, 0.44339479122438141, 0.21495277585275357], [0.030724771859406908, 0.14505856634034284, 0.075802873215200656, 0.74841378858504959]]
}
