{
	"input_file":	"/Users/daniel/ecological-inference-elections/instances/J100_M50_G3_I4_L50_seed5.json",
	"method":	"MVN PDF",
	"convergence_threshold":	0.001,
	"iterations_made":	17,
	"max_iterations":	10000,
	"time_taken":	0.007835649,
	"ground_truth_matrix":	[[0.04983539454067374, 0.40616979444752377, 0.04597554104672593, 0.49801926996507662], [0.17642180632607257, 0.24903375337454553, 0.38221213978536139, 0.19233230051402056], [0.17736032732383658, 0.10472522126556412, 0.042405367741133453, 0.675509083669466]],
	"estimated_matrix":	[[0.048515207870648426, 0.387295381818426, 0.037026745010291087, 0.52716266530063449], [0.17371317798906613, 0.23975631006221762, 0.38909779558386359, 0.19743271636485266], [0.17284933393874774, 0.1160539212510696, 0.030237282129012347, 0.68085946268117037]]
}
