{
	"input_file":	"/Users/daniel/ecological-inference-elections/instances/J100_M50_G3_I4_L50_seed19.json",
	"method":	"MVN PDF",
	"convergence_threshold":	0.001,
	"iterations_made":	18,
	"max_iterations":	10000,
	"time_taken":	0.011971167,
	"ground_truth_matrix":	[[0.052166889316142627, 0.72810163049277654, 0.144166630569279, 0.075564849621801933], [0.12400640059949905, 0.026686001932657091, 0.343301206964579, 0.506006390503265], [0.664535329822959, 0.16528278438434141, 0.039819720179869643, 0.1303621656128299]],
	"estimated_matrix":	[[0.052931974661788062, 0.7451764109514557, 0.13696557798321962, 0.0649260364035367], [0.10532697839995418, 0.031841265467741714, 0.35992841805670828, 0.502903338075596], [0.662776891231615, 0.16066160899696066, 0.0349461109486954, 0.14161538882272889]]
}
