{
	"input_file":	"/Users/daniel/ecological-inference-elections/instances/J100_M50_G3_I4_L50_seed19.json",
	"method":	"MVN PDF",
	"convergence_threshold":	0.001,
	"iterations_made":	12,
	"max_iterations":	10000,
	"time_taken":	0.012371,
	"ground_truth_matrix":	[[0.052166889316142627, 0.72810163049277654, 0.144166630569279, 0.075564849621801933], [0.12400640059949905, 0.026686001932657091, 0.343301206964579, 0.506006390503265], [0.664535329822959, 0.16528278438434141, 0.039819720179869643, 0.1303621656128299]],
	"estimated_matrix":	[[0.058416980807274331, 0.73832806366395576, 0.1348230193744844, 0.068431936154285625], [0.10412432164955616, 0.040644286104679579, 0.35561489967767679, 0.49961649256808743], [0.65858649305062733, 0.15858420458740646, 0.041450843533128369, 0.14137845882883773]],
	"log_likelihood":	[-354.2524106699388, -226.39651097305162, -161.85372226294979, -125.63970618945466, -104.7041424921547, -92.6304904844787, -85.833494172038769, -82.1689605449799, -80.323911957593552, -79.4999041613658, -79.223355289574826, -79.222877282273274]
}
