{
	"input_file":	"/Users/daniel/ecological-inference-elections/instances/J100_M50_G3_I5_L50_seed5.json",
	"method":	"MVN PDF",
	"convergence_threshold":	0.001,
	"iterations_made":	15,
	"max_iterations":	10000,
	"time_taken":	0.01106511,
	"ground_truth_matrix":	[[0.043982912303551426, 0.358470733786538, 0.040576345559300911, 0.43953375062527472, 0.11743625772533485], [0.256473892537231, 0.39363112002854944, 0.198078425534879, 0.095454145901107262, 0.05636241599823328], [0.019580703375263634, 0.31191671477471344, 0.13540090275600683, 0.040084305930368942, 0.493017373163647]],
	"estimated_matrix":	[[0.042031601479822121, 0.35752996112894858, 0.024532511202318641, 0.47375927026221465, 0.1021466559266961], [0.2646948212409348, 0.38925916673154359, 0.20914352233626043, 0.0629582192506905, 0.073944270440570642], [0.0201266563880036, 0.278790895984128, 0.14501354316311241, 0.042550055305738486, 0.51351884915901747]]
}
