{
	"input_file":	"/Users/daniel/ecological-inference-elections/instances/J100_M50_G3_I5_L50_seed10.json",
	"method":	"MVN PDF",
	"convergence_threshold":	0.001,
	"iterations_made":	18,
	"max_iterations":	10000,
	"time_taken":	0.01290741,
	"ground_truth_matrix":	[[0.32269308943329617, 0.0045864253604871313, 0.21962067734703034, 0.302153293162828, 0.1509465146963585], [0.11667254894123515, 0.10113720407829543, 0.65492541293454032, 0.084886438578035225, 0.0423783954678938], [0.17470454273021377, 0.46323131664050771, 0.00059770828546104832, 0.10845461858176728, 0.25301181376205034]],
	"estimated_matrix":	[[0.33034111025048313, 0.024031608557368855, 0.20632619203324842, 0.32048330245826123, 0.11881778670063835], [0.14780924498623488, 0.095473682044738967, 0.60539568288372436, 0.0866242861157336, 0.0646971039695682], [0.18281815234982363, 0.47953336566232635, 0.010455609859273905, 0.094886888930009322, 0.2323059831985668]]
}
