{
	"input_file":	"/Users/daniel/ecological-inference-elections/instances/J100_M50_G3_I5_L50_seed2.json",
	"method":	"MVN PDF",
	"convergence_threshold":	0.001,
	"iterations_made":	19,
	"max_iterations":	10000,
	"time_taken":	0.013410398,
	"ground_truth_matrix":	[[0.22783917374835463, 0.010450529100728561, 0.317379168519664, 0.2273650803535196, 0.21696604827773336], [0.17725330515516027, 0.10121746478598845, 0.42687622768416966, 0.15745123595039329, 0.1372017664242883], [0.34751781116712555, 0.26968629801752636, 0.0517533038213183, 0.25804238256025486, 0.073000204433774835]],
	"estimated_matrix":	[[0.23156751461304387, 0.025670000155822922, 0.32524561153847431, 0.20115577748133756, 0.21636109621132124], [0.16923186096636153, 0.10764474798746246, 0.43990195793417664, 0.15160884012818943, 0.13161259298381], [0.36219719306949744, 0.276341472737127, 0.03728093110838912, 0.24955503883682181, 0.074625364248164655]]
}
