{
	"input_file":	"/Users/daniel/ecological-inference-elections/instances/J100_M50_G3_I5_L50_seed20.json",
	"method":	"MVN PDF",
	"convergence_threshold":	0.001,
	"iterations_made":	15,
	"max_iterations":	10000,
	"time_taken":	0.011042932,
	"ground_truth_matrix":	[[0.12464155160427713, 0.320365700211782, 0.31211881819805165, 0.23773827434383188, 0.0051356556420572141], [0.32050330871114646, 0.129607407316133, 0.19904243955549125, 0.29216240134150717, 0.058684443075721966], [0.048862291507300849, 0.19490249288206324, 0.23484758945089862, 0.29193992606900426, 0.22944770009073309]],
	"estimated_matrix":	[[0.15097241618199647, 0.31674619978247465, 0.28609524372499923, 0.223742121803466, 0.022444018507063609], [0.29419906952356267, 0.14491265973165185, 0.23445813702423848, 0.27455514528031971, 0.0518749884402273], [0.032569762371417177, 0.18713135734831493, 0.22421702550357986, 0.32780529950564768, 0.22827655527104029]]
}
