{
	"input_file":	"/Users/daniel/ecological-inference-elections/instances/J100_M50_G3_I5_L50_seed16.json",
	"method":	"MVN PDF",
	"convergence_threshold":	0.001,
	"iterations_made":	17,
	"max_iterations":	10000,
	"time_taken":	0.013005881,
	"ground_truth_matrix":	[[0.11046832303046365, 0.32375992679000548, 0.34976560708473542, 0.020404670466171049, 0.19560147262862432], [0.056072838761014418, 0.259257770101578, 0.039720168700331022, 0.016198597480567022, 0.62875062495650935], [0.31255056034065565, 0.030600658614167615, 0.48328435407656345, 0.065010843405680863, 0.1085535835629325]],
	"estimated_matrix":	[[0.13496306385137224, 0.30457863947364877, 0.35142165889076837, 0.018880985864839793, 0.19015565191937076], [0.0393000430274917, 0.24533518617939323, 0.051611428935766042, 0.012678653315167829, 0.651074688542181], [0.28926250659947522, 0.0558283479523888, 0.50267983430263541, 0.06895953996010383, 0.08326977118539676]]
}
