{
	"input_file":	"/Users/daniel/ecological-inference-elections/instances/J100_M50_G3_I5_L50_seed12.json",
	"method":	"MVN PDF",
	"convergence_threshold":	0.001,
	"iterations_made":	17,
	"max_iterations":	10000,
	"time_taken":	0.007180974,
	"ground_truth_matrix":	[[0.0644455938402166, 0.51858148681146043, 0.11762784906370648, 0.29369367360951, 0.0056513966751065665], [0.308115663974515, 0.28351387469299938, 0.0041724687997965176, 0.386082738833395, 0.018115253699294016], [0.055000586872240034, 0.15348701412423124, 0.47555007013414252, 0.3155896909089051, 0.00037263796048121083]],
	"estimated_matrix":	[[0.048077535178233627, 0.56016594686523147, 0.11868349630031898, 0.26588518721480281, 0.007187834441413102], [0.33944655356715986, 0.27544337243558764, 0.016172937700631534, 0.35272714729206611, 0.016209989004554757], [0.0516515095104773, 0.12786847544157512, 0.46598118000490463, 0.353635050837377, 0.000863784205666004]]
}
