{
	"input_file":	"/Users/daniel/ecological-inference-elections/instances/J100_M50_G3_I5_L50_seed17.json",
	"method":	"MVN PDF",
	"convergence_threshold":	0.001,
	"iterations_made":	16,
	"max_iterations":	10000,
	"time_taken":	0.008687648,
	"ground_truth_matrix":	[[0.11895137105452967, 0.25770294108928515, 0.0724444925653346, 0.023960336247350313, 0.52694085904350019], [0.31206054417870038, 0.29648936342259824, 0.25041356224424272, 0.011641851525571994, 0.12939467862888676], [0.409075625543571, 0.0086961370341577856, 0.280225064237081, 0.294623242274094, 0.0073799309110963163]],
	"estimated_matrix":	[[0.1377579114067756, 0.23829740095440993, 0.069674669529543973, 0.01999470197179639, 0.534275316137474], [0.29016841339627819, 0.28393183982367542, 0.28278742625590014, 0.020564071204879963, 0.12254824931926628], [0.40251808784747789, 0.018656005917344579, 0.266270510036946, 0.29727376312038778, 0.015281633077843719]]
}
