{
	"input_file":	"/Users/daniel/ecological-inference-elections/instances/J100_M50_G3_I5_L50_seed19.json",
	"method":	"MVN PDF",
	"convergence_threshold":	0.001,
	"iterations_made":	12,
	"max_iterations":	10000,
	"time_taken":	0.011381,
	"ground_truth_matrix":	[[0.0433037419557625, 0.604397263048471, 0.11967273975203206, 0.06272639200543513, 0.16989986323829925], [0.010949408191273125, 0.14085830680435835, 0.2076171069384817, 0.51298571330785936, 0.12758946475802732], [0.10978458920334491, 0.35941379635053472, 0.355956869140207, 0.12035649855401814, 0.054488246751895043]],
	"estimated_matrix":	[[0.039020556842109658, 0.63377890500908352, 0.10004390007858276, 0.050404980827446245, 0.17675165724277783], [0.010480869386723352, 0.13054713241253629, 0.19729851199419571, 0.57616614258058541, 0.085507343625959228], [0.11010500707286985, 0.35737427525133464, 0.360573508580306, 0.0966865142889412, 0.075260694806548248]],
	"log_likelihood":	[-257.14734786817587, -181.05702995144017, -145.56463866652584, -125.30096846164236, -113.5838148062889, -106.77427897155756, -102.86528103100827, -100.6826625803929, -99.522780773900664, -98.9595701416864, -98.735336341591335, -98.695729531981328]
}
