{
	"input_file":	"/Users/daniel/ecological-inference-elections/instances/J100_M50_G3_I5_L50_seed20.json",
	"method":	"MVN PDF",
	"convergence_threshold":	0.001,
	"iterations_made":	13,
	"max_iterations":	10000,
	"time_taken":	0.007075,
	"ground_truth_matrix":	[[0.12464155160427713, 0.320365700211782, 0.31211881819805165, 0.23773827434383188, 0.0051356556420572141], [0.32050330871114646, 0.129607407316133, 0.19904243955549125, 0.29216240134150717, 0.058684443075721966], [0.048862291507300849, 0.19490249288206324, 0.23484758945089862, 0.29193992606900426, 0.22944770009073309]],
	"estimated_matrix":	[[0.15008751392706171, 0.3163847271135, 0.28590719012085658, 0.22406728504621676, 0.023553283792364849], [0.292996101766703, 0.14553900344385809, 0.234650572424341, 0.2747575900868825, 0.052056732278215327], [0.03465485819117075, 0.18687105558330241, 0.2242142150957204, 0.32729175091106022, 0.22696812021874618]],
	"log_likelihood":	[-150.17663273867649, -115.95224314873531, -101.77252336166605, -93.6576819166458, -89.0343808118356, -86.3750463224263, -84.841956548132, -83.962542433029355, -83.4658327894002, -83.1944173588301, -83.0558818413439, -82.9954957457987, -82.9806187756064]
}
