{
	"input_file":	"/Users/daniel/ecological-inference-elections/instances/J100_M50_G3_I5_L50_seed8.json",
	"method":	"MVN PDF",
	"convergence_threshold":	0.001,
	"iterations_made":	15,
	"max_iterations":	10000,
	"time_taken":	0.008832656,
	"ground_truth_matrix":	[[0.2408528232864513, 0.40306838613139045, 0.23701786113606288, 0.088191672404500154, 0.030869257041595231], [0.0046235208136498141, 0.22703348683302479, 0.20759874477234228, 0.29826212688429032, 0.26248212069669274], [0.15472836613195357, 0.14965678117547959, 0.27316305159423143, 0.23789096581818792, 0.18456083528014738]],
	"estimated_matrix":	[[0.23225106078419963, 0.420407921533959, 0.2365119080767899, 0.059753895963227048, 0.051075213641824331], [0.0202454055046686, 0.24658804288424149, 0.18341308108094989, 0.3158982958338894, 0.23385517469625058], [0.13897623560901343, 0.15420238618313245, 0.29867930428784889, 0.2300152260185313, 0.178126847901474]]
}
