{
	"input_file":	"/Users/daniel/ecological-inference-elections/instances/J100_M50_G3_I5_L50_seed9.json",
	"method":	"MVN PDF",
	"convergence_threshold":	0.001,
	"iterations_made":	10,
	"max_iterations":	10000,
	"time_taken":	0.008292,
	"ground_truth_matrix":	[[0.0061742133612349686, 0.4126093070211917, 0.40540148941948045, 0.085063495583889731, 0.090751494614203052], [0.15553306732402988, 0.34192357446845528, 0.17983804603115919, 0.055375461920108081, 0.26732985025624767], [0.027870328380781784, 0.32205400604816126, 0.460581980701258, 0.0060366687454068944, 0.18345701612439208]],
	"estimated_matrix":	[[0.025837736549215392, 0.38246781414321135, 0.43751093862700435, 0.082034605195322824, 0.072148905485246162], [0.13581951246386853, 0.35472116647940966, 0.20421802080554946, 0.045741539204632052, 0.25949976104654027], [0.016640521887949219, 0.35322796880513951, 0.42427964203363344, 0.011543826145255459, 0.19430804112802239]],
	"log_likelihood":	[-126.70825835364415, -101.36019748483197, -90.70390016722007, -84.500207274935534, -81.020872007415448, -79.098019632481268, -78.076484479773342, -77.57588509435034, -77.373327506088842, -77.337566445016677]
}
