{
	"input_file":	"/Users/daniel/ecological-inference-elections/instances/J100_M50_G3_I5_L50_seed3.json",
	"method":	"MVN PDF",
	"convergence_threshold":	0.001,
	"iterations_made":	13,
	"max_iterations":	10000,
	"time_taken":	0.009261,
	"ground_truth_matrix":	[[0.15028701708190306, 0.2312679172167543, 0.064556558588510629, 0.13427919500392829, 0.41960931210890373], [0.69371710750865156, 0.041081001690991485, 0.0710920028043775, 0.016174863536975309, 0.17793502445900408], [0.0096528152078873657, 0.19423600165890281, 0.33332108255790721, 0.10387615586913534, 0.35891394470616728]],
	"estimated_matrix":	[[0.138248705342891, 0.22563059850227665, 0.0760631855658013, 0.1408185358058438, 0.41923897478318722], [0.676639521698687, 0.045449096618826457, 0.0690487567069489, 0.017774244858703846, 0.19108838011683349], [0.020178404783681179, 0.20214821648157522, 0.34223871644940257, 0.098703892231028, 0.336730770054313]],
	"log_likelihood":	[-265.26214361584556, -187.13466927571514, -150.97170231094705, -130.29193272939716, -118.18649115084608, -111.04206661799672, -106.84802381144654, -104.4243208327061, -103.06063263078762, -102.32616065907368, -101.96056791347655, -101.80793476934373, -101.77585878959864]
}
