{
	"input_file":	"/Users/daniel/ecological-inference-elections/instances/J100_M50_G3_I5_L50_seed13.json",
	"method":	"MVN PDF",
	"convergence_threshold":	0.001,
	"iterations_made":	15,
	"max_iterations":	10000,
	"time_taken":	0.010758462,
	"ground_truth_matrix":	[[0.14341670775059129, 0.0258659307785686, 0.16584060853400148, 0.321794336217292, 0.34308241671954659], [0.11305586418501984, 0.17575267345451986, 0.27958507014032441, 0.19203123202957184, 0.23957516019056416], [0.01246011878013732, 0.1238368048144796, 0.021064693941961567, 0.679632988071014, 0.16300539439240769]],
	"estimated_matrix":	[[0.14557737943494869, 0.033826775181727255, 0.1885478092146817, 0.3154049068395714, 0.316643129329071], [0.10225754275656626, 0.15553832456360658, 0.29256896376037711, 0.22073722189572106, 0.228897947023729], [0.021797677709935705, 0.10308439467821384, 0.01829281197493441, 0.66281315330917767, 0.19401196232773832]]
}
