{
	"input_file":	"/Users/daniel/ecological-inference-elections/instances/J100_M50_G4_I10_L50_seed15.json",
	"method":	"MVN PDF",
	"convergence_threshold":	0.001,
	"iterations_made":	16,
	"max_iterations":	10000,
	"time_taken":	0.02392,
	"ground_truth_matrix":	[[0.39339948770115563, 0.041042950092062262, 0.011639288492786368, 0.093430808791668, 0.067078035960545859, 0.157217266005475, 0.0760380442620253, 0.0756051191039522, 0.02467344936176653, 0.059875550228563078], [0.2953606482247047, 0.036288091571448439, 0.14966549434619961, 0.23753843791970947, 0.19467365456822786, 0.027970400863696843, 0.021652015798033372, 0.00565896413313319, 0.00475841081323897, 0.0264338817616074], [0.4551716897329145, 0.032506860223525939, 0.099599876553778, 0.044701146428546813, 0.049670784992480038, 0.20217060418700536, 0.00807758594348576, 0.043600597580280752, 0.010636544040331203, 0.053864310317651654], [0.052571421830119418, 0.11419191992446751, 0.16211882632878732, 0.067048666787579, 0.144369323587347, 0.1523146549010575, 0.08060745680876423, 0.0763970285101682, 0.0732510321786754, 0.077129669143034332]],
	"estimated_matrix":	[[0.368821201770265, 0.036693279928626234, 0.015544091759898057, 0.070923254365214058, 0.052445903015799, 0.16349510344762178, 0.09974616957391054, 0.08920527655237, 0.025704714636225607, 0.077421004950069733], [0.300120688209731, 0.029312752530050546, 0.15479830031821645, 0.24520502645277292, 0.17167168956183745, 0.043463920610646925, 0.027526698700881116, 0.0090577407120482831, 0.00098674159746540567, 0.017856441306349821], [0.45449713510645817, 0.035542001031298079, 0.11942001274382229, 0.057104028385407131, 0.071100642719981025, 0.16615674470864086, 0.001154004603094675, 0.023098310230236022, 0.01447132852996684, 0.057455791941094868], [0.0632378381374988, 0.11570356167346259, 0.17256002571041376, 0.046802954735131463, 0.16827706596810041, 0.153165091347484, 0.047652940080368862, 0.0812480733468653, 0.064049237210790977, 0.0873032117898839]],
	"log_likelihood":	[-358.59061717910959, -292.4071378823383, -263.49923659249731, -246.44246018948652, -236.48134002336869, -230.47486658475106, -226.81170873154795, -224.56035853157769, -223.17266601174188, -222.31841910471226, -221.79617432116, -221.48183210408888, -221.29832779352932, -221.1974470919692, -221.14880364721128, -221.13310671173653]
}
