{
	"input_file":	"/Users/daniel/ecological-inference-elections/instances/J100_M50_G4_I10_L50_seed9.json",
	"method":	"MVN PDF",
	"convergence_threshold":	0.001,
	"iterations_made":	12,
	"max_iterations":	10000,
	"time_taken":	0.022374534,
	"ground_truth_matrix":	[[0.0031845878535814529, 0.21281910917822938, 0.20910140020993273, 0.043874767354241673, 0.046808571478480061, 0.075310909771104, 0.16556334873637976, 0.0870796615220599, 0.026813439019434428, 0.12944420487655667], [0.0142710070749783, 0.16490781651527461, 0.23584109291398292, 0.0030910774066948976, 0.093939200833778158, 0.066516745753404521, 0.17855868802116745, 0.085985088518246378, 0.0620822392605847, 0.0948070437018881], [0.029749867779614324, 0.072198273449989248, 0.10609433568271461, 0.038165718905451625, 0.17185928702530912, 0.099157362908030441, 0.24942287516209627, 0.011319994990374232, 0.044833360092397113, 0.177198924004023], [0.0752028946487588, 0.14144413173079354, 0.25355459418123122, 0.014719976569851292, 0.0199782340187023, 0.14823323769446353, 0.1697994559674898, 0.10184511376430988, 0.030556255175655311, 0.044666106248744418]],
	"estimated_matrix":	[[0.0015613451936148872, 0.19608464791901914, 0.20488391418846544, 0.041667035617998442, 0.053934793441904466, 0.086366352176999645, 0.1838696809277609, 0.081782733797014978, 0.028435970462150961, 0.12141352627507111], [0.010306625750337752, 0.17305785864402096, 0.25260579598131916, 0.0026971207010076407, 0.0978844673583631, 0.069836222771520171, 0.15441817336154409, 0.076862917048663826, 0.076006892138028456, 0.0863239262451948], [0.037926879318401621, 0.058481994595928267, 0.0970476807575301, 0.046336622130614159, 0.14802950077652635, 0.093013192683579229, 0.29464668699320545, 0.020303649419299536, 0.0458109985798387, 0.15840279474507654], [0.067159243665419, 0.15671642296704386, 0.2838395816151762, 0.01360434953348952, 0.021676661927231385, 0.14819242018860351, 0.14205687237267553, 0.087972007117165033, 0.034752778316325, 0.044029662296870963]],
	"log_likelihood":	[-290.25970559472324, -245.39218935644053, -230.67711958636755, -221.50173272449848, -216.63698142930676, -213.923805531357, -212.44268829669289, -211.6483863876237, -211.24108212843441, -211.04994059206641, -210.97773254303186, -210.96896928430527]
}
