{
	"input_file":	"/Users/daniel/ecological-inference-elections/instances/J100_M50_G4_I2_L50_seed7.json",
	"method":	"MVN PDF",
	"convergence_threshold":	0.001,
	"iterations_made":	14,
	"max_iterations":	10000,
	"time_taken":	0.009354,
	"ground_truth_matrix":	[[0.049824327768858021, 0.950175672231142], [0.30980548916967027, 0.69019451083032979], [0.831514501677034, 0.16848549832296594], [0.90290621666010051, 0.0970937833398996]],
	"estimated_matrix":	[[0.054726130826539085, 0.94527386917346079], [0.36188560121673363, 0.63811439878326637], [0.823532114758209, 0.176467885241791], [0.882806440635578, 0.11719355936442205]],
	"log_likelihood":	[-174.85283923221681, -117.66228547427643, -83.4046828843009, -61.371467320318139, -46.754505197115854, -36.966301143730888, -30.442113001741149, -26.158394027786319, -23.412404441810953, -21.710285205621606, -20.703677274678494, -20.149285159598328, -19.88027805026038, -19.784848699312]
}
