{
	"input_file":	"/Users/daniel/ecological-inference-elections/instances/J100_M50_G4_I2_L50_seed17.json",
	"method":	"MVN PDF",
	"convergence_threshold":	0.001,
	"iterations_made":	15,
	"max_iterations":	10000,
	"time_taken":	0.008268757,
	"ground_truth_matrix":	[[0.315810458607232, 0.684189541392768], [0.751461243773324, 0.24853875622667579], [0.59147354310544265, 0.40852645689455724], [0.542124295753378, 0.45787570424662188]],
	"estimated_matrix":	[[0.30508921593612248, 0.69491078406387741], [0.77652752369009, 0.22347247630991], [0.60431651533998831, 0.3956834846600118], [0.50466806332412839, 0.49533193667587155]]
}
