{
	"input_file":	"/Users/daniel/ecological-inference-elections/instances/J100_M50_G4_I2_L50_seed7.json",
	"method":	"MVN PDF",
	"convergence_threshold":	0.001,
	"iterations_made":	20,
	"max_iterations":	10000,
	"time_taken":	0.011514252,
	"ground_truth_matrix":	[[0.049824327768858021, 0.950175672231142], [0.30980548916967027, 0.69019451083032979], [0.831514501677034, 0.16848549832296594], [0.90290621666010051, 0.0970937833398996]],
	"estimated_matrix":	[[0.0459496786549149, 0.954050321345085], [0.36037445585835132, 0.63962554414164874], [0.826091351482496, 0.17390864851750393], [0.89062840033671054, 0.10937159966328948]]
}
