{
	"input_file":	"/Users/daniel/ecological-inference-elections/instances/J100_M50_G4_I2_L50_seed11.json",
	"method":	"MVN PDF",
	"convergence_threshold":	0.001,
	"iterations_made":	22,
	"max_iterations":	10000,
	"time_taken":	0.013916000000000003,
	"ground_truth_matrix":	[[0.90996736531017963, 0.0900326346898204], [0.3252452051574129, 0.674754794842587], [0.45066551343952227, 0.54933448656047779], [0.018886815503540464, 0.98111318449645957]],
	"estimated_matrix":	[[0.90621692852674152, 0.0937830714732585], [0.288648520334347, 0.711351479665653], [0.47935192938033344, 0.52064807061966645], [0.01796290430914399, 0.982037095690856]],
	"log_likelihood":	[-161.604910496703, -112.46722729056131, -83.7717334202689, -65.324772317641475, -52.96242945685254, -44.496751937613318, -38.6394699814663, -34.572527214308771, -31.750145658488865, -29.797129020915591, -28.45142937982417, -27.528885135565542, -26.900049683996567, -26.474225426239848, -26.1881628602699, -25.997975849519758, -25.873356607206947, -25.793458570764965, -25.743988794869129, -25.715171018367975, -25.700329211649787, -25.694908796474458]
}
