{
	"input_file":	"/Users/daniel/ecological-inference-elections/instances/J100_M50_G4_I2_L50_seed4.json",
	"method":	"MVN PDF",
	"convergence_threshold":	0.001,
	"iterations_made":	13,
	"max_iterations":	10000,
	"time_taken":	0.008879255,
	"ground_truth_matrix":	[[0.81154224282326637, 0.1884577571767336], [0.74157729251795246, 0.25842270748204754], [0.830917484555137, 0.16908251544486275], [0.99833226868005676, 0.0016677313199432154]],
	"estimated_matrix":	[[0.81330205471350925, 0.18669794528649067], [0.74695301035009176, 0.25304698964990818], [0.84055326729999924, 0.15944673270000081], [0.96339109251080235, 0.036608907489197741]]
}
