{
	"input_file":	"/Users/daniel/ecological-inference-elections/instances/J100_M50_G4_I2_L50_seed13.json",
	"method":	"MVN PDF",
	"convergence_threshold":	0.001,
	"iterations_made":	12,
	"max_iterations":	10000,
	"time_taken":	0.004646,
	"ground_truth_matrix":	[[0.84720269601591158, 0.15279730398408845], [0.34009172295595952, 0.65990827704404054], [0.856207255811948, 0.14379274418805191], [0.38598309919790691, 0.614016900802093]],
	"estimated_matrix":	[[0.874630792130173, 0.125369207869827], [0.33004594094867978, 0.66995405905132], [0.8400396655716833, 0.15996033442831675], [0.37052209325942809, 0.629477906740572]],
	"log_likelihood":	[-118.249631841229, -81.022840877607933, -59.685536948902367, -46.587203194400949, -38.487145559127718, -33.522545929403158, -30.54181669094605, -28.808424025525284, -27.84659842264324, -27.350688777605807, -27.127247756367133, -27.056383870250169]
}
