{
	"input_file":	"/Users/daniel/ecological-inference-elections/instances/J100_M50_G4_I2_L50_seed18.json",
	"method":	"MVN PDF",
	"convergence_threshold":	0.001,
	"iterations_made":	21,
	"max_iterations":	10000,
	"time_taken":	0.010055178,
	"ground_truth_matrix":	[[0.598796857472177, 0.40120314252782313], [0.913094360419019, 0.086905639580980923], [0.57961290670290522, 0.42038709329709484], [0.19903834610714546, 0.80096165389285456]],
	"estimated_matrix":	[[0.608427848613162, 0.39157215138683826], [0.94382043264803228, 0.056179567351967524], [0.582033225024747, 0.417966774975253], [0.21322523003176969, 0.78677476996823026]]
}
