{
	"input_file":	"/Users/daniel/ecological-inference-elections/instances/J100_M50_G4_I2_L50_seed5.json",
	"method":	"MVN PDF",
	"convergence_threshold":	0.001,
	"iterations_made":	15,
	"max_iterations":	10000,
	"time_taken":	0.008155368,
	"ground_truth_matrix":	[[0.1092869023075165, 0.89071309769248352], [0.084514668368276855, 0.91548533163172319], [0.41466565027429875, 0.585334349725701], [0.66524382271665439, 0.33475617728334578]],
	"estimated_matrix":	[[0.0931013403098993, 0.90689865969010064], [0.0801786194574953, 0.91982138054250462], [0.4254676903193762, 0.57453230968062374], [0.644657351095996, 0.35534264890400413]]
}
