{
	"input_file":	"/Users/daniel/ecological-inference-elections/instances/J100_M50_G4_I2_L50_seed13.json",
	"method":	"MVN PDF",
	"convergence_threshold":	0.001,
	"iterations_made":	16,
	"max_iterations":	10000,
	"time_taken":	0.010094344,
	"ground_truth_matrix":	[[0.84720269601591158, 0.15279730398408845], [0.34009172295595952, 0.65990827704404054], [0.856207255811948, 0.14379274418805191], [0.38598309919790691, 0.614016900802093]],
	"estimated_matrix":	[[0.87901544518756158, 0.12098455481243853], [0.3250883929978628, 0.674911607002137], [0.84516008197463433, 0.15483991802536579], [0.36598884053521386, 0.634011159464786]]
}
