{
	"input_file":	"/Users/daniel/ecological-inference-elections/instances/J100_M50_G4_I2_L50_seed3.json",
	"method":	"MVN PDF",
	"convergence_threshold":	0.001,
	"iterations_made":	9,
	"max_iterations":	10000,
	"time_taken":	0.005603554,
	"ground_truth_matrix":	[[0.39388041818446978, 0.60611958181553], [0.32467278858124587, 0.675327211418754], [0.49647207203009674, 0.50352792796990342], [0.3662289503236717, 0.63377104967632825]],
	"estimated_matrix":	[[0.40517380453191226, 0.59482619546808779], [0.35769163861033537, 0.64230836138966463], [0.4479523243529866, 0.5520476756470134], [0.38285889540979556, 0.61714110459020421]]
}
