{
	"input_file":	"/Users/daniel/ecological-inference-elections/instances/J100_M50_G4_I2_L50_seed10.json",
	"method":	"MVN PDF",
	"convergence_threshold":	0.001,
	"iterations_made":	22,
	"max_iterations":	10000,
	"time_taken":	0.012651,
	"ground_truth_matrix":	[[0.98598621315062451, 0.014013786849375551], [0.42091152445267649, 0.57908847554732346], [0.73049207059464549, 0.26950792940535451], [0.13376829088294734, 0.86623170911705261]],
	"estimated_matrix":	[[0.98095902415321123, 0.01904097584678895], [0.42250807669947787, 0.577491923300522], [0.73953068888544427, 0.26046931111455579], [0.14243496176076026, 0.85756503823923969]],
	"log_likelihood":	[-154.7829575084063, -106.35256321350117, -78.0664490441544, -60.059200414106947, -48.179584520686618, -40.199357128661973, -34.7926120206751, -31.118067273576074, -28.620505607633554, -26.925292450965522, -25.776998266299135, -25.000967259402255, -24.4779354893888, -24.1267159684152, -23.892216707281779, -23.737134826815684, -23.636229086783821, -23.572401786568147, -23.534039812995307, -23.513222024762882, -23.504516147012772, -23.5041731486987]
}
