{
	"input_file":	"/Users/daniel/ecological-inference-elections/instances/J100_M50_G4_I3_L50_seed2.json",
	"method":	"MVN PDF",
	"convergence_threshold":	0.001,
	"iterations_made":	21,
	"max_iterations":	10000,
	"time_taken":	0.013295691,
	"ground_truth_matrix":	[[0.41002688019419109, 0.0188071163226876, 0.57116600348312141], [0.37652229212981631, 0.359301233438576, 0.26417647443160769], [0.14764526815067625, 0.622681621564415, 0.22967311028490894], [0.15258201494443627, 0.47714012095480163, 0.370277864100762]],
	"estimated_matrix":	[[0.41937969758853638, 0.044315679890191466, 0.536304622521272], [0.388840609035148, 0.33454450511474415, 0.27661488585010785], [0.14011412283069552, 0.598709946511647, 0.26117593065765743], [0.16763233842712863, 0.500957648774094, 0.33141001279877746]]
}
