{
	"input_file":	"/Users/daniel/ecological-inference-elections/instances/J100_M50_G4_I3_L50_seed14.json",
	"method":	"MVN PDF",
	"convergence_threshold":	0.001,
	"iterations_made":	18,
	"max_iterations":	10000,
	"time_taken":	0.015304464,
	"ground_truth_matrix":	[[0.16980903280015061, 0.34919148198550209, 0.48099948521434727], [0.0022826956347437562, 0.10472826176811086, 0.89298904259714529], [0.38331171056814639, 0.20405281529085445, 0.41263547414099916], [0.10819096507086004, 0.71055994962537883, 0.18124908530376127]],
	"estimated_matrix":	[[0.17572089035562563, 0.40657629677727752, 0.41770281286709687], [0.0071182814251617319, 0.095695427752447743, 0.89718629082239054], [0.38413204727453037, 0.19517901164414575, 0.42068894108132387], [0.089793121211305824, 0.67615042348657739, 0.23405645530211677]]
}
