{
	"input_file":	"/Users/daniel/ecological-inference-elections/instances/J100_M50_G4_I3_L50_seed7.json",
	"method":	"MVN PDF",
	"convergence_threshold":	0.001,
	"iterations_made":	20,
	"max_iterations":	10000,
	"time_taken":	0.009229676,
	"ground_truth_matrix":	[[0.036577241285230634, 0.697546888897068, 0.26587586981770139], [0.21879765890019268, 0.6495810753685386, 0.13162126573126864], [0.64224846952680181, 0.069064020825201869, 0.28868750964799622], [0.20036480098911963, 0.32878764303571356, 0.47084755597516686]],
	"estimated_matrix":	[[0.048886276559430161, 0.716922106503298, 0.23419161693727181], [0.260322731184379, 0.6167075321882034, 0.12296973662741761], [0.57835403941017, 0.0771581657224022, 0.344487794867428], [0.23329497741792266, 0.31785779506422313, 0.44884722751785416]]
}
