{
	"input_file":	"/Users/daniel/ecological-inference-elections/instances/J100_M50_G4_I3_L50_seed5.json",
	"method":	"MVN PDF",
	"convergence_threshold":	0.001,
	"iterations_made":	18,
	"max_iterations":	10000,
	"time_taken":	0.012653648,
	"ground_truth_matrix":	[[0.099277505208629477, 0.80913423592827161, 0.0915882588630989], [0.608148478297384, 0.16248736605778868, 0.22936415564482709], [0.57283457335997, 0.28825508098764524, 0.13891034565238466], [0.12730387889618566, 0.0515479245040332, 0.82114819659978122]],
	"estimated_matrix":	[[0.10798245177515596, 0.82031681126289646, 0.071700736961947675], [0.60003073785453154, 0.14193663753122773, 0.25803262461424081], [0.56784533454317376, 0.321958719909613, 0.11019594554721315], [0.11695468477897041, 0.042565625518719848, 0.8404796897023098]]
}
