{
	"input_file":	"/Users/daniel/ecological-inference-elections/instances/J100_M50_G4_I3_L50_seed18.json",
	"method":	"MVN PDF",
	"convergence_threshold":	0.001,
	"iterations_made":	23,
	"max_iterations":	10000,
	"time_taken":	0.013882205,
	"ground_truth_matrix":	[[0.2719923306744691, 0.18223906229356635, 0.54576860703196461], [0.0573478133834925, 0.54637337389464335, 0.39627881272186422], [0.18885986669153693, 0.76000184958232464, 0.051138283726138462], [0.0098407100454399737, 0.34608044948750466, 0.64407884046705544]],
	"estimated_matrix":	[[0.26177772392470677, 0.20094370616345222, 0.537278569911841], [0.075931154494898845, 0.54458532759820677, 0.37948351790689439], [0.18294294391347052, 0.76571220018999264, 0.051344855896536888], [0.00556495922019124, 0.34701878637606182, 0.647416254403747]],
	"log_likelihood":	[-140.94815678830287, -100.27695725625827, -78.798355313516552, -65.420094840595738, -56.820087728371774, -51.1386433610505, -47.309735007861782, -44.688040439322464, -42.868781724458778, -41.5915217281856, -40.685454369201885, -40.036808345158022, -39.568773225521049, -39.228843793267778, -38.980702304368712, -38.79893994878892, -38.665583850519361, -38.567786876563964, -38.496274441311414, -38.4442890775546, -38.406865549897375, -38.380327652897051, -38.36193519308425]
}
