{
	"input_file":	"/Users/daniel/ecological-inference-elections/instances/J100_M50_G4_I3_L50_seed11.json",
	"method":	"MVN PDF",
	"convergence_threshold":	0.001,
	"iterations_made":	23,
	"max_iterations":	10000,
	"time_taken":	0.022213396,
	"ground_truth_matrix":	[[0.23647057945119962, 0.02339651959646144, 0.740132900952339], [0.516247965232227, 0.218010359126032, 0.265741675641741], [0.0036490791266723327, 0.1895586707975162, 0.80679225007581146], [0.571859638491515, 0.3935376285596176, 0.03460273294886753]],
	"estimated_matrix":	[[0.23435281083384149, 0.022923960513974835, 0.74272322865218376], [0.48787715298334422, 0.22448556854308935, 0.28763727847356657], [0.010436128739107533, 0.19880532713203367, 0.79075854412885871], [0.562169080607758, 0.390403171675277, 0.04742774771696498]],
	"log_likelihood":	[-199.20720639871141, -150.31884583154687, -120.24088074054232, -100.48719106123664, -87.0115107688399, -77.610087713292131, -70.960685930100226, -66.2162962573226, -62.810038846838573, -60.351913227290837, -58.569260737962146, -57.2698050031443, -56.317349391202143, -55.615166614437136, -55.094398532254651, -54.705880992742955, -54.4143722453514, -54.194484190199042, -54.027819804574349, -53.900961293629173, -53.804055332186728, -53.729815851566038, -53.672818336530121]
}
