{
	"input_file":	"/Users/daniel/ecological-inference-elections/instances/J100_M50_G4_I3_L50_seed9.json",
	"method":	"MVN PDF",
	"convergence_threshold":	0.001,
	"iterations_made":	22,
	"max_iterations":	10000,
	"time_taken":	0.011489548,
	"ground_truth_matrix":	[[0.0074912953861159658, 0.50062704625065, 0.491881658363234], [0.26431498514720508, 0.28198911632292084, 0.45369589852987391], [0.5924477648098716, 0.31160369262214915, 0.095948542567979231], [0.15614525105695157, 0.067210269891934848, 0.77664447905111356]],
	"estimated_matrix":	[[0.012565131457326809, 0.49127613217666266, 0.49615873636601054], [0.278318016748454, 0.30271834148426324, 0.41896364176728285], [0.603999757129337, 0.31137029267857214, 0.084629950192091047], [0.14576606924684254, 0.052800495751200632, 0.80143343500195674]]
}
