{
	"input_file":	"/Users/daniel/ecological-inference-elections/instances/J100_M50_G4_I3_L50_seed6.json",
	"method":	"MVN PDF",
	"convergence_threshold":	0.001,
	"iterations_made":	19,
	"max_iterations":	10000,
	"time_taken":	0.016546,
	"ground_truth_matrix":	[[0.51245014925241528, 0.092558832078787248, 0.39499101866879749], [0.040161431888498515, 0.10740706609794944, 0.852431502013552], [0.44236998957946888, 0.31811750394858568, 0.23951250647194552], [0.33802985598643381, 0.20002946033186392, 0.46194068368170238]],
	"estimated_matrix":	[[0.5572206993090042, 0.0762013660334842, 0.36657793465751165], [0.037059645920714035, 0.10858393588807355, 0.85435641819121233], [0.39897706555049051, 0.35018513393670631, 0.25083780051280313], [0.31809673038837433, 0.160196686909409, 0.52170658270221659]],
	"log_likelihood":	[-138.16162315590677, -97.370817955230962, -76.3875577863012, -64.5572833849619, -57.637366770003041, -53.4943970127287, -50.975040351640786, -49.4252499801361, -48.462678527417943, -47.859578506315138, -47.478693699280171, -47.236624106923962, -47.0823258254277, -46.9843056489093, -46.922937835981628, -46.8858375938621, -46.86506866845825, -46.855453357411086, -46.853545492958]
}
