{
	"input_file":	"/Users/daniel/ecological-inference-elections/instances/J100_M50_G4_I3_L50_seed16.json",
	"method":	"MVN PDF",
	"convergence_threshold":	0.001,
	"iterations_made":	13,
	"max_iterations":	10000,
	"time_taken":	0.010826,
	"ground_truth_matrix":	[[0.14090457732224396, 0.41296232609275713, 0.44613309658499889], [0.062522697791787138, 0.599349633264765, 0.3381276689434477], [0.82257953957974517, 0.12602514504674908, 0.0513953153735057], [0.7565924537553117, 0.22170157285653438, 0.021705973388153763]],
	"estimated_matrix":	[[0.15149396185601838, 0.38797891626725944, 0.460527121876722], [0.063835866787002371, 0.63416334775969951, 0.30200078545329817], [0.828690685584905, 0.13147257675307136, 0.039836737662023447], [0.729826311997534, 0.22513151029740941, 0.045042177705056689]],
	"log_likelihood":	[-221.96024329984027, -153.43052885322135, -115.57583956064582, -92.1457571563852, -77.1059211310517, -67.330915295561525, -61.0150061262243, -57.017197415803757, -54.5732894073692, -53.15623744003247, -52.400754058497839, -52.0568916266424, -51.957742493923043]
}
