{
	"input_file":	"/Users/daniel/ecological-inference-elections/instances/J100_M50_G4_I3_L50_seed13.json",
	"method":	"MVN PDF",
	"convergence_threshold":	0.001,
	"iterations_made":	19,
	"max_iterations":	10000,
	"time_taken":	0.014780633,
	"ground_truth_matrix":	[[0.42795213106645874, 0.0771833377876456, 0.49486453114589557], [0.44539345432817962, 0.47485814852501324, 0.0797483971468072], [0.27148763699248735, 0.431879006667955, 0.29663335633955767], [0.76643654146817553, 0.0213521212310118, 0.2122113373008129]],
	"estimated_matrix":	[[0.45014105303061014, 0.080572828085120771, 0.46928611888426913], [0.47207214997432256, 0.43700180266272337, 0.090926047362953927], [0.23393111618559642, 0.453007214805672, 0.31306166900873167], [0.76386901980924, 0.030411564035114809, 0.205719416155645]]
}
