{
	"input_file":	"/Users/daniel/ecological-inference-elections/instances/J100_M50_G4_I3_L50_seed13.json",
	"method":	"MVN PDF",
	"convergence_threshold":	0.001,
	"iterations_made":	15,
	"max_iterations":	10000,
	"time_taken":	0.01624,
	"ground_truth_matrix":	[[0.42795213106645874, 0.0771833377876456, 0.49486453114589557], [0.44539345432817962, 0.47485814852501324, 0.0797483971468072], [0.27148763699248735, 0.431879006667955, 0.29663335633955767], [0.76643654146817553, 0.0213521212310118, 0.2122113373008129]],
	"estimated_matrix":	[[0.44989822360038384, 0.0814444997533864, 0.46865727664622986], [0.47194477293771259, 0.43343770000637832, 0.0946175270559091], [0.23660744484581392, 0.45127369317774746, 0.31211886197643862], [0.76151457060426875, 0.034848686794442939, 0.20363674260128811]],
	"log_likelihood":	[-152.75790312192305, -108.28211525024582, -86.230089777199737, -73.5782228133951, -66.1149795486918, -61.639555788709067, -58.933006659331134, -57.2926236542748, -56.3026968096551, -55.712861807102222, -55.3703206848927, -55.180851697994228, -55.085878396382547, -55.048758763427436, -55.046477218864844]
}
