{
	"input_file":	"/Users/daniel/ecological-inference-elections/instances/J100_M50_G4_I3_L50_seed17.json",
	"method":	"MVN PDF",
	"convergence_threshold":	0.001,
	"iterations_made":	13,
	"max_iterations":	10000,
	"time_taken":	0.013252,
	"ground_truth_matrix":	[[0.26486681729550876, 0.573822371351404, 0.16131081135308734], [0.026190298800185041, 0.575982674279107, 0.397827026920708], [0.53082469934270038, 0.44833211672477563, 0.020843183932523809], [0.12958245300864712, 0.85229935197772044, 0.018118195013632533]],
	"estimated_matrix":	[[0.25839301535517789, 0.60274283501150761, 0.13886414963331453], [0.046771968292319763, 0.54628747588624527, 0.406940555821435], [0.52213633476456378, 0.45058307028038252, 0.027280594955053812], [0.13061432739714676, 0.841165220094131, 0.028220452508722262]],
	"log_likelihood":	[-162.518906029699, -95.9930897043361, -71.7515964507583, -58.803088190039524, -51.755288139773349, -47.837871018311624, -45.637716307394747, -44.401426097922631, -43.715375507153659, -43.347510225181445, -43.165323200423664, -43.091952697989313, -43.082159213913926]
}
