{
	"input_file":	"/Users/daniel/ecological-inference-elections/instances/J100_M50_G4_I3_L50_seed18.json",
	"method":	"MVN PDF",
	"convergence_threshold":	0.001,
	"iterations_made":	23,
	"max_iterations":	10000,
	"time_taken":	0.017061206,
	"ground_truth_matrix":	[[0.2719923306744691, 0.18223906229356635, 0.54576860703196461], [0.0573478133834925, 0.54637337389464335, 0.39627881272186422], [0.18885986669153693, 0.76000184958232464, 0.051138283726138462], [0.0098407100454399737, 0.34608044948750466, 0.64407884046705544]],
	"estimated_matrix":	[[0.26177772392470677, 0.20094370616345225, 0.537278569911841], [0.075931154494898873, 0.54458532759820677, 0.37948351790689433], [0.18294294391347052, 0.76571220018999264, 0.051344855896536888], [0.0055649592201912372, 0.34701878637606187, 0.647416254403747]]
}
