{
	"input_file":	"/Users/daniel/ecological-inference-elections/instances/J100_M50_G4_I4_L50_seed3.json",
	"method":	"MVN PDF",
	"convergence_threshold":	0.001,
	"iterations_made":	16,
	"max_iterations":	10000,
	"time_taken":	0.013489,
	"ground_truth_matrix":	[[0.25894112400042968, 0.39846937940559979, 0.11122948719780965, 0.23136000939616086], [0.4590928673412436, 0.46561749041159473, 0.027573246650422822, 0.047716395596738945], [0.041449596854558513, 0.45597510070313158, 0.023793686172073253, 0.47878161627023669], [0.30848028608836, 0.0961347720173177, 0.332165836899397, 0.26321910499492518]],
	"estimated_matrix":	[[0.24399668937433155, 0.40881583098568741, 0.14604905371766572, 0.20113842592231526], [0.464824560178011, 0.45175170428516231, 0.018783933741992984, 0.0646398017948337], [0.042378744935373525, 0.4571206661238697, 0.032002961899948341, 0.46849762704080838], [0.30323615408384574, 0.10962130315485413, 0.30680949757386339, 0.28033304518743679]],
	"log_likelihood":	[-184.88519481708346, -131.89563674861455, -106.5866246510316, -91.541945168902672, -82.268663455620754, -76.3987048774798, -72.624455128795276, -70.177394972134834, -68.5868656504744, -67.556329726116843, -66.8951164628132, -66.4787452447713, -66.224989833892536, -66.0790439803915, -66.0041353397789, -65.9754856474167]
}
