{
	"input_file":	"/Users/daniel/ecological-inference-elections/instances/J100_M50_G4_I4_L50_seed12.json",
	"method":	"MVN PDF",
	"convergence_threshold":	0.001,
	"iterations_made":	16,
	"max_iterations":	10000,
	"time_taken":	0.01811,
	"ground_truth_matrix":	[[0.064811871434951526, 0.52152885323862519, 0.11829638888251422, 0.2953628864439089], [0.0030156831164753, 0.515584843486113, 0.47441747954048219, 0.00698199385692937], [0.69001613232409476, 0.032376006581974162, 0.073235027922700938, 0.2043728331712302], [0.52094648144142852, 0.345716149325363, 0.000408210294889534, 0.13292915893831883]],
	"estimated_matrix":	[[0.051500626539645836, 0.48676536458649466, 0.13074330507971821, 0.33099070379414119], [0.031987552397937158, 0.529596042282494, 0.42821838174187943, 0.010198023577689437], [0.70279741849001021, 0.066424780631527958, 0.0650061254344768, 0.165771675443985], [0.494736316203063, 0.3599657309461573, 0.00804689028845074, 0.13725106256232877]],
	"log_likelihood":	[-299.44491730545531, -201.49411037944753, -156.28802392873533, -129.87838610408349, -113.84418226237773, -103.88222574401195, -97.6491060520696, -93.759190308548625, -91.354122893889269, -89.8895384495535, -89.0173881021927, -88.5152798087398, -88.241785518011426, -88.107523247526629, -88.056375670133434, -88.053357156160828]
}
