{
	"input_file":	"/Users/daniel/ecological-inference-elections/instances/J100_M50_G4_I4_L50_seed8.json",
	"method":	"MVN PDF",
	"convergence_threshold":	0.001,
	"iterations_made":	19,
	"max_iterations":	10000,
	"time_taken":	0.015123672,
	"ground_truth_matrix":	[[0.248524592823477, 0.41590713024020765, 0.2445674774618472, 0.0910007994744682], [0.195642639627116, 0.0084665094920574734, 0.41573970330401455, 0.380151147576812], [0.24777481565370346, 0.21805134881656238, 0.27153704946869556, 0.26263678606103863], [0.34076211243970533, 0.29676132101110025, 0.23023370011666558, 0.13224286643252883]],
	"estimated_matrix":	[[0.26577402015902751, 0.416739054206163, 0.229961279595502, 0.0875256460393075], [0.19433134092122731, 0.027067616014145177, 0.41253239263609, 0.36606865042853753], [0.24206922507344125, 0.19643562826447786, 0.27012580712902756, 0.29136933953305322], [0.34845894147134726, 0.32695798957152655, 0.2389849488385393, 0.0855981201185869]]
}
