{
	"input_file":	"/Users/daniel/ecological-inference-elections/instances/J100_M50_G4_I4_L50_seed20.json",
	"method":	"MVN PDF",
	"convergence_threshold":	0.001,
	"iterations_made":	22,
	"max_iterations":	10000,
	"time_taken":	0.036611457999999937,
	"ground_truth_matrix":	[[0.12528497207799447, 0.32201948137817415, 0.31373002758429769, 0.23896551895953352], [0.015101828534048147, 0.48626910303626614, 0.19664095811027157, 0.301988110319414], [0.37325565430763752, 0.074973029032247326, 0.1106017466286246, 0.44116957003149054], [0.30820834115463464, 0.38313495378391749, 0.30112165593037288, 0.0075350491310749142]],
	"estimated_matrix":	[[0.10079522344429813, 0.35842426922052856, 0.30116048216990249, 0.23962002516527076], [0.031281076514948686, 0.52597586432733456, 0.15938995881267509, 0.28335310034504163], [0.36638038819095264, 0.054327802054669222, 0.094662773778069226, 0.48462903597630885], [0.31243831036015679, 0.319726968501658, 0.35240278590576846, 0.015431935232416731]],
	"log_likelihood":	[-180.96242654989479, -136.17163318547986, -110.70984608215802, -95.040396219269653, -85.1120501160661, -78.705505239139171, -74.5206738942698, -71.7616554830634, -69.9281189746577, -68.7004614475219, -67.8724542390259, -67.3100679523627, -66.9256616743079, -66.6615716452198, -66.4795948365332, -66.3542197828062, -66.2682556255799, -66.2100010588619, -66.1714039300888, -66.146859257751146, -66.1324196016582, -66.1252726189071]
}
