{
	"input_file":	"/Users/daniel/ecological-inference-elections/instances/J100_M50_G4_I4_L50_seed5.json",
	"method":	"MVN PDF",
	"convergence_threshold":	0.001,
	"iterations_made":	18,
	"max_iterations":	10000,
	"time_taken":	0.014073918,
	"ground_truth_matrix":	[[0.04983539454067374, 0.40616979444752377, 0.04597554104672593, 0.49801926996507662], [0.17642180632607257, 0.24903375337454553, 0.38221213978536139, 0.19233230051402056], [0.17736032732383658, 0.10472522126556412, 0.042405367741133453, 0.675509083669466], [0.18223419748820011, 0.053948911524286144, 0.66354524613560528, 0.1002716448519083]],
	"estimated_matrix":	[[0.045191459326393443, 0.38677809102103017, 0.056807846815664788, 0.51122260283691157], [0.157689310776104, 0.28253960857460564, 0.3685216881946905, 0.19124939245459985], [0.17977587832971928, 0.090347505910277778, 0.044702655238673047, 0.68517396052133], [0.17888755349610178, 0.0421606118144579, 0.66749403087195958, 0.11145780381748081]]
}
