{
	"input_file":	"/Users/daniel/ecological-inference-elections/instances/J100_M50_G4_I4_L50_seed14.json",
	"method":	"MVN PDF",
	"convergence_threshold":	0.001,
	"iterations_made":	21,
	"max_iterations":	10000,
	"time_taken":	0.014678525,
	"ground_truth_matrix":	[[0.16948671322645967, 0.34852867125185555, 0.48008648579103436, 0.0018981297306503366], [0.079987281299932059, 0.68202951659915934, 0.15530687378570474, 0.0826763283152038], [0.25105168191104937, 0.081029441322241033, 0.532172679173297, 0.13574619759341275], [0.3627498793244377, 0.0027605641290022972, 0.524015969214685, 0.1104735873318748]],
	"estimated_matrix":	[[0.17026270646524114, 0.38902430942395161, 0.43632433366504469, 0.0043886504457625675], [0.071565654592729525, 0.666743102187429, 0.19394547253320549, 0.0677457706866358], [0.24089432575294742, 0.0922008886672769, 0.554749449023262, 0.1121553365565137], [0.36164853362324284, 0.011051200581564318, 0.47940551374140572, 0.14789475205378713]]
}
