{
	"input_file":	"/Users/daniel/ecological-inference-elections/instances/J100_M50_G4_I4_L50_seed6.json",
	"method":	"MVN PDF",
	"convergence_threshold":	0.001,
	"iterations_made":	21,
	"max_iterations":	10000,
	"time_taken":	0.015829296,
	"ground_truth_matrix":	[[0.507491225944653, 0.091663150517557662, 0.39116873435159927, 0.00967688918619004], [0.049198308552667672, 0.39046023301512889, 0.32594651093818944, 0.23439494749401418], [0.12416321052879148, 0.29605898381257317, 0.17519316033671811, 0.40458464532191729], [0.10054693445790465, 0.11913033047675195, 0.14280407847917545, 0.637518656586168]],
	"estimated_matrix":	[[0.50685679908617831, 0.10130387792360449, 0.36509882101241031, 0.026740501977806985], [0.0493594570847996, 0.34914671880651571, 0.35326269686209621, 0.24823112724658841], [0.11254173022027053, 0.30804964463250534, 0.18566022393781331, 0.39374840120941079], [0.11217177268206062, 0.0972876597393274, 0.13868245381477179, 0.65185811376384017]]
}
