{
	"input_file":	"/Users/daniel/ecological-inference-elections/instances/J100_M50_G4_I5_L50_seed15.json",
	"method":	"MVN PDF",
	"convergence_threshold":	0.001,
	"iterations_made":	14,
	"max_iterations":	10000,
	"time_taken":	0.012415584,
	"ground_truth_matrix":	[[0.64854204216829081, 0.06766170140398764, 0.0191880471746618, 0.15402614754092744, 0.1105820617121324], [0.39962760023412636, 0.1932796691291607, 0.19217922484338035, 0.062716975103724426, 0.15219653068960812], [0.32331925157997, 0.0397230933730216, 0.16383271065462152, 0.2600236369715952, 0.21310130742079147], [0.323455680483378, 0.25038852814153373, 0.0654414680516559, 0.055027277410719534, 0.30568704591271284]],
	"estimated_matrix":	[[0.6606905562494344, 0.048316557371289155, 0.021777737377241476, 0.16351531049995072, 0.10569983850208431], [0.37476214635464655, 0.21537604178158309, 0.18314511153821655, 0.052147441355076332, 0.17456925897047751], [0.31929766294438722, 0.036220398060808463, 0.1480292930707918, 0.30668811534204932, 0.18976453058196319], [0.34177368209196884, 0.25387497057261932, 0.071671646359884877, 0.039340148110942275, 0.29333955286458463]]
}
