{
	"input_file":	"/Users/daniel/ecological-inference-elections/instances/J100_M50_G4_I5_L50_seed2.json",
	"method":	"MVN PDF",
	"convergence_threshold":	0.001,
	"iterations_made":	16,
	"max_iterations":	10000,
	"time_taken":	0.014008584,
	"ground_truth_matrix":	[[0.22783917374835463, 0.010450529100728561, 0.317379168519664, 0.2273650803535196, 0.21696604827773336], [0.17725330515516027, 0.10121746478598845, 0.42687622768416966, 0.15745123595039329, 0.1372017664242883], [0.34751781116712555, 0.26968629801752636, 0.0517533038213183, 0.25804238256025486, 0.073000204433774835], [0.25216796778434986, 0.31531367108009073, 0.1117190524356903, 0.30719735559605849, 0.013601953103810769]],
	"estimated_matrix":	[[0.24867816506747867, 0.0084396475045205241, 0.33296318214020709, 0.21325198569732787, 0.19666701959046587], [0.1806167721271604, 0.093255410941628633, 0.41393914256358982, 0.16720268512786324, 0.14498598923975786], [0.31326364512061228, 0.30786280719866282, 0.07830555000190606, 0.21590743533057394, 0.0846605623482448], [0.27936122070905722, 0.32524022238592371, 0.0728395188979913, 0.30902041847602529, 0.013538619531002586]]
}
