{
	"input_file":	"/Users/daniel/ecological-inference-elections/instances/J100_M50_G4_I5_L50_seed20.json",
	"method":	"MVN PDF",
	"convergence_threshold":	0.001,
	"iterations_made":	14,
	"max_iterations":	10000,
	"time_taken":	0.016771333,
	"ground_truth_matrix":	[[0.12464155160427713, 0.320365700211782, 0.31211881819805165, 0.23773827434383188, 0.0051356556420572141], [0.32050330871114646, 0.129607407316133, 0.19904243955549125, 0.29216240134150717, 0.058684443075721966], [0.048862291507300849, 0.19490249288206324, 0.23484758945089862, 0.29193992606900426, 0.22944770009073309], [0.017616287707698772, 0.05851918973115218, 0.65621546187173374, 0.1289428731063417, 0.13870618758307368]],
	"estimated_matrix":	[[0.13573926076613876, 0.31365764980243177, 0.30140908286568419, 0.23882419009379949, 0.01036981647194569], [0.30235872946065073, 0.10905250904772774, 0.23063506252392557, 0.301416740230436, 0.056536958737259918], [0.060395172947136783, 0.2067769280213014, 0.18269752361289893, 0.30417995071419363, 0.24595042470446923], [0.011302141387796961, 0.067496573559040055, 0.65038597135810561, 0.12435350662983365, 0.14646180706522377]],
	"log_likelihood":	[-221.56554025629589, -155.94991814673912, -128.99843467426072, -114.2540874123477, -105.98365353533968, -101.20799232086205, -98.397357028779, -96.7176288767051, -95.6987447768933, -95.0703139649833, -94.6748143308324, -94.4197014894332, -94.2502511389932, -94.13390332672725]
}
