{
	"input_file":	"/Users/daniel/ecological-inference-elections/instances/J100_M50_G4_I5_L50_seed14.json",
	"method":	"MVN PDF",
	"convergence_threshold":	0.001,
	"iterations_made":	19,
	"max_iterations":	10000,
	"time_taken":	0.012285293,
	"ground_truth_matrix":	[[0.15590939304920856, 0.32060857491831252, 0.44162749507565729, 0.0017460734744377071, 0.080108463482383763], [0.59766213007816038, 0.13609533714227331, 0.072449225855054339, 0.14650677874371171, 0.047286528180800258], [0.41478598240157316, 0.10580328928860022, 0.19550423839535092, 0.0014878074903490689, 0.28241868242412665], [0.037797114110708178, 0.43231344101648556, 0.0751597260223246, 0.22381649355526642, 0.23091322529521516]],
	"estimated_matrix":	[[0.1155050178503212, 0.397951591135211, 0.40572402267391061, 0.012429602365869196, 0.068389765974687974], [0.61700672265351841, 0.1479072800502155, 0.048152697372464026, 0.14707300509240853, 0.039860294831393472], [0.38638911981808249, 0.0842243728671916, 0.21248997055748414, 0.0093819946595243738, 0.30751454209771739], [0.0573246840700036, 0.39821742777225555, 0.097207997548985, 0.20721890415333605, 0.24003098645541968]]
}
