{
	"input_file":	"/Users/daniel/ecological-inference-elections/instances/J100_M50_G4_I5_L50_seed7.json",
	"method":	"MVN PDF",
	"convergence_threshold":	0.001,
	"iterations_made":	22,
	"max_iterations":	10000,
	"time_taken":	0.016914256,
	"ground_truth_matrix":	[[0.010915758563635679, 0.20816915542206624, 0.0793454263047044, 0.176768261407425, 0.52480139830216865], [0.30336933090138923, 0.27281770821747647, 0.029337380742531057, 0.12263021012911926, 0.271845370009484], [0.3112604723649372, 0.445747386767779, 0.13127742314124657, 0.018672572575976328, 0.093042145150061], [0.40414208490409764, 0.040359198958406881, 0.1011778397934792, 0.450081026098011, 0.0042398502460051727]],
	"estimated_matrix":	[[0.023761871769851346, 0.17948163394261707, 0.088180645820615, 0.19181132941645168, 0.51676451905046483], [0.32600873556794241, 0.30184980363701913, 0.016617496742510059, 0.11480200262818824, 0.24072196142434008], [0.29753311249266756, 0.45676547766834519, 0.13811273504918162, 0.022330141198754393, 0.0852585335910512], [0.401930018020799, 0.057763206301006682, 0.096384553109902377, 0.43201352384626457, 0.01190869872202747]]
}
