{
	"input_file":	"/Users/daniel/ecological-inference-elections/instances/J100_M50_G4_I5_L50_seed10.json",
	"method":	"MVN PDF",
	"convergence_threshold":	0.001,
	"iterations_made":	18,
	"max_iterations":	10000,
	"time_taken":	0.020188311,
	"ground_truth_matrix":	[[0.32269308943329617, 0.0045864253604871313, 0.21962067734703034, 0.302153293162828, 0.1509465146963585], [0.11667254894123515, 0.10113720407829543, 0.65492541293454032, 0.084886438578035225, 0.0423783954678938], [0.17470454273021377, 0.46323131664050771, 0.00059770828546104832, 0.10845461858176728, 0.25301181376205034], [0.1499086927966258, 0.20226769245305082, 0.054570767022571375, 0.39501320914034888, 0.19823963858740321]],
	"estimated_matrix":	[[0.33282059328523422, 0.016014895650920957, 0.18989375182577312, 0.32583607067212639, 0.13543468856594534], [0.11279168727885262, 0.12212054378362285, 0.637243824596396, 0.068719766837250021, 0.059124177503878488], [0.207290103580915, 0.43657762377033932, 0.01367555505654945, 0.10177318516108362, 0.24068353243111251], [0.16589642369058039, 0.20178578568964881, 0.0790006413559645, 0.39323939306959815, 0.16007775619420825]],
	"log_likelihood":	[-274.16766100621038, -186.21345183550389, -145.5313672308213, -122.8478157699781, -109.67804779390246, -101.84518076473957, -97.115985766572564, -94.22727969729543, -92.442174366509832, -91.3240467900917, -90.6122642377771, -90.150592835419829, -89.844984208763876, -89.638473467991361, -89.496237358799377, -89.3967129682373, -89.3263241597994, -89.276347688794928]
}
