{
	"input_file":	"/Users/daniel/ecological-inference-elections/instances/J100_M50_G4_I5_L50_seed18.json",
	"method":	"MVN PDF",
	"convergence_threshold":	0.001,
	"iterations_made":	13,
	"max_iterations":	10000,
	"time_taken":	0.008079541,
	"ground_truth_matrix":	[[0.17583738578154742, 0.11781376416577459, 0.35282805535055234, 0.033581138096485837, 0.31993965660563983], [0.19198564982437369, 0.15185075922920055, 0.611071372104512, 0.041117190992067849, 0.0039750278498458178], [0.23155809514120673, 0.4309450870170965, 0.30554024270356456, 0.0048214909585465749, 0.027135084179585732], [0.0738664498887953, 0.24274418629645989, 0.4133587578967442, 0.046280476115563726, 0.22375012980243691]],
	"estimated_matrix":	[[0.16535617830985827, 0.11701275035773065, 0.37439273548237612, 0.0468240634057308, 0.29641427244430413], [0.21526980726495831, 0.15067143108436162, 0.585158803841865, 0.035160295037607828, 0.013739662771207087], [0.21443169853685359, 0.44110145794854072, 0.31081486109065054, 0.0033858344499322784, 0.030266147974022994], [0.0733851676507694, 0.2721201571391042, 0.43966675224101476, 0.033702634553213984, 0.18112528841589759]]
}
