{
	"input_file":	"/Users/daniel/ecological-inference-elections/instances/J100_M50_G4_I5_L50_seed13.json",
	"method":	"MVN PDF",
	"convergence_threshold":	0.001,
	"iterations_made":	20,
	"max_iterations":	10000,
	"time_taken":	0.014194995,
	"ground_truth_matrix":	[[0.14341670775059129, 0.0258659307785686, 0.16584060853400148, 0.321794336217292, 0.34308241671954659], [0.11305586418501984, 0.17575267345451986, 0.27958507014032441, 0.19203123202957184, 0.23957516019056416], [0.01246011878013732, 0.1238368048144796, 0.021064693941961567, 0.679632988071014, 0.16300539439240769], [0.4919351849660189, 0.1278863842528718, 0.18445794191947654, 0.00408478470734505, 0.1916357041542876]],
	"estimated_matrix":	[[0.14543430187338988, 0.027109754217380166, 0.19361074338287737, 0.30200976383644074, 0.33183543668991178], [0.12555236490286475, 0.17113508224106641, 0.2620154091248138, 0.21991399228123459, 0.2213831514500206], [0.017360698912480661, 0.1090307571006757, 0.02493382451295097, 0.67126665072460123, 0.17740806874929135], [0.47775921070356314, 0.12926505285887538, 0.1904810036224415, 0.012151940537098848, 0.19034279227802123]]
}
