{
	"input_file":	"/Users/daniel/ecological-inference-elections/instances/J100_M50_G4_I5_L50_seed5.json",
	"method":	"MVN PDF",
	"convergence_threshold":	0.001,
	"iterations_made":	15,
	"max_iterations":	10000,
	"time_taken":	0.011031301,
	"ground_truth_matrix":	[[0.043982912303551426, 0.358470733786538, 0.040576345559300911, 0.43953375062527472, 0.11743625772533485], [0.256473892537231, 0.39363112002854944, 0.198078425534879, 0.095454145901107262, 0.05636241599823328], [0.019580703375263634, 0.31191671477471344, 0.13540090275600683, 0.040084305930368942, 0.493017373163647], [0.1045326451941551, 0.17453523184552874, 0.11457266309294029, 0.32339075752304669, 0.28296870234432914]],
	"estimated_matrix":	[[0.053680287725140052, 0.34410201139568375, 0.035998302305402886, 0.42551281008609787, 0.14070658848767553], [0.23759105502921743, 0.37678096411547657, 0.22486375893848584, 0.10964461600808459, 0.051119605908735523], [0.016201694981071164, 0.29365278665892036, 0.14791788624839666, 0.065640657834649341, 0.47658697427696245], [0.1142404774468897, 0.16274818733262736, 0.10215696990550248, 0.323351642816575, 0.29750272249840548]]
}
