{
	"input_file":	"/Users/daniel/ecological-inference-elections/instances/J100_M50_G4_I5_L50_seed1.json",
	"method":	"MVN PDF",
	"convergence_threshold":	0.001,
	"iterations_made":	16,
	"max_iterations":	10000,
	"time_taken":	0.018022576,
	"ground_truth_matrix":	[[0.23133554027621162, 0.546232885994193, 4.9036670050913147e-05, 0.15434181656277288, 0.068040720496771734], [0.048287721645296849, 0.10272923560641152, 0.21131337949440179, 0.25192172053433709, 0.38574794271955271], [0.13381390465004245, 0.284670660044346, 0.056330366829679117, 0.518345950749748, 0.0068391177261846641], [0.39084241309322565, 0.19015784970136257, 0.28800794398615154, 0.053260896093577, 0.077730897125683027]],
	"estimated_matrix":	[[0.19647573774752378, 0.569472996079967, 0.00975304946843942, 0.16659672339335385, 0.0577014933107158], [0.0651333949174896, 0.0720891314704099, 0.20465922062955552, 0.25569965643338871, 0.40241859654915629], [0.14381655401409693, 0.29617638109473649, 0.047761443400960717, 0.50067738689524244, 0.011568234594963317], [0.39639839910610336, 0.20122371074763212, 0.26891584878032548, 0.076834755673580349, 0.056627285692358649]],
	"log_likelihood":	[-332.67379299448328, -218.20823197705087, -171.72960710630321, -148.173404193068, -135.78711474396053, -129.13756334063171, -125.52746484503587, -123.55377284520296, -122.46831890262128, -121.86722810241015, -121.5311412281807, -121.34050118386762, -121.2299901026585, -121.16386056671672, -121.12252895394013, -121.09526609815389]
}
