{
	"input_file":	"/Users/daniel/ecological-inference-elections/instances/J100_M50_G4_I5_L50_seed12.json",
	"method":	"MVN PDF",
	"convergence_threshold":	0.001,
	"iterations_made":	16,
	"max_iterations":	10000,
	"time_taken":	0.01818772599999996,
	"ground_truth_matrix":	[[0.0644455938402166, 0.51858148681146043, 0.11762784906370648, 0.29369367360951, 0.0056513966751065665], [0.308115663974515, 0.28351387469299938, 0.0041724687997965176, 0.386082738833395, 0.018115253699294016], [0.055000586872240034, 0.15348701412423124, 0.47555007013414252, 0.3155896909089051, 0.00037263796048121083], [0.19176898316060689, 0.20908859393408555, 0.1729689667973614, 0.38055491257373758, 0.0456185435342085]],
	"estimated_matrix":	[[0.046891472901749665, 0.50909369734256271, 0.14627313631319691, 0.28698932568458635, 0.01075236775790445], [0.34083883468322818, 0.27446349118765473, 0.0336399024488844, 0.330930046458658, 0.020127725221574626], [0.054437618856598216, 0.164820679691018, 0.47555238055497739, 0.30425455719637617, 0.00093476370103040269], [0.188928030245511, 0.20861837393213364, 0.14758712277228148, 0.409522979624222, 0.045343493425851825]]
}
