{
    "log_likelihood_mean_(last_iteration_value)": -0.3027669916994689,
    "time_taken_mean": 0.10693207674999998,
    "time_from_paper": 0.53,
    "percentage_improvement(%)": 395.64173455557625,
    "iterations_made_mean": 48.55,
    "MAE": 0.047286740429731175
}