{
    "log_likelihood_mean_(last_iteration_value)": -0.7946874043353573,
    "time_taken_mean": 0.0878518699,
    "iterations_made_mean": 32.05,
    "MAE": 0.05145920385106961
}