{
    "log_likelihood_mean_(last_iteration_value)": -2.951093220742472,
    "time_taken_mean": 0.04035296349999999,
    "iterations_made_mean": 14.9,
    "MAE": 0.04784916428704849
}