{
    "log_likelihood_mean_(last_iteration_value)": -11.505272295620214,
    "time_taken_mean": 0.06356074999999999,
    "iterations_made_mean": 5.45,
    "MAE": 0.033775755560582876
}