{
    "log_likelihood_mean_(last_iteration_value)": -0.11944018897744657,
    "time_taken_mean": 0.01695149415,
    "time_from_paper": 0.22,
    "percentage_improvement(%)": 1197.8206997758957,
    "iterations_made_mean": 88.05,
    "MAE": 0.04487688571024528
}