{
    "log_likelihood_mean_(last_iteration_value)": -0.11944018897744657,
    "time_taken_mean": 0.019653658100000002,
    "iterations_made_mean": 88.05,
    "MAE": 0.04487688571024528
}