{
    "log_likelihood_mean_(last_iteration_value)": -0.19587599899843608,
    "time_taken_mean": 0.2619307338,
    "iterations_made_mean": 87.4,
    "MAE": 0.04459547248219228
}