{
    "log_likelihood_mean_(last_iteration_value)": -0.6821636491033964,
    "time_taken_mean": 0.2149498305,
    "iterations_made_mean": 63.7,
    "MAE": 0.04275963666515125
}