{
    "log_likelihood_mean_(last_iteration_value)": -3.1799425965778605,
    "time_taken_mean": 0.14160577014999998,
    "time_from_paper": 2.55,
    "percentage_improvement(%)": 1700.7740767193593,
    "iterations_made_mean": 32.4,
    "MAE": 0.04700296090332355
}