{
    "log_likelihood_mean_(last_iteration_value)": -7.229345843283042,
    "time_taken_mean": 0.13580575,
    "time_from_paper": 13.58,
    "percentage_improvement(%)": 9899.576601138022,
    "iterations_made_mean": 8.7,
    "MAE": 0.03397143888926778
}