{
    "log_likelihood_mean_(last_iteration_value)": -0.183003708342531,
    "time_taken_mean": 0.33712522030000003,
    "iterations_made_mean": 101.85,
    "MAE": 0.04146429934543173
}