{
    "log_likelihood_mean_(last_iteration_value)": -0.4495146626979184,
    "time_taken_mean": 0.32857528835,
    "iterations_made_mean": 69.9,
    "MAE": 0.04453145507919948
}