{
    "log_likelihood_mean_(last_iteration_value)": -2.091638829918439,
    "time_taken_mean": 0.28390577415,
    "time_from_paper": 3.82,
    "percentage_improvement(%)": 1245.5168396757313,
    "iterations_made_mean": 50.35,
    "MAE": 0.038810144911221554
}