{
	"input_file":	"../../instances/J100_M50_G3_I3_L50_seed18.json",
	"method":	"Hit and Run",
	"convergence_threshold":	0.001,
	"iterations_made":	16,
	"max_iterations":	10000,
	"time_taken":	3.079809,
	"ground_truth_matrix":	[[0.2719923306744691, 0.18223906229356635, 0.54576860703196461], [0.0573478133834925, 0.54637337389464335, 0.39627881272186422], [0.18885986669153693, 0.76000184958232464, 0.051138283726138462]],
	"estimated_matrix":	[[0.25335344907702029, 0.19309614661018323, 0.55355040431279634], [0.066022344201053365, 0.54508326522339623, 0.38889439057555], [0.20501333282665107, 0.7647218164124997, 0.030264850760848928]],
	"log_likelihood":	[-163.6050669294971, -118.5924247908883, -93.2509995387737, -77.8911163426033, -68.1248935035829, -61.7574482770059, -57.530295724562563, -54.689481619459251, -52.770278960232758, -51.477145227491043, -50.616855785166017, -50.0595336684117, -49.715340460840117, -49.5207177118255, -49.4302012168488, -49.411245600313237, -49.44067348508576]
}
