{
	"input_file":	"/Users/daniel/ecological-inference-elections/instances/J100_M50_G2_I10_L50_seed2.json",
	"method":	"MVN CDF",
	"convergence_threshold":	0.001,
	"iterations_made":	14,
	"max_iterations":	10000,
	"time_taken":	0.087903,
	"ground_truth_matrix":	[[0.11991661550111644, 0.0055003363088887832, 0.16704342406662817, 0.11966709003802448, 0.11419385771146613, 0.083961110968791053, 0.047944554745746416, 0.2022021665049108, 0.074581293038413141, 0.0649895511160146], [0.10911846334865041, 0.0846798451193815, 0.016250220290096911, 0.0810237270119616, 0.022921616895543978, 0.17298877101751881, 0.21630711039323489, 0.0766399545108728, 0.21073926823981, 0.0093310231729288751]],
	"estimated_matrix":	[[0.12014204516702666, 0.015969915292853389, 0.13059725490970353, 0.11401675650308488, 0.093111390927198126, 0.10979152678546623, 0.091950106070484247, 0.15662335561322149, 0.11870226014450821, 0.049095388586453327], [0.11445496263925313, 0.0631087578407983, 0.052588642484906419, 0.09543400048515556, 0.0374206808126992, 0.16354647680177334, 0.17260372769122184, 0.0970396223450575, 0.1694287561896835, 0.034374372709451165]],
	"log_likelihood":	[-4.693200617243285, -4.6744913813401681, -4.652642258017325, -4.6291390129736882, -4.60542627958804, -4.58273781444214, -4.5620195823555081, -4.5439191913338579, -4.5288153533275386, -4.5168665443660947, -4.5080646346213173, -4.5022849858844367, -4.4993287803787254, -4.4989561992407623, -4.5009107830071278]
}
