{
	"input_file":	"/Users/daniel/ecological-inference-elections/instances/J100_M50_G2_I10_L50_seed8.json",
	"method":	"MVN CDF",
	"convergence_threshold":	0.001,
	"iterations_made":	1,
	"max_iterations":	10000,
	"time_taken":	0.009206,
	"ground_truth_matrix":	[[0.18686245439528151, 0.31271523785328015, 0.1838871500988386, 0.068422334178453253, 0.023949501846988717, 0.0010364237832000416, 0.050892580529086434, 0.0465360241937968, 0.066859429077963328, 0.058838864043111186], [0.077693951352584556, 0.0751473499456211, 0.13716371065268357, 0.11945249334395132, 0.092673767042944846, 0.053230454927533574, 0.032706785389616029, 0.34932904412825921, 0.038931832512760181, 0.023670610704045591]],
	"estimated_matrix":	[[0.14994458619291964, 0.22580015256071559, 0.18232399428920709, 0.0948523157098119, 0.047200480193378525, 0.012305655064452645, 0.043671940640085664, 0.1467480509551565, 0.0540906020509772, 0.0430622223432952], [0.11856710524624758, 0.159127861668307, 0.16353374629000919, 0.11149614491295842, 0.067985252097937543, 0.0303219487044593, 0.0312938045855747, 0.24061467259863581, 0.042562551674923725, 0.0344969122209468]],
	"log_likelihood":	[-10.182340387261295, -10.8434719907534]
}
