{
	"input_file":	"/Users/daniel/ecological-inference-elections/instances/J100_M50_G2_I10_L50_seed18.json",
	"method":	"MVN CDF",
	"convergence_threshold":	0.001,
	"iterations_made":	2,
	"max_iterations":	10000,
	"time_taken":	0.015898,
	"ground_truth_matrix":	[[0.079612049573285548, 0.053341302769557571, 0.15974625935528347, 0.01520417981069265, 0.14485572387769835, 0.10506232004872461, 0.083098883069512963, 0.33440299380389882, 0.022500991524444326, 0.0021752961669017148], [0.11041562041843452, 0.20549084721159183, 0.14569309460047292, 0.0022990684700750739, 0.012939030064866993, 0.038644144714774474, 0.1269946163384455, 0.21625373472435236, 0.024212202145507448, 0.11705764131147908]],
	"estimated_matrix":	[[0.0978032204082256, 0.10579938577556568, 0.1528441609356582, 0.013280843095938509, 0.0961984486879342, 0.0876324938136447, 0.097077691930822066, 0.29145132842515825, 0.016944211031364807, 0.040968215895687957], [0.10451612448679384, 0.15421936501934375, 0.15151808132523881, 0.00917903556867091, 0.058143328921020462, 0.0649364108356088, 0.11513300911662036, 0.24975447045395552, 0.023452009722393734, 0.069148164550353733]],
	"log_likelihood":	[-43.093761438360929, -34.6276833036316, -43.841125545817427]
}
