{
	"input_file":	"/Users/daniel/ecological-inference-elections/instances/J100_M50_G2_I10_L50_seed1.json",
	"method":	"MVN CDF",
	"convergence_threshold":	0.001,
	"iterations_made":	1,
	"max_iterations":	10000,
	"time_taken":	0.00591,
	"ground_truth_matrix":	[[0.12436308318824252, 0.2936479442801595, 2.6361498408479558e-05, 0.0829722235922016, 0.036577837427075648, 0.0223288485003637, 0.047503287797740747, 0.0977139586640639, 0.11649176519617498, 0.17837468985556892], [0.078737587506692047, 0.16750337765308135, 0.033145413394336042, 0.3050005136808091, 0.0040242128188571836, 0.16086639690315654, 0.078266859223934074, 0.11854087140099424, 0.021921593367001047, 0.031993174051138537]],
	"estimated_matrix":	[[0.10419512782692859, 0.24646913127982387, 0.0065743385964743151, 0.16680411292721853, 0.027253838271978144, 0.067037318933223664, 0.061323400614789789, 0.10946221214572366, 0.0806861254119519, 0.13019439399188756], [0.0893730047118672, 0.22232152537690916, 0.021418612939648887, 0.23016454460906793, 0.010007519062741747, 0.10878163068416487, 0.0683754989840241, 0.1172585704049259, 0.044483339735613574, 0.0878157534910366]],
	"log_likelihood":	[-20.085747717207219, -21.795972309692939]
}
