{
	"input_file":	"/Users/daniel/ecological-inference-elections/instances/J100_M50_G2_I10_L50_seed3.json",
	"method":	"MVN CDF",
	"convergence_threshold":	0.001,
	"iterations_made":	2,
	"max_iterations":	10000,
	"time_taken":	0.011753,
	"ground_truth_matrix":	[[0.0931453723690264, 0.14333597595076422, 0.040011072182719966, 0.0832239927500704, 0.26006681338677834, 0.26376288024201622, 0.01561968590937181, 0.027030371918026031, 0.0061499544235774336, 0.06765388086764923], [0.00530734356503633, 0.10679549657807895, 0.18326772703150396, 0.057113539992176665, 0.1973392812162813, 0.156378119637341, 0.00424742361571192, 0.143197917396384, 0.052509906307626246, 0.093843244659859673]],
	"estimated_matrix":	[[0.062972810412129654, 0.12803748218264793, 0.086132337941418877, 0.0803142936400805, 0.23994689785584938, 0.22294420003052318, 0.015438618476104784, 0.065510086438786752, 0.017029882940235275, 0.0816733900822238], [0.02623506065253298, 0.11607089654494679, 0.14157731459864095, 0.069470836076868353, 0.22265864646094244, 0.18744651597836309, 0.0056111383645080634, 0.10735665812032846, 0.0404139345653521, 0.0831589986375167]],
	"log_likelihood":	[-36.79009220961234, -27.7356158002606, -35.602788249574374]
}
