{
	"input_file":	"/Users/daniel/ecological-inference-elections/instances/J100_M50_G2_I2_L50_seed1.json",
	"method":	"MVN CDF",
	"convergence_threshold":	0.001,
	"iterations_made":	32,
	"max_iterations":	10000,
	"time_taken":	0.017381999999999995,
	"ground_truth_matrix":	[[0.297511488970571, 0.702488511029429], [0.00031761382895504226, 0.99968238617104477]],
	"estimated_matrix":	[[0.23177376251446147, 0.76822623748553831], [0.040630947231257888, 0.95936905276874218]],
	"log_likelihood":	[-0.64598857453368019, -0.63900864695106052, -0.63215356822772417, -0.62542877020749466, -0.61884015176140461, -0.612394071799582, -0.60609733370208241, -0.59995716119447462, -0.59398116582331462, -0.5881773063614123, -0.58255384058551052, -0.57711927005918751, -0.571882278659439, -0.56685166573779744, -0.56203627491506025, -0.557444919605908, -0.553086306437415, -0.54896895777345067, -0.54510113459787057, -0.54149076094317039, -0.53814535108457, -0.535071940587393, -0.53227702225285045, -0.529766487847463, -0.52754557641184729, -0.525618829753338, -0.523990055616315, -0.522662298813709, -0.52163782048159379, -0.52091808544772245, -0.520503757544276, -0.520394702604679, -0.52058999870862632]
}
