{
	"input_file":	"/Users/daniel/ecological-inference-elections/instances/J100_M50_G2_I2_L50_seed15.json",
	"method":	"MVN CDF",
	"convergence_threshold":	0.001,
	"iterations_made":	115,
	"max_iterations":	10000,
	"time_taken":	0.026641999999999992,
	"ground_truth_matrix":	[[0.905527300001945, 0.0944726999980548], [0.11077641301954382, 0.889223586980456]],
	"estimated_matrix":	[[0.85579441237691656, 0.14420558762308347], [0.15528329264384261, 0.84471670735615734]],
	"log_likelihood":	[-0.43853582780670625, -0.43303553819352647, -0.42767796790804818, -0.422457515342302, -0.41736885401658785, -0.41240691608378255, -0.40756687701896066, -0.4028441413884033, -0.3982343296133683, -0.39373326565181271, -0.38933696552661384, -0.38504162662790364, -0.38084361774478726, -0.37673946975485184, -0.37272586693783588, -0.36879963884973832, -0.3649577527377072, -0.36119730643946224, -0.3575155217405635, -0.35390973815557042, -0.350377407106356, -0.34691608646245037, -0.343523435429596, -0.34019720975932538, -0.33693525724906348, -0.33373551353073538, -0.33059599811237556, -0.32751481067053978, -0.32449012757094, -0.3215201985988726, -0.31860334389600353, -0.31573795108945624, -0.31292247259301781, -0.3101554230777287, -0.3074353771074772, -0.30476096691122945, -0.30213088031034935, -0.29954385876862955, -0.2969986955727591, -0.29449423412916331, -0.29202936637561611, -0.28960303130441045, -0.28721421357190063, -0.28486194222796829, -0.28254528950924385, -0.28026336974201616, -0.27801533831926656, -0.27580039075351132, -0.27361776180509845, -0.27146672468861049, -0.26934659034153141, -0.26725670675536722, -0.26519645837250672, -0.263165265540726, -0.26116258402244946, -0.25918790455541091, -0.257240752466091, -0.25532068733052588, -0.25342730267581948, -0.251560225729476, -0.24971911720352871, -0.24790367112054335, -0.24611361467051721, -0.24434870810126383, -0.24260874463666618, -0.240893550429963, -0.23920298452669086, -0.237536938865686, -0.23589533828365233, -0.23427814055167887, -0.23268533640637462, -0.2311169496100505, -0.22957303700563472, -0.22805368858003758, -0.22655902752419435, -0.2250892102984178, -0.22364442668174059, -0.22222489981491911, -0.22083088623580227, -0.21946267588408536, -0.21812059209396481, -0.21680499155956454, -0.2155162642620691, -0.21425483337557463, -0.21302115511667227, -0.21181571856492437, -0.21063904542209935, -0.20949168972683424, -0.20837423750357692, -0.20728730635279946, -0.2062315449631395, -0.20520763256163246, -0.204216278269253, -0.20325822039263125, -0.20233422560008615, -0.20144508802392233, -0.20059162825445281, -0.19977469222983318, -0.19899515001918841, -0.19825389448816769, -0.19755183985643113, -0.19688992012053749, -0.1962690873685391, -0.19569030995554534, -0.19515457055084118, -0.19466286406582328, -0.19421619543184285, -0.19381557725913648, -0.19346202735580814, -0.19315656611533419, -0.19290021378061523, -0.19269398756571746, -0.19253889867024795, -0.19243594916470375, -0.19238612875798275, -0.19239041147160288]
}
