{
	"input_file":	"/Users/daniel/ecological-inference-elections/instances/J100_M50_G2_I2_L50_seed13.json",
	"method":	"MVN CDF",
	"convergence_threshold":	0.001,
	"iterations_made":	78,
	"max_iterations":	10000,
	"time_taken":	0.016673192,
	"ground_truth_matrix":	[[0.84720269601591158, 0.15279730398408845], [0.34009172295595952, 0.65990827704404054]],
	"estimated_matrix":	[[0.77225957734976836, 0.22774042265023159], [0.409845754782003, 0.590154245217997]],
	"log_likelihood":	[-0.21323539873664493, -0.21015782274155684, -0.20714656908684589, -0.20419968973329672, -0.20131531816937484, -0.19849166532852267, -0.1957270157399546, -0.19301972390728686, -0.19036821088664305, -0.18777096106167135, -0.18522651909732718, -0.18273348705912315, -0.18029052169984067, -0.17789633187874004, -0.17554967613213029, -0.1732493603703375, -0.17099423568682653, -0.16878319629773669, -0.16661517757541444, -0.164489154186717, -0.16240413833004474, -0.1603591780526927, -0.15835335566340161, -0.15638578620934265, -0.15445561604584129, -0.1525620214562996, -0.150704207355483, -0.14888140604226904, -0.14709287602172985, -0.14533790087351281, -0.14361578818242587, -0.14192586850943018, -0.14026749441495839, -0.13864003952790258, -0.13704289765505748, -0.13547548192919937, -0.13393722399565786, -0.13242757323815035, -0.13094599603640775, -0.12949197505428342, -0.12806500856197195, -0.12666460978983729, -0.12529030630047172, -0.12394163939853603, -0.12261816356099706, -0.12131944588827939, -0.12004506558728134, -0.1187946134637818, -0.11756769144900941, -0.1163639121383869, -0.11518289834917748, -0.11402428270029587, -0.1128877072061186, -0.11177282289139522, -0.11067928941410832, -0.10960677471120674, -0.10855495465956229, -0.10752351274409844, -0.10651213974355987, -0.10552053343029251, -0.10454839827896442, -0.10359544519187756, -0.10266139123288467, -0.10174595936931755, -0.10084887822937745, -0.099969881872896335, -0.09910870955784136, -0.0982651055324778, -0.097438818827009277, -0.096629603058749028, -0.0958372162397441, -0.095061420597234353, -0.09430198240448634, -0.093558671812526042, -0.092831262691144625, -0.092119532481650321, -0.0914232620502894, -0.090742235549476524, -0.0779661257611168]
}
