{
	"input_file":	"/Users/daniel/ecological-inference-elections/instances/J100_M50_G2_I2_L50_seed18.json",
	"method":	"MVN CDF",
	"convergence_threshold":	0.001,
	"iterations_made":	40,
	"max_iterations":	10000,
	"time_taken":	0.005973511,
	"ground_truth_matrix":	[[0.598796857472177, 0.40120314252782313], [0.913094360419019, 0.086905639580980923]],
	"estimated_matrix":	[[0.67756512758074539, 0.32243487241925456], [0.86578292477512941, 0.13421707522487047]],
	"log_likelihood":	[-0.20107718239133426, -0.19753536294640708, -0.19407568167209527, -0.19069666140338914, -0.18739685771665082, -0.1841748570260687, -0.18102927479712747, -0.17795875386798043, -0.17496196287609975, -0.17203759478597641, -0.16918436550945395, -0.16640101263428805, -0.16368629423099446, -0.16103898775901, -0.15845788904772429, -0.15594181136930693, -0.1534895845830278, -0.15110005435827484, -0.14877208146941381, -0.1465045411557695, -0.144296322548034, -0.14214632815929454, -0.14005347342500191, -0.13801668630698477, -0.13603490694637724, -0.13410708735533078, -0.13223219116633361, -0.13040919341182217, -0.12863708034689775, -0.126914849304835, -0.12524150858750147, -0.12361607737558912, -0.12203758567670957, -0.12050507428907574, -0.11901759478573484, -0.11757420951763628, -0.11617399163904313, -0.11481602513110332, -0.11349940485318273, -0.11222323659241644, -0.095669299037737229]
}
