{
	"input_file":	"/Users/daniel/ecological-inference-elections/instances/J100_M50_G2_I2_L50_seed10.json",
	"method":	"MVN CDF",
	"convergence_threshold":	0.001,
	"iterations_made":	83,
	"max_iterations":	10000,
	"time_taken":	0.11316367,
	"ground_truth_matrix":	[[0.98598621315062451, 0.014013786849375551], [0.42091152445267649, 0.57908847554732346]],
	"estimated_matrix":	[[0.93560774375458322, 0.0643922562454167], [0.51401191491310927, 0.48598808508689073]],
	"log_likelihood":	[-0.41163239401681867, -0.406361384655175, -0.4012129477017774, -0.39618265040498868, -0.3912663001136506, -0.3864599309952359, -0.381759791666428, -0.37716233365278262, -0.372664200615511, -0.36826221827776434, -0.36395338499182023, -0.35973486289523438, -0.35560396961073387, -0.35155817043806953, -0.34759507100164361, -0.343712410325739, -0.33990805428251625, -0.33617998939920118, -0.33252631699128909, -0.32894524759738719, -0.32543509567717488, -0.32199427458157914, -0.31862129174063525, -0.315314744072308, -0.31207331359502272, -0.30889576321430323, -0.305780932687388, -0.302727734741884, -0.29973515134033618, -0.29680223008483, -0.29392808074325372, -0.29111187189752791, -0.288352827706418, -0.28565022476545027, -0.28300338907766937, -0.28041169311082981, -0.27787455294453023, -0.27539142551148527, -0.2729618059143159, -0.27058522482921332, -0.26826124598435519, -0.26598946371414683, -0.2637695005974921, -0.26160100515578583, -0.25948364963776938, -0.25741712786848669, -0.25540115317604972, -0.25343545638539039, -0.2515197838890757, -0.24965389578275413, -0.24783756407963034, -0.24607057099933022, -0.24435270731250758, -0.2426837707747406, -0.24106356463054235, -0.23949189617928651, -0.23796857542154992, -0.23649341377794084, -0.23506622287538126, -0.23368681340749567, -0.23235499406594323, -0.231070570541677, -0.229833344596857, -0.22864311320266636, -0.22749966775221556, -0.22640279332971661, -0.22535226805488326, -0.22434786248911207, -0.22338933909629149, -0.22247645177955225, -0.22160894546576673, -0.22078655574925965, -0.22000900859877237, -0.2192760201076592, -0.21858729629956233, -0.21794253299111191, -0.21734141568805113, -0.21678361953846725, -0.21626880931813955, -0.215796639467037, -0.21536675415440934, -0.21497878738632328, -0.21463236314100695, -0.19334771359139591]
}
