{
	"input_file":	"/Users/daniel/ecological-inference-elections/instances/J100_M50_G2_I3_L50_seed3.json",
	"method":	"MVN CDF",
	"convergence_threshold":	0.001,
	"iterations_made":	17,
	"max_iterations":	10000,
	"time_taken":	0.060108983,
	"ground_truth_matrix":	[[0.33688219083814136, 0.518408337162583, 0.1447094719992755], [0.13709494665374614, 0.42840825980005576, 0.43449679354619813]],
	"estimated_matrix":	[[0.27810771023712355, 0.48892967030428475, 0.23296261945859179], [0.18477007607290552, 0.46255349106208826, 0.35267643286500627]],
	"log_likelihood":	[-0.20797286998424916, -0.20593767089950654, -0.2039607380314942, -0.20204080818687767, -0.20017663199773139, -0.19836697435553247, -0.19661061480912476, -0.19490634793493952, -0.1932529836787524, -0.19164934766598435, -0.19009428147862314, -0.18858664291622532, -0.18712530621773807, -0.18570916226393175, -0.18433711875373243, -0.18300810035218495, -0.18172104882462806, -0.16353056912964975]
}
