{
	"input_file":	"/Users/daniel/ecological-inference-elections/instances/J100_M50_G2_I3_L50_seed18.json",
	"method":	"MVN CDF",
	"convergence_threshold":	0.001,
	"iterations_made":	50,
	"max_iterations":	10000,
	"time_taken":	0.169073869,
	"ground_truth_matrix":	[[0.2719923306744691, 0.18223906229356635, 0.54576860703196461], [0.0573478133834925, 0.54637337389464335, 0.39627881272186422]],
	"estimated_matrix":	[[0.24045962740338295, 0.25428009222607156, 0.50526028037054549], [0.0811986242390515, 0.487333722966717, 0.43146765279423149]],
	"log_likelihood":	[-0.38765942621790822, -0.38285634471606084, -0.37818603461473066, -0.37364798994434872, -0.36924153730152071, -0.364965844713404, -0.3608199305301753, -0.35680267230754187, -0.35291281561148369, -0.34914898273179729, -0.34550968125870379, -0.34199331251530413, -0.33859817981109641, -0.3353224965129521, -0.33216439391379726, -0.32912192889081932, -0.32619309134086788, -0.32337581138950383, -0.32066796635760353, -0.318067387490322, -0.315571866434367, -0.3131791614576423, -0.3108870034218113, -0.30869310147836088, -0.30659514851837077, -0.304590826340435, -0.30267781056315746, -0.300853775269398, -0.29911639738315371, -0.2974633607831465, -0.29589236015888748, -0.29440110460235747, -0.2929873209569222, -0.29164875690092934, -0.29038318380657163, -0.289188399347498, -0.288062229881995, -0.28700253261601327, -0.28600719754319059, -0.28507414918330931, -0.28420134812046544, -0.28338679235245112, -0.28262851845572412, -0.28192460258143731, -0.28127316128874913, -0.28067235222006481, -0.280120374638146, -0.27961546982120822, -0.279155921335195, -0.27874005518684164, -0.26293487466164384]
}
