{
	"input_file":	"/Users/daniel/ecological-inference-elections/instances/J100_M50_G2_I3_L50_seed13.json",
	"method":	"MVN CDF",
	"convergence_threshold":	0.001,
	"iterations_made":	53,
	"max_iterations":	10000,
	"time_taken":	0.050654907,
	"ground_truth_matrix":	[[0.42795213106645874, 0.0771833377876456, 0.49486453114589557], [0.44539345432817962, 0.47485814852501324, 0.0797483971468072]],
	"estimated_matrix":	[[0.43417525160979048, 0.15287732392412245, 0.412947424466087], [0.43898012554830679, 0.38289737140400654, 0.1781225030476867]],
	"log_likelihood":	[-0.21276132485699992, -0.21090690320985872, -0.209070861124505, -0.20725308118993616, -0.2054534544695564, -0.20367187982183049, -0.20190826325627495, -0.20016251732104673, -0.198434560518785, -0.19672431675153373, -0.19503171479268142, -0.19335668778659634, -0.19169917276591822, -0.19005911020335309, -0.18843644357455278, -0.18683111895064511, -0.185243084606429, -0.18367229065583549, -0.18211868869620707, -0.18058223147984132, -0.17906287260107592, -0.177560566198708, -0.176075266679223, -0.17460692845203143, -0.17315550568625609, -0.1717209520751472, -0.17030322062413664, -0.16890226344899442, -0.16751803158420039, -0.16615047481600417, -0.16479954151771475, -0.16346517850460016, -0.16214733089657005, -0.16084594199944791, -0.15956095319363967, -0.1582923038317334, -0.15703993115558745, -0.15580377021487252, -0.15458375380304878, -0.15337981239689424, -0.15219187411401824, -0.15101986467202566, -0.14986370735772855, -0.1487233230103496, -0.14759863000525333, -0.14648954425294855, -0.14539597919784694, -0.144317845832911, -0.1432550527100282, -0.1422075059682249, -0.14117510936049354, -0.14015776428615984, -0.13915536983429724, -0.12006202100891475]
}
