{
	"input_file":	"/Users/daniel/ecological-inference-elections/instances/J100_M50_G2_I3_L50_seed4.json",
	"method":	"MVN CDF",
	"convergence_threshold":	0.001,
	"iterations_made":	46,
	"max_iterations":	10000,
	"time_taken":	0.13029923,
	"ground_truth_matrix":	[[0.43718503692497424, 0.10152387292062479, 0.461291090154401], [0.46562077068857344, 0.4440250450179633, 0.0903541842934631]],
	"estimated_matrix":	[[0.432941724317776, 0.16793125145788076, 0.39912702422434315], [0.477138682056658, 0.33781174633680972, 0.18504957160653213]],
	"log_likelihood":	[-0.19522404191564915, -0.1932816007093362, -0.19136429106801639, -0.18947204603283996, -0.18760479533853483, -0.18576246508541014, -0.1839449774436876, -0.18215225039204491, -0.18038419749034562, -0.17864072768489461, -0.17692174513595868, -0.17522714907802395, -0.17355683370635816, -0.17191068808586232, -0.17028859608402566, -0.16869043632490446, -0.16711608216893495, -0.165565401704449, -0.16403825776035455, -0.16253450794088822, -0.16105400467177183, -0.15959659526075307, -0.1581621219744288, -0.15675042213029849, -0.15536132819300288, -0.15399466789168659, -0.152650264341331, -0.1513279361742029, -0.15002749768203191, -0.148748758964146, -0.14749152608101337, -0.14625560121893033, -0.14504078285514663, -0.143846865928983, -0.142673642018715, -0.1415208995203463, -0.14038842382654787, -0.13927599751420131, -0.13818340052479919, -0.13711041035713972, -0.13605680224533015, -0.13502234935202553, -0.1340068229500043, -0.1330099926085275, -0.132031626374655, -0.13107149095998735, -0.11561396391377483]
}
