{
	"input_file":	"/Users/daniel/ecological-inference-elections/instances/J100_M50_G2_I4_L50_seed5.json",
	"method":	"MVN CDF",
	"convergence_threshold":	0.001,
	"iterations_made":	47,
	"max_iterations":	10000,
	"time_taken":	0.071208000000000021,
	"ground_truth_matrix":	[[0.04983539454067374, 0.40616979444752377, 0.04597554104672593, 0.49801926996507662], [0.17642180632607257, 0.24903375337454553, 0.38221213978536139, 0.19233230051402056]],
	"estimated_matrix":	[[0.050412542271941578, 0.38426759109000053, 0.0976596784844693, 0.46766018815358862], [0.15857502262727111, 0.26480852702957042, 0.32677854271433487, 0.24983790762882355]],
	"log_likelihood":	[-0.6868350713417124, -0.67911051220741769, -0.67164989170268463, -0.66445938926210535, -0.6575435437774898, -0.65090527698103773, -0.644545955058197, -0.63846547873015169, -0.63266239351731579, -0.62713401313570527, -0.62187655025997124, -0.61688524995182548, -0.612154522038532, -0.607678069581021, -0.603449011277272, -0.59945999629083557, -0.59570331046539571, -0.592170973348432, -0.588854825741718, -0.5857466078048883, -0.58283802791100148, -0.58012082263736542, -0.577586808356252, -0.57522792501011144, -0.5730362726485505, -0.571004141386145, -0.5691240353939403, -0.567388691558958, -0.56579109341628819, -0.5643244809269754, -0.56298235663310681, -0.561758488705475, -0.5606469113287702, -0.5596419228498114, -0.55873808207120745, -0.55793020301267038, -0.557213348460442, -0.55658282254971581, -0.556034162626008, -0.555563130577077, -0.55516570380558439, -0.55483806600037044, -0.55457659781913, -0.554377867584045, -0.55423862208980845, -0.55415577757430867, -0.55412641092429, -0.55414775114456272]
}
