{
	"input_file":	"/Users/daniel/ecological-inference-elections/instances/J100_M50_G2_I4_L50_seed7.json",
	"method":	"MVN CDF",
	"convergence_threshold":	0.001,
	"iterations_made":	112,
	"max_iterations":	10000,
	"time_taken":	0.312336742,
	"ground_truth_matrix":	[[0.022970939991479138, 0.43806769354602731, 0.16697318978046674, 0.37198817668202688], [0.712028237377669, 0.14427461235209513, 0.12974505029533678, 0.0139520999748993]],
	"estimated_matrix":	[[0.0686696234650935, 0.463451606636498, 0.15704124401754485, 0.31083752588086372], [0.64062405383672172, 0.15730543312330314, 0.13271011679414951, 0.0693603962458256]],
	"log_likelihood":	[-0.54989861791014172, -0.54336918737841722, -0.53701979773462227, -0.530842877447454, -0.524831279842473, -0.518978252312004, -0.513277408256987, -0.50772270149928334, -0.50230840291741841, -0.4970290790977292, -0.49187957279734029, -0.48685498505912611, -0.48195065880464472, -0.47716216378266518, -0.47248528272980961, -0.4679159986433144, -0.46345048305291259, -0.459085085210332, -0.45481632210307826, -0.450640869227446, -0.44655555204335284, -0.4425573380655029, -0.438643329516778, -0.4348107565139443, -0.43105697072628657, -0.427379439474512, -0.42377574023722958, -0.42024355551312664, -0.4167806680373089, -0.41338495630087813, -0.410054390357625, -0.40678702789825144, -0.40358101056493811, -0.40043456049507037, -0.3973459770672188, -0.39431363384353829, -0.39133597568383754, -0.38841151603258417, -0.38553883434608188, -0.38271657366890938, -0.37994343833567956, -0.37721819179337968, -0.37453965453647475, -0.37190670214321525, -0.36931826340457524, -0.36677331854562928, -0.36427089752711, -0.36181007841667728, -0.35938998583757825, -0.35700978946938478, -0.35466870262284866, -0.35236598085053961, -0.35010092062332571, -0.34787285803756185, -0.34568116757915085, -0.34352526090414132, -0.34140458567906856, -0.33931862442912986, -0.337266893432989, -0.335248941626783, -0.33326434954532747, -0.33131272827503977, -0.329393718430926, -0.3275069891437376, -0.32565223706829927, -0.32382918540365341, -0.32203758292092571, -0.32027720300631779, -0.31854784271332548, -0.31684932181765668, -0.31518148188738021, -0.31354418535356188, -0.31193731459239538, -0.31036077100740883, -0.3088144741191215, -0.30729836066383387, -0.30581238369101255, -0.3043565116694435, -0.30293072759766687, -0.30153502811715466, -0.30016942263824942, -0.29883393246134871, -0.29752858991283, -0.29625343748375021, -0.29500852697878216, -0.29379391866831917, -0.29260968045442515, -0.29145588704309222, -0.29033261912677866, -0.28923996257994339, -0.28817800766275664, -0.28714684824161152, -0.28614658101969082, -0.28517730478580766, -0.28423911966913962, -0.2833321264233285, -0.28245642571769142, -0.2816121174494835, -0.2807993000751936, -0.280018069957388, -0.2792685207382849, -0.27855074272728658, -0.27786482231169923, -0.27721084139667024, -0.27658887685380246, -0.27599900000576422, -0.27544127612807212, -0.274915763976484, -0.274422515337317, -0.27396157460613568, -0.27353297838793578, -0.27313675512085966, -0.25218062371963218]
}
