{
	"input_file":	"/Users/daniel/ecological-inference-elections/instances/J100_M50_G2_I4_L50_seed3.json",
	"method":	"MVN CDF",
	"convergence_threshold":	0.001,
	"iterations_made":	1,
	"max_iterations":	10000,
	"time_taken":	0.003476,
	"ground_truth_matrix":	[[0.25894112400042968, 0.39846937940559979, 0.11122948719780965, 0.23136000939616086], [0.4590928673412436, 0.46561749041159473, 0.027573246650422822, 0.047716395596738945]],
	"estimated_matrix":	[[0.32755591183763844, 0.43715319911230349, 0.078901628004991, 0.15638926104506715], [0.38629339948567332, 0.43534228264178187, 0.0573747992431403, 0.12098951862940462]],
	"log_likelihood":	[-0.4669770293459774, -0.47105183346501972]
}
