{
	"input_file":	"/Users/daniel/ecological-inference-elections/instances/J100_M50_G2_I4_L50_seed15.json",
	"method":	"MVN CDF",
	"convergence_threshold":	0.001,
	"iterations_made":	54,
	"max_iterations":	10000,
	"time_taken":	0.25970000000000015,
	"ground_truth_matrix":	[[0.729175806164576, 0.076074136231428655, 0.021573712816720172, 0.17317634478727548], [0.178428232666503, 0.41819946747570369, 0.20226194250932708, 0.2011103573484663]],
	"estimated_matrix":	[[0.61831651762481366, 0.13956097443056056, 0.0556642625717848, 0.18645824537284092], [0.28220687797549021, 0.36681742041098508, 0.16106762906375005, 0.18990807254977468]],
	"log_likelihood":	[-0.436557665388729, -0.43411668458584768, -0.43175095870261659, -0.4294577526051927, -0.42723473337717255, -0.42507989506916416, -0.42299149540176784, -0.42096800290592912, -0.41900805307585071, -0.41711041227136358, -0.415273948225654, -0.41349760615483927, -0.41178038959126778, -0.41012134515406473, -0.40851955061514472, -0.40697410567043824, -0.405484124934741, -0.40404873275045045, -0.40266705945662529, -0.40133823882608266, -0.40006140643191368, -0.39883569873088515, -0.39766025270979127, -0.39653420594701522, -0.39545669698871322, -0.39442686593702941, -0.39344385519546832, -0.392506810296662, -0.39161488078446366, -0.3907672211016579, -0.389962991470543, -0.389201358733926, -0.38848149715126068, -0.387802589141877, -0.38716382595615584, -0.38656440828987548, -0.38600354682212162, -0.3854804626939442, -0.38499438791279517, -0.38454456569951062, -0.38413025077118629, -0.383750709569433, -0.38340522043394709, -0.383093073726162, -0.38281357190924459, -0.38256602958588753, -0.38234977349633209, -0.38216414248695235, -0.38200848744403687, -0.38188217120070117, -0.38178456842302122, -0.38171506547054523, -0.38167306024203379, -0.38165796200216789, -0.381669191197839]
}
