{
	"input_file":	"/Users/daniel/ecological-inference-elections/instances/J100_M50_G2_I4_L50_seed17.json",
	"method":	"MVN CDF",
	"convergence_threshold":	0.001,
	"iterations_made":	22,
	"max_iterations":	10000,
	"time_taken":	0.12853496799999994,
	"ground_truth_matrix":	[[0.251451374164373, 0.54475840075349535, 0.15314045600906431, 0.0506497690730673], [0.3446886550413053, 0.23807393689403214, 0.22619453600901995, 0.19104287205564249]],
	"estimated_matrix":	[[0.27085831476962213, 0.47150096603143488, 0.16344783273143149, 0.09419288646751145], [0.31833548424742542, 0.33237849966181759, 0.20924417690276734, 0.14004183918798971]],
	"log_likelihood":	[-0.18027574694026274, -0.17912414016212383, -0.17800271039893359, -0.17691062103221245, -0.17584706473850667, -0.17481126203683953, -0.17380245993687657, -0.17281993067863941, -0.17186297055472879, -0.1709308988155116, -0.17002305663559081, -0.16913880615689506, -0.16827752957465039, -0.16743862829861808, -0.16662152214510367, -0.16582564858729212, -0.165050462044375, -0.16429543321033541, -0.16356004841995653, -0.16284380904820847, -0.16214623094125491, -0.16146684387643231, -0.15031626630178219]
}
