{
	"input_file":	"/Users/daniel/ecological-inference-elections/instances/J100_M50_G2_I5_L50_seed19.json",
	"method":	"MVN CDF",
	"convergence_threshold":	0.001,
	"iterations_made":	1,
	"max_iterations":	10000,
	"time_taken":	0.002303,
	"ground_truth_matrix":	[[0.0433037419557625, 0.604397263048471, 0.11967273975203206, 0.06272639200543513, 0.16989986323829925], [0.010949408191273125, 0.14085830680435835, 0.2076171069384817, 0.51298571330785936, 0.12758946475802732]],
	"estimated_matrix":	[[0.026307500152113555, 0.45495821369187639, 0.15203049185586462, 0.22061458661351255, 0.14608920768663289], [0.018145332063927645, 0.315357450051636, 0.17351830822767594, 0.35382864562511723, 0.13915026403164318]],
	"log_likelihood":	[-3.4177271042524988, -3.8091004678668057]
}
