{
	"input_file":	"/Users/daniel/ecological-inference-elections/instances/J100_M50_G2_I5_L50_seed11.json",
	"method":	"MVN CDF",
	"convergence_threshold":	0.001,
	"iterations_made":	2,
	"max_iterations":	10000,
	"time_taken":	0.02611,
	"ground_truth_matrix":	[[0.0742704298794536, 0.0073483541679689336, 0.23246015994561139, 0.48226262845984663, 0.20365842754711935], [0.10906573959976795, 0.0021115223402377388, 0.1096872263605117, 0.46684651136059585, 0.31228900033888668]],
	"estimated_matrix":	[[0.08271426288757755, 0.0038004668752917221, 0.184387635722062, 0.48715537295720185, 0.24194226155786688], [0.096249458914152375, 0.0065945783440547285, 0.14561923289462758, 0.48059093145247878, 0.27094579839468641]],
	"log_likelihood":	[-272.35125100598958, -11.417296784535989, -14.899086292278124]
}
