{
	"input_file":	"/Users/daniel/ecological-inference-elections/instances/J100_M50_G2_I5_L50_seed18.json",
	"method":	"MVN CDF",
	"convergence_threshold":	0.001,
	"iterations_made":	1,
	"max_iterations":	10000,
	"time_taken":	0.002834715,
	"ground_truth_matrix":	[[0.17583738578154742, 0.11781376416577459, 0.35282805535055234, 0.033581138096485837, 0.31993965660563983], [0.19198564982437369, 0.15185075922920055, 0.611071372104512, 0.041117190992067849, 0.0039750278498458178]],
	"estimated_matrix":	[[0.18247659224290821, 0.13146844089635648, 0.46266820000582948, 0.03560710430536454, 0.18777966254954137], [0.1882213039948786, 0.14528341388924215, 0.51575086100988132, 0.0333959775609857, 0.11734844354501221]],
	"log_likelihood":	[-1.9663143622258497, -2.0310820867203656]
}
