{
	"input_file":	"/Users/daniel/ecological-inference-elections/instances/J100_M50_G2_I5_L50_seed2.json",
	"method":	"MVN CDF",
	"convergence_threshold":	0.001,
	"iterations_made":	1,
	"max_iterations":	10000,
	"time_taken":	0.00274,
	"ground_truth_matrix":	[[0.22783917374835463, 0.010450529100728561, 0.317379168519664, 0.2273650803535196, 0.21696604827773336], [0.17725330515516027, 0.10121746478598845, 0.42687622768416966, 0.15745123595039329, 0.1372017664242883]],
	"estimated_matrix":	[[0.21816330725412675, 0.0407602360675356, 0.36488652358085061, 0.19596780128992583, 0.18022213180756125], [0.19791537027509748, 0.069436895622743036, 0.39852930861540142, 0.17203178624329091, 0.16208663924346711]],
	"log_likelihood":	[-1.8821438818982354, -1.9018922735984582]
}
