{
	"input_file":	"/Users/daniel/ecological-inference-elections/instances/J100_M50_G3_I10_L50_seed7.json",
	"method":	"MVN CDF",
	"convergence_threshold":	0.001,
	"iterations_made":	1,
	"max_iterations":	10000,
	"time_taken":	0.04558,
	"ground_truth_matrix":	[[0.00808261828816172, 0.15413970663026186, 0.058751646987581382, 0.13088878561109682, 0.38859135211187357, 0.078738263100063072, 0.07080871498828735, 0.0076143966059739766, 0.0318281670743481, 0.070556348602352159], [0.11844066583086636, 0.16961555343026474, 0.0499536137283108, 0.0071052771714643923, 0.03540434652102236, 0.25035815833408864, 0.025001738498636041, 0.0626777031670133, 0.278816438584351, 0.002626504733982544], [0.0806419372660566, 0.26348510646049522, 0.023002633148146594, 0.0698763924999843, 0.2107570616409781, 0.012558716070879135, 0.06512631348954924, 0.12196815242292552, 0.0971640283229745, 0.055419658678010977]],
	"estimated_matrix":	[[0.045540933833955889, 0.20129322327509774, 0.042728560628679073, 0.086608621815401743, 0.256969128632137, 0.10672789365627836, 0.0572205577172915, 0.052165074425639578, 0.10227623604953004, 0.048469769965989153], [0.084446153660315923, 0.19186325506613439, 0.046715784354979854, 0.053497916455256138, 0.15744093463419348, 0.15116842257455229, 0.042646743468286986, 0.071607819535877651, 0.16910978153712089, 0.031503188713282379], [0.0788016372090267, 0.22062043310901322, 0.0313262174631563, 0.0696635241234999, 0.2035929448963153, 0.0874942177368218, 0.050026732878351, 0.088387926847306, 0.12138577255180297, 0.048700593184706889]],
	"log_likelihood":	[-7.5973700033633156, -7.65128731516232]
}
