{
	"input_file":	"/Users/daniel/ecological-inference-elections/instances/J100_M50_G3_I10_L50_seed18.json",
	"method":	"MVN CDF",
	"convergence_threshold":	0.001,
	"iterations_made":	1,
	"max_iterations":	10000,
	"time_taken":	0.014195,
	"ground_truth_matrix":	[[0.079612049573285548, 0.053341302769557571, 0.15974625935528347, 0.01520417981069265, 0.14485572387769835, 0.10506232004872461, 0.083098883069512963, 0.33440299380389882, 0.022500991524444326, 0.0021752961669017148], [0.11041562041843452, 0.20549084721159183, 0.14569309460047292, 0.0022990684700750739, 0.012939030064866993, 0.038644144714774474, 0.1269946163384455, 0.21625373472435236, 0.024212202145507448, 0.11705764131147908], [0.10266653452655629, 0.037083991797034088, 0.13319222292738928, 0.1435889494144332, 0.018771610259097959, 0.254774298579153, 0.0552593377388751, 0.0937544862565924, 0.020261829253660643, 0.14064673924720819]],
	"estimated_matrix":	[[0.09283693012733403, 0.085187748606176478, 0.15289597119129883, 0.040691392076988221, 0.0868197894232635, 0.13118078900148594, 0.08887269802142457, 0.23640958169451426, 0.021584035171661423, 0.063521064685852655], [0.10432929623768306, 0.13965028319834583, 0.14289747047072482, 0.039326089153384362, 0.0370058973869095, 0.11007620270689454, 0.10681840614098187, 0.21381577618511757, 0.022720709402415766, 0.08335986911754277], [0.10411707676974415, 0.084046864245677338, 0.14315026557293889, 0.0786500015575616, 0.043570495736350565, 0.17268225350656227, 0.080460768997733023, 0.17471310252594272, 0.021527971345370371, 0.0970811997421191]],
	"log_likelihood":	[-9.62425990554256, -10.166987197016661]
}
