{
	"input_file":	"/Users/daniel/ecological-inference-elections/instances/J100_M50_G3_I10_L50_seed6.json",
	"method":	"MVN CDF",
	"convergence_threshold":	0.001,
	"iterations_made":	19,
	"max_iterations":	10000,
	"time_taken":	0.306169,
	"ground_truth_matrix":	[[0.2757785884142302, 0.049811174985890418, 0.21256714574811184, 0.0052585713872016051, 0.0140634359385901, 0.11161384679915949, 0.093172468949395029, 0.067002269496367034, 0.0504463957726052, 0.12028610250844927], [0.037829281177702068, 0.087361551550571126, 0.047893920136897319, 0.056745822878612753, 0.0680224331729206, 0.30367179058157329, 0.11247047241485471, 0.0349793289128446, 0.13711825271796652, 0.11390714645605694], [0.005413509600190102, 0.12255642412443131, 0.15659858686385889, 0.12886126867449413, 0.11934533866161898, 0.07524458775695847, 0.012885711406898518, 0.30556443953072565, 0.049894633529748239, 0.023635499851075638]],
	"estimated_matrix":	[[0.19446902729276253, 0.063064267193793, 0.16416617413228024, 0.036937583455338686, 0.022239508899691191, 0.14840888635655627, 0.082050806459462125, 0.10654162207641039, 0.0629464332638878, 0.11917569086981783], [0.0549818163116112, 0.082098791742973479, 0.0869346138085788, 0.052454523678092321, 0.060307294995765377, 0.23540994146272232, 0.10136860809516092, 0.0848825783294804, 0.13752840921622983, 0.10403342235938538], [0.045496509029303168, 0.13007559427035331, 0.13494662306943894, 0.10258338793371688, 0.0815517042814189, 0.11108639746940745, 0.037551157214037047, 0.22032554338432805, 0.066583685158177752, 0.0697993981898185]],
	"log_likelihood":	[-4.8586917681583817, -4.8000566317556537, -4.7462006763921369, -4.69687308244659, -4.6518667519618768, -4.6109998879185232, -4.57410434333278, -4.54101868788755, -4.511584424739147, -4.48564421714886, -4.4630413300329437, -4.4436197544474929, -4.4272246735578014, -4.4137030611726846, -4.4029042925822433, -4.39468070451063, -4.3888880761535827, -4.38538602374483, -4.3840383121296878, -4.3847130919774386]
}
