{
	"input_file":	"/Users/daniel/ecological-inference-elections/instances/J100_M50_G3_I10_L50_seed5.json",
	"method":	"MVN CDF",
	"convergence_threshold":	0.001,
	"iterations_made":	13,
	"max_iterations":	10000,
	"time_taken":	0.127359,
	"ground_truth_matrix":	[[0.026715474938408819, 0.21773719390232371, 0.024646306624725028, 0.26697533847630672, 0.071331461147205, 0.10069016905056917, 0.15453730446846922, 0.0777644459444631, 0.037474746424589631, 0.022127559022939464], [0.011432530344489289, 0.1821179371482772, 0.079056145214111834, 0.02340391124384544, 0.28785667046947466, 0.043499462919321719, 0.072629835700401, 0.047677443735614625, 0.13457350322664272, 0.11775255999782144], [0.0980656442888187, 0.033076972621810384, 0.035863752635601466, 0.031308368631353931, 0.042480730056273688, 0.016664471943367083, 0.019381380265742564, 0.35563741156193152, 0.345173883787732, 0.022347384207368561]],
	"estimated_matrix":	[[0.027531609834498667, 0.16204410394337807, 0.033183930192910237, 0.18158471740757823, 0.10554227414853168, 0.0830831316315581, 0.12343644291026318, 0.12254987190601203, 0.12026452566295094, 0.0407793923623189], [0.019523581284320229, 0.16411660569017569, 0.0732062635312904, 0.057587594897592041, 0.20090578918656074, 0.0490984923011505, 0.0772044351953001, 0.11752165027476597, 0.17106727687686024, 0.069768310761984045], [0.07576040659863327, 0.10120921301051934, 0.020799661945627289, 0.070797087912841, 0.090992753696632525, 0.025045305219677051, 0.041552683200847089, 0.25345049607721865, 0.27344344426886891, 0.046948948069134855]],
	"log_likelihood":	[-7.8796073519389465, -7.7963989735635, -7.7204374865611429, -7.653233785624364, -7.5955590813932572, -7.547527671146506, -7.5087489179105757, -7.4784973165610245, -7.45586714607129, -7.439894526388275, -7.42964222819634, -7.4242505735525519, -7.4229616609090581, -7.4251250322556572]
}
