{
	"input_file":	"/Users/daniel/ecological-inference-elections/instances/J100_M50_G3_I2_L50_seed15.json",
	"method":	"MVN CDF",
	"convergence_threshold":	0.001,
	"iterations_made":	125,
	"max_iterations":	10000,
	"time_taken":	0.036115,
	"ground_truth_matrix":	[[0.905527300001945, 0.0944726999980548], [0.11077641301954382, 0.889223586980456], [0.29906126152703688, 0.70093873847296317]],
	"estimated_matrix":	[[0.85759711773368175, 0.14240288226631817], [0.13799171101954863, 0.86200828898045134], [0.3207638365525316, 0.67923616344746851]],
	"log_likelihood":	[-0.34050854914723117, -0.33569900533600439, -0.33101838493284547, -0.32646153513890719, -0.322023568642627, -0.31769984703529935, -0.31348596547041613, -0.30937773846242045, -0.30537118672146646, -0.30146252494771375, -0.2976481504937073, -0.29392463283348558, -0.2902887037693197, -0.28673724831422748, -0.28326729620436852, -0.27987601398703177, -0.27656069763459684, -0.27331876565753266, -0.27014775267137248, -0.26704530337270144, -0.26400916692230647, -0.26103719167246114, -0.25812732023444968, -0.25527758486364271, -0.25248610312123032, -0.249751073808852, -0.2470707731538222, -0.24444355122473321, -0.24186782856303682, -0.23934209301736065, -0.23686489675830191, -0.23443485347969062, -0.23205063575486223, -0.22971097254626033, -0.227414646857109, -0.22516049352223744, -0.22294739711147291, -0.22077428995874759, -0.218640150295716, -0.216544000486598, -0.21448490535803039, -0.21246197061753005, -0.2104743413534024, -0.20852120061728888, -0.20660176806754, -0.20471529869173766, -0.20286108158730623, -0.20103843879614353, -0.19924672420260461, -0.19748532247305936, -0.19575364805507253, -0.19405114420111277, -0.192377282054901, -0.190731559755759, -0.18911350159564713, -0.18752265719021657, -0.18595860069326869, -0.1844209300341903, -0.18290926617425921, -0.18142325239452445, -0.179962553597055, -0.17852685562848639, -0.1771158646177205, -0.17572930633311976, -0.17436692554383892, -0.17302848540123911, -0.17171376682896561, -0.17042256791499472, -0.16915470332068283, -0.16791000368806047, -0.16668831505600015, -0.16548949827910506, -0.16431342845054, -0.1631599943233504, -0.16202909773994448, -0.16092065305125053, -0.15983458654930077, -0.15877083588514965, -0.15772934949509454, -0.15671008602103745, -0.15571301372936142, -0.15473810992861811, -0.15378536038211285, -0.15285475872106644, -0.15194630585352648, -0.15106000936652131, -0.15019588293766989, -0.14935394572919611, -0.14853422179190778, -0.14773673946125288, -0.14696153075498919, -0.14620863076707444, -0.145478077069377, -0.14476990910217055, -0.14408416757351272, -0.14342089386358706, -0.1427801294178237, -0.14216191516641266, -0.141566290923678, -0.14099329481044678, -0.1404429626761042, -0.13991532753220043, -0.13941041898344056, -0.13892826269241282, -0.13846887982265887, -0.13803228652432575, -0.13761849341472723, -0.13722750507575573, -0.13685931957694467, -0.13651392799939238, -0.13619131399146278, -0.135891453334491, -0.13561431353321787, -0.13535985342345994, -0.13512802280531433, -0.13491876209432171, -0.13473200200434626, -0.13456766324438632, -0.13442565625068781, -0.13430588093647894, -0.13420822647611114, -0.1341325711105672, -0.13407878198200768, -0.13404671499846682, -0.13403621472511762, -0.13404711430344646]
}
