{
	"input_file":	"/Users/daniel/ecological-inference-elections/instances/J100_M50_G3_I2_L50_seed18.json",
	"method":	"MVN CDF",
	"convergence_threshold":	0.001,
	"iterations_made":	57,
	"max_iterations":	10000,
	"time_taken":	0.008376244,
	"ground_truth_matrix":	[[0.598796857472177, 0.40120314252782313], [0.913094360419019, 0.086905639580980923], [0.57961290670290522, 0.42038709329709484]],
	"estimated_matrix":	[[0.650883249564082, 0.349116750435918], [0.84978255639222366, 0.15021744360777645], [0.64958777003777635, 0.35041222996222365]],
	"log_likelihood":	[-0.13275180385376795, -0.13092026867100023, -0.12911954859864372, -0.12734909564696809, -0.12560837732592678, -0.12389687597720937, -0.12221408814078803, -0.12055952396033129, -0.11893270661444708, -0.11733317178728112, -0.11576046715258793, -0.11421415189197898, -0.11269379623453356, -0.11119898101423119, -0.10972929724755774, -0.1082843457358105, -0.10686373667383273, -0.10546708928383876, -0.10409403146173982, -0.10274419943617676, -0.10141723744468965, -0.10011279741941222, -0.09883053868992106, -0.097570127691439357, -0.096331237693460775, -0.095113548530021963, -0.093916746348971347, -0.092740523366723629, -0.091584577632289541, -0.0904486128048145, -0.089332337941273959, -0.088235467284834765, -0.0871577200696884, -0.086098820336204265, -0.085058496747133228, -0.0840364824151087, -0.0830325147393444, -0.082046335248165458, -0.081077689451613838, -0.080126326695344169, -0.079192000027989762, -0.078274466070530166, -0.0773734848950255, -0.0764888199079523, -0.075620237740634158, -0.074767508144449643, -0.073930403891546342, -0.073108700683066644, -0.072302177059947348, -0.071510614321209143, -0.0707337964437938, -0.0699715100122416, -0.069223544145531432, -0.0684896904368667, -0.067769742889497567, -0.067063497860485238, -0.066370754009410435, -0.0575912706277067]
}
