{
	"input_file":	"/Users/daniel/ecological-inference-elections/instances/J100_M50_G3_I2_L50_seed13.json",
	"method":	"MVN CDF",
	"convergence_threshold":	0.001,
	"iterations_made":	120,
	"max_iterations":	10000,
	"time_taken":	0.13460360099999993,
	"ground_truth_matrix":	[[0.84720269601591158, 0.15279730398408845], [0.34009172295595952, 0.65990827704404054], [0.856207255811948, 0.14379274418805191]],
	"estimated_matrix":	[[0.8564146480694117, 0.14358535193058833], [0.3381158877028298, 0.66188411229717], [0.83078165292026063, 0.16921834707973923]],
	"log_likelihood":	[-0.28229725214085355, -0.27739980200563769, -0.27262849224963187, -0.26797885960891454, -0.26344667064602773, -0.25902790712713725, -0.25471875249991976, -0.25051557936740682, -0.24641493788165039, -0.24241354497200562, -0.2385082743434809, -0.23469614717937334, -0.23097432348573527, -0.22734009404254829, -0.22379087288986368, -0.22032419032362738, -0.2169376863599434, -0.21362910462393478, -0.21039628663481882, -0.20723716646453211, -0.20414976572515484, -0.20113218888126952, -0.19818261884662239, -0.19529931285521884, -0.1924805985790502, -0.18972487048712178, -0.18703058641203665, -0.1843962643252379, -0.18182047929634293, -0.1793018606324655, -0.17683908917462068, -0.174430894752789, -0.17207605377933793, -0.16977338697798877, -0.16752175723536974, -0.16532006757316536, -0.16316725922213993, -0.16106230980558842, -0.15900423161680591, -0.156992069981849, -0.15502490171481387, -0.15310183364547472, -0.15122200122318566, -0.14938456719726362, -0.14758872034948176, -0.145833674306411, -0.14411866639461723, -0.14244295656155145, -0.14080582634205355, -0.13920657788047686, -0.13764453299019047, -0.13611903226976915, -0.1346294342461607, -0.13317511457254413, -0.1317554652475324, -0.13036989388666928, -0.12901782301121142, -0.12769868938017109, -0.126411943351796, -0.1251570482654909, -0.12393347986212956, -0.12274072572098547, -0.1215782847293107, -0.12044566657141771, -0.11934239124004889, -0.11826798857372438, -0.11722199781052466, -0.11620396716168382, -0.11521345340954865, -0.11425002151697221, -0.11331324425897492, -0.112402701870045, -0.11151798170410422, -0.11065867791983261, -0.1098243911655251, -0.10901472829402262, -0.10822930208269047, -0.10746773096619992, -0.10672963878920182, -0.10601465456401342, -0.10532241224107393, -0.10465255050090581, -0.10400471254129, -0.10337854588817787, -0.102773702212086, -0.10218983715524092, -0.101626610165285, -0.10108368434705861, -0.1005607263142171, -0.10005740605373137, -0.0995733968011597, -0.0991083749205492, -0.0986620197929921, -0.098234013715672, -0.097824041804071463, -0.0974317919083905, -0.097056954523610031, -0.096699222726893, -0.096358292099748458, -0.0960338606702315, -0.09572562885986, -0.095433299427513857, -0.095156577434441655, -0.094895170192974374, -0.094648787245765337, -0.094417140327815077, -0.0941999433455312, -0.093996912357482157, -0.0938077655584337, -0.0936322232675963, -0.0934700079206591, -0.0933208440663256, -0.0931844583671415, -0.09306057959995695, -0.092948938662079858, -0.092849268581461558, -0.092761304525477331, -0.0926847838162015, -0.092619445945893858, -0.092565032593571253, -0.086546152296909776]
}
