{
	"input_file":	"/Users/daniel/ecological-inference-elections/instances/J100_M50_G3_I2_L50_seed16.json",
	"method":	"MVN CDF",
	"convergence_threshold":	0.001,
	"iterations_made":	119,
	"max_iterations":	10000,
	"time_taken":	0.025820206,
	"ground_truth_matrix":	[[0.25440151136213868, 0.74559848863786138], [0.944877609836287, 0.055122390163713141], [0.63932175408727943, 0.36067824591272069]],
	"estimated_matrix":	[[0.29991708072633333, 0.700082919273667], [0.88520881896665271, 0.11479118103334737], [0.65242773275501964, 0.3475722672449803]],
	"log_likelihood":	[-0.26031911463367147, -0.256740235985015, -0.253244179287607, -0.24982805943608916, -0.24648912375906529, -0.24322474479199938, -0.24003241352054633, -0.23690973305340321, -0.23385441270755386, -0.23086426245778724, -0.22793718773969013, -0.22507118456850048, -0.22226433495653955, -0.21951480261583634, -0.21682082890648136, -0.21418072903272653, -0.2115928884597966, -0.20905575954463393, -0.20656785834829966, -0.20412776164327784, -0.20173410408120515, -0.19938557552228445, -0.19708091851029333, -0.19481892588915109, -0.19259843854329034, -0.19041834326392612, -0.188277570728071, -0.1861750935807012, -0.18410992461877124, -0.18208111507043467, -0.18008775295837379, -0.17812896154569355, -0.17620389786440918, -0.17431175131045054, -0.172451742308614, -0.17062312104721927, -0.16882516626200744, -0.16705718409034015, -0.16531850696791173, -0.16360849258417146, -0.161926522878368, -0.16027200308599368, -0.15864436082703753, -0.15704304522919041, -0.15546752609489789, -0.15391729310114921, -0.15239185503123787, -0.15089073904337369, -0.14941348996527287, -0.14795966961560386, -0.14652885615862019, -0.145120643476768, -0.14373464057589327, -0.142370471001281, -0.14102777229010538, -0.139706195430596, -0.13840540435229046, -0.13712507542045133, -0.13586489696751766, -0.13462456882164175, -0.13340380186372361, -0.13220231759523729, -0.13101984771744032, -0.12985613373192706, -0.128710926545571, -0.12758398609511853, -0.12647508097556989, -0.12538398809034021, -0.12431049230079477, -0.12325438609658404, -0.12221546926789757, -0.12119354859073871, -0.12018843752364641, -0.11919995590463317, -0.11822792967063978, -0.11727219056906604, -0.11633257588980617, -0.11540892819971277, -0.11450109508151421, -0.11360892888781347, -0.11273228649499618, -0.11187102906535354, -0.11102502182005439, -0.11019413381029175, -0.10937823770197028, -0.10857720956736834, -0.1077909286734704, -0.10701927728553857, -0.10626214047199571, -0.10551940591595557, -0.10479096373382046, -0.10407670629397429, -0.10337652804896244, -0.10269032536570938, -0.10201799636596313, -0.10135944076634872, -0.10071455973333433, -0.10008325573114722, -0.099465432380985624, -0.0988609943302883, -0.0982698471143982, -0.0976918970358859, -0.0971270510379209, -0.0965752165927224, -0.096036301585069747, -0.095510214207706168, -0.0949968628581393, -0.0944961560410867, -0.0940080022729643, -0.093532309997759439, -0.093068987496976854, -0.092617942815879331, -0.092179083683158636, -0.0917523174454282, -0.091337550994740432, -0.090934690711991825, -0.090543642403493829, -0.0901643112549021, -0.0897966017725207, -0.0798808803451814]
}
