{
	"input_file":	"/Users/daniel/ecological-inference-elections/instances/J100_M50_G3_I2_L50_seed17.json",
	"method":	"MVN CDF",
	"convergence_threshold":	0.001,
	"iterations_made":	69,
	"max_iterations":	10000,
	"time_taken":	0.016369687,
	"ground_truth_matrix":	[[0.315810458607232, 0.684189541392768], [0.751461243773324, 0.24853875622667579], [0.59147354310544265, 0.40852645689455724]],
	"estimated_matrix":	[[0.37814058119945765, 0.6218594188005423], [0.679402639628794, 0.32059736037120612], [0.577088695061, 0.422911304939]],
	"log_likelihood":	[-0.12883251050342395, -0.1271964167147559, -0.12559870446271917, -0.12403832812932587, -0.12251428045183313, -0.12102559074735007, -0.11957132323389683, -0.11815057543611975, -0.11676247668291405, -0.11540618667770351, -0.11408089414756314, -0.11278581555803627, -0.11152019389821814, -0.11028329752599503, -0.10907441906996018, -0.10789287439034204, -0.10673800158689277, -0.10560916006202778, -0.104505729623066, -0.10342710963396444, -0.10237271820565795, -0.10134199142572363, -0.1003343826244749, -0.099349361679495041, -0.098386414343913375, -0.097445041619789632, -0.096524759149581321, -0.095625096639348456, -0.0947455973104422, -0.093885817375558, -0.093045325535217674, -0.092223702504253227, -0.091420540551636453, -0.0906354430667804, -0.089868024142656475, -0.089117908179487434, -0.088384729500937564, -0.087668131997269722, -0.086967768769647069, -0.086283301804503, -0.085614401654387634, -0.0849607471322261, -0.0843220250193915, -0.0836979297920783, -0.083088163349838651, -0.082492434763596967, -0.0819104600293688, -0.0813419618355601, -0.080786669338025, -0.08024431794541205, -0.079714649113635, -0.079197410148439853, -0.078692354016541663, -0.078199239163627532, -0.0777178293425206, -0.077247893444493371, -0.076789205340679872, -0.076341543727690031, -0.075904691981955749, -0.075478438018027269, -0.0750625741532231, -0.0746568969760431, -0.074261207225087125, -0.0738753096664158, -0.0734990129784323, -0.073132129643019142, -0.072774475838911057, -0.072425871338974143, -0.0720861394141529, -0.0656253095890217]
}
