{
	"input_file":	"/Users/daniel/ecological-inference-elections/instances/J100_M50_G3_I2_L50_seed14.json",
	"method":	"MVN CDF",
	"convergence_threshold":	0.001,
	"iterations_made":	142,
	"max_iterations":	10000,
	"time_taken":	0.026798725,
	"ground_truth_matrix":	[[0.32718470976908715, 0.6728152902309128], [0.99606184581514945, 0.0039381541848506141], [0.104967871470104, 0.895032128529896]],
	"estimated_matrix":	[[0.346418549568478, 0.653581450431522], [0.94034222425781222, 0.059657775742187759], [0.14847267723713878, 0.85152732276286136]],
	"log_likelihood":	[-0.37559108316910483, -0.3711672899939516, -0.36686498480216728, -0.3626795517843493, -0.3586065987773408, -0.35464194373641478, -0.35078160217228982, -0.34702177547198376, -0.34335884003520489, -0.33978933715923126, -0.33630996360880072, -0.33291756282559848, -0.32960911672138038, -0.32638173801115, -0.32323266304763743, -0.32015924511842508, -0.31715894816768209, -0.31422934091983784, -0.31136809136787857, -0.3085729616049675, -0.30584180297133867, -0.303172551501427, -0.30056322363749688, -0.29801191221012369, -0.29551678264747289, -0.29307606941279674, -0.29068807265116542, -0.28835115502295128, -0.28606373873018553, -0.28382430270387837, -0.28163137995412524, -0.27948355507219513, -0.27737946186855, -0.275317781148376, -0.273297238603413, -0.27131660282641024, -0.26937468343319682, -0.267470329291569, -0.26560242683909913, -0.26376989850238292, -0.26197170119953817, -0.26020682492205671, -0.25847429140335082, -0.25677315284849589, -0.25510249074507019, -0.25346141473609413, -0.2518490615545298, -0.2502645940185742, -0.24870720008933381, -0.24717609197323376, -0.24567050528446779, -0.24418969825421738, -0.24273295098628456, -0.24129956475803574, -0.23988886136687515, -0.23850018251691152, -0.237132889242136, -0.23578636137450318, -0.23445999704300616, -0.2331532122082968, -0.23186544023546882, -0.230596131495233, -0.22934475299550258, -0.22811078804805549, -0.22689373595596757, -0.22569311174238429, -0.22450844588738816, -0.22333928410670986, -0.22218518715007912, -0.22104573061606705, -0.219920504804552, -0.2188091145732001, -0.21771117923159192, -0.21662633244343374, -0.21555422215488457, -0.21449451053464985, -0.213446873938599, -0.21241100288397644, -0.21138660204274409, -0.2103733902477837, -0.20937110051280974, -0.20837948006190538, -0.20739829037724572, -0.2064273072457268, -0.20546632082671829, -0.20451513571796276, -0.203573571034094, -0.202641460488056, -0.20171865247670662, -0.20080501017111915, -0.19990041160654529, -0.19900474977527677, -0.19811793271393169, -0.19723988359806063, -0.19637054081935, -0.19550985806951615, -0.194657804414029, -0.19381436435610738, -0.19297953789006805, -0.19215334055364713, -0.19133580345240478, -0.19052697328536405, -0.18972691234507152, -0.18893569850858816, -0.188153425204553, -0.18738020136484324, -0.186616151351234, -0.1858614148688211, -0.18511614684471844, -0.184380517289816, -0.18365471113487675, -0.18293892803412468, -0.18223338215152463, -0.18153830190417505, -0.18085392969293784, -0.18018052158882869, -0.17951834699701752, -0.17886768828678043, -0.17822884038972583, -0.17760211036978477, -0.176987816954692, -0.17638629004283182, -0.17579787017567433, -0.17522290797686085, -0.17466176356200538, -0.174114805921178, -0.17358241226795348, -0.17306496736100524, -0.172562862798967, -0.17207649628984559, -0.17160627089270591, -0.17115259424000631, -0.17071587773263525, -0.17029653572297584, -0.16989498467065611, -0.16951164228796214, -0.1691469266714048, -0.168801255418981, -0.16847504473819394, -0.16816870854972524, -0.167882657582958, -0.16761729847095955, -0.14794812853032913]
}
