{
	"input_file":	"/Users/daniel/ecological-inference-elections/instances/J100_M50_G3_I2_L50_seed10.json",
	"method":	"MVN CDF",
	"convergence_threshold":	0.001,
	"iterations_made":	84,
	"max_iterations":	10000,
	"time_taken":	0.078521638,
	"ground_truth_matrix":	[[0.98598621315062451, 0.014013786849375551], [0.42091152445267649, 0.57908847554732346], [0.73049207059464549, 0.26950792940535451]],
	"estimated_matrix":	[[0.91929534848711, 0.08070465151289], [0.51909795345030829, 0.48090204654969165], [0.76712360972927274, 0.23287639027072723]],
	"log_likelihood":	[-0.268021825304619, -0.26386835652646756, -0.2598277404931183, -0.25589602074005219, -0.2520694321386332, -0.2483443894222635, -0.24471747652194065, -0.2411854366566368, -0.23774516311135882, -0.23439369064179694, -0.23112818746843206, -0.22794594780122457, -0.224844384864436, -0.22182102436719084, -0.21887349840919748, -0.21599953975985778, -0.21319697651581135, -0.21046372707276739, -0.20779779542348581, -0.20519726673514721, -0.202660303189152, -0.200185140079985, -0.19777008213097286, -0.19541350003670682, -0.19311382719734013, -0.19086955664202185, -0.188679238124662, -0.18654147538454852, -0.18445492355742091, -0.18241828672758387, -0.180430315613379, -0.17848980537673792, -0.17659559355456894, -0.17474655808868547, -0.17294161547034087, -0.17117971897351819, -0.16945985698433907, -0.16778105141181943, -0.16614235618063353, -0.16454285580509295, -0.16298166402287184, -0.16145792251091667, -0.15997079965346322, -0.15851948937678315, -0.15710321004119823, -0.15572120338233569, -0.15437273350974723, -0.153057085950336, -0.1517735667392007, -0.15052150155271515, -0.14930023488584127, -0.14810912926767791, -0.14694756451222363, -0.14581493700871, -0.14471065904262281, -0.14363415815055566, -0.14258487650677476, -0.14156227033413118, -0.14056580935089, -0.13959497623518713, -0.138649266123494, -0.13772818612545373, -0.13683125486511069, -0.1359580020473479, -0.13510796803693, -0.13428070346860957, -0.13347576886261525, -0.13269273427222306, -0.13193117893779971, -0.13119069096281927, -0.13047086700761867, -0.12977131198793895, -0.12909163880167823, -0.12843146805744909, -0.12779042782494529, -0.12716815339057633, -0.12656428702693792, -0.12597847778096943, -0.12541038125874043, -0.12485965943217078, -0.12432598045203544, -0.12380901846769082, -0.12330845345506371, -0.12282397106078127, -0.11179589321765626]
}
