{
	"input_file":	"/Users/daniel/ecological-inference-elections/instances/J100_M50_G3_I3_L50_seed16.json",
	"method":	"MVN CDF",
	"convergence_threshold":	0.001,
	"iterations_made":	100,
	"max_iterations":	10000,
	"time_taken":	0.367975,
	"ground_truth_matrix":	[[0.14090457732224396, 0.41296232609275713, 0.44613309658499889], [0.062522697791787138, 0.599349633264765, 0.3381276689434477], [0.82257953957974517, 0.12602514504674908, 0.0513953153735057]],
	"estimated_matrix":	[[0.17790981950297913, 0.39190099863656169, 0.43018918186045912], [0.0960249892990989, 0.58038235390073467, 0.32359265680016652], [0.75394140672594234, 0.15773624673467176, 0.088322346539385851]],
	"log_likelihood":	[-0.45060320342150734, -0.4440406605477773, -0.43766699303436341, -0.43147413359478787, -0.42545448911142847, -0.41960090681395262, -0.41390664335585042, -0.408365336510118, -0.40297097922203218, -0.39771789579520866, -0.3926007200148483, -0.38761437501453028, -0.38275405473476587, -0.37801520683144546, -0.37339351689426248, -0.368884893867523, -0.36448545656217135, -0.36019152117334691, -0.35599958970466633, -0.35190633923771325, -0.34790861196414113, -0.34400340592542589, -0.340187866399842, -0.336459277885684, -0.3328150566271213, -0.32925274365529145, -0.32576999828580716, -0.32236459205344109, -0.31903440303862834, -0.315777410563301, -0.31259169022820676, -0.30947540926300249, -0.306426822166362, -0.30344426662058743, -0.30052615965079088, -0.2976709940237563, -0.29487733485483453, -0.2921438164220399, -0.28946913916219758, -0.28685206684133935, -0.28429142388708972, -0.28178609286636785, -0.27933501210964767, -0.27693717345444641, -0.274591620116957, -0.27229744466982481, -0.27005378712714856, -0.2678598331220608, -0.26571481217449222, -0.26361799604124247, -0.26156869714250475, -0.25956626705933572, -0.25761009509216981, -0.255699606885291, -0.25383426310038343, -0.252013558142642, -0.25023701893507716, -0.24850420373002782, -0.24681470096205577, -0.24516812813442684, -0.24356413073369076, -0.24200238117758771, -0.2404825777790614, -0.23900444374136678, -0.2375677261609199, -0.23617219505529607, -0.23481764239852912, -0.23350388117165963, -0.2322307444182187, -0.230998084308163, -0.229805771206401, -0.22865369274319292, -0.22754175288960943, -0.22646987102317295, -0.22543798100598958, -0.22444603024277149, -0.22349397875016649, -0.222581798208347, -0.22170947101711061, -0.22087698933342745, -0.22008435411262536, -0.21933157413270662, -0.21861866501709434, -0.21794564824181087, -0.21731255014131309, -0.21671940090117506, -0.21616623354338824, -0.21565308290564328, -0.21517998461279308, -0.21474697404013859, -0.21435408527532063, -0.21400135007347429, -0.21368879680843114, -0.21341644942643745, -0.21318432639384866, -0.212992439653845, -0.21284079358114391, -0.21272938394278265, -0.21265819687066573, -0.21262720784174682, -0.21263638066564725]
}
