{
	"input_file":	"/Users/daniel/ecological-inference-elections/instances/J100_M50_G3_I3_L50_seed20.json",
	"method":	"MVN CDF",
	"convergence_threshold":	0.001,
	"iterations_made":	74,
	"max_iterations":	10000,
	"time_taken":	0.136644711,
	"ground_truth_matrix":	[[0.16462456721633445, 0.42313389130268786, 0.41224154148097764], [0.582351120333567, 0.012580030813523983, 0.405068848852909], [0.20877069949759983, 0.3206161607287713, 0.47061313977362884]],
	"estimated_matrix":	[[0.19409628517370583, 0.365220561073671, 0.440683153752623], [0.48553666366824083, 0.0848680140455458, 0.42959532228621339], [0.24275802741081989, 0.283344126333721, 0.47389784625545911]],
	"log_likelihood":	[-0.29488650013335471, -0.2918519892757, -0.288903854644392, -0.28603935994687374, -0.28325588730952839, -0.28055093063991654, -0.277922089445631, -0.27536706307080056, -0.27288364532189779, -0.27046971944499315, -0.26812325343236459, -0.26584229563152517, -0.26362497063432255, -0.261469475425406, -0.25937407576775862, -0.25733710281183814, -0.255356949907929, -0.25343206961606946, -0.2515609708823639, -0.2497422163910914, -0.24797442006131157, -0.24625624469030194, -0.24458639973145366, -0.24296363918808772, -0.24138675963520262, -0.23985459833419495, -0.23836603146310964, -0.23691997242773188, -0.23551537027119834, -0.23415120815754842, -0.23282650194119942, -0.23154029879798105, -0.23029167593532765, -0.22907973935820186, -0.22790362269801562, -0.22676248609744021, -0.2256555151466465, -0.22458191987450865, -0.22354093377780834, -0.22253181290551857, -0.22155383497354922, -0.220606298530513, -0.21968852215080367, -0.21879984366974164, -0.21793961944764445, -0.21710722366976287, -0.21630204767301758, -0.21552349930204032, -0.21477100229358376, -0.21404399568545687, -0.21334193325104109, -0.2126642829544593, -0.21201052643240553, -0.21138015849480812, -0.210772686642867, -0.21018763061487528, -0.20962452194021974, -0.20908290351924588, -0.208562329215703, -0.208062363468131, -0.20758258091456225, -0.20712256603472612, -0.20668191280373824, -0.20626022436219182, -0.20585711269966478, -0.20547219834782024, -0.2051051100900301, -0.20475548467973162, -0.20442296657301989, -0.20410720766785706, -0.20380786706050974, -0.203524610805175, -0.20325711168850127, -0.20300504900991878, -0.19020095436353243]
}
