{
	"input_file":	"/Users/daniel/ecological-inference-elections/instances/J100_M50_G3_I3_L50_seed14.json",
	"method":	"MVN CDF",
	"convergence_threshold":	0.001,
	"iterations_made":	80,
	"max_iterations":	10000,
	"time_taken":	0.37116629,
	"ground_truth_matrix":	[[0.16980903280015061, 0.34919148198550209, 0.48099948521434727], [0.0022826956347437562, 0.10472826176811086, 0.89298904259714529], [0.38331171056814639, 0.20405281529085445, 0.41263547414099916]],
	"estimated_matrix":	[[0.16516081039195915, 0.326499784793086, 0.50833940481495465], [0.041876295056936956, 0.12910394653102855, 0.82901975841203435], [0.31335756468325077, 0.21738027519938583, 0.46926216011736338]],
	"log_likelihood":	[-0.48478142074199915, -0.478385520189646, -0.47215390107113753, -0.46608259240993716, -0.460167727389313, -0.45440554298783919, -0.448792379180513, -0.44332467776071577, -0.43799898083954153, -0.43281192904348359, -0.42776025948400415, -0.4228408035103699, -0.41805048429596831, -0.41338631428215861, -0.40884539251682045, -0.40442490190462826, -0.40012210640556017, -0.3959343481925483, -0.39185904479665112, -0.387893686250011, -0.38403583225160742, -0.38028310936351267, -0.3766332082500965, -0.37308388097938616, -0.369632938381362, -0.36627824749013776, -0.36301772905867119, -0.35984935516433458, -0.35677114690672623, -0.35378117219862187, -0.35087754365374474, -0.34805841657362213, -0.34532198704017653, -0.3426664901008809, -0.34009019806095669, -0.33759141887034733, -0.33516849461048043, -0.33281980007517631, -0.33054374144763282, -0.32833875506300031, -0.32620330626189159, -0.32413588832919416, -0.3221350215066755, -0.320199252087844, -0.318327151584547, -0.31651731596179744, -0.31476836493247345, -0.313078941324889, -0.311447710491843, -0.30987335978376518, -0.30835459806495, -0.30689015527721686, -0.3054787820434699, -0.3041192493081587, -0.30281034801345585, -0.30155088880664876, -0.30033970176994756, -0.29917563618504539, -0.29805756030704234, -0.29698436116707688, -0.29595494438616254, -0.2949682340047815, -0.29402317232504088, -0.29311871976064324, -0.29225385469967147, -0.29142757336328085, -0.290638889686439, -0.28988683518049124, -0.28917045881940062, -0.28848882691019767, -0.28784102297315689, -0.2872261476176019, -0.286643318417367, -0.28609166978051809, -0.2855703528231392, -0.28507853523378412, -0.28461540113701789, -0.28418015095328941, -0.28377200125077157, -0.28339018460231558, -0.272423790809585]
}
