{
	"input_file":	"/Users/daniel/ecological-inference-elections/instances/J100_M50_G3_I3_L50_seed9.json",
	"method":	"MVN CDF",
	"convergence_threshold":	0.001,
	"iterations_made":	105,
	"max_iterations":	10000,
	"time_taken":	0.227920605,
	"ground_truth_matrix":	[[0.0074912953861159658, 0.50062704625065, 0.491881658363234], [0.26431498514720508, 0.28198911632292084, 0.45369589852987391], [0.5924477648098716, 0.31160369262214915, 0.095948542567979231]],
	"estimated_matrix":	[[0.050521571674279016, 0.48293882111217623, 0.46653960721354487], [0.25180549901700078, 0.33075125997717231, 0.41744324100582691], [0.553057056119159, 0.277858180373528, 0.16908476350731294]],
	"log_likelihood":	[-0.367977670461264, -0.3636545388602464, -0.35944523911839416, -0.3553455264270845, -0.35135137703789454, -0.34745897473574472, -0.34366469829957791, -0.3399651098838824, -0.3363569442171207, -0.33283709857545751, -0.32940262344285742, -0.32605071381789447, -0.32277870110542417, -0.3195840455505588, -0.31646432916665823, -0.31341724912332075, -0.31044061155646829, -0.30753232576479239, -0.30469039876950982, -0.301912930202747, -0.29919810750286119, -0.296544201397889, -0.29394956164585861, -0.291412613025437, -0.2889318515492717, -0.28650584088641035, -0.28413320898482725, -0.28181264487109531, -0.27954289562341644, -0.27732276349852247, -0.27515110320856856, -0.273026819335069, -0.27094886386944322, -0.26891623387890418, -0.26692796927796242, -0.26498315071125916, -0.263080897535058, -0.26122036588990838, -0.25940074686329456, -0.257621264733778, -0.25588117529656185, -0.25417976425718564, -0.2525163457056695, -0.25089026064469117, -0.2493008755893194, -0.24774758122815005, -0.24622979113353893, -0.24474694053394153, -0.24329848513864727, -0.241883900005117, -0.24050267846407208, -0.23915433108198961, -0.237838384674578, -0.23655438136162613, -0.2353018776548382, -0.23408044359790234, -0.23288966193814933, -0.23172912733127657, -0.23059844559130885, -0.22949723296550345, -0.22842511545193905, -0.22738172814021576, -0.22636671459215954, -0.22537972624681227, -0.22442042185681751, -0.223488466957304, -0.22258353335705774, -0.2217052986585499, -0.22085344580758795, -0.22002766266330664, -0.21922764159507643, -0.21845307910494416, -0.21770367547160854, -0.21697913441396308, -0.21627916278408535, -0.21560347027124274, -0.21495176913588113, -0.21432377395304958, -0.21371920138645925, -0.213137769969869, -0.21257919990966168, -0.21204321290983169, -0.21152953200191715, -0.21103788139963439, -0.210567986366091, -0.21011957309091894, -0.20969236858662774, -0.20928610059374109, -0.2089004974997874, -0.20853528826871792, -0.20819020238425881, -0.20786496979913224, -0.2075593208977505, -0.20727298646611444, -0.20700569767104962, -0.20675718604796681, -0.20652718349624441, -0.206315422278718, -0.206121635033059, -0.20594555478553306, -0.20578691497020346, -0.20564544945615609, -0.20552089257554068, -0.20541297916065354, -0.20532144458053325, -0.19338201343467254]
}
