{
	"input_file":	"/Users/daniel/ecological-inference-elections/instances/J100_M50_G3_I3_L50_seed11.json",
	"method":	"MVN CDF",
	"convergence_threshold":	0.001,
	"iterations_made":	90,
	"max_iterations":	10000,
	"time_taken":	0.171273,
	"ground_truth_matrix":	[[0.23647057945119962, 0.02339651959646144, 0.740132900952339], [0.516247965232227, 0.218010359126032, 0.265741675641741], [0.0036490791266723327, 0.1895586707975162, 0.80679225007581146]],
	"estimated_matrix":	[[0.19079322570041726, 0.034507915224388071, 0.77469885907519453], [0.46971242356593323, 0.21997090993366525, 0.31031666650040152], [0.050628104560194669, 0.17992241830640615, 0.769449477133399]],
	"log_likelihood":	[-0.738595678322265, -0.72743715184851765, -0.716594917623266, -0.7060602551791455, -0.695824880272812, -0.68588090784702671, -0.67622081780353971, -0.66683742340778418, -0.657723842150576, -0.648873468930787, -0.64027995143042937, -0.631937167542811, -0.623839204767133, -0.615980341437978, -0.60835502970533861, -0.60095788016065665, -0.5937836480085914, -0.586827220697477, -0.58008360691161065, -0.573547926836292, -0.56721540360638067, -0.56108135584680963, -0.55514119122465833, -0.54939040092196445, -0.54382455495118454, -0.53843929823500258, -0.533230347365576, -0.52819348798154275, -0.52332457268170962, -0.518619519414206, -0.51407431027575723, -0.50968499066716033, -0.50544766874226343, -0.50135851510243434, -0.49741376269837628, -0.4936097068807006, -0.48994270557497643, -0.48640917954104251, -0.48300561268290682, -0.47972855238971779, -0.4765746098810032, -0.473540460528615, -0.470622844152703, -0.46781856527183735, -0.46512449328075056, -0.4625375625771343, -0.46005477260108335, -0.45767318780314287, -0.45538993752119, -0.45320221578279146, -0.45110728101243186, -0.44910245566791579, -0.44718512578235348, -0.44535274043655138, -0.44360281115537731, -0.44193291122770967, -0.44034067496734569, -0.43882379690787565, -0.4373800309441484, -0.4360071894175665, -0.43470314216292882, -0.43346581550879076, -0.43229319124273091, -0.43118330554988243, -0.430134247921812, -0.42914416004677991, -0.42821123468473521, -0.42733371452423968, -0.426509891039437, -0.42573810333565687, -0.42501673699919584, -0.42434422294718249, -0.42371903627937324, -0.42313969514550365, -0.42260475961628224, -0.42211283056727461, -0.42166254858553948, -0.42125259287748434, -0.42088168021116418, -0.42054856386391, -0.4202520325996304, -0.41999090966071639, -0.41976405178545884, -0.41957034824718081, -0.41940871991699546, -0.41927811834565287, -0.41917752487590138, -0.41910594977335236, -0.419062431382662, -0.41904603530665019, -0.41905585361088449]
}
