{
	"input_file":	"/Users/daniel/ecological-inference-elections/instances/J100_M50_G3_I4_L50_seed14.json",
	"method":	"MVN CDF",
	"convergence_threshold":	0.001,
	"iterations_made":	93,
	"max_iterations":	10000,
	"time_taken":	0.383381864,
	"ground_truth_matrix":	[[0.16948671322645967, 0.34852867125185555, 0.48008648579103436, 0.0018981297306503366], [0.079987281299932059, 0.68202951659915934, 0.15530687378570474, 0.0826763283152038], [0.25105168191104937, 0.081029441322241033, 0.532172679173297, 0.13574619759341275]],
	"estimated_matrix":	[[0.165886794018265, 0.35465566393762477, 0.43473762293185247, 0.044719919112257749], [0.078327975153543755, 0.60913062485606317, 0.24301248677681292, 0.069528913213580124], [0.22095026548783447, 0.16891494672273294, 0.49658293989351215, 0.11355184789592042]],
	"log_likelihood":	[-0.36091886742491969, -0.357631382664961, -0.35443489029021286, -0.35132746516302, -0.34830724394509227, -0.345372411673909, -0.34252119114777568, -0.339751834666932, -0.337062617753522, -0.334451834495583, -0.33191779424238, -0.32945881938251348, -0.32707324401118554, -0.32475941328955477, -0.32251568335787739, -0.32034042166813259, -0.3182320076306116, -0.31618883349198074, -0.31420930536616121, -0.31229184436649238, -0.3104348877859911, -0.308636890294852, -0.30689632511795589, -0.30521168517855013, -0.30358148417917963, -0.30200425762108563, -0.30047856374409121, -0.29900298438019463, -0.297576125725878, -0.29619661902138722, -0.2948631211475653, -0.29357431513324256, -0.29232891057985189, -0.29112564400723617, -0.289963279117456, -0.28884060699331715, -0.28775644622108626, -0.28670964295274082, -0.28569907090778229, -0.28472363131526957, -0.28378225281034836, -0.28287389128088547, -0.281997529667235, -0.28115217772655626, -0.28033687176213612, -0.27955067431408553, -0.27879267382870654, -0.27806198429556361, -0.2773577448653306, -0.27667911944342216, -0.276025296272819, -0.27539548749093368, -0.274788928684352, -0.274204878424643, -0.273642617797548, -0.27310144992655028, -0.272580699488499, -0.27207971222422644, -0.271597854449209, -0.27113451255928944, -0.27068909254147183, -0.270261019477102, -0.26984973705460968, -0.26945470707968311, -0.26907540899207638, -0.26871133938477426, -0.268362011527229, -0.26802695489662315, -0.26770571471164983, -0.267397851475295, -0.26710294052591677, -0.26682057158739575, -0.26655034833836388, -0.266291887979636, -0.26604482081435032, -0.26580878983650164, -0.26558345032339453, -0.265368469445261, -0.26516352587198772, -0.26496830939857818, -0.264782520575002, -0.26460587034329264, -0.26443807968878075, -0.26427887929422439, -0.26412800920502216, -0.26398521850683088, -0.26385026500516728, -0.26372291491833311, -0.26360294257777611, -0.26349013013645944, -0.263384267285798, -0.2632851509818489, -0.26319258517743527, -0.25412578363391514]
}
