{
	"input_file":	"/Users/daniel/ecological-inference-elections/instances/J100_M50_G3_I4_L50_seed1.json",
	"method":	"MVN CDF",
	"convergence_threshold":	0.001,
	"iterations_made":	65,
	"max_iterations":	10000,
	"time_taken":	0.250559103,
	"ground_truth_matrix":	[[0.24822494433396575, 0.58611239568895857, 5.2616751750196278e-05, 0.16561004322532558], [0.179194262029625, 0.10938868480049078, 0.23271787507579811, 0.478699178094086], [0.16969288050778514, 0.25983737889369862, 0.18241242309601466, 0.38805731750250161]],
	"estimated_matrix":	[[0.23368213462024937, 0.48585911471263049, 0.042705577542263916, 0.23775317312485622], [0.18239346983822766, 0.18380702568033463, 0.19284270689954261, 0.4409567975818951], [0.1599433693743654, 0.29385082846319421, 0.15612926657237022, 0.39007653559007027]],
	"log_likelihood":	[-0.45371789106509647, -0.45009857105314, -0.44657453001213127, -0.44314349344219872, -0.43980332306050784, -0.43655199656385385, -0.43338759052164771, -0.43030826596757649, -0.427312256292424, -0.42439785709946548, -0.42156341773703665, -0.41880733424828809, -0.41612804352260191, -0.41352401846292236, -0.410993764011265, -0.40853581388762067, -0.40614872793573548, -0.40383108996560463, -0.40158150602337034, -0.39939860299983, -0.397281027531192, -0.39522744513511632, -0.393236539544759, -0.39130701219102443, -0.38943758182619986, -0.38762698423931741, -0.385873972063351, -0.38417731464011218, -0.38253579793907444, -0.38094822451817673, -0.37941341350594687, -0.37793020061169236, -0.37649743814393044, -0.37511399504499671, -0.37377875691912055, -0.37249062607318928, -0.37124852154599725, -0.3700513791378584, -0.36889815143139781, -0.3677878078083523, -0.3667193344520619, -0.36569173434549423, -0.3647040272552744, -0.3637552497096912, -0.36284445495864165, -0.36197071293226574, -0.361133110179118, -0.360330749802187, -0.359562751377891, -0.358828250866446, -0.35812640051731909, -0.35745636875585413, -0.356817340068963, -0.356208514876455, -0.35562910939757253, -0.35507835550685157, -0.35455550058369278, -0.35405980735496068, -0.35359055373048837, -0.35314703263047914, -0.352728551812455, -0.3523344336873237, -0.35196401513279413, -0.35161664730312286, -0.35129169543468558, -0.338206800141014]
}
