{
	"input_file":	"/Users/daniel/ecological-inference-elections/instances/J100_M50_G3_I4_L50_seed11.json",
	"method":	"MVN CDF",
	"convergence_threshold":	0.001,
	"iterations_made":	77,
	"max_iterations":	10000,
	"time_taken":	0.198872599,
	"ground_truth_matrix":	[[0.093264539298993046, 0.00922764103013564, 0.2919101149392348, 0.60559770473163632], [0.28831523205269738, 0.351439138882518, 0.0068038927321034627, 0.35344173633268122], [0.46088254985022259, 0.308299510147119, 0.21216300284705122, 0.018654937155607145]],
	"estimated_matrix":	[[0.13177592584401662, 0.050289310678261138, 0.27988164256114811, 0.538053120916574], [0.24801108640603908, 0.34426840183498469, 0.045733529530234365, 0.36198698222874182], [0.43231627199435552, 0.24816570433871979, 0.1910751370844383, 0.1284428865824864]],
	"log_likelihood":	[-0.704989726329271, -0.696693867647883, -0.688572046436148, -0.680618379921694, -0.672827314376296, -0.66519360522995075, -0.65771229864199832, -0.65037871439063255, -0.643188429943942, -0.63613726560592, -0.6292212706311352, -0.62243671021741531, -0.615780053295362, -0.609247961045468, -0.60283727607219573, -0.59654501218033262, -0.59036834470897581, -0.5843046013597597, -0.57835125350262739, -0.5725059079006265, -0.56676629883667473, -0.56113028060526082, -0.55559582035228061, -0.550160991231141, -0.54482396586444948, -0.53958301008716747, -0.53443647696069529, -0.52938280104550661, -0.524420492912992, -0.5195481339002993, -0.51476437108155482, -0.51006791246628336, -0.505457522403757, -0.5009320171954057, -0.49649026090661447, -0.49213116137553875, -0.48785366641122824, -0.48365676018291981, -0.47953945978882256, -0.47550081201171523, -0.47153989024593629, -0.467655791601751, -0.46384763418156155, -0.46011455452232591, -0.45645570520424927, -0.45287025261621877, -0.44935737488943117, -0.44591625996974465, -0.44254610385600429, -0.43924610897188782, -0.43601548268900664, -0.43285343597913739, -0.4297591822085215, -0.42673193605206322, -0.42377091253901172, -0.42087532620754736, -0.418044390381903, -0.41527731655258415, -0.41257331386078328, -0.4099315886786673, -0.407351344283669, -0.40483178061770381, -0.40237209412869662, -0.3999714776869388, -0.39762912057010319, -0.39534420851919161, -0.39311592384396926, -0.390943445593937, -0.38882594977147023, -0.38676260959236131, -0.38475259578511861, -0.382795076927336, -0.38088921981326362, -0.379034189842854, -0.37722915144233427, -0.37547326849585949, -0.37376570479646026, -0.3450206796293841]
}
