{
	"input_file":	"/Users/daniel/ecological-inference-elections/instances/J100_M50_G3_I4_L50_seed9.json",
	"method":	"MVN CDF",
	"convergence_threshold":	0.001,
	"iterations_made":	1,
	"max_iterations":	10000,
	"time_taken":	0.002799,
	"ground_truth_matrix":	[[0.0067904575313161844, 0.453791570266173, 0.445864345135731, 0.093553627066779749], [0.12490196468201752, 0.20095636964109462, 0.44178206861140756, 0.23235959706548037], [0.031330988253750372, 0.15125306603020736, 0.065104505715419259, 0.75231144000062322]],
	"estimated_matrix":	[[0.038625023134396815, 0.31444336912974713, 0.359837917603886, 0.28709369013197], [0.06831083728624876, 0.25790727829823379, 0.355837412853969, 0.31794447156154831], [0.04316699880846056, 0.237530942494404, 0.259937055568771, 0.45936500312836448]],
	"log_likelihood":	[-2.23183615373364, -2.2518484724414121]
}
