{
	"input_file":	"/Users/daniel/ecological-inference-elections/instances/J100_M50_G3_I4_L50_seed8.json",
	"method":	"MVN CDF",
	"convergence_threshold":	0.001,
	"iterations_made":	58,
	"max_iterations":	10000,
	"time_taken":	0.0973173,
	"ground_truth_matrix":	[[0.248524592823477, 0.41590713024020765, 0.2445674774618472, 0.0910007994744682], [0.195642639627116, 0.0084665094920574734, 0.41573970330401455, 0.380151147576812], [0.24777481565370346, 0.21805134881656238, 0.27153704946869556, 0.26263678606103863]],
	"estimated_matrix":	[[0.22542061352959253, 0.3569807718747266, 0.25276303557204455, 0.16483557902363627], [0.19065080378805047, 0.074386929129802673, 0.403304841459171, 0.33165742562297584], [0.26687131619730559, 0.2334261519466844, 0.256218019183084, 0.243484512672926]],
	"log_likelihood":	[-0.36633958141916834, -0.36244883745948631, -0.35864706133253149, -0.35493147760707366, -0.35129946557203184, -0.34774854978352276, -0.34427639125635762, -0.34088077923317417, -0.33755962348116014, -0.33431094707689857, -0.33113287963245353, -0.32802365092154673, -0.324981584884427, -0.32200509396736787, -0.3190926737819314, -0.31624289804983885, -0.31345441382156464, -0.31072593694047612, -0.30805624774318524, -0.3054441869721094, -0.30288865189543668, -0.30038859261642359, -0.2979430085644027, -0.29555094515243074, -0.29321149060105467, -0.2909237729138216, -0.288686957001263, -0.28650024194225471, -0.28436285838596759, -0.28227406608392785, -0.2802331515415179, -0.27823942579850575, -0.2762922223276813, -0.274390895040054, -0.27253481641378124, -0.27072337571914945, -0.26895597735880666, -0.267232039305601, -0.265550991641414, -0.26391227519281, -0.262315340261933, -0.26075964545061442, -0.2592446565704386, -0.25776984564218791, -0.25633468997677877, -0.25493867134058934, -0.25358127519594748, -0.25226199001613153, -0.2509803066764556, -0.24973571791235163, -0.24852771784264921, -0.24735580155946912, -0.24621946477502948, -0.245118203526868, -0.24405151393873656, -0.243018892028331, -0.24201983356675258, -0.24105383398180844, -0.22225623221768775]
}
