{
	"input_file":	"/Users/daniel/ecological-inference-elections/instances/J100_M50_G3_I4_L50_seed4.json",
	"method":	"MVN CDF",
	"convergence_threshold":	0.001,
	"iterations_made":	29,
	"max_iterations":	10000,
	"time_taken":	0.074237116,
	"ground_truth_matrix":	[[0.37664033529374275, 0.0874640765523398, 0.39740799933549775, 0.1384875888184196], [0.23064419241874784, 0.046933541478898853, 0.72121745986295, 0.0012048062394032465], [0.11244721555034376, 0.21997027355988638, 0.58266717542103574, 0.084915335468733921]],
	"estimated_matrix":	[[0.31277021570080155, 0.095512363474910128, 0.4970526956907908, 0.0946647251334975], [0.24096143342560711, 0.0664369056435342, 0.63628195916345542, 0.056319701767403252], [0.17090996012209134, 0.16895060279794755, 0.58058330088728882, 0.0795561361926724]],
	"log_likelihood":	[-0.40115669976951374, -0.39576650322559864, -0.390556244588815, -0.38552659952562424, -0.38067752683350747, -0.37600830542593633, -0.37151758188826489, -0.36720342492114921, -0.36306338371434338, -0.35909454787854339, -0.35529360711002361, -0.35165690921637677, -0.34818051548889228, -0.34486025274916438, -0.34169176160813919, -0.33867054070877867, -0.33579198685240513, -0.33305143104698132, -0.33044417057727482, -0.32796549728412389, -0.32561072226806531, -0.32337519726030489, -0.32125433291843242, -0.31924361431649662, -0.31733861388239476, -0.31553500203998641, -0.31382855579158, -0.31221516548212364, -0.31069083994026642, -0.29208597147038728]
}
