{
	"input_file":	"/Users/daniel/ecological-inference-elections/instances/J100_M50_G3_I4_L50_seed2.json",
	"method":	"MVN CDF",
	"convergence_threshold":	0.001,
	"iterations_made":	55,
	"max_iterations":	10000,
	"time_taken":	0.320073382,
	"ground_truth_matrix":	[[0.29096972519164355, 0.013346201755036091, 0.4053198048712896, 0.29036426818203082], [0.25472546786309014, 0.1872870721984784, 0.10694707564706017, 0.45104038429137128], [0.14900963765748226, 0.12984582418451729, 0.40604164441947943, 0.315102893738521]],
	"estimated_matrix":	[[0.2755735805431927, 0.027848536711988035, 0.37510015890226189, 0.32147772384255735], [0.251975996351443, 0.16463469048456664, 0.17616019592814874, 0.40722911723584154], [0.18343171891078458, 0.128766868560562, 0.37014650686749018, 0.31765490566116333]],
	"log_likelihood":	[-0.57578084191776546, -0.570820582765394, -0.565885263133057, -0.56098477467218, -0.55612847815263122, -0.55132514105055963, -0.546582897201532, -0.541909224304657, -0.537310935650295, -0.5327941830076055, -0.528364468113782, -0.52402666065788561, -0.51978502103858482, -0.515643226522436, -0.511604399694611, -0.50767113834291733, -0.50384554609686583, -0.50012926331473129, -0.49652349780867683, -0.49302905512752782, -0.48964636816779328, -0.48637552595701244, -0.4832163014926561, -0.48016817855397442, -0.47723037743542074, -0.47440187955948382, -0.47168145094992536, -0.4690676645589737, -0.46655892143322314, -0.46415347073684121, -0.461849428630929, -0.459644796027688, -0.457537475233881, -0.45552528551046378, -0.45360597756523141, -0.45177724701045213, -0.45003674681580885, -0.44838209878664675, -0.44681090410263985, -0.44532075295731455, -0.4439092333300152, -0.442573938934868, -0.44131247638656973, -0.44012247162294849, -0.43900157562416731, -0.43794746947656832, -0.436957868816234, -0.4360305276967808, -0.43516324191579142, -0.434353851851979, -0.43360024483683779, -0.4329003571044705, -0.43225217535814631, -0.4316537379779945, -0.43110313591165439, -0.4168660172045629]
}
