{
	"input_file":	"/Users/daniel/ecological-inference-elections/instances/J100_M50_G3_I4_L50_seed5.json",
	"method":	"MVN CDF",
	"convergence_threshold":	0.001,
	"iterations_made":	61,
	"max_iterations":	10000,
	"time_taken":	0.21905700000000006,
	"ground_truth_matrix":	[[0.04983539454067374, 0.40616979444752377, 0.04597554104672593, 0.49801926996507662], [0.17642180632607257, 0.24903375337454553, 0.38221213978536139, 0.19233230051402056], [0.17736032732383658, 0.10472522126556412, 0.042405367741133453, 0.675509083669466]],
	"estimated_matrix":	[[0.056637760060411921, 0.35582257170536757, 0.057502235069333843, 0.53003743316488661], [0.16407536514478757, 0.22488909161764, 0.31914944144666318, 0.29188610179090918], [0.16356946360491212, 0.15732855088668687, 0.050547781925917745, 0.62855420358248326]],
	"log_likelihood":	[-0.88752352194082218, -0.87356883525074969, -0.86000475052055181, -0.84682506333631458, -0.83402418751011564, -0.82159701360442361, -0.80953878861789674, -0.79784501402984764, -0.78651135978215025, -0.77553359211194861, -0.76490751343413554, -0.75462891272506472, -0.74469352508428, -0.735096999313176, -0.7258348725395104, -0.71690255100456268, -0.708295296281691, -0.70000821624527054, -0.6920362602136062, -0.684374217735232, -0.67701672053829332, -0.66995824722083364, -0.66319313027958782, -0.65671556511235274, -0.65051962066661673, -0.64459925141898566, -0.63894831040589917, -0.633560563034046, -0.628429701446282, -0.623549359206615, -0.61891312611657745, -0.614514562988085, -0.610347216199654, -0.60640463192143679, -0.60268036986488638, -0.59916801647355478, -0.59586119746682964, -0.592753589663194, -0.589838932038119, -0.58711103597850223, -0.58456379470258824, -0.58219119183967838, -0.5799873091675305, -0.57794633350365954, -0.576062562784613, -0.574330411335277, -0.57274441437285672, -0.57129923177089048, -0.56998965111562927, -0.56881059010386725, -0.56775709832002974, -0.566824358429068, -0.56600768683853164, -0.565302533866467, -0.564704483458732, -0.56420925250104359, -0.5638126897610084, -0.56351077450623743, -0.563299614828425, -0.563175445713326, -0.563134626891734, -0.563173640497099]
}
