{
	"input_file":	"/Users/daniel/ecological-inference-elections/instances/J100_M50_G3_I5_L50_seed14.json",
	"method":	"MVN CDF",
	"convergence_threshold":	0.001,
	"iterations_made":	1,
	"max_iterations":	10000,
	"time_taken":	0.009206,
	"ground_truth_matrix":	[[0.15590939304920856, 0.32060857491831252, 0.44162749507565729, 0.0017460734744377071, 0.080108463482383763], [0.59766213007816038, 0.13609533714227331, 0.072449225855054339, 0.14650677874371171, 0.047286528180800258], [0.41478598240157316, 0.10580328928860022, 0.19550423839535092, 0.0014878074903490689, 0.28241868242412665]],
	"estimated_matrix":	[[0.315762404522985, 0.23363788561812132, 0.28352519616005911, 0.035752742401039775, 0.13132177129779493], [0.43643075048813945, 0.18633059100998259, 0.18133907072711516, 0.0832385730947299, 0.112661014680033], [0.39814337808490641, 0.16649966015831141, 0.22502445270353263, 0.0380618854052642, 0.17227062364798534]],
	"log_likelihood":	[-2.48975944975918, -2.4980851942528126]
}
