{
	"input_file":	"/Users/daniel/ecological-inference-elections/instances/J100_M50_G3_I5_L50_seed4.json",
	"method":	"MVN CDF",
	"convergence_threshold":	0.001,
	"iterations_made":	84,
	"max_iterations":	10000,
	"time_taken":	0.38209,
	"ground_truth_matrix":	[[0.33270219763982, 0.077260685478113045, 0.351047145907638, 0.12233189286483045, 0.1166580781095984], [0.050165543415490517, 0.77088292625501365, 0.0012877732599235222, 0.0600985069713388, 0.11756525009823347], [0.18899528973896992, 0.027543337100804529, 0.24857010990663789, 0.512514609975885, 0.022376653277702586]],
	"estimated_matrix":	[[0.30761119401610454, 0.11736343240847419, 0.32736509053167434, 0.13625015395520534, 0.11141012908854159], [0.0643287243577289, 0.67518510665466924, 0.048729834006561175, 0.093902476184411665, 0.11785385879662903], [0.1984496096228377, 0.052965717944234, 0.21831921000292831, 0.45938048814918, 0.07088497428082]],
	"log_likelihood":	[-0.897955759302755, -0.88323079748764066, -0.86908627294941465, -0.85549048294654273, -0.84241401636989, -0.829829551579952, -0.817711675345314, -0.80603672037911134, -0.79478261927159966, -0.783928772944936, -0.77345593197549722, -0.76334608935278536, -0.75358238341891526, -0.74414900989410526, -0.735031142018811, -0.726214857964016, -0.717687074768936, -0.709435488127051, -0.70144851745739345, -0.69371525571971937, -0.68622542352422466, -0.67896932712089764, -0.67193781989495183, -0.66512226705150734, -0.65851451318324217, -0.65210685246380273, -0.64589200122699675, -0.63986307271637, -0.634013553818803, -0.6283372835974862, -0.62282843347522943, -0.6174814889242648, -0.61229123252312756, -0.607252728278928, -0.60236130709168667, -0.59761255327458129, -0.593002292032436, -0.58852657782026052, -0.584181683511725, -0.57996409029667273, -0.57587047825798954, -0.57189771756032559, -0.56804286020894967, -0.564303132309924, -0.56067592681431055, -0.557158796677152, -0.55374944841561624, -0.550445736017373, -0.54724565516957968, -0.54414733778771118, -0.54114904679910847, -0.5382491711745867, -0.53544622117170437, -0.53273882377515025, -0.53012571831085742, -0.52760575221589867, -0.525177876949861, -0.522841144031333, -0.520594701182159, -0.5184377885709448, -0.51636973514227269, -0.51438995501963969, -0.51249794397372928, -0.510693275948323, -0.50897559962850536, -0.507344635057163, -0.505800170279354, -0.50434205801511334, -0.50297021235575645, -0.50168460548193883, -0.5004852643841855, -0.49937226760492281, -0.4983457419814375, -0.4974058593917608, -0.49655283350574025, -0.49578691653228024, -0.4951083959708199, -0.4945175913509523, -0.49401485097868514, -0.49360054867048658, -0.49327508049165619, -0.49303886148366122, -0.49289232239671, -0.49283590641418573, -0.49287006588481663]
}
