{
	"input_file":	"/Users/daniel/ecological-inference-elections/instances/J100_M50_G3_I5_L50_seed10.json",
	"method":	"MVN CDF",
	"convergence_threshold":	0.001,
	"iterations_made":	63,
	"max_iterations":	10000,
	"time_taken":	0.40358700000000008,
	"ground_truth_matrix":	[[0.32269308943329617, 0.0045864253604871313, 0.21962067734703034, 0.302153293162828, 0.1509465146963585], [0.11667254894123515, 0.10113720407829543, 0.65492541293454032, 0.084886438578035225, 0.0423783954678938], [0.17470454273021377, 0.46323131664050771, 0.00059770828546104832, 0.10845461858176728, 0.25301181376205034]],
	"estimated_matrix":	[[0.299236514961201, 0.062451988616224544, 0.21682340425038421, 0.28407782444832358, 0.13741026772386669], [0.16164602836432226, 0.10200113210240876, 0.51620451360358821, 0.10498517957973211, 0.11516314634994868], [0.194453358397757, 0.41544972944999659, 0.075167034552783923, 0.1183478123394386, 0.19658206526002395]],
	"log_likelihood":	[-0.90621768089124433, -0.8914704589245942, -0.87738421450856363, -0.863923105841187, -0.85105403296467419, -0.838746377721712, -0.826971772138122, -0.81570389169603619, -0.804918270455522, -0.79459213539640272, -0.78470425772806163, -0.77523481919098947, -0.7661652916565137, -0.75747832852752861, -0.74915766665530448, -0.74118803762590624, -0.733555087425254, -0.72624530360409845, -0.71924594916965856, -0.71254500252048059, -0.70613110281891633, -0.69999350026347629, -0.69412201078308866, -0.688506974726455, -0.68313921916847353, -0.6780100234856512, -0.67311108790170981, -0.668434504726144, -0.663972732034406, -0.65971856957456532, -0.655665136688736, -0.65180585207556463, -0.64813441522331461, -0.64464478936355252, -0.64133118581265736, -0.63818804957384967, -0.63521004608511977, -0.632392049017196, -0.629729129020431, -0.627216543336596, -0.624849726202278, -0.622624279963363, -0.620535966843499, -0.618580701305768, -0.61675454294492582, -0.61505368987312559, -0.613474472543397, -0.61201334797395968, -0.610666894334009, -0.60943180586108259, -0.608304888069281, -0.60728305323067322, -0.60636331609677441, -0.60554278983876275, -0.60481868218854951, -0.60418829175627, -0.60364900451136327, -0.6031982904104175, -0.60283370016263, -0.6025528621099655, -0.60235347922370752, -0.60223332620556858, -0.60219024667465038, -0.60222215045105965]
}
