{
	"input_file":	"/Users/daniel/ecological-inference-elections/instances/J100_M50_G3_I5_L50_seed6.json",
	"method":	"MVN CDF",
	"convergence_threshold":	0.001,
	"iterations_made":	44,
	"max_iterations":	10000,
	"time_taken":	0.204141854,
	"ground_truth_matrix":	[[0.4946888218813566, 0.0893507781441119, 0.38130078011302954, 0.0094327717727180245, 0.025226848088783976], [0.252222664533469, 0.2105492199535523, 0.15141034402812581, 0.11399772270882993, 0.27182004877602278], [0.12700654364811612, 0.2933042438225032, 0.16079716740511793, 0.19051619819117563, 0.22837584693308713]],
	"estimated_matrix":	[[0.39471932444340418, 0.11692928116243533, 0.327610595871142, 0.031623054411015941, 0.1291177441120025], [0.25459850469230827, 0.20418899554754744, 0.18187879458621856, 0.10453085634289366, 0.2548028488310321], [0.21676230180451411, 0.238273150692974, 0.17517356335171805, 0.16296717530303106, 0.20682380884776277]],
	"log_likelihood":	[-0.8011166931763, -0.794372673546463, -0.78784814282660653, -0.78154029458107155, -0.775446398074948, -0.76956375036935953, -0.763889641228321, -0.75842132815324237, -0.753156019333011, -0.74809086272844638, -0.74322293985813326, -0.73854926313193181, -0.73406677583462332, -0.72977235404285956, -0.72566280992342647, -0.721734895990093, -0.71798530999347343, -0.71441070020053721, -0.71100767088535077, -0.707772787898657, -0.70470258422121879, -0.701793565437953, -0.69904221508838071, -0.69644499985715, -0.693998374599303, -0.69169878717988575, -0.689542683126369, -0.687526510091068, -0.68564672213052047, -0.68389978379352656, -0.682282174026913, -0.68079038990267726, -0.67942095016011, -0.67817039857766159, -0.6770353071641243, -0.67601227918144446, -0.67509795199081746, -0.67428899973233181, -0.67358213583391569, -0.67297411535097018, -0.67246173714554147, -0.672041845895305, -0.67171133394673477, -0.67146714300344568, -0.64651617986230447]
}
