{
	"input_file":	"/Users/daniel/ecological-inference-elections/instances/J100_M50_G3_I5_L50_seed18.json",
	"method":	"MVN CDF",
	"convergence_threshold":	0.001,
	"iterations_made":	1,
	"max_iterations":	10000,
	"time_taken":	0.004907,
	"ground_truth_matrix":	[[0.17583738578154742, 0.11781376416577459, 0.35282805535055234, 0.033581138096485837, 0.31993965660563983], [0.19198564982437369, 0.15185075922920055, 0.611071372104512, 0.041117190992067849, 0.0039750278498458178], [0.23155809514120673, 0.4309450870170965, 0.30554024270356456, 0.0048214909585465749, 0.027135084179585732]],
	"estimated_matrix":	[[0.19823286333894771, 0.205438302763238, 0.40316692604381166, 0.031318201307083585, 0.16184370654691907], [0.20444069434571674, 0.22046707930613016, 0.477589547586295, 0.018122531121899609, 0.0793801476399585], [0.20848092040984695, 0.291366660878996, 0.39993573995799842, 0.014512831141792529, 0.0857038476113661]],
	"log_likelihood":	[-3.7392382487752491, -4.1276082080991232]
}
