{
	"input_file":	"/Users/daniel/ecological-inference-elections/instances/J100_M50_G3_I5_L50_seed13.json",
	"method":	"MVN CDF",
	"convergence_threshold":	0.001,
	"iterations_made":	39,
	"max_iterations":	10000,
	"time_taken":	0.285235,
	"ground_truth_matrix":	[[0.14341670775059129, 0.0258659307785686, 0.16584060853400148, 0.321794336217292, 0.34308241671954659], [0.11305586418501984, 0.17575267345451986, 0.27958507014032441, 0.19203123202957184, 0.23957516019056416], [0.01246011878013732, 0.1238368048144796, 0.021064693941961567, 0.679632988071014, 0.16300539439240769]],
	"estimated_matrix":	[[0.13412180682747743, 0.042210755068101735, 0.17804526363539525, 0.35980419158051136, 0.28581798288851429], [0.094172448402125339, 0.13692851289846258, 0.24462269938923251, 0.29444744771455356, 0.229828891595626], [0.032272858650973082, 0.10323472117855041, 0.054682023960512464, 0.57241037081575, 0.23740002539421395]],
	"log_likelihood":	[-1.3447698694798356, -1.3324243823792816, -1.3204073599168595, -1.3087372126705743, -1.2974318171106547, -1.2865076452694375, -1.2759791742886126, -1.2658585207855084, -1.2561552515377525, -1.2468763289207279, -1.2380261563128347, -1.2296066949765332, -1.2216176295136549, -1.2140565638352536, -1.2069192336814489, -1.2001997251199346, -1.1938906912101352, -1.1879835612399448, -1.1824687386958581, -1.1773357854947333, -1.1725735910552642, -1.1681705255857804, -1.1641145775437236, -1.160393475663962, -1.1569947962267213, -1.1539060564636017, -1.1511147950910581, -1.1486086410406515, -1.1463753714716829, -1.1444029601308325, -1.1426796171005762, -1.1411938209020396, -1.13993434388923, -1.1388902717646474, -1.13805101801348, -1.1374063339389076, -1.1369463149589494, -1.1366614037116236, -1.1365423904890861, -1.1365804114337421]
}
