{
	"input_file":	"/Users/daniel/ecological-inference-elections/instances/J100_M50_G4_I10_L50_seed12.json",
	"method":	"MVN CDF",
	"convergence_threshold":	0.001,
	"iterations_made":	1,
	"max_iterations":	10000,
	"time_taken":	0.026739,
	"ground_truth_matrix":	[[0.015582156525603087, 0.12538666210153721, 0.028440975506022707, 0.0710115388820721, 0.0013664386086365743, 0.2336170641797074, 0.21496368670652949, 0.0031636168665235879, 0.29273265374842722, 0.013735206874940618], [0.033685472240404149, 0.094004134275044657, 0.29125377741216613, 0.19328498797955979, 0.00022822457699712571, 0.074318804422831147, 0.0810309053295545, 0.067032982095265731, 0.14748154604349473, 0.017679165624682143], [0.20048479434601485, 0.0029150704700110059, 0.020137011718670491, 0.017134292221539584, 0.051415898857770453, 0.15429323352817573, 0.088328200571823071, 0.23478377805692366, 0.047395008217637064, 0.18311271201143423], [0.0857547781576633, 0.0280620670905269, 0.028810319901014445, 0.2700700037876394, 0.069276535430054548, 0.21227562261024174, 0.10315021172868229, 0.12325061444742259, 0.03690785596159827, 0.042441990885156468]],
	"estimated_matrix":	[[0.06752050927409585, 0.073965146021218342, 0.075717454860831535, 0.11231329363461003, 0.019302445251279509, 0.18874755880563474, 0.15589941713451344, 0.0788217718973811, 0.18232057365904145, 0.045391829461393932], [0.0689831617975443, 0.0694297659839304, 0.17216633806816539, 0.1448218318293496, 0.014548309127678079, 0.14288209010889782, 0.11347204510782585, 0.092658854311665234, 0.13584695681652009, 0.0451906468484232], [0.12816112691315351, 0.043595952640900576, 0.0733987517400844, 0.097068053585599653, 0.033136786405081949, 0.18161808517604258, 0.111474055711035, 0.13833077532755794, 0.10228029764607134, 0.090936114854473], [0.070208628386979735, 0.047522858733435265, 0.0723899859761584, 0.17630565098892126, 0.044016267286624319, 0.19256455687234314, 0.11812928274314174, 0.11584876564499365, 0.0985258430199716, 0.0644881603474309]],
	"log_likelihood":	[-9.7366374278392449, -9.9902010453135457]
}
