{
	"input_file":	"/Users/daniel/ecological-inference-elections/instances/J100_M50_G4_I10_L50_seed10.json",
	"method":	"MVN CDF",
	"convergence_threshold":	0.001,
	"iterations_made":	20,
	"max_iterations":	10000,
	"time_taken":	0.275094,
	"ground_truth_matrix":	[[0.21843127705125, 0.00310455594308142, 0.14866145756024521, 0.20452786828098479, 0.10217584773651123, 0.037696783123583662, 0.032677328835812119, 0.21160574168951965, 0.027426722860244761, 0.013692416918767124], [0.089337698565748663, 0.23688004378999766, 0.000305646789730184, 0.055459840205091121, 0.12938125590902735, 0.0732507112687405, 0.0988351780171504, 0.026665214833852879, 0.19301748277755362, 0.0968669278431076], [0.10672896050204253, 0.020927421351082318, 0.063779059262355456, 0.153018180528831, 0.0795746549692582, 0.0776761725567312, 0.13124552522321278, 0.098226905335430229, 0.14342301595160181, 0.12540010431945453], [0.1919861357043022, 0.0865406000475947, 0.28084304616379091, 0.045128827850497613, 0.011127371584026975, 0.041976099394574959, 0.014202749869359089, 0.20704656332915794, 0.0056368930526053875, 0.11551171300409022]],
	"estimated_matrix":	[[0.21549804540767428, 0.040109847277443322, 0.14555863955856455, 0.14393584140555357, 0.079082290622887366, 0.039419263619189751, 0.026144051272052972, 0.19062443055672018, 0.046432809678630671, 0.0731947806012832], [0.13760391455879331, 0.17290865760555157, 0.0697132626159596, 0.0579755081936763, 0.0998344999767138, 0.071548478419313527, 0.083584970765583341, 0.0817100789266075, 0.135301176824, 0.0898194521138011], [0.13092832903316479, 0.041977581645839, 0.11150451436475414, 0.12700833655883506, 0.071760225317881537, 0.076572131388851356, 0.10820908906225568, 0.10938940179936207, 0.1081465162514, 0.11450387457765634], [0.17394169773904231, 0.099492468370367779, 0.21569339779235414, 0.0781187876510233, 0.037193951774427858, 0.0349110698403449, 0.041119279638446228, 0.1921815453364506, 0.028323717413670825, 0.0990240844438721]],
	"log_likelihood":	[-4.94040951590046, -4.8984293372525922, -4.8603914842466072, -4.82587926151437, -4.79456682698768, -4.7661950545672651, -4.74055355859561, -4.7174674756039536, -4.69678784259787, -4.67838464878483, -4.6621418483574137, -4.6479537972656244, -4.635722716343893, -4.6253568903646158, -4.6167693930188056, -4.6098771869732822, -4.6046004910696361, -4.6008623375744238, -4.5985882643476481, -4.5977061024855939, -4.5981458310899566]
}
