{
	"input_file":	"/Users/daniel/ecological-inference-elections/instances/J100_M50_G4_I10_L50_seed18.json",
	"method":	"MVN CDF",
	"convergence_threshold":	0.001,
	"iterations_made":	23,
	"max_iterations":	10000,
	"time_taken":	0.31968199999999991,
	"ground_truth_matrix":	[[0.079612049573285548, 0.053341302769557571, 0.15974625935528347, 0.01520417981069265, 0.14485572387769835, 0.10506232004872461, 0.083098883069512963, 0.33440299380389882, 0.022500991524444326, 0.0021752961669017148], [0.11041562041843452, 0.20549084721159183, 0.14569309460047292, 0.0022990684700750739, 0.012939030064866993, 0.038644144714774474, 0.1269946163384455, 0.21625373472435236, 0.024212202145507448, 0.11705764131147908], [0.10266653452655629, 0.037083991797034088, 0.13319222292738928, 0.1435889494144332, 0.018771610259097959, 0.254774298579153, 0.0552593377388751, 0.0937544862565924, 0.020261829253660643, 0.14064673924720819], [0.049671840307513773, 0.0448811195838579, 0.0463472346759975, 0.22690352342756678, 0.10369601946895482, 0.0274398872646683, 0.16153126623860123, 0.13169595376499768, 0.098242519444682264, 0.1095906358231598]],
	"estimated_matrix":	[[0.07766241003877733, 0.063399749522487225, 0.1343377449210264, 0.037842336376569578, 0.12650516005708426, 0.11186499084933833, 0.095344242618929528, 0.26953490005046288, 0.0191670135348381, 0.064341452030486357], [0.10554065851068613, 0.17070921235350464, 0.12352695825407654, 0.0376608593720496, 0.016712911282865537, 0.054758462072351514, 0.11479936740155113, 0.2307315389203819, 0.043047966815063753, 0.10251206501746923], [0.10143287084111094, 0.050424061277769647, 0.13933836209464989, 0.12979537145541642, 0.024698110375479268, 0.21087620768874049, 0.086573262655484567, 0.13032302937868584, 0.027519801556893538, 0.0990189226757694], [0.0596758290808086, 0.054629743204986911, 0.0943447070535614, 0.17372390972900945, 0.093888529788256556, 0.0616054252818649, 0.14766387451081273, 0.14546221434730278, 0.067439718895147369, 0.10156604810824933]],
	"log_likelihood":	[-4.8755649234221661, -4.8253337156372753, -4.7785783793538474, -4.7345975312846535, -4.6930696058463965, -4.65390359648184, -4.6171285078583235, -4.58282009287284, -4.55105730026484, -4.5218996217647582, -4.4953777536608053, -4.47149197575921, -4.4502145255847276, -4.4314936927943656, -4.4152583534360037, -4.4014222924846216, -4.38988803299176, -4.3805500920167315, -4.3732976834163226, -4.36801692944596, -4.3645926543302744, -4.36290982950894, -4.36285473105262, -4.3643158593710778]
}
