{
	"input_file":	"/Users/daniel/ecological-inference-elections/instances/J100_M50_G4_I10_L50_seed19.json",
	"method":	"MVN CDF",
	"convergence_threshold":	0.001,
	"iterations_made":	1,
	"max_iterations":	10000,
	"time_taken":	0.041138,
	"ground_truth_matrix":	[[0.00997967157152297, 0.13928787470867682, 0.027579478928395351, 0.014455766703033052, 0.039154695612610146, 0.00842603508963501, 0.10839645532130762, 0.15977019010638813, 0.394764314683101, 0.098185517275330023], [0.044314691186619112, 0.14507784297469581, 0.14368244984263659, 0.048582056046547389, 0.021994251157037275, 0.12615259812409607, 0.030059954829732515, 0.13859323982483718, 0.089158544885675553, 0.2123843711281225], [0.042098920851732474, 0.26356125129739461, 0.1355079862150774, 0.084486126625485977, 0.086158010636071036, 0.0929118015992064, 0.028201901225743359, 0.12510976961175574, 0.03049321518503639, 0.11147101675249657], [0.0091947790217126457, 0.16071148208847358, 0.11027804659106387, 0.11078741918084128, 0.0584045461434473, 0.026011234892600814, 0.10717594487047974, 0.0072971516700121846, 0.23970420654092939, 0.17043518900043916]],
	"estimated_matrix":	[[0.016629659681193745, 0.16137014117496254, 0.097897996119557074, 0.051738102080340187, 0.046476773734822611, 0.045548364126408815, 0.077047231839527539, 0.12204257370609739, 0.25152820006142584, 0.12972095747566426], [0.026060477768377451, 0.16770030662077728, 0.11491110459322977, 0.0572103085519677, 0.042412396516087421, 0.097673346234791958, 0.05049194346116883, 0.1223663087766922, 0.15450607246217504, 0.16666773501473225], [0.021566225622550457, 0.19964901187214218, 0.11502729488883784, 0.0676455467039303, 0.067203901792283277, 0.078073228976911352, 0.0582211670562533, 0.12164558868435536, 0.14549407151102778, 0.12547396289170812], [0.018930069105900706, 0.16783512035462186, 0.12477142016543677, 0.072681671014101029, 0.055063212787010443, 0.05378871262699713, 0.080107579446104651, 0.079560353354033123, 0.2077966897057896, 0.13946517144000475]],
	"log_likelihood":	[-8.4263454350216929, -8.91081911222186]
}
