{
	"input_file":	"/Users/daniel/ecological-inference-elections/instances/J100_M50_G4_I10_L50_seed6.json",
	"method":	"MVN CDF",
	"convergence_threshold":	0.001,
	"iterations_made":	21,
	"max_iterations":	10000,
	"time_taken":	0.325753,
	"ground_truth_matrix":	[[0.2757785884142302, 0.049811174985890418, 0.21256714574811184, 0.0052585713872016051, 0.0140634359385901, 0.11161384679915949, 0.093172468949395029, 0.067002269496367034, 0.0504463957726052, 0.12028610250844927], [0.037829281177702068, 0.087361551550571126, 0.047893920136897319, 0.056745822878612753, 0.0680224331729206, 0.30367179058157329, 0.11247047241485471, 0.0349793289128446, 0.13711825271796652, 0.11390714645605694], [0.005413509600190102, 0.12255642412443131, 0.15659858686385889, 0.12886126867449413, 0.11934533866161898, 0.07524458775695847, 0.012885711406898518, 0.30556443953072565, 0.049894633529748239, 0.023635499851075638], [0.090164733028354122, 0.36765682516296033, 0.021069090239579279, 0.079412694323611074, 0.065221546149441673, 0.0901789470722112, 0.19771721902747164, 0.030945402439308864, 0.020879499661255487, 0.0367540428958064]],
	"estimated_matrix":	[[0.19554608679848634, 0.099259130406380375, 0.16593761857857611, 0.02332327004066468, 0.026674869132981668, 0.14908314750700874, 0.0911140131135126, 0.0783477014422952, 0.059838888593584674, 0.11087527438650963], [0.054022492993976323, 0.12771737848760692, 0.0601561155211752, 0.05331907493959543, 0.0655849320941487, 0.23515875050474752, 0.11174466375055374, 0.064944800392369537, 0.12143088941234276, 0.10592090190348383], [0.034907461787995253, 0.15257112627103561, 0.11377032970442583, 0.1134408738841339, 0.0925526004303709, 0.10073829771427562, 0.04524347630613338, 0.23774780238549975, 0.042742834437687921, 0.066285197078441771], [0.10442166179692713, 0.251457522240221, 0.05074333433455714, 0.062627774873782946, 0.051054177615104127, 0.11510133974359714, 0.17872912752906409, 0.0794344209633632, 0.036329532479488121, 0.0701011084238951]],
	"log_likelihood":	[-4.9157620676502818, -4.8274013311210844, -4.7483086982060323, -4.6775553771248228, -4.6143426636212048, -4.55797703815316, -4.50785107628514, -4.4634287008030418, -4.4242336684101042, -4.38984046827367, -4.3598670269947, -4.3339687774486455, -4.3118337691378477, -4.2931785851947, -4.27774489428213, -4.2652965108151832, -4.25561686912397, -4.2485068401249473, -4.24378283543209, -4.2412751555872177, -4.2408265476300384, -4.2422909434777019]
}
