{
	"input_file":	"/Users/daniel/ecological-inference-elections/instances/J100_M50_G4_I2_L50_seed8.json",
	"method":	"MVN CDF",
	"convergence_threshold":	0.001,
	"iterations_made":	101,
	"max_iterations":	10000,
	"time_taken":	0.087692193,
	"ground_truth_matrix":	[[0.37404082947384554, 0.62595917052615457], [0.728815845450914, 0.27118415454908579], [0.9585196963066358, 0.041480303693364189], [0.52235768616250344, 0.47764231383749667]],
	"estimated_matrix":	[[0.4132486293128147, 0.58675137068718519], [0.74586786631501, 0.25413213368499], [0.89227099764848, 0.10772900235152], [0.60646106024261337, 0.39353893975738657]],
	"log_likelihood":	[-0.22248299489475273, -0.21968157058096952, -0.21694836447090282, -0.21428127069607983, -0.2116782751135122, -0.20913745050809285, -0.20665695210303567, -0.20423501332771837, -0.20186994184082105, -0.19956011579057825, -0.19730398028498769, -0.195100044074429, -0.1929468764167537, -0.19084310412182218, -0.188787408763901, -0.18677852404655207, -0.18481523330973007, -0.18289636717876762, -0.18102080133355222, -0.17918745440204584, -0.17739528596052592, -0.17564329464394293, -0.17393051635022713, -0.17225602253791344, -0.17061891861117021, -0.16901834238854183, -0.16745346264337047, -0.1659234777220272, -0.16442761422642263, -0.16296512576364167, -0.16153529175435308, -0.16013741629980124, -0.1587708270984268, -0.15743487442488382, -0.1561289301412391, -0.15485238676882732, -0.15360465659207734, -0.1523851708121953, -0.15119337873201671, -0.15002874698334512, -0.14889075878591307, -0.14777891324081757, -0.14669272465462124, -0.145631721894906, -0.14459544777159669, -0.14358345844811723, -0.14259532287501811, -0.14163062225323067, -0.14068894951332955, -0.13976990882560075, -0.1388731151233141, -0.1379981936500605, -0.13714477952927434, -0.13631251734584635, -0.13550106074883725, -0.13471007207247351, -0.13393922197155222, -0.13318818906899971, -0.13245665962787428, -0.13174432722540036, -0.13105089244927928, -0.1303760626038756, -0.12971955142893826, -0.12908107883134892, -0.12846037062617779, -0.12785715829274052, -0.12727117873568869, -0.12670217406237139, -0.12614989136445093, -0.12561408251528253, -0.12509450396785132, -0.12459091656986328, -0.12410308538281893, -0.12363077950909265, -0.12317377192868019, -0.12273183934228839, -0.12230476202065352, -0.12189232366221038, -0.12149431126013087, -0.1211105149701584, -0.1207407279843933, -0.1203847464204332, -0.12004236920573226, -0.11971339797164153, -0.11939763695472645, -0.1190948928975296, -0.11880497496293567, -0.11852769464310479, -0.11826286568227297, -0.1180103039965312, -0.11776982760349418, -0.11754125655175725, -0.11732441285693256, -0.11711912044076504, -0.1169252050719585, -0.11674249431517084, -0.11657081747727531, -0.11641000556048275, -0.11625989121890684, -0.11612030871615812, -0.1159910938842143, -0.10842563561817435]
}
