{
	"input_file":	"/Users/daniel/ecological-inference-elections/instances/J100_M50_G4_I2_L50_seed5.json",
	"method":	"MVN CDF",
	"convergence_threshold":	0.001,
	"iterations_made":	106,
	"max_iterations":	10000,
	"time_taken":	0.052214388,
	"ground_truth_matrix":	[[0.1092869023075165, 0.89071309769248352], [0.084514668368276855, 0.91548533163172319], [0.41466565027429875, 0.585334349725701], [0.66524382271665439, 0.33475617728334578]],
	"estimated_matrix":	[[0.11840240044179923, 0.881597599558201], [0.10466661644408325, 0.89533338355591663], [0.40961834775889977, 0.59038165224110029], [0.58714951248040925, 0.41285048751959091]],
	"log_likelihood":	[-0.26542067563412064, -0.26101773741756257, -0.25672049850902479, -0.25252549118059242, -0.24842942743527408, -0.24442918799210936, -0.2405218120335795, -0.2367044876368572, -0.23297454285166488, -0.22932943736095254, -0.225766754686173, -0.2222841948959359, -0.2188795677751616, -0.21555078642615355, -0.21229586126652622, -0.20911289439500111, -0.20600007430544282, -0.20295567091303307, -0.19997803088105723, -0.1970655732245615, -0.19421678517115912, -0.19143021826213336, -0.18870448467826292, -0.18603825378180075, -0.18343024884676107, -0.18087924398462041, -0.17838406123169054, -0.17594356781265907, -0.17355667354821072, -0.17122232841286428, -0.16893952022174127, -0.16670727245574621, -0.16452464219992155, -0.16239071819796846, -0.16030461901696152, -0.15826549131610335, -0.1562725082018146, -0.154324867690835, -0.15242179124471533, -0.15056252239796936, -0.148746325457214, -0.1469724842802696, -0.14524030111889838, -0.14354909553760445, -0.14189820338603887, -0.1402869758406497, -0.13871477849774164, -0.13718099052418581, -0.13568500386071741, -0.13422622247073829, -0.132804061641842, -0.131417947325157, -0.1300673155254653, -0.12875161172285324, -0.12747029034017063, -0.126222814243027, -0.12500865427312738, -0.12382728881726965, -0.12267820341012312, -0.12156089035606531, -0.12047484839281146, -0.11941958236964814, -0.11839460295978108, -0.11739942638493331, -0.11643357417958967, -0.11549657295769807, -0.11458795421322714, -0.11370725412991575, -0.11285401341629278, -0.11202777715169486, -0.11122809465053062, -0.11045451933965338, -0.10970660865107716, -0.10898392392658707, -0.10828603033010709, -0.10761249678151252, -0.10696289589016492, -0.10633680390131521, -0.1057338006543283, -0.10515346954348487, -0.10459539749394722, -0.10405917493468655, -0.10354439578775967, -0.10305065745395789, -0.10257756081276638, -0.10212471021690817, -0.10169171350257682, -0.10127818199195032, -0.10088373050823454, -0.10050797738726747, -0.10015054449499665, -0.0998110572480592, -0.0994891446309831, -0.099184439221778567, -0.098896577213924128, -0.098625198440052561, -0.098369946399030059, -0.098130468279279445, -0.0979064149880287, -0.097697441173871524, -0.097503205253765, -0.097323369439492949, -0.09715759976153257, -0.09700556609503537, -0.096866942180929227, -0.096741405650221157, -0.0904505771067376]
}
