{
	"input_file":	"/Users/daniel/ecological-inference-elections/instances/J100_M50_G4_I2_L50_seed19.json",
	"method":	"MVN CDF",
	"convergence_threshold":	0.001,
	"iterations_made":	129,
	"max_iterations":	10000,
	"time_taken":	0.067095123,
	"ground_truth_matrix":	[[0.0668576111835421, 0.933142388816458], [0.65610367000627345, 0.34389632999372649], [0.82291076733637858, 0.17708923266362139], [0.404213041291647, 0.595786958708353]],
	"estimated_matrix":	[[0.12600572557320058, 0.87399427442679967], [0.65641019236831943, 0.34358980763168057], [0.7608739202287077, 0.23912607977129227], [0.43491312526178388, 0.56508687473821617]],
	"log_likelihood":	[-0.23685736387189188, -0.233804211291499, -0.230822442040491, -0.22790962842396373, -0.22506344987523053, -0.22228168724176081, -0.2195622174309847, -0.21690300839762972, -0.21430211443947647, -0.21175767178010477, -0.20926789442496907, -0.20683107026847358, -0.20444555742450943, -0.20210978078817279, -0.19982222878494157, -0.19758145032290422, -0.19538605190620681, -0.19323469492374476, -0.19112609308694586, -0.18905901001041261, -0.18703225692993652, -0.1850446905419173, -0.18309521096381581, -0.18118275980243137, -0.17930631833002444, -0.17746490575095758, -0.17565757756383019, -0.17388342400969428, -0.17214156859563948, -0.17043116669854164, -0.16875140424058108, -0.16710149642432126, -0.16548068654182949, -0.16388824483070918, -0.16232346739676348, -0.16078567518104286, -0.15927421298129565, -0.15778844851705762, -0.15632777154360392, -0.15489159299989588, -0.15347934420230633, -0.15209047607243964, -0.1507244584012391, -0.14938077914494, -0.14805894375141646, -0.14675847452089863, -0.14547890998722379, -0.14421980433298362, -0.14298072682269042, -0.141761261266277, -0.140561005499936, -0.13937957089033895, -0.13821658185877339, -0.13707167542390369, -0.13594450076234704, -0.13483471878811459, -0.13374200174658113, -0.132666032821723, -0.13160650576454022, -0.13056312452608579, -0.129535602913118, -0.12852366424867009, -0.12752704105026166, -0.12654547471075575, -0.12557871520313676, -0.12462652078253306, -0.12368865770483448, -0.12276489995340796, -0.12185502897232983, -0.1209588334110258, -0.12007610887558361, -0.11920665768578632, -0.11835028864197814, -0.11750681679711725, -0.11667606323677357, -0.11585785486538111, -0.11505202419384036, -0.11425840914136143, -0.11347685283604868, -0.1127072034223305, -0.11194931387557147, -0.11120304181806244, -0.11046824934357778, -0.10974480284483076, -0.109032572841435, -0.10833143382099229, -0.10764126407287565, -0.10696194553749772, -0.10629336365225472, -0.10563540720009289, -0.10498796816833714, -0.10435094160626736, -0.103724225486132, -0.10310772056877633, -0.10250133027344557, -0.10190496055008595, -0.10131851975168314, -0.10074191851758844, -0.10017506965003567, -0.099617888001301932, -0.0990702903632684, -0.098532195352265733, -0.0980035233087561, -0.0974841961898977, -0.096974137470041827, -0.096473272044172678, -0.09598152613163427, -0.0954988271832541, -0.095025103796263277, -0.0945602856210215, -0.0941043032845538, -0.093657088304589839, -0.093218573013973322, -0.092788690483943045, -0.0923673744535203, -0.0919545592555663, -0.091550179754334, -0.091154171278425233, -0.0907664695579699, -0.09038701066724307, -0.090015730966368654, -0.089652567049364057, -0.0892974556900574, -0.0889503337953385, -0.088611138356833069, -0.0882798064095296, -0.0879562749870514, -0.0876404810878254, -0.087332361631684133, -0.079104567911825963]
}
