{
	"input_file":	"/Users/daniel/ecological-inference-elections/instances/J100_M50_G4_I2_L50_seed16.json",
	"method":	"MVN CDF",
	"convergence_threshold":	0.001,
	"iterations_made":	124,
	"max_iterations":	10000,
	"time_taken":	0.042361986,
	"ground_truth_matrix":	[[0.25440151136213868, 0.74559848863786138], [0.944877609836287, 0.055122390163713141], [0.63932175408727943, 0.36067824591272069], [0.867146824078388, 0.13285317592161219]],
	"estimated_matrix":	[[0.34391825723634339, 0.65608174276365649], [0.88393859723268975, 0.11606140276731021], [0.64967397546654448, 0.35032602453345552], [0.849472481866644, 0.15052751813335591]],
	"log_likelihood":	[-0.24405286523841169, -0.24014276680287161, -0.23632959768498735, -0.23260999591466344, -0.22898076278543511, -0.22543885319770585, -0.22198136668119745, -0.21860553903176022, -0.21530873452553875, -0.21208843865346919, -0.208942251337718, -0.20586788060288055, -0.202863136649921, -0.19992592631812525, -0.19705424789880568, -0.19424618627453369, -0.19149990835998579, -0.18881365882791809, -0.18618575609021129, -0.18361458852804313, -0.18109861094005261, -0.17863634120448388, -0.17622635713633669, -0.17386729352496394, -0.17155783934175947, -0.16929673510417109, -0.167082770393668, -0.16491478150366679, -0.16279164922060349, -0.160712296727637, -0.15867568761753023, -0.15668082401174535, -0.1547267447855063, -0.15281252387521826, -0.15093726868133239, -0.14910011855238295, -0.14730024334083042, -0.14553684204022455, -0.14380914148180826, -0.14211639510091631, -0.1404578817639516, -0.13883290464775219, -0.13724079017854884, -0.13568088701775313, -0.13415256509644355, -0.13265521469792033, -0.13118824557875575, -0.12975108613106417, -0.12834318258927835, -0.12696399826197491, -0.12561301281058779, -0.12428972154780837, -0.12299363477927334, -0.12172427716588993, -0.12048118711684602, -0.119263916209883, -0.11807202863395591, -0.11690510066177918, -0.115762720135062, -0.11464448598313938, -0.11355000775131922, -0.11247890515720722, -0.11143080766264542, -0.11040535406079405, -0.10940219208521174, -0.1084209780313478, -0.10746137639653448, -0.10652305953481121, -0.1056057073197209, -0.1047090068335282, -0.10383265205471189, -0.10297634356952827, -0.10213978829168045, -0.1013226991894452, -0.10052479503235574, -0.099745800140856267, -0.0989854441505382, -0.0982434617853976, -0.0975195926381319, -0.096813580965522159, -0.0961251754836747, -0.095454129183140377, -0.0948001991404222, -0.094163146345702928, -0.093542735534867846, -0.0929387350288944, -0.092350916582668266, -0.091779055236972371, -0.091222929178772366, -0.090682319610357859, -0.090157010620960862, -0.0896467890646838, -0.089151444448569137, -0.088670768817795634, -0.0882045566594145, -0.087752604793776279, -0.087314712289258328, -0.0868906803684639, -0.086480312324124967, -0.0860834134410594, -0.08569979092051673, -0.085329253809077757, -0.0849716129288969, -0.084626680821044228, -0.084294271679926, -0.0839742013008671, -0.0836662870295415, -0.083370347711136369, -0.083086203647244922, -0.0828136765532122, -0.082552589517960337, -0.082302766973747873, -0.0820640346548851, -0.08183621957589865, -0.0816191499999882, -0.081412655413809, -0.0812165665067704, -0.081030715149813165, -0.080854934378980461, -0.0806890583781032, -0.080532922465461773, -0.08038636308239433, -0.080249217784836957, -0.080121325232447138, -0.074368898692171351]
}
