{
	"input_file":	"/Users/daniel/ecological-inference-elections/instances/J100_M50_G4_I2_L50_seed15.json",
	"method":	"MVN CDF",
	"convergence_threshold":	0.001,
	"iterations_made":	129,
	"max_iterations":	10000,
	"time_taken":	0.055752014,
	"ground_truth_matrix":	[[0.905527300001945, 0.0944726999980548], [0.11077641301954382, 0.889223586980456], [0.29906126152703688, 0.70093873847296317], [0.501427447002765, 0.498572552997235]],
	"estimated_matrix":	[[0.84367279347591628, 0.15632720652408352], [0.14405993103597653, 0.85594006896402353], [0.31226149861362917, 0.68773850138637083], [0.52086972442439161, 0.47913027557560828]],
	"log_likelihood":	[-0.2673469090057457, -0.263836393989613, -0.2604120882468271, -0.257070848223119, -0.25380967977366214, -0.250625729606009, -0.24751627730630482, -0.244478727907156, -0.24151060495129759, -0.23860954401278023, -0.2357732866445908, -0.23299967471620092, -0.23028664511634228, -0.22763222478932293, -0.22503452608803182, -0.22249174240840369, -0.2200021441000044, -0.217564074621668, -0.21517594693101463, -0.2128362400903441, -0.21054349607198455, -0.20829631675101, -0.20609336107553722, -0.20393334239579558, -0.20181502594960418, -0.1997372264863215, -0.1976988060272733, -0.19569867174456851, -0.19373577396464864, -0.19180910427346792, -0.18991769372549389, -0.18806061115131306, -0.18623696155008315, -0.184445884568823, -0.18268655306062082, -0.180958171715128, -0.17925997576008923, -0.17759122972685554, -0.17595122627852258, -0.17433928509367075, -0.17275475180578906, -0.17119699699630048, -0.16966541522768069, -0.1681594241314352, -0.1666784635300792, -0.16522199460667172, -0.16378949910188123, -0.16238047856100987, -0.16099445359812764, -0.15963096320602779, -0.158289564084733, -0.15696983000504289, -0.155671351195009, -0.154393733752675, -0.15313659908106422, -0.15189958334688761, -0.15068233695627892, -0.14948452405516277, -0.14830582204448289, -0.14714592111243766, -0.14600452378777817, -0.14488134450177093, -0.14377610917032177, -0.1426885547849743, -0.14161842902325594, -0.14056548986418155, -0.13952950521991916, -0.1385102525761196, -0.13750751864331431, -0.13652109901877113, -0.13555079785398269, -0.13459642753712528, -0.13365780837533794, -0.13273476829431285, -0.13182714253390643, -0.13093477336149292, -0.13005750978637279, -0.12919520727948, -0.12834772750151974, -0.12751493803672806, -0.12669671213008807, -0.1258929284320755, -0.12510347074571621, -0.12432822778094355, -0.12356709291166208, -0.12281996393871734, -0.12208674285653189, -0.1213673356223446, -0.12066165193249133, -0.11996960500114807, -0.11929111134299294, -0.11862609055941549, -0.11797446512668705, -0.11733616019741321, -0.11671110338826521, -0.11609922459177828, -0.11550045577283083, -0.11491473078514987, -0.11434198518057093, -0.11378215602498841, -0.1132351817230952, -0.11270100183877844, -0.11217955692622282, -0.11167078836084633, -0.11117463817651586, -0.11069104890543777, -0.11021996342601337, -0.10976132480617949, -0.10931507616272106, -0.10888116051430397, -0.10845952064587568, -0.10805009897646364, -0.10765283742677961, -0.10726767729822227, -0.10689455915191583, -0.10653342269467428, -0.1061842066699013, -0.10584684875082165, -0.10552128544141549, -0.10520745198332444, -0.10490528226240955, -0.10461470872701413, -0.10433566230649008, -0.104068072337931, -0.10381186649564744, -0.10356697072823424, -0.10333330919844602, -0.10311080423147308, -0.10289937626308511, -0.093939813718401752]
}
