{
	"input_file":	"/Users/daniel/ecological-inference-elections/instances/J100_M50_G4_I2_L50_seed9.json",
	"method":	"MVN CDF",
	"convergence_threshold":	0.001,
	"iterations_made":	124,
	"max_iterations":	10000,
	"time_taken":	0.043510391,
	"ground_truth_matrix":	[[0.014743209941968996, 0.985256790058031], [0.82656560980942351, 0.17343439019057644], [0.38330142741774459, 0.61669857258225547], [0.65532526930793666, 0.34467473069206339]],
	"estimated_matrix":	[[0.0865941516609651, 0.913405848339035], [0.77349569932675877, 0.22650430067324123], [0.38126737737916644, 0.61873262262083351], [0.629302886555204, 0.370697113444796]],
	"log_likelihood":	[-0.273802667175874, -0.2702691808240012, -0.2668233141638553, -0.263461826770721, -0.260181631115108, -0.25697978379483621, -0.25385347736352676, -0.25080003270807544, -0.24781689192962847, -0.24490161169671526, -0.24205185702853282, -0.23926539547989772, -0.236540091698412, -0.23387390232518837, -0.23126487121349876, -0.2287111249507755, -0.22621086864770945, -0.22376238198844275, -0.22136401552286256, -0.21901418717253957, -0.21671137895511913, -0.21445413388855283, -0.21224105309187286, -0.21007079303920559, -0.20794206297978618, -0.20585362250446468, -0.20380427924663688, -0.20179288671570275, -0.19981834224759537, -0.19787958507302622, -0.19597559448513849, -0.19410538811418995, -0.19226802028922146, -0.19046258049114673, -0.18868819188615635, -0.18694400993769889, -0.18522922108888243, -0.183543041516988, -0.18188471594676081, -0.18025351653182048, -0.17864874178373519, -0.17706971556235879, -0.17551578611117385, -0.17398632514390253, -0.1724807269759035, -0.17099840769115637, -0.16953880435747162, -0.16810137427456195, -0.16668559425775376, -0.16529095995451731, -0.1639169851931655, -0.16256320136087887, -0.16122915680754552, -0.15991441627814856, -0.15861856036847805, -0.15734118500368355, -0.15608190093812205, -0.1548403332759038, -0.1536161210128314, -0.15240891659239986, -0.15121838547987954, -0.150044205756047, -0.1488860677171138, -0.1477436735001634, -0.14661673671048958, -0.14550498206977919, -0.14440814506791816, -0.1433259716327614, -0.14225821780411918, -0.1412046494224066, -0.14016504181843667, -0.13913917951971461, -0.1381268559590747, -0.137127873188542, -0.13614204160793525, -0.135169179689452, -0.13420911371450461, -0.13326167751479676, -0.13232671221461034, -0.13140406598406379, -0.13049359378978173, -0.12959515715355421, -0.12870862391616808, -0.12783386799917934, -0.1269707691744974, -0.126119212837358, -0.12527908977868205, -0.12445029596583906, -0.12363273231846041, -0.12282630449342941, -0.12203092267235582, -0.12124650134644498, -0.12047295910976588, -0.11971021844990584, -0.11895820554730317, -0.11821685007133027, -0.11748608497914369, -0.11676584632616062, -0.11605607306374037, -0.11535670685701938, -0.11466769189106175, -0.11398897468882226, -0.11332050392752481, -0.11266223026313583, -0.112014106151319, -0.11137608568068461, -0.11074812439773443, -0.11013017914919754, -0.10952220791729381, -0.10892416966448633, -0.10833602417876845, -0.10775773192883555, -0.10718925391741654, -0.10663055154047751, -0.10608158645405745, -0.10554232044463971, -0.105012715297865, -0.10449273268582721, -0.1039823340426262, -0.10348148046007161, -0.10299013257709552, -0.10250825048141614, -0.10203579361305574, -0.10157272067527721, -0.0903874351871426]
}
