{
	"input_file":	"/Users/daniel/ecological-inference-elections/instances/J100_M50_G4_I2_L50_seed3.json",
	"method":	"MVN CDF",
	"convergence_threshold":	0.001,
	"iterations_made":	0,
	"max_iterations":	10000,
	"time_taken":	0.000176225,
	"ground_truth_matrix":	[[0.39388041818446978, 0.60611958181553], [0.32467278858124587, 0.675327211418754], [0.49647207203009674, 0.50352792796990342], [0.3662289503236717, 0.63377104967632825]],
	"estimated_matrix":	[[0.40009872242103339, 0.59990127757896661], [0.38776542335185515, 0.612234576648145], [0.41127855307415612, 0.588721446925844], [0.39427555464077757, 0.60572444535922243]],
	"log_likelihood":	[-0.049115904165418785]
}
