{
	"input_file":	"/Users/daniel/ecological-inference-elections/instances/J100_M50_G4_I3_L50_seed11.json",
	"method":	"MVN CDF",
	"convergence_threshold":	0.001,
	"iterations_made":	110,
	"max_iterations":	10000,
	"time_taken":	0.647637467,
	"ground_truth_matrix":	[[0.23647057945119962, 0.02339651959646144, 0.740132900952339], [0.516247965232227, 0.218010359126032, 0.265741675641741], [0.0036490791266723327, 0.1895586707975162, 0.80679225007581146], [0.571859638491515, 0.3935376285596176, 0.03460273294886753]],
	"estimated_matrix":	[[0.24092188813817295, 0.043646867131714673, 0.71543124473011233], [0.46294109253205878, 0.21935862754008176, 0.31770027992785937], [0.061191327898616067, 0.20238588808107688, 0.736422784020307], [0.50369500767306841, 0.34326565555520272, 0.1530393367717289]],
	"log_likelihood":	[-0.55484779871468082, -0.547983577319124, -0.54126296841921651, -0.53468163194311247, -0.52823542118299527, -0.52192037336132158, -0.51573270068316435, -0.509668781831951, -0.5037251538863825, -0.49789850462694091, -0.49218566520986912, -0.48658360318540084, -0.481089415843641, -0.47570032385856958, -0.47041366522914624, -0.46522688949171537, -0.46013755218918928, -0.455143309591001, -0.45024191364623067, -0.44543120716304158, -0.44070911919786981, -0.43607366065812386, -0.43152292009346627, -0.42705505967837526, -0.422668311382805, -0.41836097330642452, -0.414131406192215, -0.40997803009377415, -0.40589932120549072, -0.401893808840756, -0.39796007255564719, -0.394096739418581, -0.39030248141027729, -0.386576012956494, -0.38291608859422888, -0.37932150075049187, -0.37579107764934633, -0.37232368132554677, -0.36891820575567785, -0.36557357508787225, -0.362288741978481, -0.359062686028327, -0.35589441230608465, -0.35278294997212861, -0.34972735098019891, -0.34672668886581637, -0.343780057616011, -0.340886570608974, -0.33804535963116028, -0.33525557396007749, -0.332516379510952, -0.32982695804948264, -0.32718650645534686, -0.324594236048948, -0.32204937196371763, -0.31955115256909228, -0.31709882893986358, -0.31469166436864626, -0.312328933912975, -0.31000992398938787, -0.30773393199130555, -0.30550026594703383, -0.30330824420203156, -0.30115719513251143, -0.29904645688212611, -0.29697537711881855, -0.29494331281906538, -0.29294963006679775, -0.29099370386916873, -0.28907491799088952, -0.287192664801062, -0.285346345131804, -0.28353536815009922, -0.2817591512386321, -0.28001711988459582, -0.27830870757736353, -0.27663335571502135, -0.274990513511007, -0.27337963790951658, -0.27180019350819085, -0.2702516524754931, -0.268733494480938, -0.267245206620827, -0.26578628334897281, -0.26435622640636181, -0.26295454475546237, -0.26158075451230017, -0.26023437887948936, -0.2589149480797438, -0.25762199928995883, -0.256355076574687, -0.25511373081729, -0.25389751965351137, -0.25270600740401372, -0.25153876500384437, -0.250395369933631, -0.249275406150867, -0.24817846401609664, -0.24710414022336952, -0.24605203772849674, -0.245021765674927, -0.24401293932037985, -0.2430251799653716, -0.24205811487493342, -0.24111137720726691, -0.24018460593767335, -0.23927744578365551, -0.23838954712832791, -0.2375205659460799, -0.23667016372738139, -0.22168577336474554]
}
