{
	"input_file":	"/Users/daniel/ecological-inference-elections/instances/J100_M50_G4_I3_L50_seed16.json",
	"method":	"MVN CDF",
	"convergence_threshold":	0.001,
	"iterations_made":	122,
	"max_iterations":	10000,
	"time_taken":	0.43221199999999982,
	"ground_truth_matrix":	[[0.14090457732224396, 0.41296232609275713, 0.44613309658499889], [0.062522697791787138, 0.599349633264765, 0.3381276689434477], [0.82257953957974517, 0.12602514504674908, 0.0513953153735057], [0.7565924537553117, 0.22170157285653438, 0.021705973388153763]],
	"estimated_matrix":	[[0.18095289257775024, 0.40102894993931082, 0.41801815748293886], [0.1002380805008382, 0.6073804705332766, 0.29238144896588519], [0.781871808597954, 0.14841663813726647, 0.069711553264779555], [0.70050666492389579, 0.22291279642136613, 0.076580538654738239]],
	"log_likelihood":	[-0.38742415266380847, -0.3827901146291503, -0.378270075446955, -0.37385996056672438, -0.36955588754801866, -0.36535415516340752, -0.361251233248271, -0.357243753231467, -0.35332849929368826, -0.34950240011401718, -0.34576252114652, -0.34210605740693245, -0.338530326705853, -0.33503276332245546, -0.33161091207080023, -0.328262422731938, -0.324985044829764, -0.32177662273095659, -0.31863509103127291, -0.315558470225844, -0.3125448626326584, -0.30959244855678764, -0.306699482679756, -0.30386429065396087, -0.30108526589542584, -0.298360866559912, -0.29568961268476035, -0.29307008349635227, -0.29050091486146462, -0.28798079688494771, -0.285508471631322, -0.28308273097589814, -0.28070241456780282, -0.27836640790344858, -0.276073640498103, -0.2738230841607518, -0.27161375134686616, -0.26944469360945988, -0.2673150001170716, -0.26522379625484932, -0.263170242292304, -0.26115353211598757, -0.25917289202786176, -0.25722757960042142, -0.2553168825826897, -0.25344011786758064, -0.25159663049751918, -0.24978579272218188, -0.24800700309775692, -0.24625968562632738, -0.24454328893445124, -0.24285728548484053, -0.24120117082440073, -0.23957446286328829, -0.23797670118304279, -0.23640744637108438, -0.23486627938493446, -0.23335280093611338, -0.23186663090121482, -0.23040740774937918, -0.22897478799429874, -0.22756844566227094, -0.2261880717756917, -0.22483337385658478, -0.223504075440347, -0.22219991560575178, -0.2209206485165752, -0.21966604297560227, -0.2184358819849867, -0.21722996232224528, -0.21604809412075363, -0.2148901004579219, -0.2137558169529977, -0.21264509136607787, -0.21155778321061627, -0.21049376335929229, -0.2094529136653864, -0.2084351265816517, -0.20744030477983191, -0.2064683607778576, -0.20551921656552424, -0.20459280323308829, -0.20368906059899614, -0.20280793683881862, -0.201949388114523, -0.20111337820267958, -0.20029987812360461, -0.19950886576840379, -0.19874032552280357, -0.19799424789663353, -0.19727062913992177, -0.19656947087159768, -0.19589077969667432, -0.19523456682088625, -0.1946008476737619, -0.19398964151598841, -0.19340097105753559, -0.19283486206546424, -0.19229134297403508, -0.19177044449273195, -0.19127219921324287, -0.19079664121498935, -0.19034380566826586, -0.18991372844202328, -0.18950644570419148, -0.18912199352903919, -0.18876040750020354, -0.18842172231593973, -0.18810597139927496, -0.18781318650370882, -0.18754339732432582, -0.18729663111698855, -0.18707291230854178, -0.18687226212359442, -0.18669469820857634, -0.18654023426292274, -0.18640887967501515, -0.18630063916704537, -0.18621551244246554, -0.1861534938468038, -0.18611457203004231, -0.18609872962352944, -0.18610594292359009]
}
