{
	"input_file":	"/Users/daniel/ecological-inference-elections/instances/J100_M50_G4_I4_L50_seed9.json",
	"method":	"MVN CDF",
	"convergence_threshold":	0.001,
	"iterations_made":	64,
	"max_iterations":	10000,
	"time_taken":	0.22727200000000014,
	"ground_truth_matrix":	[[0.0067904575313161844, 0.453791570266173, 0.445864345135731, 0.093553627066779749], [0.12490196468201752, 0.20095636964109462, 0.44178206861140756, 0.23235959706548037], [0.031330988253750372, 0.15125306603020736, 0.065104505715419259, 0.75231144000062322], [0.59050603392987744, 0.0077395327397986, 0.23520780127629609, 0.16654663205402792]],
	"estimated_matrix":	[[0.064112748516333765, 0.36324359789648858, 0.382670286123848, 0.18997336746332974], [0.12709390959012234, 0.18394653230076957, 0.41473928707278529, 0.274220271036323], [0.0469861092999152, 0.17385600163192194, 0.17266784357713511, 0.6064900454910277], [0.48043737772456369, 0.059004490297903445, 0.254101181430668, 0.20645695054686486]],
	"log_likelihood":	[-0.84462529701909927, -0.82927176920158552, -0.814527688684913, -0.800361424819379, -0.7867439985008613, -0.77364880155045623, -0.761051349967666, -0.748929066423254, -0.73726108807558, -0.72602809637790933, -0.71521216605625959, -0.70479663083080069, -0.69476596381610878, -0.68510567081544582, -0.67580219497733851, -0.666842831480766, -0.65821565109961366, -0.64990943164189463, -0.64191359638640355, -0.63421815874874443, -0.626813672501196, -0.6196911869553472, -0.6128422065781074, -0.60625865457993278, -0.59993284005726022, -0.5938574283261725, -0.588025414116768, -0.58243009733591378, -0.5770650611342496, -0.5719241520442534, -0.56700146197736734, -0.56229131188796122, -0.55778823693924817, -0.553486973006816, -0.549382444397677, -0.54546975264124042, -0.54174416625362254, -0.538201111373301, -0.53483616317004978, -0.5316450379512595, -0.52862358589282266, -0.52576778432755555, -0.52307373153313952, -0.52053764096369659, -0.518155835888139, -0.51592474437882363, -0.513840894629531, -0.51190091055701048, -0.51010150766459472, -0.508439489139469, -0.50691174216384, -0.50551523441413271, -0.504247010737757, -0.50310418999065376, -0.502083962018393, -0.50118358477354075, -0.500400381559468, -0.49973173838847712, -0.49917510145325722, -0.49872797469404334, -0.49838791747236877, -0.49815254233048262, -0.498019512842152, -0.49798654154949457, -0.498051387982031]
}
