{
	"input_file":	"/Users/daniel/ecological-inference-elections/instances/J100_M50_G4_I4_L50_seed5.json",
	"method":	"MVN CDF",
	"convergence_threshold":	0.001,
	"iterations_made":	79,
	"max_iterations":	10000,
	"time_taken":	0.705295,
	"ground_truth_matrix":	[[0.04983539454067374, 0.40616979444752377, 0.04597554104672593, 0.49801926996507662], [0.17642180632607257, 0.24903375337454553, 0.38221213978536139, 0.19233230051402056], [0.17736032732383658, 0.10472522126556412, 0.042405367741133453, 0.675509083669466], [0.18223419748820011, 0.053948911524286144, 0.66354524613560528, 0.1002716448519083]],
	"estimated_matrix":	[[0.052410421600654719, 0.35962983556497674, 0.11227030644259496, 0.47568943639177347], [0.15396037424468365, 0.264667616102724, 0.32640437570865416, 0.25496763394393812], [0.17133974340299968, 0.09770079296400995, 0.10851819654069332, 0.622441267092297], [0.17309145049865193, 0.057942777446373273, 0.553073675049985, 0.21589209700498996]],
	"log_likelihood":	[-0.74987654864762621, -0.74091692133220066, -0.73221947566326373, -0.72377524324599618, -0.71557601353887557, -0.7076142318346097, -0.69988291137085368, -0.69237555770086656, -0.68508610366395561, -0.67800885350915829, -0.671138434906539, -0.664469757747935, -0.657997978792156, -0.651718471317191, -0.645626799085684, -0.639718694005689, -0.63399003696417155, -0.628436841385196, -0.62305523912914174, -0.61784146840160548, -0.612791863394311, -0.60790284541121775, -0.603170915283984, -0.598592646887275, -0.59416468161860747, -0.58988372369650355, -0.58574653617843064, -0.581749937595859, -0.57789079912756469, -0.574166042231412, -0.57057263668399, -0.56710759896275642, -0.56376799092700824, -0.56055091876026131, -0.55745353212862681, -0.55447302352974648, -0.55160662779834457, -0.54885162174952828, -0.54620532392962073, -0.543665094457618, -0.54122833494319034, -0.53889248845909532, -0.536655039554621, -0.53451351430597061, -0.532465480378875, -0.530508547104879, -0.52864036555813076, -0.52685862862715638, -0.5251610710703114, -0.523545469557718, -0.52200964268871342, -0.52055145098224154, -0.519168796839069, -0.5178596244733088, -0.51662191980657279, -0.51545371033244936, -0.51435306494167543, -0.51331809371133041, -0.51234694766451072, -0.511437818482246, -0.510588938196373, -0.509798578835791, -0.50906505204606645, -0.50838670868005065, -0.507761938353258, -0.50718916897842947, -0.50666686626754154, -0.50619353321531446, -0.50576770955798078, -0.50538797121283829, -0.50505292969882321, -0.504761231542419, -0.50451155766902578, -0.50430262278251137, -0.504133174730778, -0.504001993870173, -0.50390789241658418, -0.503849713793938, -0.50382633197986926, -0.50383665084702056]
}
