{
	"input_file":	"/Users/daniel/ecological-inference-elections/instances/J100_M50_G4_I4_L50_seed19.json",
	"method":	"MVN CDF",
	"convergence_threshold":	0.001,
	"iterations_made":	70,
	"max_iterations":	10000,
	"time_taken":	0.144231,
	"ground_truth_matrix":	[[0.052166889316142627, 0.72810163049277654, 0.144166630569279, 0.075564849621801933], [0.12400640059949905, 0.026686001932657091, 0.343301206964579, 0.506006390503265], [0.664535329822959, 0.16528278438434141, 0.039819720179869643, 0.1303621656128299], [0.422084773790076, 0.14271573291742995, 0.064610803438190062, 0.3705886898543041]],
	"estimated_matrix":	[[0.13147944282996074, 0.58430628867482481, 0.11464081275027307, 0.16957345574494131], [0.13312531914714579, 0.079127987587380572, 0.3322341718104273, 0.45551252145504639], [0.59142974359113343, 0.19234762119043322, 0.055747804007526068, 0.16047483121090733], [0.40404214893945128, 0.17751299428632922, 0.065700310214989649, 0.35274454655922988]],
	"log_likelihood":	[-0.809651755540848, -0.79734936970467962, -0.78554773131531974, -0.774220842773662, -0.76334457870875572, -0.75289651778308, -0.74285579288434145, -0.733202957398378, -0.72391986556111743, -0.71498956517264634, -0.70639620117646629, -0.698124928813899, -0.69016183523095, -0.6824938685577735, -0.675108773615479, -0.6679950334963618, -0.661141816377716, -0.654538926993703, -0.64817676226698262, -0.642046270665392, -0.63613891489114582, -0.630446637567385, -0.62496182962459523, -0.61967730111368657, -0.614586254222654, -0.609682258277857, -0.60495922655535073, -0.60041139473462557, -0.59603330084612183, -0.591819766586753, -0.58776587989006179, -0.58386697863609471, -0.58011863542103725, -0.576516643292952, -0.57305700238854673, -0.56973590738762847, -0.56654973574403422, -0.563495036618576, -0.56056852047790162, -0.55776704930684318, -0.55508762739099138, -0.55252739263972173, -0.55008360840646064, -0.547753655779712, -0.54553502631225836, -0.543425315168113, -0.54142221465319873, -0.5395235081170433, -0.53772706419115346, -0.53603083136810725, -0.53443283287313936, -0.5329311618352055, -0.53152397673146234, -0.53020949709270537, -0.52898599945656577, -0.52785181355336475, -0.52680531871677971, -0.52584494050607533, -0.5249691475252507, -0.52417644843782829, -0.523465389161412, -0.522834550233237, -0.52228254433844334, -0.52180801400255583, -0.52140962941922853, -0.521086086431508, -0.520836104639067, -0.520658425637269, -0.52055181137539963, -0.52051504263010717, -0.52054691759350868]
}
