{
	"input_file":	"/Users/daniel/ecological-inference-elections/instances/J100_M50_G4_I5_L50_seed20.json",
	"method":	"MVN CDF",
	"convergence_threshold":	0.001,
	"iterations_made":	51,
	"max_iterations":	10000,
	"time_taken":	0.828071,
	"ground_truth_matrix":	[[0.12464155160427713, 0.320365700211782, 0.31211881819805165, 0.23773827434383188, 0.0051356556420572141], [0.32050330871114646, 0.129607407316133, 0.19904243955549125, 0.29216240134150717, 0.058684443075721966], [0.048862291507300849, 0.19490249288206324, 0.23484758945089862, 0.29193992606900426, 0.22944770009073309], [0.017616287707698772, 0.05851918973115218, 0.65621546187173374, 0.1289428731063417, 0.13870618758307368]],
	"estimated_matrix":	[[0.12210486284652175, 0.26900372361826258, 0.3090334612069825, 0.22993036552132956, 0.069927586806903544], [0.25982715857984029, 0.12508764591515042, 0.25857515374882556, 0.26767032107552341, 0.0888397206806603], [0.072677921905197729, 0.1941193646964709, 0.25234547351409181, 0.29800507196176584, 0.18285216792247375], [0.022614164975909564, 0.0966698412885452, 0.56159280754774465, 0.18297783033828452, 0.13614535584951609]],
	"log_likelihood":	[-0.94709109103963762, -0.93315774074276747, -0.91987600180037066, -0.90721605895461421, -0.89514993270579357, -0.88365133840628274, -0.87269555642261576, -0.862259312303343, -0.85232066605157264, -0.84285890972576938, -0.83385447272065638, -0.82528883415006837, -0.81714444185500845, -0.809404637611792, -0.80205358815301164, -0.795076221681509, -0.78845816953884729, -0.78218571276477666, -0.776245733244343, -0.77062566918316222, -0.76531347464859156, -0.76029758290619931, -0.75556687330338645, -0.751110641436927, -0.74691857235974946, -0.742980716575516, -0.739287468580719, -0.73582954772001519, -0.7325979811316693, -0.7295840885619852, -0.726779468853745, -0.72417598790322246, -0.721765767923955, -0.719541177833945, -0.71749482462607739, -0.715619545580436, -0.71390840119117072, -0.71235466870541153, -0.71095183616114543, -0.70969359685113431, -0.70857384413615343, -0.70758666653186919, -0.70672634302780346, -0.70598733858663654, -0.70536429978573445, -0.704852050567071, -0.7044455880788133, -0.70414007857952721, -0.703930853395345, -0.703813404921159, -0.703783382648119, -0.70383658922917869]
}
