{
	"input_file":	"/Users/daniel/ecological-inference-elections/instances/J100_M50_G4_I5_L50_seed10.json",
	"method":	"MVN CDF",
	"convergence_threshold":	0.001,
	"iterations_made":	87,
	"max_iterations":	10000,
	"time_taken":	0.299474,
	"ground_truth_matrix":	[[0.32269308943329617, 0.0045864253604871313, 0.21962067734703034, 0.302153293162828, 0.1509465146963585], [0.11667254894123515, 0.10113720407829543, 0.65492541293454032, 0.084886438578035225, 0.0423783954678938], [0.17470454273021377, 0.46323131664050771, 0.00059770828546104832, 0.10845461858176728, 0.25301181376205034], [0.1499086927966258, 0.20226769245305082, 0.054570767022571375, 0.39501320914034888, 0.19823963858740321]],
	"estimated_matrix":	[[0.3121744327656914, 0.036028701361461232, 0.19720366609085482, 0.30618462978909061, 0.148408569992902], [0.130833199954192, 0.11841574149317589, 0.54185570543701267, 0.0961596639526263, 0.11273568916299309], [0.19760748093524408, 0.40710513030688078, 0.0514036753881903, 0.12877704365598366, 0.21510666971370124], [0.17109439568194793, 0.19265474874786032, 0.1067975149108765, 0.36469775223233891, 0.16475558842697632]],
	"log_likelihood":	[-0.84734381730754238, -0.83288087417144463, -0.81905116615269835, -0.80581903839742, -0.79315149181786759, -0.781017940013206, -0.76938999242708983, -0.75824126051705454, -0.74754718413780463, -0.73728487572997081, -0.72743298021846725, -0.71797154880509872, -0.70888192507515546, -0.70014664203067234, -0.69174932885023677, -0.68367462630942366, -0.67590810993902728, -0.66843622009712333, -0.66124619824063735, -0.65432602875196266, -0.64766438576492336, -0.64125058448963979, -0.635074536588627, -0.6291267092146845, -0.623398087364135, -0.61788013922220475, -0.6125647842305586, -0.607444363625597, -0.602511613221292, -0.597759638237874, -0.59318188999767274, -0.588772144323067, -0.58452448149524638, -0.58043326763599767, -0.57649313740197883, -0.572698977876359, -0.56904591356644774, -0.565529292416188, -0.56214467275495339, -0.5588878111104576, -0.55575465081839426, -0.55274131137034055, -0.549844078443399, -0.54705939456408437, -0.54438385035882952, -0.541814176347242, -0.53934723524729433, -0.536980014747712, -0.534709620721465, -0.53253327085031554, -0.53044828862854254, -0.528452097730043, -0.526542216701132, -0.52471625397489241, -0.522971903170313, -0.521306938672868, -0.51971921146841871, -0.518206645218041, -0.51676723256498358, -0.51539903165097944, -0.514100162831354, -0.512868805586574, -0.51170319560356248, -0.51060162203061943, -0.509562424885969, -0.50858399261940135, -0.5076647598110493, -0.506803205005991, -0.505997848669855, -0.50524725126868553, -0.504550011454239, -0.50390476436050924, -0.50331017999590122, -0.50276496172980067, -0.50226784487342868, -0.50181759533689874, -0.50141300837258551, -0.5010529073888994, -0.500736142838078, -0.50046159116966049, -0.50022815384802843, -0.500034756426371, -0.49988034768349349, -0.49976389880694377, -0.49968440262945313, -0.4996408729114456, -0.49963234367087284, -0.49965786854967936]
}
