{
	"input_file":	"/Users/daniel/ecological-inference-elections/instances/J100_M50_G4_I5_L50_seed16.json",
	"method":	"MVN CDF",
	"convergence_threshold":	0.001,
	"iterations_made":	1,
	"max_iterations":	10000,
	"time_taken":	0.011081,
	"ground_truth_matrix":	[[0.11046832303046365, 0.32375992679000548, 0.34976560708473542, 0.020404670466171049, 0.19560147262862432], [0.056072838761014418, 0.259257770101578, 0.039720168700331022, 0.016198597480567022, 0.62875062495650935], [0.31255056034065565, 0.030600658614167615, 0.48328435407656345, 0.065010843405680863, 0.1085535835629325], [0.11586259596294285, 0.39777834656095723, 0.2081420243919308, 0.0807572776280516, 0.19745975545611746]],
	"estimated_matrix":	[[0.13072843899328929, 0.263351509690249, 0.30175255062022227, 0.038026732899586864, 0.26614076779665252], [0.12433296876527772, 0.2475076210147181, 0.21009795792819363, 0.0366883715107374, 0.381373080781073], [0.197828819303693, 0.18631046056694561, 0.32836102713925946, 0.057291068510867543, 0.23020862447923437], [0.1384708905569221, 0.285446118329397, 0.25473393161894214, 0.0599452813669023, 0.26140377812783638]],
	"log_likelihood":	[-2.0509462655598028, -2.0537535585459525]
}
