{
	"input_file":	"/Users/daniel/ecological-inference-elections/instances/J100_M50_G4_I5_L50_seed9.json",
	"method":	"MVN CDF",
	"convergence_threshold":	0.001,
	"iterations_made":	20,
	"max_iterations":	10000,
	"time_taken":	0.097804,
	"ground_truth_matrix":	[[0.0061742133612349686, 0.4126093070211917, 0.40540148941948045, 0.085063495583889731, 0.090751494614203052], [0.15553306732402988, 0.34192357446845528, 0.17983804603115919, 0.055375461920108081, 0.26732985025624767], [0.027870328380781784, 0.32205400604816126, 0.460581980701258, 0.0060366687454068944, 0.18345701612439208], [0.13631882836515025, 0.36593659039938975, 0.17621707723248239, 0.12723079011806104, 0.19429671388491665]],
	"estimated_matrix":	[[0.0367725216343007, 0.38615102500847154, 0.36508061189461327, 0.0637878661422411, 0.14820797532037325], [0.12622286221978449, 0.35882780456043417, 0.2624524436579791, 0.062151220372841286, 0.190345669188961], [0.033969378727661516, 0.36653338470012886, 0.3759720807176819, 0.020743507388662586, 0.20278164846586513], [0.10505412834905836, 0.3808666541307591, 0.24299358944448665, 0.0997364384704244, 0.17134918960527151]],
	"log_likelihood":	[-1.647749355227246, -1.6406196445367311, -1.6332374877166314, -1.6257342223848013, -1.6182337712308834, -1.6108502472349295, -1.6036863731359117, -1.5968325765651705, -1.5903666294682839, -1.5843537137348473, -1.5788468108591596, -1.5738873295819917, -1.5695059005170271, -1.565723280037572, -1.562551317025004, -1.5599939455809277, -1.5580481746496138, -1.5567050520299464, -1.5559505856607407, -1.5557666096064158, -1.5561315859680283]
}
