{
	"input_file":	"/Users/daniel/ecological-inference-elections/instances/J100_M50_G4_I5_L50_seed14.json",
	"method":	"MVN CDF",
	"convergence_threshold":	0.001,
	"iterations_made":	38,
	"max_iterations":	10000,
	"time_taken":	0.333883,
	"ground_truth_matrix":	[[0.15590939304920856, 0.32060857491831252, 0.44162749507565729, 0.0017460734744377071, 0.080108463482383763], [0.59766213007816038, 0.13609533714227331, 0.072449225855054339, 0.14650677874371171, 0.047286528180800258], [0.41478598240157316, 0.10580328928860022, 0.19550423839535092, 0.0014878074903490689, 0.28241868242412665], [0.037797114110708178, 0.43231344101648556, 0.0751597260223246, 0.22381649355526642, 0.23091322529521516]],
	"estimated_matrix":	[[0.1842188088543727, 0.33705302863104614, 0.31430961015441866, 0.028485957647416623, 0.1359325947127458], [0.479928102559549, 0.1877325302782277, 0.0967738401144859, 0.13739053259900538, 0.0981749944487319], [0.333623229260069, 0.17920595431162437, 0.20892440896442205, 0.0248528596088827, 0.25339354785500184], [0.16815876159592955, 0.33404041868980439, 0.1309394910188604, 0.1605090801911612, 0.2063522485042445]],
	"log_likelihood":	[-1.1444504387046393, -1.1299825634998506, -1.1160572469529031, -1.1026637319647885, -1.0897926026234568, -1.0774355540097973, -1.0655851741713176, -1.05423473865123, -1.0433780183654227, -1.0330091018212042, -1.0231222327672269, -1.0137116643003528, -1.0047715303165661, -0.99629573495401946, -0.98827786039559218, -0.980711093064156, -0.973588167925495, -0.966901330259647, -0.96064231397090227, -0.954802335219641, -0.94937209994600147, -0.94434182366846164, -0.93970126183543079, -0.935439748942176, -0.93154624462864466, -0.92800938500321861, -0.924817537547522, -0.92195885805696542, -0.91942134823478283, -0.91719291271539, -0.91526141447981024, -0.91361472778768782, -0.91224078794691521, -0.911127637392415, -0.91026346771091549, -0.90963665738267119, -0.909235805139263, -0.909049758938619, -0.909067640641348]
}
