{
	"input_file":	"/Users/daniel/ecological-inference-elections/instances/J100_M50_G4_I5_L50_seed7.json",
	"method":	"MVN CDF",
	"convergence_threshold":	0.001,
	"iterations_made":	82,
	"max_iterations":	10000,
	"time_taken":	1.077013039,
	"ground_truth_matrix":	[[0.010915758563635679, 0.20816915542206624, 0.0793454263047044, 0.176768261407425, 0.52480139830216865], [0.30336933090138923, 0.27281770821747647, 0.029337380742531057, 0.12263021012911926, 0.271845370009484], [0.3112604723649372, 0.445747386767779, 0.13127742314124657, 0.018672572575976328, 0.093042145150061], [0.40414208490409764, 0.040359198958406881, 0.1011778397934792, 0.450081026098011, 0.0042398502460051727]],
	"estimated_matrix":	[[0.0743035191175014, 0.20337059923159287, 0.0742053734573489, 0.18904151989520476, 0.459078988298352], [0.31112936461943874, 0.29140362815743454, 0.023502964518056221, 0.13989549583380279, 0.23406854687126771], [0.28381663430814663, 0.39447729214126537, 0.13822658373587221, 0.052604768457277122, 0.13087472135743874], [0.36963803165398545, 0.097353493539379457, 0.091538751637976465, 0.35089389819877381, 0.0905758249698848]],
	"log_likelihood":	[-1.0403856477600226, -1.0267768956658394, -1.0136051813833835, -1.0008680250870188, -0.98856115694872981, -0.976678687213372, -0.965213305290303, -0.954156490655113, -0.94349872314547234, -0.93322968415009844, -0.92333844322251857, -0.91381362700883673, -0.90464356906604837, -0.895816440391738, -0.88732036130699854, -0.87914349586451135, -0.871274130265739, -0.863700736911631, -0.856412025746761, -0.84939698450602619, -0.84264490938422221, -0.83614542752223975, -0.82988851257129137, -0.823864494458702, -0.81806406433481837, -0.81247827556827923, -0.80709854152290361, -0.801916630755786, -0.79692466017468044, -0.792115086610646, -0.78748069718943037, -0.783014598827034, -0.77871020710229666, -0.774561234741491, -0.7705616798833087, -0.76670581427433881, -0.762988171513501, -0.75940353543410977, -0.755946928706301, -0.75261360170531832, -0.749399021698672, -0.74629886238020759, -0.7433089937709928, -0.7404254725031264, -0.73764453249915451, -0.73496257604232451, -0.73237616524169546, -0.729882013887872, -0.72747697968982883, -0.725158056885622, -0.72292236921681374, -0.7207671632563365, -0.71868980207214561, -0.71668775922187267, -0.714758613058453, -0.712900041337291, -0.71110981611362, -0.70938579890669173, -0.707725936135421, -0.70612825479407171, -0.704590858370185, -0.70311192298498559, -0.701689693747225, -0.700322481311251, -0.6990086586221087, -0.69774665784795531, -0.696534967479643, -0.6953721295957207, -0.69425673727773374, -0.69318743217410439, -0.69216290219854537, -0.69118187935903441, -0.69024313770595547, -0.689345491402256, -0.68848779289257334, -0.68766893118356165, -0.68688783021465138, -0.68614344732264776, -0.68543477179051671, -0.68476082347865319, -0.6841206515301762, -0.68351333314819873, -0.663659601986588]
}
