{
	"input_file":	"../../instances/J100_M50_G2_I2_L50_seed3.json",
	"method":	"Exact",
	"convergence_threshold":	0.001,
	"iterations_made":	7,
	"max_iterations":	10000,
	"time_taken":	0.036021401,
	"ground_truth_matrix":	[[0.39388041818446978, 0.60611958181553], [0.32467278858124587, 0.675327211418754]],
	"estimated_matrix":	[[0.40119410176140063, 0.59880589823859953], [0.3263460197730087, 0.6736539802269913]],
	"log_likelihood":	[-30.732979423628219, -29.574924401951652, -28.983851646729569, -28.684057351716067, -28.533523874769809, -28.459082847346011, -28.423124066112, -28.39944025289434]
}
