{
	"input_file":	"../../instances/J100_M50_G2_I2_L50_seed1.json",
	"method":	"Exact",
	"convergence_threshold":	0.001,
	"iterations_made":	13,
	"max_iterations":	10000,
	"time_taken":	0.038654166,
	"ground_truth_matrix":	[[0.297511488970571, 0.702488511029429], [0.00031761382895504226, 0.99968238617104477]],
	"estimated_matrix":	[[0.28788754783114656, 0.71211245216885344], [0.00948973391772273, 0.99051026608227732]],
	"log_likelihood":	[-96.842925836201175, -66.601376845268774, -50.417639666027249, -41.363320243522345, -36.067111116582389, -32.838944931435819, -30.798188338651691, -29.4667337848694, -28.574392064728471, -27.9626491243081, -27.535280660270466, -27.232053922042333, -27.01421663900074, -26.753880568343185]
}
