{
	"input_file":	"../../instances/J100_M50_G2_I2_L50_seed19.json",
	"method":	"Exact",
	"convergence_threshold":	0.001,
	"iterations_made":	14,
	"max_iterations":	10000,
	"time_taken":	0.055595999999999944,
	"ground_truth_matrix":	[[0.0668576111835421, 0.933142388816458], [0.65610367000627345, 0.34389632999372649]],
	"estimated_matrix":	[[0.049974260765769572, 0.95002573923423039], [0.66651897500562229, 0.33348102499437771]],
	"log_likelihood":	[-185.98315514750809, -122.27238667564409, -85.661586743318523, -63.521413906886217, -49.83742970567868, -41.322521450323521, -36.033754071811721, -32.774467522208127, -30.793274663891022, -29.614730127262984, -28.937358804662626, -28.570095028807255, -28.392088802316664, -28.327164004653294, -28.327564921366658]
}
