{
	"input_file":	"../../instances/J100_M50_G2_I2_L50_seed7.json",
	"method":	"Exact",
	"convergence_threshold":	0.001,
	"iterations_made":	13,
	"max_iterations":	10000,
	"time_taken":	0.043949977,
	"ground_truth_matrix":	[[0.049824327768858021, 0.950175672231142], [0.30980548916967027, 0.69019451083032979]],
	"estimated_matrix":	[[0.05132422277570256, 0.94867577722429752], [0.305278940998876, 0.694721059001124]],
	"log_likelihood":	[-62.2168129697964, -45.140536818918811, -35.440761938351, -29.810345354014032, -26.480940661640251, -24.482702596926909, -23.270559619218744, -22.530994155666065, -22.079760766492218, -21.806462560614886, -21.6438165672008, -21.550221544226147, -21.499654971975357, -21.444849752662822]
}
