{
	"input_file":	"../../instances/J100_M50_G2_I2_L50_seed13.json",
	"method":	"Exact",
	"convergence_threshold":	0.001,
	"iterations_made":	13,
	"max_iterations":	10000,
	"time_taken":	0.066448,
	"ground_truth_matrix":	[[0.84720269601591158, 0.15279730398408845], [0.34009172295595952, 0.65990827704404054]],
	"estimated_matrix":	[[0.840236417571938, 0.159763582428062], [0.33415872027022059, 0.66584127972977947]],
	"log_likelihood":	[-118.48881121061952, -79.031615559223027, -56.267522404064479, -42.779750852581834, -34.7557702615683, -30.025816522343117, -27.288236573957455, -25.745469240842443, -24.907891880174112, -24.4776559223435, -24.276320823951249, -24.199003116748848, -24.185421622625331, -24.201853511066634]
}
