{
	"input_file":	"../../instances/J100_M50_G2_I2_L50_seed11.json",
	"method":	"Exact",
	"convergence_threshold":	0.001,
	"iterations_made":	13,
	"max_iterations":	10000,
	"time_taken":	0.059053,
	"ground_truth_matrix":	[[0.90996736531017963, 0.0900326346898204], [0.3252452051574129, 0.674754794842587]],
	"estimated_matrix":	[[0.89981137793975641, 0.10018862206024366], [0.35014889207154914, 0.649851107928451]],
	"log_likelihood":	[-149.28345567867225, -98.2138033269331, -69.523800906781, -52.7987556820277, -42.949138811927789, -37.175156123512537, -33.838557533295479, -31.95428938548395, -30.925743994181666, -30.392934072251506, -30.14077300999428, -30.042501977926264, -30.02469607185326, -30.045747329544248]
}
