{
	"input_file":	"../../instances/J100_M50_G2_I2_L50_seed6.json",
	"method":	"Exact",
	"convergence_threshold":	0.001,
	"iterations_made":	10,
	"max_iterations":	10000,
	"time_taken":	0.016896632,
	"ground_truth_matrix":	[[0.84701246603789282, 0.15298753396210726], [0.97585881292457777, 0.024141187075422219]],
	"estimated_matrix":	[[0.83531931530217252, 0.16468068469782765], [0.98199802766772, 0.018001972332279893]],
	"log_likelihood":	[-56.623607350381747, -43.994272867498019, -37.314927816617548, -33.680750130143778, -31.6340129377931, -30.442971125484569, -29.730366486545435, -29.294668888293028, -29.024208115829332, -28.85493811497653, -28.687145512946735]
}
