{
	"input_file":	"../../instances/J100_M50_G2_I2_L50_seed12.json",
	"method":	"Exact",
	"convergence_threshold":	0.001,
	"iterations_made":	10,
	"max_iterations":	10000,
	"time_taken":	0.031970906,
	"ground_truth_matrix":	[[0.11053619287835263, 0.88946380712164752], [0.28597542938972, 0.71402457061028]],
	"estimated_matrix":	[[0.11162232108177195, 0.888377678918228], [0.27771054950096341, 0.72228945049903659]],
	"log_likelihood":	[-42.399912669371638, -35.0068641887818, -30.993470474490483, -28.80129775220389, -27.601879909510146, -26.947767856228612, -26.594371524212285, -26.406821827732156, -26.310337594795982, -26.263357774818054, -26.227362435482831]
}
