{
	"input_file":	"../../instances/J100_M50_G2_I2_L50_seed14.json",
	"method":	"Exact",
	"convergence_threshold":	0.001,
	"iterations_made":	18,
	"max_iterations":	10000,
	"time_taken":	0.069049,
	"ground_truth_matrix":	[[0.32718470976908715, 0.6728152902309128], [0.99606184581514945, 0.0039381541848506141]],
	"estimated_matrix":	[[0.33991120300891647, 0.66008879699108347], [0.975797506033503, 0.024202493966496829]],
	"log_likelihood":	[-201.2665268555138, -137.00307123855455, -99.339654432665924, -76.000780171487662, -61.10733477513952, -51.444588805718347, -45.111906025723663, -40.934401050493463, -38.1673471142681, -36.331539978286777, -35.115391418795639, -34.31451965831, -33.79374123861782, -33.462893878289485, -33.261339686486323, -33.147963680756256, -33.094672272988035, -33.082133746506663, -33.0969640890898]
}
