{
	"input_file":	"../../instances/J100_M50_G2_I2_L50_seed10.json",
	"method":	"Exact",
	"convergence_threshold":	0.001,
	"iterations_made":	18,
	"max_iterations":	10000,
	"time_taken":	0.070764214,
	"ground_truth_matrix":	[[0.98598621315062451, 0.014013786849375551], [0.42091152445267649, 0.57908847554732346]],
	"estimated_matrix":	[[0.979877375372987, 0.020122624627012971], [0.44409399792505455, 0.55590600207494534]],
	"log_likelihood":	[-161.61988230653125, -107.45950017595739, -76.433098863148, -57.774381198074366, -46.2224825955633, -38.925215966126515, -34.242645623807064, -31.198613053374249, -29.1985481726796, -27.8737398586871, -26.991859419311265, -26.404280726811631, -26.014523808228759, -25.759072776957645, -25.595551977398163, -25.495335914485644, -25.438865741795908, -25.412639822954581, -25.347934507885075]
}
