{
	"input_file":	"../../instances/J100_M50_G2_I2_L50_seed8.json",
	"method":	"Exact",
	"convergence_threshold":	0.001,
	"iterations_made":	12,
	"max_iterations":	10000,
	"time_taken":	0.06008,
	"ground_truth_matrix":	[[0.37404082947384554, 0.62595917052615457], [0.728815845450914, 0.27118415454908579]],
	"estimated_matrix":	[[0.36833404412657283, 0.63166595587342722], [0.742365180782752, 0.2576348192172479]],
	"log_likelihood":	[-75.144019573133122, -52.399660257829019, -39.831127107986475, -32.8224390016469, -28.937382006070052, -26.816491094339188, -25.685011749483127, -25.100634654684889, -24.812967991976265, -24.682212074804667, -24.63164797010705, -24.620036011238582, -24.625775594204114]
}
