{
	"input_file":	"../../instances/J100_M50_G2_I2_L50_seed17.json",
	"method":	"Exact",
	"convergence_threshold":	0.001,
	"iterations_made":	12,
	"max_iterations":	10000,
	"time_taken":	0.058795999999999987,
	"ground_truth_matrix":	[[0.315810458607232, 0.684189541392768], [0.751461243773324, 0.24853875622667579]],
	"estimated_matrix":	[[0.29803341344521855, 0.70196658655478139], [0.75473194538032951, 0.24526805461967047]],
	"log_likelihood":	[-96.702982575110852, -64.4656532772623, -46.104666403853251, -35.464598229710013, -29.316202941237893, -25.815588622036859, -23.868800568317731, -22.820551738688525, -22.2810218064429, -22.021930496900655, -21.91229574650788, -21.878714629657392, -21.8811622971813]
}
