{
	"input_file":	"../../instances/J100_M50_G2_I10_L50_seed3.json",
	"method":	"Multinomial",
	"convergence_threshold":	0.001,
	"iterations_made":	10,
	"max_iterations":	10000,
	"time_taken":	0.00019947,
	"ground_truth_matrix":	[[0.0931453723690264, 0.14333597595076422, 0.040011072182719966, 0.0832239927500704, 0.26006681338677834, 0.26376288024201622, 0.01561968590937181, 0.027030371918026031, 0.0061499544235774336, 0.06765388086764923], [0.00530734356503633, 0.10679549657807895, 0.18326772703150396, 0.057113539992176665, 0.1973392812162813, 0.156378119637341, 0.00424742361571192, 0.143197917396384, 0.052509906307626246, 0.093843244659859673]],
	"estimated_matrix":	[[0.0890637243020895, 0.13945194493153057, 0.035978183105088567, 0.089252865042812962, 0.256678609186958, 0.257402322575884, 0.016760526585890109, 0.029875017185954939, 0.00731829516141896, 0.078218511922372239], [0.0063612958529881223, 0.10399784332886777, 0.19274907313077158, 0.061417932286250636, 0.20071250742569641, 0.14843529629874783, 0.0028572027174055222, 0.14381353587627876, 0.0555645194096625, 0.0840907936733308]],
	"log_likelihood":	[-269.57356003110516, -235.703881959948, -218.16404849651974, -208.68205046486796, -203.3240660109139, -200.16875597118627, -198.23972299132689, -197.02002555518351, -196.225138162333, -195.69275982071591, -195.18603619517145]
}
