{
	"input_file":	"../../instances/J100_M50_G2_I10_L50_seed17.json",
	"method":	"Multinomial",
	"convergence_threshold":	0.001,
	"iterations_made":	13,
	"max_iterations":	10000,
	"time_taken":	0.000252586,
	"ground_truth_matrix":	[[0.054910088458876, 0.1189603042476769, 0.033441678392234289, 0.011060521380987629, 0.24324536090811941, 0.16800779444181613, 0.15962455027817882, 0.13481816614048331, 0.006267763850691715, 0.069663771900935742], [0.26764821479172474, 0.0056896705827529951, 0.18334443193306962, 0.19276480901552057, 0.0048285089853900686, 0.0970980434545545, 0.0737276519453078, 0.083622163902498159, 0.060710408957484467, 0.03056609643169713]],
	"estimated_matrix":	[[0.054738908470771466, 0.11008560505930352, 0.034350839538710883, 0.019211773812685875, 0.21724343018295741, 0.18931404028785367, 0.17002271273145689, 0.13342959119092876, 0.0027416692533290634, 0.0688614294720024], [0.27088107706489989, 0.0058472767176106369, 0.17740477763334517, 0.17681647137415241, 0.025999774268013816, 0.0949943909974178, 0.078203247501658676, 0.080401158187029975, 0.0631564430615089, 0.026295383194362726]],
	"log_likelihood":	[-369.4466694490157, -302.09356437797322, -265.23972067386183, -244.1317442720331, -231.52197441979726, -223.68795698723619, -218.63885113785514, -215.27067521179779, -212.95054217280531, -211.30416922434569, -210.10361976456136, -209.20617773179669, -208.52011130843914, -207.78685604020822]
}
