{
	"input_file":	"../../instances/J100_M50_G2_I10_L50_seed5.json",
	"method":	"Multinomial",
	"convergence_threshold":	0.001,
	"iterations_made":	13,
	"max_iterations":	10000,
	"time_taken":	0.000438471,
	"ground_truth_matrix":	[[0.026715474938408819, 0.21773719390232371, 0.024646306624725028, 0.26697533847630672, 0.071331461147205, 0.10069016905056917, 0.15453730446846922, 0.0777644459444631, 0.037474746424589631, 0.022127559022939464], [0.011432530344489289, 0.1821179371482772, 0.079056145214111834, 0.02340391124384544, 0.28785667046947466, 0.043499462919321719, 0.072629835700401, 0.047677443735614625, 0.13457350322664272, 0.11775255999782144]],
	"estimated_matrix":	[[0.027583432555389264, 0.21327882408374715, 0.021424906107243576, 0.26890109920732752, 0.065594211566479668, 0.10814473290569551, 0.157763845740363, 0.068247736107395554, 0.0429805672269581, 0.026080644499400688], [0.0057221213899785123, 0.17800731727462352, 0.0783994134274241, 0.0191610104180996, 0.2968712263008435, 0.044286480678293161, 0.0742575862397131, 0.060021087277048864, 0.13382971576531877, 0.10944404122865686]],
	"log_likelihood":	[-326.92498015380272, -273.73534570785836, -246.24424368631938, -231.34441706855245, -222.89550061067311, -217.89902262432773, -214.82664967339335, -212.86751377961346, -211.57522394478684, -210.69554430902579, -210.07905644988284, -209.6353357142323, -209.30813240641564, -208.97367361752492]
}
