{
	"input_file":	"../../instances/J100_M50_G2_I10_L50_seed15.json",
	"method":	"Multinomial",
	"convergence_threshold":	0.001,
	"iterations_made":	10,
	"max_iterations":	10000,
	"time_taken":	0.0003116,
	"ground_truth_matrix":	[[0.39339948770115563, 0.041042950092062262, 0.011639288492786368, 0.093430808791668, 0.067078035960545859, 0.157217266005475, 0.0760380442620253, 0.0756051191039522, 0.02467344936176653, 0.059875550228563078], [0.2953606482247047, 0.036288091571448439, 0.14966549434619961, 0.23753843791970947, 0.19467365456822786, 0.027970400863696843, 0.021652015798033372, 0.00565896413313319, 0.00475841081323897, 0.0264338817616074]],
	"estimated_matrix":	[[0.39685208123630877, 0.046074246116227069, 0.015420376499299329, 0.092536760023070444, 0.0786539138964221, 0.1538709289717389, 0.060641871833964578, 0.0723921839366601, 0.018239690166323683, 0.065317947319985], [0.297955259160053, 0.028765590267021936, 0.14225922509724664, 0.24965325509973649, 0.16372527952712135, 0.028794843741002118, 0.036965840311442469, 0.013530356904597179, 0.00931220268877049, 0.0290381472030084]],
	"log_likelihood":	[-309.18204537066475, -274.54423799353015, -255.70438199002746, -245.07928303250867, -238.85746618374111, -235.08051871086107, -232.70927147915916, -231.17349388418671, -230.14997662813124, -229.44983823089936, -228.80359370055209]
}
