{
	"input_file":	"../../instances/J100_M50_G2_I10_L50_seed1.json",
	"method":	"Multinomial",
	"convergence_threshold":	0.001,
	"iterations_made":	12,
	"max_iterations":	10000,
	"time_taken":	0.000224247,
	"ground_truth_matrix":	[[0.12436308318824252, 0.2936479442801595, 2.6361498408479558e-05, 0.0829722235922016, 0.036577837427075648, 0.0223288485003637, 0.047503287797740747, 0.0977139586640639, 0.11649176519617498, 0.17837468985556892], [0.078737587506692047, 0.16750337765308135, 0.033145413394336042, 0.3050005136808091, 0.0040242128188571836, 0.16086639690315654, 0.078266859223934074, 0.11854087140099424, 0.021921593367001047, 0.031993174051138537]],
	"estimated_matrix":	[[0.11972881694701419, 0.27563731478114983, 0.002014389998024166, 0.0890358679767057, 0.0401102121564132, 0.024686602769619627, 0.054887011480980324, 0.099035530579208456, 0.11497869032207522, 0.17988556298880937], [0.073866059678019735, 0.18942052608923918, 0.0295863026869389, 0.30487033428597882, 0.0020293602279993464, 0.15137138954935886, 0.075538145110672777, 0.12623167357171508, 0.012010581331828432, 0.035075627468248868]],
	"log_likelihood":	[-310.69453013705453, -266.75160906339727, -243.047556842447, -229.6990159448109, -221.85309934277541, -217.05272589114853, -214.00510927687068, -212.00358900502391, -210.64777035148745, -209.70311207735023, -209.027928858548, -208.53414671361762, -208.05051735477031]
}
