{
	"input_file":	"../../instances/J100_M50_G2_I10_L50_seed9.json",
	"method":	"Multinomial",
	"convergence_threshold":	0.001,
	"iterations_made":	6,
	"max_iterations":	10000,
	"time_taken":	0.000185616,
	"ground_truth_matrix":	[[0.0031845878535814529, 0.21281910917822938, 0.20910140020993273, 0.043874767354241673, 0.046808571478480061, 0.075310909771104, 0.16556334873637976, 0.0870796615220599, 0.026813439019434428, 0.12944420487655667], [0.0142710070749783, 0.16490781651527461, 0.23584109291398292, 0.0030910774066948976, 0.093939200833778158, 0.066516745753404521, 0.17855868802116745, 0.085985088518246378, 0.0620822392605847, 0.0948070437018881]],
	"estimated_matrix":	[[0.0016233386454428743, 0.21031636707535484, 0.20347177283034351, 0.038113387393670727, 0.057705068841171832, 0.078063310818643775, 0.18879569840604932, 0.07607732652721183, 0.026339448870969291, 0.11949428059114198], [0.011976970862875417, 0.16365633974124585, 0.24857722916667838, 0.010661283043289645, 0.0934973856899946, 0.0643227972246623, 0.16317533640134441, 0.086730850349346772, 0.0637096974405045, 0.093692110080058]],
	"log_likelihood":	[-238.61831156652281, -232.03955790297618, -228.38638712947568, -226.31577739753951, -225.11368604157846, -224.39896855662826, -223.826608300534]
}
