{
	"input_file":	"../../instances/J100_M50_G2_I10_L50_seed2.json",
	"method":	"Multinomial",
	"convergence_threshold":	0.001,
	"iterations_made":	11,
	"max_iterations":	10000,
	"time_taken":	0.000500838,
	"ground_truth_matrix":	[[0.11991661550111644, 0.0055003363088887832, 0.16704342406662817, 0.11966709003802448, 0.11419385771146613, 0.083961110968791053, 0.047944554745746416, 0.2022021665049108, 0.074581293038413141, 0.0649895511160146], [0.10911846334865041, 0.0846798451193815, 0.016250220290096911, 0.0810237270119616, 0.022921616895543978, 0.17298877101751881, 0.21630711039323489, 0.0766399545108728, 0.21073926823981, 0.0093310231729288751]],
	"estimated_matrix":	[[0.12192236829497083, 0.01292025767953309, 0.16164095560498576, 0.12014738148236792, 0.11150826294720587, 0.0819574581566178, 0.0525126926455518, 0.18326486282113993, 0.089108198449991155, 0.065017561917635872], [0.11086863295484055, 0.074466776607030077, 0.02747256650372789, 0.0887210456566023, 0.026226903055302057, 0.18710327760533946, 0.21077419431340583, 0.0677031337252831, 0.19258887440845149, 0.014074595170017268]],
	"log_likelihood":	[-306.69386090935944, -266.75101514597969, -244.5728261466495, -231.84597298564665, -224.29949272261783, -219.682293854583, -216.77225094376749, -214.88608340216334, -213.63088808961174, -212.77465386643786, -212.17690113733167, -211.63346392269207]
}
