{
	"input_file":	"../../instances/J100_M50_G2_I10_L50_seed14.json",
	"method":	"Multinomial",
	"convergence_threshold":	0.001,
	"iterations_made":	16,
	"max_iterations":	10000,
	"time_taken":	0.000472767,
	"ground_truth_matrix":	[[0.072756559579671962, 0.1496149553698512, 0.20608955322757225, 0.00081482132852198129, 0.037383355051305023, 0.318757571955605, 0.0725851899237404, 0.038640124848800833, 0.07813803605270303, 0.025219832662228388], [0.16106647274809777, 0.04108471195722066, 0.075916688175726, 0.000577733854966009, 0.10966663037368535, 0.023120032174088642, 0.26444084160278358, 0.04597428467004392, 0.13690581024077314, 0.141246794202615]],
	"estimated_matrix":	[[0.0708979733329183, 0.15756980915080315, 0.2107316458397758, 0.0015847555428278425, 0.039558158400458419, 0.318553262802605, 0.067832731659841, 0.037786974613533371, 0.074153683979335722, 0.021331004677901458], [0.15711228111997785, 0.033410577848916628, 0.069724108988598626, 0.0004177238459196, 0.11019700959788735, 0.025616833540839556, 0.25809226891675957, 0.053803593268958269, 0.13665755929231588, 0.15496804357982671]],
	"log_likelihood":	[-341.08846664155874, -283.51053007789568, -251.42396539431581, -232.8565191282097, -221.72986746366095, -214.84079702626633, -210.44202417679605, -207.55030817109258, -205.5962576897395, -204.241172011326, -203.27840947177543, -202.5788344258066, -202.05988123305633, -201.66759442628583, -201.36596912781317, -201.13049113037235, -200.88056991595468]
}
