{
	"input_file":	"../../instances/J100_M50_G2_I10_L50_seed12.json",
	"method":	"Multinomial",
	"convergence_threshold":	0.001,
	"iterations_made":	13,
	"max_iterations":	10000,
	"time_taken":	0.000335304,
	"ground_truth_matrix":	[[0.015582156525603087, 0.12538666210153721, 0.028440975506022707, 0.0710115388820721, 0.0013664386086365743, 0.2336170641797074, 0.21496368670652949, 0.0031636168665235879, 0.29273265374842722, 0.013735206874940618], [0.033685472240404149, 0.094004134275044657, 0.29125377741216613, 0.19328498797955979, 0.00022822457699712571, 0.074318804422831147, 0.0810309053295545, 0.067032982095265731, 0.14748154604349473, 0.017679165624682143]],
	"estimated_matrix":	[[0.012321648533937014, 0.11933738120026989, 0.041664956811152246, 0.0762150694286581, 0.0010560680738494722, 0.24110880737153842, 0.216547848157545, 0.0022132637681852091, 0.27680505131699334, 0.012729905337871328], [0.037349600752919876, 0.091235791048762352, 0.29252295352867314, 0.18346529145846521, 0.00054424217706787958, 0.0801677734144499, 0.082951274553804452, 0.0708541192787968, 0.13966405609549717, 0.02124489769156318]],
	"log_likelihood":	[-293.39110662112546, -248.62843425351778, -224.7330951174084, -211.51708375366471, -203.94389632642211, -199.4535097290709, -196.70263548781881, -194.963968244207, -193.8317628415723, -193.0731741601241, -192.55096097634146, -192.18215473938116, -191.91536880443257, -191.64084185522438]
}
