{
	"input_file":	"../../instances/J100_M50_G2_I10_L50_seed7.json",
	"method":	"Multinomial",
	"convergence_threshold":	0.001,
	"iterations_made":	17,
	"max_iterations":	10000,
	"time_taken":	0.000477598,
	"ground_truth_matrix":	[[0.00808261828816172, 0.15413970663026186, 0.058751646987581382, 0.13088878561109682, 0.38859135211187357, 0.078738263100063072, 0.07080871498828735, 0.0076143966059739766, 0.0318281670743481, 0.070556348602352159], [0.11844066583086636, 0.16961555343026474, 0.0499536137283108, 0.0071052771714643923, 0.03540434652102236, 0.25035815833408864, 0.025001738498636041, 0.0626777031670133, 0.278816438584351, 0.002626504733982544]],
	"estimated_matrix":	[[0.00861120544185436, 0.1620609673633043, 0.056671161398637288, 0.134043778013504, 0.37157303349596016, 0.079361638739675222, 0.070520733988776133, 0.010217194868522532, 0.038543829321566289, 0.068396457368199645], [0.11092715009528178, 0.186107627719281, 0.0463224658743483, 0.011795459876385937, 0.044000732030430589, 0.24137992008577228, 0.020079537547541989, 0.061873644387368115, 0.276504847473539, 0.0010086149100510611]],
	"log_likelihood":	[-360.58888262854538, -293.75831877190859, -256.10639091869609, -234.03106629568163, -220.60756466591025, -212.16598714018454, -206.6885900775267, -203.02921714677649, -200.51711304238955, -198.74866041057388, -197.47453352202805, -196.5368521444407, -195.83327402905073, -195.29597656193454, -194.87906807339689, -194.55088195763, -194.289161248427, -193.97883933880425]
}
