{
	"input_file":	"../../instances/J100_M50_G2_I10_L50_seed18.json",
	"method":	"Multinomial",
	"convergence_threshold":	0.001,
	"iterations_made":	10,
	"max_iterations":	10000,
	"time_taken":	0.000310527,
	"ground_truth_matrix":	[[0.079612049573285548, 0.053341302769557571, 0.15974625935528347, 0.01520417981069265, 0.14485572387769835, 0.10506232004872461, 0.083098883069512963, 0.33440299380389882, 0.022500991524444326, 0.0021752961669017148], [0.11041562041843452, 0.20549084721159183, 0.14569309460047292, 0.0022990684700750739, 0.012939030064866993, 0.038644144714774474, 0.1269946163384455, 0.21625373472435236, 0.024212202145507448, 0.11705764131147908]],
	"estimated_matrix":	[[0.090495203302054239, 0.058219648425468638, 0.15246556442798559, 0.016010998482027375, 0.13058793853149447, 0.10890707308598592, 0.081466132983750258, 0.33705484759840848, 0.016342099273844161, 0.00845049388898085], [0.11241803987313273, 0.202362791110334, 0.150355755071247, 0.00514753471541846, 0.025925747681944711, 0.0448908286288266, 0.13067240127328059, 0.19901202081612318, 0.0281011741749828, 0.10111370665470998]],
	"log_likelihood":	[-305.53242105114509, -275.83511816183187, -259.90669132495464, -251.03392120233178, -245.89031447611137, -242.79125354481789, -240.8546255536574, -239.60213592706063, -238.76562766990787, -238.189961883324, -237.66193452967624]
}
