{
	"input_file":	"../../instances/J100_M50_G2_I10_L50_seed12.json",
	"method":	"Multinomial",
	"convergence_threshold":	0.001,
	"iterations_made":	13,
	"max_iterations":	10000,
	"time_taken":	0.00043264,
	"ground_truth_matrix":	[[0.015582156525603087, 0.12538666210153721, 0.028440975506022707, 0.0710115388820721, 0.0013664386086365743, 0.2336170641797074, 0.21496368670652949, 0.0031636168665235879, 0.29273265374842722, 0.013735206874940618], [0.033685472240404149, 0.094004134275044657, 0.29125377741216613, 0.19328498797955979, 0.00022822457699712571, 0.074318804422831147, 0.0810309053295545, 0.067032982095265731, 0.14748154604349473, 0.017679165624682143]],
	"estimated_matrix":	[[0.012321648533937014, 0.11933738120026985, 0.041664956811152259, 0.0762150694286581, 0.0010560680738494724, 0.24110880737153842, 0.216547848157545, 0.0022132637681852073, 0.27680505131699334, 0.012729905337871331], [0.037349600752919876, 0.091235791048762366, 0.29252295352867314, 0.18346529145846521, 0.00054424217706787958, 0.0801677734144499, 0.082951274553804466, 0.0708541192787968, 0.13966405609549717, 0.021244897691563173]],
	"log_likelihood":	[-293.39110662112546, -248.62843425351778, -224.7330951174084, -211.51708375366462, -203.94389632642239, -199.45350972907079, -196.70263548781912, -194.96396824420668, -193.83176284157241, -193.07317416012395, -192.55096097634171, -192.18215473938128, -191.91536880443246, -191.64084185522432]
}
