{
	"input_file":	"../../instances/J100_M50_G2_I10_L50_seed8.json",
	"method":	"Multinomial",
	"convergence_threshold":	0.001,
	"iterations_made":	15,
	"max_iterations":	10000,
	"time_taken":	0.000423824,
	"ground_truth_matrix":	[[0.18686245439528151, 0.31271523785328015, 0.1838871500988386, 0.068422334178453253, 0.023949501846988717, 0.0010364237832000416, 0.050892580529086434, 0.0465360241937968, 0.066859429077963328, 0.058838864043111186], [0.077693951352584556, 0.0751473499456211, 0.13716371065268357, 0.11945249334395132, 0.092673767042944846, 0.053230454927533574, 0.032706785389616029, 0.34932904412825921, 0.038931832512760181, 0.023670610704045591]],
	"estimated_matrix":	[[0.18593862378350023, 0.303757090118272, 0.20284197574577012, 0.0735305233471432, 0.024832226114694579, 0.001619648908927599, 0.0522351421173893, 0.03642461174619, 0.0646514462943541, 0.054168711823758819], [0.0814385171797397, 0.078675814700968932, 0.14003578623888352, 0.13209515218837334, 0.09197111278959634, 0.045613870020322134, 0.02488182307230475, 0.34912797161263542, 0.033718044592501224, 0.022441907604674682]],
	"log_likelihood":	[-331.354234092191, -282.55170372437573, -255.97986518617586, -240.926854149819, -232.06363660389425, -226.65170655315544, -223.23296531451038, -221.00397075934734, -219.507455307974, -218.47515549110824, -217.74514959826126, -217.21705691528871, -216.82706312198312, -216.5336261284001, -216.30909051341359, -216.07572738470347]
}
