{
	"input_file":	"../../instances/J100_M50_G2_I10_L50_seed10.json",
	"method":	"Multinomial",
	"convergence_threshold":	0.001,
	"iterations_made":	15,
	"max_iterations":	10000,
	"time_taken":	0.000293502,
	"ground_truth_matrix":	[[0.21843127705125, 0.00310455594308142, 0.14866145756024521, 0.20452786828098479, 0.10217584773651123, 0.037696783123583662, 0.032677328835812119, 0.21160574168951965, 0.027426722860244761, 0.013692416918767124], [0.089337698565748663, 0.23688004378999766, 0.000305646789730184, 0.055459840205091121, 0.12938125590902735, 0.0732507112687405, 0.0988351780171504, 0.026665214833852879, 0.19301748277755362, 0.0968669278431076]],
	"estimated_matrix":	[[0.22582536166600831, 0.016379449233200085, 0.14606550078168429, 0.18883693226028586, 0.0907359014333358, 0.046435310185027716, 0.036453734526464519, 0.20328313090231873, 0.0315395005411203, 0.014445178470554409], [0.098150188154885479, 0.236018406211624, 0.012302088165860365, 0.054193102214563013, 0.13425933956206482, 0.067091325212898067, 0.10229503076994007, 0.033975539087843058, 0.16958180115309845, 0.0921331794672227]],
	"log_likelihood":	[-363.367590488837, -304.44375906865116, -270.45546285105638, -250.14619112786133, -237.60471262663734, -229.61963572189816, -224.38792195891506, -220.866629170165, -218.43578444617987, -216.71735904393367, -215.47527368447737, -214.5587274992526, -213.86930761810464, -213.34147033478544, -212.93071171069283, -212.47067540845731]
}
