{
	"input_file":	"../../instances/J100_M50_G2_I10_L50_seed11.json",
	"method":	"Multinomial",
	"convergence_threshold":	0.001,
	"iterations_made":	14,
	"max_iterations":	10000,
	"time_taken":	0.000278721,
	"ground_truth_matrix":	[[0.022670189430670222, 0.0022430000911789036, 0.07095577431831715, 0.14720508768109594, 0.062164378732414968, 0.075774684449878463, 0.0014670045756580005, 0.076206469567349347, 0.32434701506348212, 0.21696639608995485], [0.17475220147373904, 0.015365503375000471, 0.29945062630790814, 0.2597506605011623, 0.024083428701327351, 0.1335574362557338, 0.0027625429341148482, 0.0165692122202841, 0.050767037043357562, 0.022941351187372273]],
	"estimated_matrix":	[[0.01661830123496081, 0.005787898540906832, 0.056181013771158743, 0.13036171646942105, 0.059338409540082335, 0.082944342773586074, 0.0042605616151317419, 0.098802090670238971, 0.31952156705672835, 0.22618409832778513], [0.17945530883991587, 0.011740213787076724, 0.303142273155396, 0.27354449914767115, 0.0187158162075743, 0.13306418377926385, 0.00014863287315708488, 0.00908819693283206, 0.052280902707077165, 0.018819972570035728]],
	"log_likelihood":	[-369.04651720206328, -296.61559678788188, -257.38484755800778, -235.14600532506023, -222.01504238002812, -213.96535332068882, -208.855020564706, -205.50354919545907, -203.23876538896516, -201.66596819716432, -200.54649578773154, -199.73195631866778, -199.1276123395314, -198.67145212471831, -198.16968036112695]
}
