{
	"input_file":	"../../instances/J100_M50_G2_I10_L50_seed20.json",
	"method":	"Multinomial",
	"convergence_threshold":	0.001,
	"iterations_made":	12,
	"max_iterations":	10000,
	"time_taken":	0.000225393,
	"ground_truth_matrix":	[[0.082219907057948835, 0.21132951055997232, 0.20588944772410889, 0.15682425779427028, 0.0033877396753867507, 0.10908302458583818, 0.0441117692532601, 0.06774392256656836, 0.099437221215447555, 0.019973199567198632], [0.036851563522719288, 0.14699395741819674, 0.17712024127059539, 0.22017884136159249, 0.17304768634872764, 0.0043302193415076231, 0.01438446802344439, 0.16130282000057855, 0.031695152369169713, 0.034095050343468228]],
	"estimated_matrix":	[[0.086051273369204248, 0.19931317830228712, 0.20974462079870071, 0.14361056824363888, 0.018941754611020618, 0.11545046488704451, 0.051700564933247116, 0.0680551978959115, 0.0912878092891428, 0.015844567669802394], [0.028353690875735915, 0.15292630245356689, 0.17722517798844575, 0.21298133327542, 0.15906316643844173, 0.0060056769507018572, 0.0121082819195418, 0.17614419046293969, 0.034738541854619553, 0.0404536377805868]],
	"log_likelihood":	[-292.31407967758122, -261.94533559519783, -244.2754981658907, -233.70025549394708, -227.16591719377024, -222.99886473517992, -220.26011150533057, -218.407980773853, -217.12119319360463, -216.20410385517849, -215.53460238188231, -215.0346995553432, -214.49614782405564]
}
