{
	"input_file":	"../../instances/J100_M50_G2_I2_L50_seed17.json",
	"method":	"Multinomial",
	"convergence_threshold":	0.001,
	"iterations_made":	15,
	"max_iterations":	10000,
	"time_taken":	8.1679e-05,
	"ground_truth_matrix":	[[0.315810458607232, 0.684189541392768], [0.751461243773324, 0.24853875622667579]],
	"estimated_matrix":	[[0.29584456626156547, 0.70415543373843448], [0.75641969285560151, 0.24358030714439838]],
	"log_likelihood":	[-94.803718372357366, -60.896723766194462, -41.908505957076642, -31.060073873714241, -24.744118950752977, -21.001230275770549, -18.745728364995294, -17.364696029097288, -16.505987426475087, -15.963940583480946, -15.616604002357711, -15.390636620070277, -15.241346217779663, -15.141156097368388, -15.072843574996519, -15.0154806183893]
}
