{
	"input_file":	"../../instances/J100_M50_G2_I2_L50_seed19.json",
	"method":	"Multinomial",
	"convergence_threshold":	0.001,
	"iterations_made":	21,
	"max_iterations":	10000,
	"time_taken":	0.000182897,
	"ground_truth_matrix":	[[0.0668576111835421, 0.933142388816458], [0.65610367000627345, 0.34389632999372649]],
	"estimated_matrix":	[[0.046561727671555551, 0.95343827232844447], [0.67145081414122421, 0.32854918585877574]],
	"log_likelihood":	[-178.81866662012416, -109.43252669201428, -71.2296834493613, -49.309669314557652, -36.253689076671535, -28.203580659188638, -23.076703927142631, -19.7112347004663, -17.439007880413325, -15.864536939289055, -14.747232369073792, -13.936878401287006, -13.337352732550483, -12.885710154889551, -12.53983062149732, -12.270955244764819, -12.059075989651243, -11.890028124396306, -11.753620071797435, -11.642407964826186, -11.550878485590626, -11.446855273916256]
}
