{
	"input_file":	"../../instances/J100_M50_G2_I2_L50_seed6.json",
	"method":	"Multinomial",
	"convergence_threshold":	0.001,
	"iterations_made":	10,
	"max_iterations":	10000,
	"time_taken":	5.822e-05,
	"ground_truth_matrix":	[[0.84701246603789282, 0.15298753396210726], [0.97585881292457777, 0.024141187075422219]],
	"estimated_matrix":	[[0.83529482042410941, 0.16470517957589059], [0.98188651857843634, 0.018113481421563729]],
	"log_likelihood":	[-56.287301034501034, -43.26574973385, -36.283796803792455, -32.387555326630419, -30.099421081885335, -28.685793571303854, -27.771165419708769, -27.154870901589387, -26.72472197469288, -26.415233283188606, -26.118955150370066]
}
