{
	"input_file":	"../../instances/J100_M50_G2_I2_L50_seed7.json",
	"method":	"Multinomial",
	"convergence_threshold":	0.001,
	"iterations_made":	14,
	"max_iterations":	10000,
	"time_taken":	0.000127913,
	"ground_truth_matrix":	[[0.049824327768858021, 0.950175672231142], [0.30980548916967027, 0.69019451083032979]],
	"estimated_matrix":	[[0.0515826824680837, 0.94841731753191638], [0.30547901534278177, 0.69452098465721834]],
	"log_likelihood":	[-61.587309639903786, -43.818280969672, -33.702837558766475, -27.807904889956472, -24.2728394769667, -22.090639295121857, -20.706299213916857, -19.805989699320666, -19.2072553489473, -18.8010665134945, -18.520556572298023, -18.323721996009045, -18.183595041508539, -18.082516392544985, -17.984671626400225]
}
