{
	"input_file":	"../../instances/J100_M50_G2_I2_L50_seed17.json",
	"method":	"Multinomial",
	"convergence_threshold":	0.001,
	"iterations_made":	15,
	"max_iterations":	10000,
	"time_taken":	7.8389e-05,
	"ground_truth_matrix":	[[0.315810458607232, 0.684189541392768], [0.751461243773324, 0.24853875622667579]],
	"estimated_matrix":	[[0.29584456626156552, 0.70415543373843459], [0.75641969285560162, 0.24358030714439838]],
	"log_likelihood":	[-94.803718372357366, -60.896723766194214, -41.908505957076528, -31.06007387371433, -24.744118950752981, -21.001230275770084, -18.745728364995912, -17.364696029097882, -16.505987426474931, -15.963940583481184, -15.616604002357423, -15.39063662007014, -15.241346217779325, -15.141156097368352, -15.07284357499644, -15.015480618388688]
}
