{
	"input_file":	"../../instances/J100_M50_G2_I2_L50_seed11.json",
	"method":	"Multinomial",
	"convergence_threshold":	0.001,
	"iterations_made":	17,
	"max_iterations":	10000,
	"time_taken":	0.000156055,
	"ground_truth_matrix":	[[0.90996736531017963, 0.0900326346898204], [0.3252452051574129, 0.674754794842587]],
	"estimated_matrix":	[[0.90160588086097859, 0.0983941191390215], [0.34767793029371191, 0.652322069706288]],
	"log_likelihood":	[-144.5576484851523, -89.738295767410932, -59.916805427102986, -43.093555783482067, -33.277556467026535, -27.366955605169483, -23.701584533742235, -21.365285490353521, -19.837685613572944, -18.815012457917184, -18.115280191424816, -17.626771075807312, -17.279319140298789, -17.027906779165317, -16.843072799463986, -16.705177413520335, -16.60090061093489, -16.503137145341821]
}
