{
	"input_file":	"../../instances/J100_M50_G2_I2_L50_seed10.json",
	"method":	"Multinomial",
	"convergence_threshold":	0.001,
	"iterations_made":	21,
	"max_iterations":	10000,
	"time_taken":	0.000182999,
	"ground_truth_matrix":	[[0.98598621315062451, 0.014013786849375551], [0.42091152445267649, 0.57908847554732346]],
	"estimated_matrix":	[[0.97876906748159054, 0.021230932518409334], [0.44231867335283953, 0.55768132664716041]],
	"log_likelihood":	[-156.54716673382714, -98.180389730240677, -65.774950450500668, -47.0068117093107, -35.668831618978011, -28.5374479595117, -23.8789414260838, -20.727573355494243, -18.526653632991732, -16.944532596363455, -15.77734111078532, -14.896009856937184, -14.216547417584554, -13.682885727174686, -13.25670599421591, -12.911246786114546, -12.627442737321466, -12.391460952778731, -12.193095193607519, -12.024698075235506, -11.880457687293434, -11.703054390301839]
}
