{
	"input_file":	"../../instances/J100_M50_G2_I2_L50_seed15.json",
	"method":	"Multinomial",
	"convergence_threshold":	0.001,
	"iterations_made":	23,
	"max_iterations":	10000,
	"time_taken":	0.000214893,
	"ground_truth_matrix":	[[0.905527300001945, 0.0944726999980548], [0.11077641301954382, 0.889223586980456]],
	"estimated_matrix":	[[0.89975993802161847, 0.10024006197838151], [0.11006181697598567, 0.88993818302401428]],
	"log_likelihood":	[-238.0219780737342, -141.3098913627729, -87.797553948792569, -56.868937061646051, -38.3890284601581, -27.029476452849252, -19.863387238519632, -15.231371620737168, -12.167816981275482, -10.097407788008713, -8.6696243424254362, -7.6662812213664946, -6.94874774150961, -6.4271986257677165, -6.0423410647809686, -5.754344619992132, -5.5360083668230855, -5.3684669315122253, -5.23844522310552, -5.1364742980640479, -5.0557136829367577, -4.9911624763683253, -4.939123477982287, -4.8742235711594653]
}
