{
	"input_file":	"../../instances/J100_M50_G2_I2_L50_seed9.json",
	"method":	"Multinomial",
	"convergence_threshold":	0.001,
	"iterations_made":	25,
	"max_iterations":	10000,
	"time_taken":	0.000240106,
	"ground_truth_matrix":	[[0.014743209941968996, 0.985256790058031], [0.82656560980942351, 0.17343439019057644]],
	"estimated_matrix":	[[0.033456397701715046, 0.966543602298285], [0.8121622596171, 0.18783774038289988]],
	"log_likelihood":	[-239.68150490980753, -143.95996403758537, -90.2622815032039, -58.837975980206622, -39.8338625147828, -28.01083912296432, -20.461486729502759, -15.521278470642903, -12.212412664752758, -9.946953402307896, -8.36349702173937, -7.2351274811647128, -6.416434267748123, -5.81239830967854, -5.3597621111217961, -5.0156623012924335, -4.75056523830791, -4.5437984194749159, -4.38067542465728, -4.2506158102335476, -4.1458964309349238, -4.06080980452664, -3.9910888278884635, -3.9335082888247066, -3.8856053373688235, -3.8038284073337283]
}
