{
	"input_file":	"../../instances/J100_M50_G2_I2_L50_seed11.json",
	"method":	"Multinomial",
	"convergence_threshold":	0.001,
	"iterations_made":	17,
	"max_iterations":	10000,
	"time_taken":	0.000132395,
	"ground_truth_matrix":	[[0.90996736531017963, 0.0900326346898204], [0.3252452051574129, 0.674754794842587]],
	"estimated_matrix":	[[0.90160588086097859, 0.0983941191390215], [0.34767793029371191, 0.652322069706288]],
	"log_likelihood":	[-144.5576484851523, -89.738295767410932, -59.916805427103135, -43.093555783482337, -33.277556467026272, -27.36695560516981, -23.701584533741926, -21.36528549035317, -19.837685613572791, -18.815012457917973, -18.115280191425292, -17.626771075807241, -17.2793191402985, -17.027906779165782, -16.843072799463741, -16.705177413520225, -16.600900610935039, -16.503137145341825]
}
