{
	"input_file":	"../../instances/J100_M50_G2_I2_L50_seed2.json",
	"method":	"Multinomial",
	"convergence_threshold":	0.001,
	"iterations_made":	16,
	"max_iterations":	10000,
	"time_taken":	0.000147011,
	"ground_truth_matrix":	[[0.956143597579845, 0.043856402420155059], [0.582620503431051, 0.417379496568949]],
	"estimated_matrix":	[[0.9549607222438653, 0.04503927775613463], [0.598697951505981, 0.4013020484940189]],
	"log_likelihood":	[-96.6735992311968, -66.925781024714368, -50.053684220307545, -40.138691601096241, -34.0761857772882, -30.2208444959361, -27.677073499188086, -25.941244957373023, -24.720366432796443, -23.838215268989728, -23.185396115070493, -22.691965734874781, -22.311970610263106, -22.0144546095777, -21.77808192085487, -21.587836514968558, -21.3996118283874]
}
