{
	"input_file":	"../../instances/J100_M50_G2_I2_L50_seed8.json",
	"method":	"Multinomial",
	"convergence_threshold":	0.001,
	"iterations_made":	13,
	"max_iterations":	10000,
	"time_taken":	0.000484342,
	"ground_truth_matrix":	[[0.37404082947384554, 0.62595917052615457], [0.728815845450914, 0.27118415454908579]],
	"estimated_matrix":	[[0.36801178267709245, 0.63198821732290744], [0.74273157798669631, 0.25726842201330369]],
	"log_likelihood":	[-74.093449889863422, -50.322964755426376, -37.209467377664176, -29.8479130093526, -25.643553065290856, -23.201689220978931, -21.759921672892126, -20.894577687409615, -20.366505716921967, -20.038706571963409, -19.831598051649884, -19.698328587853588, -19.610950583945918, -19.541621029355106]
}
