{
	"input_file":	"../../instances/J100_M50_G2_I2_L50_seed20.json",
	"method":	"Multinomial",
	"convergence_threshold":	0.001,
	"iterations_made":	12,
	"max_iterations":	10000,
	"time_taken":	6.632e-05,
	"ground_truth_matrix":	[[0.28008881000392533, 0.71991118999607473], [0.56763625027584241, 0.43236374972415759]],
	"estimated_matrix":	[[0.29162831551002766, 0.70837168448997245], [0.54216217340858841, 0.45783782659141165]],
	"log_likelihood":	[-48.2913367033915, -37.899224631080962, -31.959108602560445, -28.527257545433063, -26.521286479724957, -25.334144333063858, -24.6222632376858, -24.18929556655333, -23.921913575443487, -23.754051258108529, -23.646800334564634, -23.5770013781627, -23.52250872196803]
}
