{
	"input_file":	"../../instances/J100_M50_G2_I2_L50_seed14.json",
	"method":	"Multinomial",
	"convergence_threshold":	0.001,
	"iterations_made":	23,
	"max_iterations":	10000,
	"time_taken":	0.000123358,
	"ground_truth_matrix":	[[0.32718470976908715, 0.6728152902309128], [0.99606184581514945, 0.0039381541848506141]],
	"estimated_matrix":	[[0.34021108178366066, 0.65978891821633934], [0.973712870183084, 0.02628712981691593]],
	"log_likelihood":	[-193.62227209373984, -122.53122985538684, -82.1946073441035, -58.3626485273046, -43.756287294600163, -34.496214748252179, -28.4371585305442, -24.353778315624531, -21.525189395766684, -19.51535106383438, -18.0534790764801, -16.967156781945405, -16.143971381986216, -15.508977682431908, -15.0111521780052, -14.61506994111194, -14.295681993933121, -14.03497195421666, -13.819774696865155, -13.640327351615641, -13.489290296293847, -13.361075030913389, -13.251375733119204, -13.110821042837779]
}
