{
	"input_file":	"../../instances/J100_M50_G2_I2_L50_seed2.json",
	"method":	"Multinomial",
	"convergence_threshold":	0.001,
	"iterations_made":	16,
	"max_iterations":	10000,
	"time_taken":	0.000154031,
	"ground_truth_matrix":	[[0.956143597579845, 0.043856402420155059], [0.582620503431051, 0.417379496568949]],
	"estimated_matrix":	[[0.9549607222438653, 0.0450392777561346], [0.598697951505981, 0.4013020484940189]],
	"log_likelihood":	[-96.6735992311968, -66.9257810247147, -50.053684220307453, -40.138691601096582, -34.076185777287982, -30.22084449593634, -27.677073499188047, -25.941244957373591, -24.720366432796233, -23.83821526898998, -23.185396115070589, -22.691965734874721, -22.3119706102622, -22.0144546095771, -21.778081920854049, -21.587836514968661, -21.399611828387439]
}
