{
	"input_file":	"../../instances/J100_M50_G2_I2_L50_seed7.json",
	"method":	"Multinomial",
	"convergence_threshold":	0.001,
	"iterations_made":	14,
	"max_iterations":	10000,
	"time_taken":	0.000122638,
	"ground_truth_matrix":	[[0.049824327768858021, 0.950175672231142], [0.30980548916967027, 0.69019451083032979]],
	"estimated_matrix":	[[0.051582682468083667, 0.94841731753191638], [0.30547901534278177, 0.694520984657218]],
	"log_likelihood":	[-61.587309639903786, -43.818280969672266, -33.702837558767, -27.8079048899564, -24.2728394769664, -22.090639295122124, -20.7062992139158, -19.805989699320548, -19.207255348947694, -18.801066513494654, -18.520556572298524, -18.323721996009471, -18.183595041509189, -18.082516392545323, -17.984671626400925]
}
