{
	"input_file":	"../../instances/J100_M50_G2_I2_L50_seed3.json",
	"method":	"Multinomial",
	"convergence_threshold":	0.001,
	"iterations_made":	7,
	"max_iterations":	10000,
	"time_taken":	6.9198e-05,
	"ground_truth_matrix":	[[0.39388041818446978, 0.60611958181553], [0.32467278858124587, 0.675327211418754]],
	"estimated_matrix":	[[0.40117656170159716, 0.598823438298403], [0.32635853346738269, 0.67364146653261736]],
	"log_likelihood":	[-30.71034122550758, -29.51082639416661, -28.877609228955006, -28.540811324866155, -28.3599497217346, -28.261653389870467, -28.207431796784235, -28.16998832497648]
}
