{
	"input_file":	"../../instances/J100_M50_G2_I2_L50_seed12.json",
	"method":	"Multinomial",
	"convergence_threshold":	0.001,
	"iterations_made":	10,
	"max_iterations":	10000,
	"time_taken":	9.4335e-05,
	"ground_truth_matrix":	[[0.11053619287835263, 0.88946380712164752], [0.28597542938972, 0.71402457061028]],
	"estimated_matrix":	[[0.11181993565980557, 0.88818006434019448], [0.27756251117553521, 0.72243748882446479]],
	"log_likelihood":	[-42.206037125802951, -34.539751975929839, -30.291219333708131, -27.898150126764129, -26.524835899963048, -25.721522164397143, -25.242634438069459, -24.951745263634006, -24.7717132540053, -24.6581703272736, -24.568654721698977]
}
