{
	"input_file":	"../../instances/J100_M50_G2_I3_L50_seed7.json",
	"method":	"Multinomial",
	"convergence_threshold":	0.001,
	"iterations_made":	11,
	"max_iterations":	10000,
	"time_taken":	7.8791e-05,
	"ground_truth_matrix":	[[0.036577241285230634, 0.697546888897068, 0.26587586981770139], [0.21879765890019268, 0.6495810753685386, 0.13162126573126864]],
	"estimated_matrix":	[[0.041500797282540559, 0.71915739671996126, 0.23934180599749813], [0.21105838933975277, 0.640779185011553, 0.148162425648694]],
	"log_likelihood":	[-73.1096934635954, -61.002080225116444, -54.278655149131943, -50.462181504636661, -48.235547354302838, -46.900221125392584, -46.078683121823843, -45.56148130337192, -45.229144616740818, -45.011683646998641, -44.8670713482911, -44.733595121529937]
}
