{
	"input_file":	"../../instances/J100_M50_G2_I3_L50_seed8.json",
	"method":	"Multinomial",
	"convergence_threshold":	0.001,
	"iterations_made":	15,
	"max_iterations":	10000,
	"time_taken":	0.000213125,
	"ground_truth_matrix":	[[0.27340463300715134, 0.457544000038453, 0.26905136695439574], [0.73250839185554451, 0.25639597500319711, 0.011095633141258382]],
	"estimated_matrix":	[[0.27149976511546414, 0.48870597439444413, 0.23979426049009175], [0.73856017898536341, 0.2418773103052774, 0.019562510709359191]],
	"log_likelihood":	[-144.1678220519324, -102.21273119981895, -79.36086813459346, -66.4966871993331, -59.014672437249764, -54.5250818979718, -51.749676611148587, -49.984376781628683, -48.830541238855844, -48.056566009990618, -47.5245648997009, -47.150498988290231, -46.881967389419025, -46.685558387532367, -46.5394952387439, -46.3894750278302]
}
