{
	"input_file":	"../../instances/J100_M50_G2_I3_L50_seed5.json",
	"method":	"Multinomial",
	"convergence_threshold":	0.001,
	"iterations_made":	18,
	"max_iterations":	10000,
	"time_taken":	0.000152241,
	"ground_truth_matrix":	[[0.099277505208629477, 0.80913423592827161, 0.0915882588630989], [0.608148478297384, 0.16248736605778868, 0.22936415564482709]],
	"estimated_matrix":	[[0.099616191156083278, 0.82580968820882139, 0.0745741206350955], [0.597813803069981, 0.16473568697681854, 0.23745050995320066]],
	"log_likelihood":	[-194.81023198988785, -119.95225649536933, -80.5669696607833, -59.005159152927845, -46.80242448457647, -39.6881664869653, -35.4255362828016, -32.805978746524339, -31.157942020487045, -30.098350909599333, -29.403231306499826, -28.938574463133715, -28.62246041881, -28.403805848263779, -28.250165479218516, -28.140578181532785, -28.061286214175166, -28.003125221747268, -27.9456730436352]
}
