{
	"input_file":	"../../instances/J100_M50_G2_I3_L50_seed3.json",
	"method":	"Multinomial",
	"convergence_threshold":	0.001,
	"iterations_made":	12,
	"max_iterations":	10000,
	"time_taken":	0.000149017,
	"ground_truth_matrix":	[[0.33688219083814136, 0.518408337162583, 0.1447094719992755], [0.13709494665374614, 0.42840825980005576, 0.43449679354619813]],
	"estimated_matrix":	[[0.33268137410338577, 0.52427326246678019, 0.14304536342983409], [0.13517262349561865, 0.425781500292341, 0.43904587621204028]],
	"log_likelihood":	[-97.549579670025125, -75.5460182116721, -63.879147348196568, -57.528132664413, -53.975870789755561, -51.936147198587058, -50.735233520205156, -50.011055396812331, -49.564164053505166, -49.282127177394266, -49.1001900561407, -48.9802996760712, -48.885492790546877]
}
