{
	"input_file":	"../../instances/J100_M50_G2_I3_L50_seed18.json",
	"method":	"Multinomial",
	"convergence_threshold":	0.001,
	"iterations_made":	15,
	"max_iterations":	10000,
	"time_taken":	0.00017567,
	"ground_truth_matrix":	[[0.2719923306744691, 0.18223906229356635, 0.54576860703196461], [0.0573478133834925, 0.54637337389464335, 0.39627881272186422]],
	"estimated_matrix":	[[0.27562790365107276, 0.17895511276705514, 0.545416983581872], [0.058253468191634586, 0.56073784887447065, 0.38100868293389478]],
	"log_likelihood":	[-109.86329466159533, -80.2078107209234, -63.640859405968, -54.1634830724544, -48.6076231680975, -45.273003910033623, -43.226438083541822, -41.943615827032168, -41.123196719772587, -40.588256567960038, -40.232840139299512, -39.992316362880842, -39.826579519522859, -39.710337422977688, -39.627392001660859, -39.553028272383074]
}
