{
	"input_file":	"../../instances/J100_M50_G2_I3_L50_seed1.json",
	"method":	"Multinomial",
	"convergence_threshold":	0.001,
	"iterations_made":	14,
	"max_iterations":	10000,
	"time_taken":	0.000119975,
	"ground_truth_matrix":	[[0.29749272785290543, 0.70244421200198748, 6.3060145107194e-05], [0.58481013050579844, 0.25781025207282132, 0.15737961742138015]],
	"estimated_matrix":	[[0.306287218050916, 0.68917728807988465, 0.0045354938691994839], [0.5834846399815744, 0.26614071213099688, 0.15037464788742866]],
	"log_likelihood":	[-133.00301881142155, -96.013680628903572, -75.99701933608, -64.786215495923557, -58.280056812631472, -54.370571692994481, -51.9395616159359, -50.375375502995283, -49.333904622894053, -48.6164973746954, -48.105661487964568, -47.730260690104984, -47.446213462819621, -47.225554457634814, -46.983445740539054]
}
