{
	"input_file":	"../../instances/J100_M50_G2_I3_L50_seed4.json",
	"method":	"Multinomial",
	"convergence_threshold":	0.001,
	"iterations_made":	15,
	"max_iterations":	10000,
	"time_taken":	0.00017698,
	"ground_truth_matrix":	[[0.43718503692497424, 0.10152387292062479, 0.461291090154401], [0.46562077068857344, 0.4440250450179633, 0.0903541842934631]],
	"estimated_matrix":	[[0.41796246034188478, 0.10530894874388379, 0.47672859091423136], [0.48927598958459612, 0.41863370645498987, 0.092090303960414052]],
	"log_likelihood":	[-134.85415273695355, -96.604608089715953, -75.778183676490428, -64.047391225577172, -57.208153722398016, -53.087908959309374, -50.529209194335856, -48.895473065880225, -47.825538250766265, -47.108398063414256, -46.617374699809972, -46.274496305006622, -46.0306638093217, -45.854308093316682, -45.724738470295854, -45.607258625029125]
}
