{
	"input_file":	"../../instances/J100_M50_G2_I3_L50_seed2.json",
	"method":	"Multinomial",
	"convergence_threshold":	0.001,
	"iterations_made":	16,
	"max_iterations":	10000,
	"time_taken":	0.000186513,
	"ground_truth_matrix":	[[0.41002688019419109, 0.0188071163226876, 0.57116600348312141], [0.37652229212981631, 0.359301233438576, 0.26417647443160769]],
	"estimated_matrix":	[[0.420298348523172, 0.029452096421829759, 0.55024955505499817], [0.380435299997302, 0.35851443362860758, 0.26105026637409046]],
	"log_likelihood":	[-114.61374274438944, -82.4291125610974, -64.51449860614413, -54.189461987748963, -48.002445041562389, -44.150189605965188, -41.663601669672985, -40.004283973717527, -38.862880448484, -38.0558001485796, -37.470729113298951, -37.036984477450872, -36.7088952549198, -36.456218688337749, -36.25846573749407, -36.101457306627132, -35.93116977575432]
}
