{
	"input_file":	"../../instances/J100_M50_G2_I3_L50_seed3.json",
	"method":	"Multinomial",
	"convergence_threshold":	0.001,
	"iterations_made":	12,
	"max_iterations":	10000,
	"time_taken":	0.000146811,
	"ground_truth_matrix":	[[0.33688219083814136, 0.518408337162583, 0.1447094719992755], [0.13709494665374614, 0.42840825980005576, 0.43449679354619813]],
	"estimated_matrix":	[[0.33268137410338577, 0.52427326246678, 0.14304536342983412], [0.13517262349561862, 0.425781500292341, 0.43904587621204028]],
	"log_likelihood":	[-97.549579670025125, -75.5460182116722, -63.879147348196646, -57.528132664413356, -53.975870789755326, -51.936147198587342, -50.735233520204986, -50.011055396812367, -49.564164053505024, -49.282127177394266, -49.100190056140626, -48.980299676071418, -48.885492790547062]
}
