{
	"input_file":	"../../instances/J100_M50_G2_I3_L50_seed12.json",
	"method":	"Multinomial",
	"convergence_threshold":	0.001,
	"iterations_made":	22,
	"max_iterations":	10000,
	"time_taken":	0.000336761,
	"ground_truth_matrix":	[[0.0919790771562763, 0.74013821186145934, 0.16788271098226437], [0.23206761290778644, 0.004465558007663243, 0.76346682908455032]],
	"estimated_matrix":	[[0.0726763386496187, 0.74326478496427062, 0.18405887638611071], [0.24140922445958354, 0.015624492600522486, 0.742966282939894]],
	"log_likelihood":	[-268.293248953638, -165.01999647842482, -110.79870774703814, -80.7392231123942, -63.3175218507278, -52.810393645759625, -46.234168544700637, -41.972579877775154, -39.119835539875858, -37.1519066590805, -35.756312284787846, -34.741276085822982, -33.985849602000648, -33.41177266822767, -32.967176511198986, -32.616905652875985, -32.3366312831551, -32.109188529033219, -31.922248011448016, -31.766805376210367, -31.636182628533465, -31.525355951314349, -31.357376729326706]
}
