{
	"input_file":	"../../instances/J100_M50_G2_I3_L50_seed6.json",
	"method":	"Multinomial",
	"convergence_threshold":	0.001,
	"iterations_made":	18,
	"max_iterations":	10000,
	"time_taken":	0.000141191,
	"ground_truth_matrix":	[[0.51245014925241528, 0.092558832078787248, 0.39499101866879749], [0.040161431888498515, 0.10740706609794944, 0.852431502013552]],
	"estimated_matrix":	[[0.50553727424814277, 0.0891432928722791, 0.40531943287957817], [0.0441187036771172, 0.1015663016831309, 0.8543149946397518]],
	"log_likelihood":	[-155.55262752621337, -109.78115091081291, -84.4050801932025, -69.8307390526624, -61.147270789615419, -55.7854820136261, -52.361031081254289, -50.104245298799839, -48.573570395635528, -47.507852901447464, -46.748074904475537, -46.1947135949511, -45.783860310196665, -45.4734831539935, -45.235319323656071, -45.0499719170242, -44.903875515013468, -44.787377048666926, -44.6643599302955]
}
