{
	"input_file":	"../../instances/J100_M50_G2_I3_L50_seed17.json",
	"method":	"Multinomial",
	"convergence_threshold":	0.001,
	"iterations_made":	14,
	"max_iterations":	10000,
	"time_taken":	0.000101604,
	"ground_truth_matrix":	[[0.26486681729550876, 0.573822371351404, 0.16131081135308734], [0.026190298800185041, 0.575982674279107, 0.397827026920708]],
	"estimated_matrix":	[[0.2617918464649811, 0.6048410069463882, 0.13336714658863069], [0.02392974592042121, 0.56058605462354327, 0.41548419945603565]],
	"log_likelihood":	[-121.6084258363027, -91.7150909910211, -75.083854169843121, -65.4875973009658, -59.727199296208369, -56.134669596626189, -53.812735578197525, -52.261624804516757, -51.193354063610428, -50.4366322114664, -49.88655240962057, -49.477107030930981, -49.165709510520529, -48.92423128148635, -48.679731826713912]
}
