{
	"input_file":	"../../instances/J100_M50_G2_I3_L50_seed4.json",
	"method":	"Multinomial",
	"convergence_threshold":	0.001,
	"iterations_made":	15,
	"max_iterations":	10000,
	"time_taken":	0.000212852,
	"ground_truth_matrix":	[[0.43718503692497424, 0.10152387292062479, 0.461291090154401], [0.46562077068857344, 0.4440250450179633, 0.0903541842934631]],
	"estimated_matrix":	[[0.41796246034188478, 0.1053089487438838, 0.47672859091423136], [0.489275989584596, 0.41863370645499, 0.092090303960414066]],
	"log_likelihood":	[-134.85415273695355, -96.604608089715541, -75.7781836764909, -64.047391225577442, -57.208153722398144, -53.087908959309061, -50.529209194335735, -48.895473065880786, -47.825538250766265, -47.1083980634145, -46.617374699810036, -46.274496305006444, -46.030663809321936, -45.8543080933171, -45.724738470295549, -45.607258625029019]
}
