{
	"input_file":	"../../instances/J100_M50_G2_I3_L50_seed9.json",
	"method":	"Multinomial",
	"convergence_threshold":	0.001,
	"iterations_made":	15,
	"max_iterations":	10000,
	"time_taken":	0.000197328,
	"ground_truth_matrix":	[[0.0074912953861159658, 0.50062704625065, 0.491881658363234], [0.26431498514720508, 0.28198911632292084, 0.45369589852987391]],
	"estimated_matrix":	[[0.02014949718728766, 0.4947666799509875, 0.48508382286172474], [0.257422708704683, 0.29372161529980539, 0.44885567599551163]],
	"log_likelihood":	[-91.837070815394341, -71.195336139193074, -59.28646744470624, -52.216920915575152, -47.867751823482244, -45.093343911952, -43.261760995063412, -42.013981981190973, -41.139420802555286, -40.510615888611085, -40.0480891539368, -39.70088912848788, -39.435502481370143, -39.229356693007553, -39.0669119281395, -38.882621420644554]
}
