{
	"input_file":	"../../instances/J100_M50_G2_I3_L50_seed13.json",
	"method":	"Multinomial",
	"convergence_threshold":	0.001,
	"iterations_made":	17,
	"max_iterations":	10000,
	"time_taken":	0.000194696,
	"ground_truth_matrix":	[[0.42795213106645874, 0.0771833377876456, 0.49486453114589557], [0.44539345432817962, 0.47485814852501324, 0.0797483971468072]],
	"estimated_matrix":	[[0.43467108903964263, 0.0725812460110497, 0.49274766494930766], [0.43572821750226709, 0.48662384295880262, 0.077647939538930247]],
	"log_likelihood":	[-153.817036917673, -104.75354423564575, -77.353981837361033, -61.506489040198772, -52.020367431914686, -46.1575284607824, -42.426673017691073, -39.989137230206566, -38.358530758258475, -37.244456138891742, -36.4687867615785, -35.919511240230854, -35.524574287464056, -35.236655234868785, -35.024088535544429, -34.865320899616663, -34.7454537845992, -34.6202958121323]
}
