{
	"input_file":	"../../instances/J100_M50_G2_I3_L50_seed12.json",
	"method":	"Multinomial",
	"convergence_threshold":	0.001,
	"iterations_made":	22,
	"max_iterations":	10000,
	"time_taken":	0.000153299,
	"ground_truth_matrix":	[[0.0919790771562763, 0.74013821186145934, 0.16788271098226437], [0.23206761290778644, 0.004465558007663243, 0.76346682908455032]],
	"estimated_matrix":	[[0.0726763386496187, 0.74326478496427051, 0.18405887638611071], [0.24140922445958363, 0.015624492600522477, 0.742966282939894]],
	"log_likelihood":	[-268.293248953638, -165.01999647842476, -110.79870774703794, -80.739223112394541, -63.317521850727431, -52.8103936457589, -46.234168544700047, -41.9725798777751, -39.119835539875112, -37.151906659080751, -35.756312284787739, -34.741276085822584, -33.985849602000634, -33.411772668227684, -32.967176511198815, -32.616905652876113, -32.3366312831555, -32.1091885290327, -31.922248011447241, -31.766805376210218, -31.636182628533348, -31.525355951314413, -31.35737672932671]
}
