{
	"input_file":	"../../instances/J100_M50_G2_I3_L50_seed14.json",
	"method":	"Multinomial",
	"convergence_threshold":	0.001,
	"iterations_made":	15,
	"max_iterations":	10000,
	"time_taken":	0.000175303,
	"ground_truth_matrix":	[[0.16980903280015061, 0.34919148198550209, 0.48099948521434727], [0.0022826956347437562, 0.10472826176811086, 0.89298904259714529]],
	"estimated_matrix":	[[0.15790297844481618, 0.36461445365918466, 0.477482567895999], [0.0044794042401178052, 0.10443643276612169, 0.89108416299376036]],
	"log_likelihood":	[-135.34511819662868, -99.341245876230829, -79.150039345846949, -67.453954289740366, -60.435965398831733, -56.075889117104687, -53.274591397343912, -51.415848024929559, -50.143895067952663, -49.247540094117682, -48.5980772794223, -48.115101194267524, -47.747184485039782, -47.460685534943615, -47.2331151958142, -46.9872369320631]
}
