{
	"input_file":	"../../instances/J100_M50_G2_I3_L50_seed15.json",
	"method":	"Multinomial",
	"convergence_threshold":	0.001,
	"iterations_made":	19,
	"max_iterations":	10000,
	"time_taken":	0.000134513,
	"ground_truth_matrix":	[[0.88190002979169, 0.0920076920293921, 0.026092278178917974], [0.294060845578166, 0.21111905408272336, 0.49482010033911067]],
	"estimated_matrix":	[[0.879914216911668, 0.0908939062774844, 0.029191876810847551], [0.29487108634078468, 0.21125251647216717, 0.49387639718704818]],
	"log_likelihood":	[-183.4195466308303, -119.89523551385913, -85.6166044680032, -66.357192667908862, -55.121333949890484, -48.329593925370332, -44.08264546647662, -41.33911118463385, -39.510552474302749, -38.254962337396044, -37.368189836756585, -36.725229121791855, -36.247635453045433, -35.884997606682617, -35.6041610377102, -35.382823941686, -35.205653757981473, -35.061885750809537, -34.943809676444133, -34.805739389597129]
}
