{
	"input_file":	"../../instances/J100_M50_G2_I3_L50_seed2.json",
	"method":	"Multinomial",
	"convergence_threshold":	0.001,
	"iterations_made":	16,
	"max_iterations":	10000,
	"time_taken":	0.000109404,
	"ground_truth_matrix":	[[0.41002688019419109, 0.0188071163226876, 0.57116600348312141], [0.37652229212981631, 0.359301233438576, 0.26417647443160769]],
	"estimated_matrix":	[[0.420298348523172, 0.029452096421829759, 0.55024955505499817], [0.380435299997302, 0.35851443362860758, 0.26105026637409035]],
	"log_likelihood":	[-114.61374274438944, -82.429112561097, -64.5144986061442, -54.189461987749, -48.00244504156273, -44.150189605965025, -41.6636016696727, -40.004283973717619, -38.862880448484432, -38.0558001485793, -37.470729113298965, -37.036984477451021, -36.708895254919931, -36.4562186883378, -36.258465737493971, -36.10145730662714, -35.9311697757544]
}
