{
	"input_file":	"../../instances/J100_M50_G2_I3_L50_seed10.json",
	"method":	"Multinomial",
	"convergence_threshold":	0.001,
	"iterations_made":	15,
	"max_iterations":	10000,
	"time_taken":	0.000106778,
	"ground_truth_matrix":	[[0.590040182963056, 0.00838622005696103, 0.401573596979983], [0.59386635266519261, 0.296677408979759, 0.10945623835504842]],
	"estimated_matrix":	[[0.5789170694229735, 0.023698143422104571, 0.397384787154922], [0.622520930788522, 0.27281474197995409, 0.10466432723152382]],
	"log_likelihood":	[-111.59979254030796, -80.9066236505873, -63.3286476235291, -52.95434388805387, -46.622350402842414, -42.628633538762543, -40.031422063379573, -38.294371536648917, -37.102585244358259, -36.265720313296548, -35.665557273843774, -35.2268108347518, -34.900420738130322, -34.653731023421081, -34.464574224142133, -34.25791225195514]
}
