{
	"input_file":	"../../instances/J100_M50_G2_I3_L50_seed13.json",
	"method":	"Multinomial",
	"convergence_threshold":	0.001,
	"iterations_made":	17,
	"max_iterations":	10000,
	"time_taken":	0.000161416,
	"ground_truth_matrix":	[[0.42795213106645874, 0.0771833377876456, 0.49486453114589557], [0.44539345432817962, 0.47485814852501324, 0.0797483971468072]],
	"estimated_matrix":	[[0.43467108903964263, 0.0725812460110497, 0.49274766494930772], [0.43572821750226709, 0.48662384295880257, 0.077647939538930247]],
	"log_likelihood":	[-153.817036917673, -104.75354423564582, -77.353981837361, -61.506489040199334, -52.020367431915183, -46.157528460782288, -42.426673017690923, -39.989137230206737, -38.358530758258411, -37.244456138891678, -36.468786761578265, -35.9195112402302, -35.524574287463757, -35.2366552348696, -35.024088535543861, -34.865320899617039, -34.745453784599555, -34.620295812132184]
}
