{
	"input_file":	"../../instances/J100_M50_G2_I3_L50_seed11.json",
	"method":	"Multinomial",
	"convergence_threshold":	0.001,
	"iterations_made":	16,
	"max_iterations":	10000,
	"time_taken":	0.000218973,
	"ground_truth_matrix":	[[0.23647057945119962, 0.02339651959646144, 0.740132900952339], [0.516247965232227, 0.218010359126032, 0.265741675641741]],
	"estimated_matrix":	[[0.20193723116416495, 0.027499546116313219, 0.77056322271952182], [0.53531329663815719, 0.21519069193367896, 0.24949601142816391]],
	"log_likelihood":	[-141.05281895342492, -94.0430151951265, -68.7038822387186, -54.647445966274283, -46.640627703797747, -41.9665869239439, -39.1746995141955, -37.470389624203214, -36.408095883493367, -35.732488232362435, -35.29427403826552, -35.004506288530244, -34.8092452541746, -34.675223177599541, -34.581583069563138, -34.515036455637976, -34.451299441386375]
}
