{
	"input_file":	"../../instances/J100_M50_G2_I4_L50_seed6.json",
	"method":	"Multinomial",
	"convergence_threshold":	0.001,
	"iterations_made":	18,
	"max_iterations":	10000,
	"time_taken":	0.000262063,
	"ground_truth_matrix":	[[0.507491225944653, 0.091663150517557662, 0.39116873435159927, 0.00967688918619004], [0.049198308552667672, 0.39046023301512889, 0.32594651093818944, 0.23439494749401418]],
	"estimated_matrix":	[[0.493917030054903, 0.0803945335111708, 0.41253105022215714, 0.013157386211769075], [0.058191967498934738, 0.38249642154158831, 0.30658842201427711, 0.25272318894519985]],
	"log_likelihood":	[-228.82601849597327, -163.52269442579765, -128.39230063368475, -108.66466251760214, -97.141516889342569, -90.164923361798031, -85.8007809906868, -82.9886709754183, -81.1273568424743, -79.8651519970564, -78.990300416966846, -78.3718418483919, -77.92676138429357, -77.601229172447759, -77.35960522490646, -77.177837064905844, -77.0394045194018, -76.932776042923578, -76.7987844008365]
}
