{
	"input_file":	"../../instances/J100_M50_G2_I4_L50_seed16.json",
	"method":	"Multinomial",
	"convergence_threshold":	0.001,
	"iterations_made":	13,
	"max_iterations":	10000,
	"time_taken":	0.000183217,
	"ground_truth_matrix":	[[0.13733033971538156, 0.402486971039085, 0.43481631950235439, 0.025366369743179053], [0.21871205928257512, 0.12338807712654326, 0.57049577727443768, 0.087404086316444057]],
	"estimated_matrix":	[[0.15958454913311579, 0.398249516916719, 0.416301035495019, 0.025864898455146137], [0.199986428201427, 0.11344136253989388, 0.59925682042088, 0.0873153888377991]],
	"log_likelihood":	[-111.17893309335045, -92.5137279343992, -81.998830881668923, -75.957509384872978, -72.4094929386104, -70.2799956176473, -68.9752645473331, -68.160314073408031, -67.642040882135078, -67.306804779182372, -67.086427827003234, -66.9392760586953, -66.8395091933192, -66.753412168923234]
}
