{
	"input_file":	"../../instances/J100_M50_G2_I4_L50_seed19.json",
	"method":	"Multinomial",
	"convergence_threshold":	0.001,
	"iterations_made":	24,
	"max_iterations":	10000,
	"time_taken":	0.000330103,
	"ground_truth_matrix":	[[0.052166889316142627, 0.72810163049277654, 0.144166630569279, 0.075564849621801933], [0.12400640059949905, 0.026686001932657091, 0.343301206964579, 0.506006390503265]],
	"estimated_matrix":	[[0.056484495797782, 0.740506990786789, 0.12755357175542195, 0.075454941660007144], [0.11232603367181108, 0.034317626771341876, 0.35056643222118017, 0.502789907335667]],
	"log_likelihood":	[-276.15859135098026, -192.9933104666091, -145.94700467467567, -118.17519637454541, -101.18754656741646, -90.463490010530165, -83.494532594779741, -78.842074067085164, -75.65718328307473, -73.4255981910218, -71.8280112243603, -70.661468845115863, -69.7940790616304, -69.1383152707741, -68.634936771896037, -68.2431004298639, -67.934157295137837, -67.68768617033173, -67.488911119481, -67.326990909539731, -67.193867435986036, -67.083478491867027, -66.991211781809838, -66.913521074505525, -66.8043552808203]
}
