{
	"input_file":	"../../instances/J100_M50_G2_I4_L50_seed16.json",
	"method":	"Multinomial",
	"convergence_threshold":	0.001,
	"iterations_made":	13,
	"max_iterations":	10000,
	"time_taken":	0.000184489,
	"ground_truth_matrix":	[[0.13733033971538156, 0.402486971039085, 0.43481631950235439, 0.025366369743179053], [0.21871205928257512, 0.12338807712654326, 0.57049577727443768, 0.087404086316444057]],
	"estimated_matrix":	[[0.15958454913311582, 0.39824951691671912, 0.416301035495019, 0.02586489845514613], [0.199986428201427, 0.11344136253989388, 0.59925682042088, 0.0873153888377991]],
	"log_likelihood":	[-111.17893309335045, -92.513727934399455, -81.998830881669, -75.957509384872822, -72.409492938610867, -70.279995617647, -68.975264547332927, -68.1603140734076, -67.6420408821353, -67.306804779182158, -67.086427827003178, -66.939276058695071, -66.839509193318861, -66.753412168922964]
}
