{
	"input_file":	"../../instances/J100_M50_G2_I4_L50_seed20.json",
	"method":	"Multinomial",
	"convergence_threshold":	0.001,
	"iterations_made":	10,
	"max_iterations":	10000,
	"time_taken":	0.000160825,
	"ground_truth_matrix":	[[0.12528497207799447, 0.32201948137817415, 0.31373002758429769, 0.23896551895953352], [0.015101828534048147, 0.48626910303626614, 0.19664095811027157, 0.301988110319414]],
	"estimated_matrix":	[[0.12850803274524453, 0.33559520190405778, 0.30154985770880244, 0.2343469076418952], [0.01151890710308336, 0.4614805259393932, 0.20574654844805768, 0.32125401850946578]],
	"log_likelihood":	[-115.93028232168432, -102.2886516797894, -94.605127736632866, -90.147244027577528, -87.4634797604897, -85.785183738277766, -84.6959450510625, -83.9633609967798, -83.4537253588462, -83.0878302096552, -82.717943575647453]
}
