{
	"input_file":	"../../instances/J100_M50_G2_I4_L50_seed3.json",
	"method":	"Multinomial",
	"convergence_threshold":	0.001,
	"iterations_made":	11,
	"max_iterations":	10000,
	"time_taken":	9.9582e-05,
	"ground_truth_matrix":	[[0.25894112400042968, 0.39846937940559979, 0.11122948719780965, 0.23136000939616086], [0.4590928673412436, 0.46561749041159473, 0.027573246650422822, 0.047716395596738945]],
	"estimated_matrix":	[[0.25618033496014464, 0.43770039970876068, 0.10318534733941734, 0.20293391799167745], [0.45718487639559, 0.43337482649343734, 0.0352379110635958, 0.074202386047376737]],
	"log_likelihood":	[-91.4647352291569, -78.374248682016059, -71.3046428114117, -67.421335937170966, -65.2483623871987, -64.00999232525524, -63.29174389077145, -62.868060456957231, -62.613969637490015, -62.459052155629934, -62.363004921262359, -62.2871211066157]
}
