{
	"input_file":	"../../instances/J100_M50_G2_I4_L50_seed4.json",
	"method":	"Multinomial",
	"convergence_threshold":	0.001,
	"iterations_made":	12,
	"max_iterations":	10000,
	"time_taken":	0.000166186,
	"ground_truth_matrix":	[[0.37664033529374275, 0.0874640765523398, 0.39740799933549775, 0.1384875888184196], [0.23064419241874784, 0.046933541478898853, 0.72121745986295, 0.0012048062394032465]],
	"estimated_matrix":	[[0.36369617653534558, 0.08393566402565257, 0.413421380742847, 0.13894677869615488], [0.25258577421843909, 0.04851908687707885, 0.690405651147262, 0.0084894877572200649]],
	"log_likelihood":	[-108.33784044983072, -88.095884502333234, -77.2965315517985, -71.315324823657932, -67.8591331000019, -65.775602523076273, -64.4666897922088, -63.611004328168583, -63.029961309526854, -62.621140880624949, -62.323989541220783, -62.101621831950744, -61.871051861670125]
}
