{
	"input_file":	"../../instances/J100_M50_G2_I4_L50_seed12.json",
	"method":	"Multinomial",
	"convergence_threshold":	0.001,
	"iterations_made":	14,
	"max_iterations":	10000,
	"time_taken":	0.000132946,
	"ground_truth_matrix":	[[0.064811871434951526, 0.52152885323862519, 0.11829638888251422, 0.2953628864439089], [0.0030156831164753, 0.515584843486113, 0.47441747954048219, 0.00698199385692937]],
	"estimated_matrix":	[[0.0610403306345077, 0.52906876997452168, 0.13438305431532008, 0.27550784507565046], [0.0048185948741561917, 0.51870747522757266, 0.45813694868783555, 0.018336981210435532]],
	"log_likelihood":	[-167.25710673330113, -126.88593955227628, -105.02334772189549, -92.644978953194538, -85.297969889723163, -80.7356366328928, -77.781353103835045, -75.7935828779623, -74.4086136163688, -73.412601214257933, -72.675538826623153, -72.115923175007268, -71.6811908245944, -71.336539923644168, -70.974376821239]
}
