{
	"input_file":	"../../instances/J100_M50_G2_I4_L50_seed7.json",
	"method":	"Multinomial",
	"convergence_threshold":	0.001,
	"iterations_made":	23,
	"max_iterations":	10000,
	"time_taken":	0.000378248,
	"ground_truth_matrix":	[[0.022970939991479138, 0.43806769354602731, 0.16697318978046674, 0.37198817668202688], [0.712028237377669, 0.14427461235209513, 0.12974505029533678, 0.0139520999748993]],
	"estimated_matrix":	[[0.031890906183896346, 0.4704937972986295, 0.16341605118956065, 0.33419924532791345], [0.695140556829429, 0.141910980375874, 0.126984874089056, 0.035963588705640856]],
	"log_likelihood":	[-246.21549441397343, -165.43882948037265, -120.15920421180127, -93.6782549979775, -77.61490671925975, -67.544741396470627, -61.0366707771528, -56.7098770700677, -53.7566270695558, -51.691317488478532, -50.2143639650052, -49.136360460136181, -48.33475249789845, -47.728491048616931, -47.262864870000058, -46.900224901940184, -46.6141934403163, -46.385977182496134, -46.201975654542132, -46.052202289846875, -45.929224471877141, -45.827440637811861, -45.7425798397165, -45.6209937300867]
}
