{
	"input_file":	"../../instances/J100_M50_G2_I4_L50_seed15.json",
	"method":	"Multinomial",
	"convergence_threshold":	0.001,
	"iterations_made":	16,
	"max_iterations":	10000,
	"time_taken":	0.000215607,
	"ground_truth_matrix":	[[0.729175806164576, 0.076074136231428655, 0.021573712816720172, 0.17317634478727548], [0.178428232666503, 0.41819946747570369, 0.20226194250932708, 0.2011103573484663]],
	"estimated_matrix":	[[0.708953295419507, 0.0673097119703583, 0.037108936317676457, 0.18662805629245827], [0.185715849044174, 0.44193234865095177, 0.18810504379694043, 0.18424675850793387]],
	"log_likelihood":	[-193.2644796432248, -134.60676402770395, -103.38335728179788, -86.091659673289669, -76.162113206809849, -70.2667110610446, -66.6569034040487, -64.3828092721977, -62.912111369926585, -61.937691140891424, -61.277487988578, -60.8208255787567, -60.498836165330353, -60.267731749679832, -60.099106667707822, -59.974185938346743, -59.857416239574817]
}
