{
	"input_file":	"../../instances/J100_M50_G2_I4_L50_seed5.json",
	"method":	"Multinomial",
	"convergence_threshold":	0.001,
	"iterations_made":	15,
	"max_iterations":	10000,
	"time_taken":	0.000152344,
	"ground_truth_matrix":	[[0.04983539454067374, 0.40616979444752377, 0.04597554104672593, 0.49801926996507662], [0.17642180632607257, 0.24903375337454553, 0.38221213978536139, 0.19233230051402056]],
	"estimated_matrix":	[[0.044709756740950145, 0.40543100147976674, 0.041221666740062078, 0.508637575039221], [0.1738126696463807, 0.24120155861340592, 0.40398848591155567, 0.18099728582865771]],
	"log_likelihood":	[-170.20638580868473, -119.81709532008281, -93.268745179564, -78.69170092155565, -70.3546218471197, -65.3964544041488, -62.336647111687654, -60.381445258860964, -59.090606282593981, -58.211977188103546, -57.596703022610939, -57.1543859419637, -56.8286523290931, -56.58345836375522, -56.3952085250947, -56.209012786251783]
}
