{
	"input_file":	"../../instances/J100_M50_G2_I4_L50_seed10.json",
	"method":	"Multinomial",
	"convergence_threshold":	0.001,
	"iterations_made":	11,
	"max_iterations":	10000,
	"time_taken":	9.5737e-05,
	"ground_truth_matrix":	[[0.380062145693794, 0.0054018097091338329, 0.25866530336247168, 0.35587074123460055], [0.26597509126643765, 0.0981289174874491, 0.0850627199283102, 0.550833271317803]],
	"estimated_matrix":	[[0.39910801565139115, 0.0054994853019235323, 0.24519972812289806, 0.3501927709237872], [0.27690543961251746, 0.10218520077433979, 0.086469691395256745, 0.534439668217886]],
	"log_likelihood":	[-110.32234345914932, -90.929139660126438, -79.833390582278128, -73.3219623539955, -69.381277583044621, -66.9206197981743, -65.336397901835923, -64.2855424752904, -63.567834563663212, -63.0634949737087, -62.699191615893277, -62.330019323899968]
}
