{
	"input_file":	"../../instances/J100_M50_G2_I4_L50_seed13.json",
	"method":	"Multinomial",
	"convergence_threshold":	0.001,
	"iterations_made":	12,
	"max_iterations":	10000,
	"time_taken":	0.00016577,
	"ground_truth_matrix":	[[0.218317657192871, 0.0393746969740127, 0.25245268623476663, 0.48985495959834957], [0.542201209301642, 0.091058092837147178, 0.14155571116247334, 0.22518498669873749]],
	"estimated_matrix":	[[0.23780781233408194, 0.050838409298094814, 0.23292257337186129, 0.478431204995962], [0.52553971515431752, 0.090864621716473, 0.14814918512277134, 0.23544647800643806]],
	"log_likelihood":	[-120.85582871755877, -102.04415005796152, -91.504714265301942, -85.492904100426827, -81.9998187576794, -79.9318935029559, -78.68417952698826, -77.916577898289248, -77.4348429208367, -77.1263054010061, -76.92460545171717, -76.7900491163449, -76.6850468955444]
}
