{
	"input_file":	"../../instances/J100_M50_G2_I4_L50_seed10.json",
	"method":	"Multinomial",
	"convergence_threshold":	0.001,
	"iterations_made":	11,
	"max_iterations":	10000,
	"time_taken":	0.000151326,
	"ground_truth_matrix":	[[0.380062145693794, 0.0054018097091338329, 0.25866530336247168, 0.35587074123460055], [0.26597509126643765, 0.0981289174874491, 0.0850627199283102, 0.550833271317803]],
	"estimated_matrix":	[[0.399108015651391, 0.00549948530192353, 0.24519972812289806, 0.35019277092378737], [0.27690543961251746, 0.10218520077433978, 0.086469691395256745, 0.534439668217886]],
	"log_likelihood":	[-110.32234345914932, -90.9291396601264, -79.833390582277545, -73.3219623539956, -69.381277583044678, -66.920619798174172, -65.3363979018365, -64.2855424752907, -63.567834563662942, -63.063494973708146, -62.6991916158934, -62.330019323900139]
}
