{
	"input_file":	"../../instances/J100_M50_G2_I4_L50_seed6.json",
	"method":	"Multinomial",
	"convergence_threshold":	0.001,
	"iterations_made":	18,
	"max_iterations":	10000,
	"time_taken":	0.000157261,
	"ground_truth_matrix":	[[0.507491225944653, 0.091663150517557662, 0.39116873435159927, 0.00967688918619004], [0.049198308552667672, 0.39046023301512889, 0.32594651093818944, 0.23439494749401418]],
	"estimated_matrix":	[[0.493917030054903, 0.080394533511170763, 0.41253105022215714, 0.013157386211769075], [0.058191967498934724, 0.38249642154158831, 0.306588422014277, 0.25272318894519979]],
	"log_likelihood":	[-228.82601849597327, -163.5226944257976, -128.39230063368458, -108.66466251760217, -97.141516889342938, -90.1649233617982, -85.800780990686434, -82.9886709754183, -81.127356842474427, -79.8651519970569, -78.990300416967074, -78.371841848391554, -77.926761384293428, -77.6012291724473, -77.3596052249062, -77.177837064906, -77.039404519402623, -76.932776042923422, -76.798784400836823]
}
