{
	"input_file":	"../../instances/J100_M50_G2_I4_L50_seed7.json",
	"method":	"Multinomial",
	"convergence_threshold":	0.001,
	"iterations_made":	23,
	"max_iterations":	10000,
	"time_taken":	0.000304318,
	"ground_truth_matrix":	[[0.022970939991479138, 0.43806769354602731, 0.16697318978046674, 0.37198817668202688], [0.712028237377669, 0.14427461235209513, 0.12974505029533678, 0.0139520999748993]],
	"estimated_matrix":	[[0.031890906183896339, 0.4704937972986295, 0.16341605118956065, 0.33419924532791345], [0.695140556829429, 0.141910980375874, 0.126984874089056, 0.03596358870564087]],
	"log_likelihood":	[-246.21549441397343, -165.43882948037265, -120.15920421180159, -93.6782549979775, -77.6149067192597, -67.5447413964704, -61.036670777152388, -56.709877070067684, -53.75662706955594, -51.69131748847888, -50.214363965004956, -49.1363604601354, -48.334752497898343, -47.728491048617158, -47.262864870000357, -46.900224901940653, -46.614193440316079, -46.385977182495367, -46.201975654541577, -46.052202289846662, -45.929224471877077, -45.827440637811222, -45.742579839716662, -45.620993730087058]
}
