{
	"input_file":	"../../instances/J100_M50_G2_I4_L50_seed15.json",
	"method":	"Multinomial",
	"convergence_threshold":	0.001,
	"iterations_made":	16,
	"max_iterations":	10000,
	"time_taken":	0.00013452,
	"ground_truth_matrix":	[[0.729175806164576, 0.076074136231428655, 0.021573712816720172, 0.17317634478727548], [0.178428232666503, 0.41819946747570369, 0.20226194250932708, 0.2011103573484663]],
	"estimated_matrix":	[[0.708953295419507, 0.06730971197035833, 0.037108936317676471, 0.18662805629245829], [0.185715849044174, 0.44193234865095177, 0.1881050437969404, 0.18424675850793384]],
	"log_likelihood":	[-193.2644796432248, -134.60676402770375, -103.3833572817979, -86.091659673289556, -76.162113206809735, -70.2667110610443, -66.656903404048549, -64.382809272197477, -62.912111369926848, -61.937691140891076, -61.277487988578, -60.820825578756789, -60.498836165330381, -60.267731749679676, -60.099106667707481, -59.97418593834643, -59.857416239574718]
}
