{
	"input_file":	"../../instances/J100_M50_G2_I5_L50_seed5.json",
	"method":	"Multinomial",
	"convergence_threshold":	0.001,
	"iterations_made":	14,
	"max_iterations":	10000,
	"time_taken":	0.00025157,
	"ground_truth_matrix":	[[0.043982912303551426, 0.358470733786538, 0.040576345559300911, 0.43953375062527472, 0.11743625772533485], [0.256473892537231, 0.39363112002854944, 0.198078425534879, 0.095454145901107262, 0.05636241599823328]],
	"estimated_matrix":	[[0.043311040294836033, 0.35716762055846263, 0.0455995798811766, 0.44304635440709972, 0.11087540485842508], [0.2408971458405571, 0.39339419033638517, 0.21362314469731239, 0.092299847343040156, 0.059785671782705219]],
	"log_likelihood":	[-175.707583694375, -131.93257587524059, -109.06425866471344, -96.672314219333245, -89.715590530744635, -85.681649107268044, -83.273746817184858, -81.7990862355901, -80.875285993007367, -80.284874992278233, -79.9007644187071, -79.646849294183639, -79.476550864592838, -79.360802059158729, -79.251844043519]
}
