{
	"input_file":	"../../instances/J100_M50_G2_I5_L50_seed18.json",
	"method":	"Multinomial",
	"convergence_threshold":	0.001,
	"iterations_made":	15,
	"max_iterations":	10000,
	"time_taken":	0.000246496,
	"ground_truth_matrix":	[[0.17583738578154742, 0.11781376416577459, 0.35282805535055234, 0.033581138096485837, 0.31993965660563983], [0.19198564982437369, 0.15185075922920055, 0.611071372104512, 0.041117190992067849, 0.0039750278498458178]],
	"estimated_matrix":	[[0.17556462525449848, 0.11343552000247921, 0.38782004237784218, 0.041461159205927883, 0.28171865315925226], [0.19464146682421837, 0.16368700816115989, 0.58758311618851, 0.030488677697457632, 0.023599731128654065]],
	"log_likelihood":	[-150.88614164684111, -128.05503195876253, -115.31714049326618, -107.9702933413985, -103.56245903452403, -100.81252458138373, -99.033512902026146, -97.844333987748556, -97.025962231623367, -96.448124602775763, -96.030805333027772, -95.7233763308903, -95.4929198848455, -95.317494733294978, -95.1821412180166, -95.030267860889936]
}
