{
	"input_file":	"../../instances/J100_M50_G2_I5_L50_seed16.json",
	"method":	"Multinomial",
	"convergence_threshold":	0.001,
	"iterations_made":	16,
	"max_iterations":	10000,
	"time_taken":	0.000157399,
	"ground_truth_matrix":	[[0.11046832303046365, 0.32375992679000548, 0.34976560708473542, 0.020404670466171049, 0.19560147262862432], [0.056072838761014418, 0.259257770101578, 0.039720168700331022, 0.016198597480567022, 0.62875062495650935]],
	"estimated_matrix":	[[0.11063047104176368, 0.341630743362063, 0.34583537873694176, 0.019878016854295865, 0.18202539000493562], [0.0613792069178738, 0.22349734357807741, 0.053100017225508014, 0.014157554018678574, 0.6478658782598623]],
	"log_likelihood":	[-185.29941975437973, -143.33850417214995, -119.85772734762539, -106.311327524397, -98.260044378244444, -93.3380308141454, -90.248027181477, -88.258780049369946, -86.9472200334705, -86.062555790100845, -85.4527103343033, -85.0234876481532, -84.715365304100871, -84.4900109400434, -84.3222862814553, -84.1954143378127, -84.076738265793139]
}
