{
	"input_file":	"../../instances/J100_M50_G2_I5_L50_seed12.json",
	"method":	"Multinomial",
	"convergence_threshold":	0.001,
	"iterations_made":	13,
	"max_iterations":	10000,
	"time_taken":	0.00013253,
	"ground_truth_matrix":	[[0.0644455938402166, 0.51858148681146043, 0.11762784906370648, 0.29369367360951, 0.0056513966751065665], [0.308115663974515, 0.28351387469299938, 0.0041724687997965176, 0.386082738833395, 0.018115253699294016]],
	"estimated_matrix":	[[0.0604734195400117, 0.525945972998774, 0.12015857330677977, 0.28414212613657358, 0.009279908017860914], [0.30955588556331426, 0.289041415884903, 0.0070565030330416367, 0.374416713626506, 0.01992948189223508]],
	"log_likelihood":	[-168.56791831509167, -137.00804645110594, -119.92156224531706, -110.34270242119457, -104.76932922762543, -101.40856326843682, -99.312773223640349, -97.9639215524328, -97.069588883465755, -96.459726633751, -96.032680782657252, -95.726097172549728, -95.50078997960037, -95.2685385309428]
}
