{
	"input_file":	"../../instances/J100_M50_G2_I5_L50_seed15.json",
	"method":	"Multinomial",
	"convergence_threshold":	0.001,
	"iterations_made":	12,
	"max_iterations":	10000,
	"time_taken":	0.000132595,
	"ground_truth_matrix":	[[0.64854204216829081, 0.06766170140398764, 0.0191880471746618, 0.15402614754092744, 0.1105820617121324], [0.39962760023412636, 0.1932796691291607, 0.19217922484338035, 0.062716975103724426, 0.15219653068960812]],
	"estimated_matrix":	[[0.64549356915464928, 0.056700910492525562, 0.015709552544970022, 0.17421707301093214, 0.10787889479692289], [0.39449504002175456, 0.20824437673516488, 0.196102755727022, 0.046582722261120084, 0.15457510525493851]],
	"log_likelihood":	[-186.19887598901752, -151.49663162832383, -132.54213094038508, -121.79769538532759, -115.46150397584219, -111.578031053892, -109.10942779902172, -107.4859584656604, -106.38427922448825, -105.614944853552, -105.06355956809085, -104.65904599816672, -104.26273150833626]
}
