{
	"input_file":	"../../instances/J100_M50_G2_I5_L50_seed4.json",
	"method":	"Multinomial",
	"convergence_threshold":	0.001,
	"iterations_made":	21,
	"max_iterations":	10000,
	"time_taken":	0.000215244,
	"ground_truth_matrix":	[[0.33270219763982, 0.077260685478113045, 0.351047145907638, 0.12233189286483045, 0.1166580781095984], [0.050165543415490517, 0.77088292625501365, 0.0012877732599235222, 0.0600985069713388, 0.11756525009823347]],
	"estimated_matrix":	[[0.33583285985758932, 0.0876146372789839, 0.33518052741581789, 0.1295491793727703, 0.11182279607483861], [0.053292765128186953, 0.757510454853471, 0.00971098365225606, 0.0474603313284126, 0.13202546503767348]],
	"log_likelihood":	[-304.679991415368, -212.66018029217548, -163.15465072066161, -135.13384496172861, -118.59495214309368, -108.46366592927723, -102.04160035929583, -97.8388600665826, -95.0053687046985, -93.041272356255774, -91.6442441987806, -90.6265119956567, -89.8685077040288, -89.29229203872454, -88.845936307495364, -88.494126259694269, -88.2123824613417, -87.983429940116054, -87.794872326837535, -87.637673738264624, -87.5051503649916, -87.340411889422]
}
