{
	"input_file":	"../../instances/J100_M50_G2_I5_L50_seed19.json",
	"method":	"Multinomial",
	"convergence_threshold":	0.001,
	"iterations_made":	19,
	"max_iterations":	10000,
	"time_taken":	0.000187459,
	"ground_truth_matrix":	[[0.0433037419557625, 0.604397263048471, 0.11967273975203206, 0.06272639200543513, 0.16989986323829925], [0.010949408191273125, 0.14085830680435835, 0.2076171069384817, 0.51298571330785936, 0.12758946475802732]],
	"estimated_matrix":	[[0.036035463368443127, 0.636466065004909, 0.120264333038907, 0.0495036811895182, 0.15773045739822286], [0.013346538247355377, 0.13084990860781825, 0.20472513997861755, 0.524322086302683, 0.12675632686352584]],
	"log_likelihood":	[-243.3131440158748, -181.16072737822489, -146.38189785041658, -126.05924258145144, -113.70029618416088, -105.90312978127261, -100.81437552235819, -97.3879256929045, -95.013735861474956, -93.3250858276046, -92.095179916538768, -91.179981177417758, -90.4857070681069, -89.949855193734436, -89.5298504749477, -89.196093152694033, -88.9276078315111, -88.709263848412633, -88.529964669773378, -88.350779535269652]
}
