{
	"input_file":	"../../instances/J100_M50_G2_I5_L50_seed11.json",
	"method":	"Multinomial",
	"convergence_threshold":	0.001,
	"iterations_made":	9,
	"max_iterations":	10000,
	"time_taken":	0.000150386,
	"ground_truth_matrix":	[[0.0742704298794536, 0.0073483541679689336, 0.23246015994561139, 0.48226262845984663, 0.20365842754711935], [0.10906573959976795, 0.0021115223402377388, 0.1096872263605117, 0.46684651136059585, 0.31228900033888668]],
	"estimated_matrix":	[[0.071180600548156336, 0.00442363703801029, 0.22514869013051822, 0.49397938862422341, 0.20526768365909179], [0.11206336223220555, 0.0043773961188386121, 0.10551065147611154, 0.4712471752544089, 0.30680141491843538]],
	"log_likelihood":	[-111.66535562697538, -105.08947466741067, -101.45328858288083, -99.4128454176367, -98.2484076450476, -97.571896110621751, -97.17144936390423, -96.929746240034973, -96.780858075540763, -96.667434447105862]
}
