{
	"input_file":	"../../instances/J100_M50_G2_I5_L50_seed12.json",
	"method":	"Multinomial",
	"convergence_threshold":	0.001,
	"iterations_made":	13,
	"max_iterations":	10000,
	"time_taken":	0.000131439,
	"ground_truth_matrix":	[[0.0644455938402166, 0.51858148681146043, 0.11762784906370648, 0.29369367360951, 0.0056513966751065665], [0.308115663974515, 0.28351387469299938, 0.0041724687997965176, 0.386082738833395, 0.018115253699294016]],
	"estimated_matrix":	[[0.060473419540011668, 0.525945972998774, 0.12015857330677975, 0.28414212613657353, 0.00927990801786091], [0.3095558855633142, 0.289041415884903, 0.007056503033041635, 0.374416713626506, 0.019929481892235083]],
	"log_likelihood":	[-168.56791831509167, -137.0080464511062, -119.92156224531738, -110.34270242119469, -104.76932922762515, -101.40856326843648, -99.3127732236405, -97.963921552432765, -97.069588883465343, -96.459726633750947, -96.032680782657366, -95.7260971725499, -95.50078997960054, -95.2685385309433]
}
