{
	"input_file":	"../../instances/J100_M50_G2_I5_L50_seed11.json",
	"method":	"Multinomial",
	"convergence_threshold":	0.001,
	"iterations_made":	9,
	"max_iterations":	10000,
	"time_taken":	0.00011447,
	"ground_truth_matrix":	[[0.0742704298794536, 0.0073483541679689336, 0.23246015994561139, 0.48226262845984663, 0.20365842754711935], [0.10906573959976795, 0.0021115223402377388, 0.1096872263605117, 0.46684651136059585, 0.31228900033888668]],
	"estimated_matrix":	[[0.071180600548156323, 0.0044236370380102913, 0.22514869013051828, 0.4939793886242233, 0.20526768365909187], [0.11206336223220556, 0.00437739611883861, 0.10551065147611154, 0.4712471752544089, 0.30680141491843543]],
	"log_likelihood":	[-111.66535562697538, -105.08947466741078, -101.4532885828808, -99.4128454176369, -98.248407645047436, -97.571896110621566, -97.1714493639038, -96.9297462400354, -96.7808580755406, -96.6674344471057]
}
