{
	"input_file":	"../../instances/J100_M50_G2_I5_L50_seed3.json",
	"method":	"Multinomial",
	"convergence_threshold":	0.001,
	"iterations_made":	17,
	"max_iterations":	10000,
	"time_taken":	0.000171919,
	"ground_truth_matrix":	[[0.15028701708190306, 0.2312679172167543, 0.064556558588510629, 0.13427919500392829, 0.41960931210890373], [0.69371710750865156, 0.041081001690991485, 0.0710920028043775, 0.016174863536975309, 0.17793502445900408]],
	"estimated_matrix":	[[0.12955614519305089, 0.23948695111477358, 0.071263647955649864, 0.14653233744707436, 0.41316091828945128], [0.70428789152776561, 0.040774837023152238, 0.070223050943368975, 0.00951761052908992, 0.17519660997662331]],
	"log_likelihood":	[-245.52566988218311, -179.88221401264772, -145.13387255640967, -125.90625281090354, -114.83607370276384, -108.22541655550287, -104.1402501407379, -101.53249889029955, -99.8156018372736, -98.6513651139646, -97.8393135754102, -97.25749006337287, -96.829879360266375, -96.508006049804678, -96.260280761531632, -96.065689108658148, -95.909972204971126, -95.75402328432574]
}
