{
	"input_file":	"../../instances/J100_M50_G2_I5_L50_seed6.json",
	"method":	"Multinomial",
	"convergence_threshold":	0.001,
	"iterations_made":	14,
	"max_iterations":	10000,
	"time_taken":	0.000247419,
	"ground_truth_matrix":	[[0.4946888218813566, 0.0893507781441119, 0.38130078011302954, 0.0094327717727180245, 0.025226848088783976], [0.252222664533469, 0.2105492199535523, 0.15141034402812581, 0.11399772270882993, 0.27182004877602278]],
	"estimated_matrix":	[[0.48417833793017362, 0.0972794059086599, 0.38110152952712151, 0.0131691896145702, 0.024271537019474859], [0.24609990369160048, 0.18728297275303504, 0.15754602893608538, 0.1105951498031179, 0.29847594481616119]],
	"log_likelihood":	[-193.66329329017609, -149.211731295991, -125.31997478507766, -111.98910591326256, -104.265556179787, -99.6258180210742, -96.7408063040255, -94.887074048947724, -93.658326821572444, -92.819570729122972, -92.231061861391325, -91.80747697176443, -91.495388207770958, -91.260517321124325, -91.0069608681651]
}
