{
	"input_file":	"../../instances/J100_M50_G2_I5_L50_seed9.json",
	"method":	"Multinomial",
	"convergence_threshold":	0.001,
	"iterations_made":	12,
	"max_iterations":	10000,
	"time_taken":	0.000238852,
	"ground_truth_matrix":	[[0.0061742133612349686, 0.4126093070211917, 0.40540148941948045, 0.085063495583889731, 0.090751494614203052], [0.15553306732402988, 0.34192357446845528, 0.17983804603115919, 0.055375461920108081, 0.26732985025624767]],
	"estimated_matrix":	[[0.012092737122771749, 0.41794113371853225, 0.391849926523684, 0.086491455747971957, 0.0916247468870401], [0.14851702797195274, 0.34662207642141774, 0.195526776130822, 0.051361282025365343, 0.25797283745044214]],
	"log_likelihood":	[-146.15303817745459, -121.821231578116, -108.38791787103696, -100.73143368841276, -96.2088831401295, -93.4405366979511, -91.6863421582277, -90.537064911103045, -89.7595212182122, -89.217024063365756, -88.827291141947157, -88.539529583384649, -88.256051718704867]
}
