{
	"input_file":	"../../instances/J100_M50_G2_I5_L50_seed7.json",
	"method":	"Multinomial",
	"convergence_threshold":	0.001,
	"iterations_made":	15,
	"max_iterations":	10000,
	"time_taken":	0.000152735,
	"ground_truth_matrix":	[[0.010915758563635679, 0.20816915542206624, 0.0793454263047044, 0.176768261407425, 0.52480139830216865], [0.30336933090138923, 0.27281770821747647, 0.029337380742531057, 0.12263021012911926, 0.271845370009484]],
	"estimated_matrix":	[[0.021351499443669566, 0.21858599492347258, 0.085164581852024329, 0.17680589401393426, 0.4980920297668992], [0.29374345044338962, 0.27482756880423187, 0.026296298472341995, 0.11463839979846584, 0.29049428248157055]],
	"log_likelihood":	[-181.40963280710565, -152.299431718633, -136.02046894508143, -126.59940658998345, -120.92765250886518, -117.37608839900439, -115.06732309503721, -113.5129695230536, -112.43195974696215, -111.65731070261585, -111.0868123476464, -110.65612774705923, -110.323679386027, -110.06192097173849, -109.85216697990452, -109.62585633111648]
}
