{
	"input_file":	"../../instances/J100_M50_G2_I5_L50_seed6.json",
	"method":	"Multinomial",
	"convergence_threshold":	0.001,
	"iterations_made":	14,
	"max_iterations":	10000,
	"time_taken":	0.000141936,
	"ground_truth_matrix":	[[0.4946888218813566, 0.0893507781441119, 0.38130078011302954, 0.0094327717727180245, 0.025226848088783976], [0.252222664533469, 0.2105492199535523, 0.15141034402812581, 0.11399772270882993, 0.27182004877602278]],
	"estimated_matrix":	[[0.48417833793017362, 0.0972794059086599, 0.38110152952712145, 0.013169189614570193, 0.024271537019474879], [0.24609990369160048, 0.18728297275303507, 0.15754602893608541, 0.1105951498031179, 0.29847594481616119]],
	"log_likelihood":	[-193.66329329017609, -149.21173129599069, -125.31997478507772, -111.98910591326224, -104.26555617978705, -99.625818021074124, -96.740806304025355, -94.8870740489478, -93.65832682157253, -92.819570729123157, -92.231061861391467, -91.807476971764871, -91.495388207770631, -91.260517321124368, -91.0069608681651]
}
