{
	"input_file":	"../../instances/J100_M50_G3_I10_L50_seed3.json",
	"method":	"Multinomial",
	"convergence_threshold":	0.001,
	"iterations_made":	13,
	"max_iterations":	10000,
	"time_taken":	0.000342092,
	"ground_truth_matrix":	[[0.0931453723690264, 0.14333597595076422, 0.040011072182719966, 0.0832239927500704, 0.26006681338677834, 0.26376288024201622, 0.01561968590937181, 0.027030371918026031, 0.0061499544235774336, 0.06765388086764923], [0.00530734356503633, 0.10679549657807895, 0.18326772703150396, 0.057113539992176665, 0.1973392812162813, 0.156378119637341, 0.00424742361571192, 0.143197917396384, 0.052509906307626246, 0.093843244659859673], [0.0395463488169282, 0.1401219686035122, 0.0688690139110761, 0.02023877259293767, 0.0933097362495889, 0.17976208999999529, 0.043388781861188462, 0.029768361144874161, 0.058235178169727869, 0.3267597486501711]],
	"estimated_matrix":	[[0.089610016917849034, 0.12528238808162112, 0.033854412368315455, 0.088322110137769, 0.271902060694898, 0.2577094575027345, 0.015115773201527686, 0.031011906848118054, 0.015145652190987654, 0.0720462220561796], [0.0063901257774651868, 0.11887323123116728, 0.190412162367248, 0.061597278199389441, 0.1980292768532666, 0.14425000048020906, 0.011088234590207883, 0.13926995655961857, 0.050936034250276645, 0.0791536996911513], [0.029410215652237445, 0.14454602017844806, 0.0756491936963206, 0.0118956335564648, 0.0986383008587838, 0.17455930062173242, 0.0361567070578292, 0.037748451441183176, 0.0525776580307208, 0.33881851890627968]],
	"log_likelihood":	[-317.32704280519863, -272.85454669339475, -248.9247035495209, -235.73016127183567, -228.22413918098061, -223.81271812609452, -221.13528415121806, -219.4587591510556, -218.37692660853551, -217.65841473937022, -217.16791784908565, -216.82429012384955, -216.57767469053408, -216.34653106571611]
}
