{
	"input_file":	"../../instances/J100_M50_G3_I10_L50_seed10.json",
	"method":	"Multinomial",
	"convergence_threshold":	0.001,
	"iterations_made":	14,
	"max_iterations":	10000,
	"time_taken":	0.00037832,
	"ground_truth_matrix":	[[0.21843127705125, 0.00310455594308142, 0.14866145756024521, 0.20452786828098479, 0.10217584773651123, 0.037696783123583662, 0.032677328835812119, 0.21160574168951965, 0.027426722860244761, 0.013692416918767124], [0.089337698565748663, 0.23688004378999766, 0.000305646789730184, 0.055459840205091121, 0.12938125590902735, 0.0732507112687405, 0.0988351780171504, 0.026665214833852879, 0.19301748277755362, 0.0968669278431076], [0.10672896050204253, 0.020927421351082318, 0.063779059262355456, 0.153018180528831, 0.0795746549692582, 0.0776761725567312, 0.13124552522321278, 0.098226905335430229, 0.14342301595160181, 0.12540010431945453]],
	"estimated_matrix":	[[0.22480394592792441, 0.019140897064037682, 0.16439524250291562, 0.1768030852684529, 0.0997752134823032, 0.021539402072968481, 0.0214378758957986, 0.23362923652171122, 0.026754477144231927, 0.011720624119655921], [0.11413304959359581, 0.23763062405936347, 0.010285645534983847, 0.028597917725404935, 0.11183299133575243, 0.093575511670481171, 0.104370086178003, 0.03403443527710346, 0.16786523900111108, 0.097674499624200842], [0.10655798826377476, 0.014017087983202786, 0.0501301288733343, 0.18237020267199963, 0.093442032121398, 0.072452400539676373, 0.13656890658771031, 0.093921199964020347, 0.13403144140452114, 0.1165086115903623]],
	"log_likelihood":	[-359.95503695957086, -295.55684629896649, -259.695085415327, -238.92494763904915, -226.401058869556, -218.55939745540013, -213.476647732168, -210.07653800108423, -207.73586012005558, -206.08209962904064, -204.88591857891686, -204.00219621223664, -203.33673130314361, -202.82691311959914, -202.27267171768113]
}
