{
	"input_file":	"../../instances/J100_M50_G3_I10_L50_seed6.json",
	"method":	"Multinomial",
	"convergence_threshold":	0.001,
	"iterations_made":	15,
	"max_iterations":	10000,
	"time_taken":	0.000620446,
	"ground_truth_matrix":	[[0.2757785884142302, 0.049811174985890418, 0.21256714574811184, 0.0052585713872016051, 0.0140634359385901, 0.11161384679915949, 0.093172468949395029, 0.067002269496367034, 0.0504463957726052, 0.12028610250844927], [0.037829281177702068, 0.087361551550571126, 0.047893920136897319, 0.056745822878612753, 0.0680224331729206, 0.30367179058157329, 0.11247047241485471, 0.0349793289128446, 0.13711825271796652, 0.11390714645605694], [0.005413509600190102, 0.12255642412443131, 0.15659858686385889, 0.12886126867449413, 0.11934533866161898, 0.07524458775695847, 0.012885711406898518, 0.30556443953072565, 0.049894633529748239, 0.023635499851075638]],
	"estimated_matrix":	[[0.26909080108924333, 0.043681816020168573, 0.18786240005393534, 0.023775337952707417, 0.011049064579448478, 0.11894970187181554, 0.0812942541756072, 0.067650601031426061, 0.043285993294876673, 0.15336002993077139], [0.028272559138809966, 0.0781668359451661, 0.05169553159009848, 0.0530853968370799, 0.068654956364385233, 0.291745065381952, 0.11951123701994834, 0.042559937552854747, 0.16713872360057747, 0.0991697565691278], [0.015946711091934723, 0.15557676790961814, 0.140572495679939, 0.12401258521006887, 0.093867237087150321, 0.0695261826581194, 0.025221733914493474, 0.30241806301225227, 0.05762669375556858, 0.01523152968085521]],
	"log_likelihood":	[-365.80605266067073, -292.19854566465085, -252.07139716081122, -229.55550714600324, -216.47150178644256, -208.59056681908785, -203.67364790880711, -200.50046810786645, -198.38591489658785, -196.93388328194891, -195.90871564740169, -195.166269514039, -194.61599092912311, -194.19951771749513, -193.87831091439551, -193.54949542665159]
}
