{
	"input_file":	"../../instances/J100_M50_G3_I10_L50_seed12.json",
	"method":	"Multinomial",
	"convergence_threshold":	0.001,
	"iterations_made":	14,
	"max_iterations":	10000,
	"time_taken":	0.000395011,
	"ground_truth_matrix":	[[0.015582156525603087, 0.12538666210153721, 0.028440975506022707, 0.0710115388820721, 0.0013664386086365743, 0.2336170641797074, 0.21496368670652949, 0.0031636168665235879, 0.29273265374842722, 0.013735206874940618], [0.033685472240404149, 0.094004134275044657, 0.29125377741216613, 0.19328498797955979, 0.00022822457699712571, 0.074318804422831147, 0.0810309053295545, 0.067032982095265731, 0.14748154604349473, 0.017679165624682143], [0.20048479434601485, 0.0029150704700110059, 0.020137011718670491, 0.017134292221539584, 0.051415898857770453, 0.15429323352817573, 0.088328200571823071, 0.23478377805692366, 0.047395008217637064, 0.18311271201143423]],
	"estimated_matrix":	[[0.013727519601620025, 0.10653291719439376, 0.0541159893177876, 0.057148323246974733, 0.0012058934695491912, 0.23439050944116227, 0.2178629468601731, 0.014293432510283761, 0.28984869682410819, 0.010873771533947326], [0.0238080734181757, 0.09056114211885366, 0.30908128663506745, 0.19914578528394189, 0.0022735972305941488, 0.0976779648004105, 0.0668226978948982, 0.0642870209914711, 0.12373753938014335, 0.022604892246444037], [0.20897446074250492, 0.0051581423570594941, 0.025771692531127318, 0.011247551598434685, 0.049471457054838672, 0.14724380335786708, 0.092289572922621077, 0.21604772741075745, 0.064536980086431342, 0.1792586119383579]],
	"log_likelihood":	[-436.51115138582747, -334.32294173802114, -281.207329033075, -252.34920053546338, -235.92293466039078, -226.14139236709366, -220.06199714846275, -216.12923139690548, -213.48925012669432, -211.65617544252277, -210.34389770856419, -209.37840326454651, -208.65058022785422, -208.09002301371166, -207.48934949124535]
}
