{
	"input_file":	"../../instances/J100_M50_G3_I10_L50_seed8.json",
	"method":	"Multinomial",
	"convergence_threshold":	0.001,
	"iterations_made":	18,
	"max_iterations":	10000,
	"time_taken":	0.000488872,
	"ground_truth_matrix":	[[0.18686245439528151, 0.31271523785328015, 0.1838871500988386, 0.068422334178453253, 0.023949501846988717, 0.0010364237832000416, 0.050892580529086434, 0.0465360241937968, 0.066859429077963328, 0.058838864043111186], [0.077693951352584556, 0.0751473499456211, 0.13716371065268357, 0.11945249334395132, 0.092673767042944846, 0.053230454927533574, 0.032706785389616029, 0.34932904412825921, 0.038931832512760181, 0.023670610704045591], [0.0055072216856861637, 0.329020230196156, 0.011067270247359991, 0.031454329030375532, 0.0059530913362825962, 0.020596990261568617, 0.040472518156600683, 0.18322100316570472, 0.034287810719799784, 0.33841953520046592]],
	"estimated_matrix":	[[0.16168260960512645, 0.31740687070693041, 0.20291961842742606, 0.06858951827466836, 0.024451366112310774, 0.0037704107086511144, 0.052720794746475931, 0.054220271693696316, 0.0589781279927765, 0.055260411731938013], [0.0767394112603107, 0.055562535321703632, 0.14798040624229528, 0.13120785085429038, 0.065805334980461233, 0.066222305932606376, 0.035847339465011431, 0.35406137342480126, 0.050096671247990082, 0.016476771270529655], [0.020337722768334864, 0.36618602862741123, 0.018228334750599748, 0.030133045227563247, 0.010204575180469772, 0.01517210761977711, 0.032540236163033733, 0.155874094436978, 0.025398634635984369, 0.32592522058984785]],
	"log_likelihood":	[-398.08397460107932, -325.24965957656468, -285.29961319245382, -262.529230712818, -249.02109812154171, -240.69613494045149, -235.38081552145567, -231.87555063313292, -229.4953031524108, -227.83597835790653, -226.65179861085895, -225.78892340884059, -225.14844466005411, -224.66517284691633, -224.29514796135081, -224.00809858247618, -223.78277795938871, -223.60401311244217, -223.39833442556267]
}
