{
	"input_file":	"../../instances/J100_M50_G3_I10_L50_seed20.json",
	"method":	"Multinomial",
	"convergence_threshold":	0.001,
	"iterations_made":	13,
	"max_iterations":	10000,
	"time_taken":	0.000345873,
	"ground_truth_matrix":	[[0.082219907057948835, 0.21132951055997232, 0.20588944772410889, 0.15682425779427028, 0.0033877396753867507, 0.10908302458583818, 0.0441117692532601, 0.06774392256656836, 0.099437221215447555, 0.019973199567198632], [0.036851563522719288, 0.14699395741819674, 0.17712024127059539, 0.22017884136159249, 0.17304768634872764, 0.0043302193415076231, 0.01438446802344439, 0.16130282000057855, 0.031695152369169713, 0.034095050343468228], [0.15918532554909737, 0.24428049725138792, 0.067357448039370771, 0.01608475063339752, 0.12010770984818865, 0.055369517882249544, 0.0814706996585495, 0.14939832088464047, 0.050476971643638679, 0.056268758609479635]],
	"estimated_matrix":	[[0.10233265268569063, 0.1849869013818034, 0.21523813338862471, 0.143191982831214, 0.0094651249998608245, 0.10469011572022467, 0.040363207125547564, 0.081654460689893071, 0.0963711274975112, 0.021706293679629771], [0.044628333119851753, 0.15571062425987814, 0.1726104343272192, 0.2044465211331567, 0.15658924099801844, 0.0060998671389803534, 0.021040232014371611, 0.17155583995811771, 0.030970337364623637, 0.0363485696857824], [0.12859034851924989, 0.245377427461501, 0.064740292068294944, 0.031802375730670372, 0.12452410284819448, 0.065760826324802, 0.0924556530540275, 0.14643204829625039, 0.0437667006374586, 0.056550225059550784]],
	"log_likelihood":	[-307.5078272718539, -272.681739270709, -252.57041864429775, -240.562494086811, -233.13846896847588, -228.38764802830994, -225.24490657004736, -223.099458587544, -221.591007517637, -220.50106230946207, -219.69353576287045, -219.08145975737017, -218.60787448759146, -218.09041859828073]
}
