{
	"input_file":	"../../instances/J100_M50_G3_I10_L50_seed9.json",
	"method":	"Multinomial",
	"convergence_threshold":	0.001,
	"iterations_made":	11,
	"max_iterations":	10000,
	"time_taken":	0.000464208,
	"ground_truth_matrix":	[[0.0031845878535814529, 0.21281910917822938, 0.20910140020993273, 0.043874767354241673, 0.046808571478480061, 0.075310909771104, 0.16556334873637976, 0.0870796615220599, 0.026813439019434428, 0.12944420487655667], [0.0142710070749783, 0.16490781651527461, 0.23584109291398292, 0.0030910774066948976, 0.093939200833778158, 0.066516745753404521, 0.17855868802116745, 0.085985088518246378, 0.0620822392605847, 0.0948070437018881], [0.029749867779614324, 0.072198273449989248, 0.10609433568271461, 0.038165718905451625, 0.17185928702530912, 0.099157362908030441, 0.24942287516209627, 0.011319994990374232, 0.044833360092397113, 0.177198924004023]],
	"estimated_matrix":	[[0.00209451256604151, 0.188190282706242, 0.22204168427637264, 0.037054510533873514, 0.057204777888031716, 0.0881687080434493, 0.17736889703172234, 0.0760327041169518, 0.026848175188105436, 0.12499574764920972], [0.010415208257060144, 0.16652075767208868, 0.23929328620098406, 0.0046005682554317862, 0.0970187813256237, 0.059417264516676074, 0.19573743406671343, 0.071422844155873369, 0.0720189840366598, 0.083554871512889026], [0.028273563842771781, 0.085672411657792824, 0.10963057726145314, 0.048546708541422172, 0.15009255154087411, 0.12124497948508672, 0.22259038994265268, 0.023586831543833529, 0.037284004546590234, 0.17307798163752272]],
	"log_likelihood":	[-249.51301778986385, -232.19723578237367, -222.34383529133066, -216.60833880258187, -213.18841714322758, -211.10059173864624, -209.79683364670018, -208.96478707359984, -208.42247260413095, -208.06165459850516, -207.81670004527859, -207.58623179044665]
}
