{
	"input_file":	"../../instances/J100_M50_G3_I10_L50_seed15.json",
	"method":	"Multinomial",
	"convergence_threshold":	0.001,
	"iterations_made":	12,
	"max_iterations":	10000,
	"time_taken":	0.000321312,
	"ground_truth_matrix":	[[0.39339948770115563, 0.041042950092062262, 0.011639288492786368, 0.093430808791668, 0.067078035960545859, 0.157217266005475, 0.0760380442620253, 0.0756051191039522, 0.02467344936176653, 0.059875550228563078], [0.2953606482247047, 0.036288091571448439, 0.14966549434619961, 0.23753843791970947, 0.19467365456822786, 0.027970400863696843, 0.021652015798033372, 0.00565896413313319, 0.00475841081323897, 0.0264338817616074], [0.4551716897329145, 0.032506860223525939, 0.099599876553778, 0.044701146428546813, 0.049670784992480038, 0.20217060418700536, 0.00807758594348576, 0.043600597580280752, 0.010636544040331203, 0.053864310317651654]],
	"estimated_matrix":	[[0.40003385672628339, 0.046141403167941658, 0.0168293953100651, 0.08477737920487935, 0.0693682987862903, 0.16882894179189925, 0.066097920819885761, 0.077061480936936155, 0.018706179341759145, 0.052155143914059877], [0.30228684759303, 0.030556366736726528, 0.151031897507023, 0.22825187671769331, 0.18569930657205391, 0.03065991828876545, 0.019074740701824112, 0.01436943516561694, 0.00918532335373788, 0.028884287363528934], [0.4535462030552822, 0.028299828263208818, 0.10281720226828356, 0.060808023746850189, 0.046970382904439584, 0.165600419435731, 0.013895523993693995, 0.044270440796572878, 0.016461856205301523, 0.067330119330636332]],
	"log_likelihood":	[-311.05326693706058, -277.10651068950324, -258.46936543703737, -247.92245115426533, -241.746317959624, -238.00049758605471, -235.64775225951226, -234.118291490159, -233.09032512964194, -232.37709450591294, -231.86726638849183, -231.49269777034962, -231.12812885042365]
}
