{
	"input_file":	"../../instances/J100_M50_G3_I10_L50_seed7.json",
	"method":	"Multinomial",
	"convergence_threshold":	0.001,
	"iterations_made":	18,
	"max_iterations":	10000,
	"time_taken":	0.00046991,
	"ground_truth_matrix":	[[0.00808261828816172, 0.15413970663026186, 0.058751646987581382, 0.13088878561109682, 0.38859135211187357, 0.078738263100063072, 0.07080871498828735, 0.0076143966059739766, 0.0318281670743481, 0.070556348602352159], [0.11844066583086636, 0.16961555343026474, 0.0499536137283108, 0.0071052771714643923, 0.03540434652102236, 0.25035815833408864, 0.025001738498636041, 0.0626777031670133, 0.278816438584351, 0.002626504733982544], [0.0806419372660566, 0.26348510646049522, 0.023002633148146594, 0.0698763924999843, 0.2107570616409781, 0.012558716070879135, 0.06512631348954924, 0.12196815242292552, 0.0971640283229745, 0.055419658678010977]],
	"estimated_matrix":	[[0.0020823578581266188, 0.18504102955933838, 0.049247278642746514, 0.12581231355440256, 0.38564711766809, 0.077995870184138769, 0.072915765280731251, 0.012049268644648229, 0.029805974555631467, 0.059403024052146272], [0.11389730388720397, 0.15541858780479631, 0.06074073332874768, 0.015641079994345043, 0.031573279023185345, 0.25000174941278053, 0.02800690486490395, 0.074193704570139268, 0.26864690588762918, 0.0018797512262687314], [0.0958688194002548, 0.26877652992059725, 0.01386613838861501, 0.0702844938228313, 0.19642857767302441, 0.01680028640153889, 0.051031472486453344, 0.12791918247922587, 0.092926280463359462, 0.0660982189640996]],
	"log_likelihood":	[-382.06736570875336, -317.70707879160329, -280.813719358419, -258.923233831405, -245.45657574688815, -236.869736348038, -231.201402114607, -227.334817978825, -224.61563826866677, -222.64941460571572, -221.19163190097009, -220.08652545711368, -219.23221206908531, -218.56034378422939, -218.02395778993755, -217.59005389438326, -217.23495768416672, -216.94135980827696, -216.59136379002126]
}
