{
	"input_file":	"../../instances/J100_M50_G3_I10_L50_seed12.json",
	"method":	"Multinomial",
	"convergence_threshold":	0.001,
	"iterations_made":	14,
	"max_iterations":	10000,
	"time_taken":	0.000474697,
	"ground_truth_matrix":	[[0.015582156525603087, 0.12538666210153721, 0.028440975506022707, 0.0710115388820721, 0.0013664386086365743, 0.2336170641797074, 0.21496368670652949, 0.0031636168665235879, 0.29273265374842722, 0.013735206874940618], [0.033685472240404149, 0.094004134275044657, 0.29125377741216613, 0.19328498797955979, 0.00022822457699712571, 0.074318804422831147, 0.0810309053295545, 0.067032982095265731, 0.14748154604349473, 0.017679165624682143], [0.20048479434601485, 0.0029150704700110059, 0.020137011718670491, 0.017134292221539584, 0.051415898857770453, 0.15429323352817573, 0.088328200571823071, 0.23478377805692366, 0.047395008217637064, 0.18311271201143423]],
	"estimated_matrix":	[[0.013727519601620016, 0.10653291719439373, 0.0541159893177876, 0.05714832324697474, 0.0012058934695491923, 0.23439050944116227, 0.21786294686017313, 0.014293432510283763, 0.28984869682410824, 0.010873771533947321], [0.0238080734181757, 0.09056114211885366, 0.30908128663506745, 0.19914578528394186, 0.0022735972305941488, 0.0976779648004105, 0.0668226978948982, 0.0642870209914711, 0.12373753938014333, 0.022604892246444037], [0.208974460742505, 0.0051581423570594967, 0.0257716925311273, 0.01124755159843468, 0.049471457054838686, 0.14724380335786705, 0.0922895729226211, 0.21604772741075751, 0.064536980086431342, 0.17925861193835793]],
	"log_likelihood":	[-436.51115138582747, -334.32294173802114, -281.20732903307487, -252.3492005354631, -235.92293466039115, -226.14139236709383, -220.06199714846267, -216.12923139690531, -213.48925012669454, -211.65617544252265, -210.3438977085645, -209.37840326454639, -208.65058022785394, -208.09002301371174, -207.48934949124518]
}
