{
	"input_file":	"../../instances/J100_M50_G3_I10_L50_seed5.json",
	"method":	"Multinomial",
	"convergence_threshold":	0.001,
	"iterations_made":	16,
	"max_iterations":	10000,
	"time_taken":	0.000791103,
	"ground_truth_matrix":	[[0.026715474938408819, 0.21773719390232371, 0.024646306624725028, 0.26697533847630672, 0.071331461147205, 0.10069016905056917, 0.15453730446846922, 0.0777644459444631, 0.037474746424589631, 0.022127559022939464], [0.011432530344489289, 0.1821179371482772, 0.079056145214111834, 0.02340391124384544, 0.28785667046947466, 0.043499462919321719, 0.072629835700401, 0.047677443735614625, 0.13457350322664272, 0.11775255999782144], [0.0980656442888187, 0.033076972621810384, 0.035863752635601466, 0.031308368631353931, 0.042480730056273688, 0.016664471943367083, 0.019381380265742564, 0.35563741156193152, 0.345173883787732, 0.022347384207368561]],
	"estimated_matrix":	[[0.025087217332268871, 0.18196854473726684, 0.033571744568634272, 0.26122398959407045, 0.0799491047255197, 0.10229729051873315, 0.16392178164954918, 0.085368797872732938, 0.047108448387058723, 0.019503080614165853], [0.013268411752821467, 0.18610423169742585, 0.089190735003267935, 0.018085028819487238, 0.27590328211085619, 0.048484408962430885, 0.072424675899907059, 0.050224631098889964, 0.13331007560407787, 0.11300451905083554], [0.0967741861327406, 0.053932074708924811, 0.015625574236217646, 0.042692708844624824, 0.0391416991565593, 0.016836564852676143, 0.01489907209880704, 0.34257161918993922, 0.36215043485104237, 0.015376065928468042]],
	"log_likelihood":	[-423.389746802052, -335.96778579771291, -288.22422380625142, -261.37870416477978, -245.76417665816979, -236.364660969481, -230.51275318155413, -226.749545125089, -224.25398543661819, -222.55078341655934, -221.35710645114662, -220.5000647312574, -219.87118297447469, -219.40066690442242, -219.04251366269025, -218.765698454201, -218.48390415862107]
}
