{
	"input_file":	"../../instances/J100_M50_G3_I10_L50_seed17.json",
	"method":	"Multinomial",
	"convergence_threshold":	0.001,
	"iterations_made":	14,
	"max_iterations":	10000,
	"time_taken":	0.00039477,
	"ground_truth_matrix":	[[0.054910088458876, 0.1189603042476769, 0.033441678392234289, 0.011060521380987629, 0.24324536090811941, 0.16800779444181613, 0.15962455027817882, 0.13481816614048331, 0.006267763850691715, 0.069663771900935742], [0.26764821479172474, 0.0056896705827529951, 0.18334443193306962, 0.19276480901552057, 0.0048285089853900686, 0.0970980434545545, 0.0737276519453078, 0.083622163902498159, 0.060710408957484467, 0.03056609643169713], [0.061293315400922067, 0.14297314709892539, 0.0874505158885679, 0.269583459149985, 0.0940159576003571, 0.026945286382059955, 0.028369706465992364, 0.00985493121997195, 0.21955082091383865, 0.059962859879379625]],
	"estimated_matrix":	[[0.059245835280445427, 0.10586923513601161, 0.029806521995482758, 0.029644779146415962, 0.241810912618663, 0.1763369500107651, 0.16947366968421221, 0.12690547897310878, 0.010355942903075932, 0.05055067425181925], [0.24894849565974356, 0.020230653971730479, 0.191891665409953, 0.16213720088468972, 0.010808503555107016, 0.11779289999911381, 0.085389626594850679, 0.0786114417268481, 0.048808385461876783, 0.035381126736086857], [0.075775581763115024, 0.1304342035697964, 0.073904866166232625, 0.2714571803796027, 0.0806671033134907, 0.030813788369347311, 0.0264447140299059, 0.019449460559626573, 0.21850365943674666, 0.072549442412136178]],
	"log_likelihood":	[-395.23873612370244, -316.816810989029, -274.26176307917177, -250.22408115924677, -236.06476196543744, -227.37459548652404, -221.82701186979583, -218.15158721271129, -215.63094980309117, -213.846668601578, -212.54693241329704, -211.57558088180019, -210.83294603353247, -210.2536508604237, -209.62858587823851]
}
