{
	"input_file":	"../../instances/J100_M50_G3_I10_L50_seed19.json",
	"method":	"Multinomial",
	"convergence_threshold":	0.001,
	"iterations_made":	15,
	"max_iterations":	10000,
	"time_taken":	0.000633335,
	"ground_truth_matrix":	[[0.00997967157152297, 0.13928787470867682, 0.027579478928395351, 0.014455766703033052, 0.039154695612610146, 0.00842603508963501, 0.10839645532130762, 0.15977019010638813, 0.394764314683101, 0.098185517275330023], [0.044314691186619112, 0.14507784297469581, 0.14368244984263659, 0.048582056046547389, 0.021994251157037275, 0.12615259812409607, 0.030059954829732515, 0.13859323982483718, 0.089158544885675553, 0.2123843711281225], [0.042098920851732474, 0.26356125129739461, 0.1355079862150774, 0.084486126625485977, 0.086158010636071036, 0.0929118015992064, 0.028201901225743359, 0.12510976961175574, 0.03049321518503639, 0.11147101675249657]],
	"estimated_matrix":	[[0.0028342224116702586, 0.13979058697474578, 0.033993477229367783, 0.02751911727523235, 0.0389648764374581, 0.020069344316529417, 0.095085183334677123, 0.17757423554476218, 0.38240583860015, 0.0817631178754071], [0.046599254061610251, 0.13340527044510184, 0.13042528538403794, 0.0512967703465703, 0.025679484803930869, 0.15211644974458144, 0.034909013192911127, 0.14896724922628921, 0.07887474479510953, 0.19772647799985749], [0.035833728910020242, 0.278597576263518, 0.13946350708596328, 0.0591442312453847, 0.0822456734775303, 0.0788147233705982, 0.031923580303858237, 0.138708882152986, 0.046029155110080114, 0.10923894208006096]],
	"log_likelihood":	[-299.041766481575, -255.2511077735322, -231.20944255007339, -217.67881633632857, -209.82983515970059, -205.13229778540963, -202.23285855399038, -200.38890048130185, -199.18201016349835, -198.37020311029426, -197.80992137265716, -197.41386336836064, -197.12764486685992, -196.91658658756123, -196.75806971172986, -196.60041886107967]
}
