{
	"input_file":	"../../instances/J100_M50_G3_I10_L50_seed8.json",
	"method":	"Multinomial",
	"convergence_threshold":	0.001,
	"iterations_made":	18,
	"max_iterations":	10000,
	"time_taken":	0.000833015,
	"ground_truth_matrix":	[[0.18686245439528151, 0.31271523785328015, 0.1838871500988386, 0.068422334178453253, 0.023949501846988717, 0.0010364237832000416, 0.050892580529086434, 0.0465360241937968, 0.066859429077963328, 0.058838864043111186], [0.077693951352584556, 0.0751473499456211, 0.13716371065268357, 0.11945249334395132, 0.092673767042944846, 0.053230454927533574, 0.032706785389616029, 0.34932904412825921, 0.038931832512760181, 0.023670610704045591], [0.0055072216856861637, 0.329020230196156, 0.011067270247359991, 0.031454329030375532, 0.0059530913362825962, 0.020596990261568617, 0.040472518156600683, 0.18322100316570472, 0.034287810719799784, 0.33841953520046592]],
	"estimated_matrix":	[[0.16168260960512648, 0.31740687070693047, 0.20291961842742606, 0.068589518274668346, 0.024451366112310777, 0.0037704107086511136, 0.052720794746475938, 0.054220271693696323, 0.0589781279927765, 0.055260411731938019], [0.0767394112603107, 0.055562535321703646, 0.14798040624229525, 0.13120785085429038, 0.065805334980461233, 0.066222305932606376, 0.035847339465011424, 0.3540613734248011, 0.050096671247990075, 0.016476771270529655], [0.02033772276833487, 0.36618602862741123, 0.018228334750599744, 0.030133045227563247, 0.010204575180469772, 0.015172107619777112, 0.032540236163033733, 0.155874094436978, 0.025398634635984366, 0.32592522058984785]],
	"log_likelihood":	[-398.08397460107932, -325.2496595765648, -285.29961319245382, -262.529230712818, -249.02109812154157, -240.69613494045186, -235.38081552145565, -231.875550633133, -229.49530315241071, -227.83597835790655, -226.65179861085912, -225.78892340884076, -225.14844466005462, -224.66517284691642, -224.29514796135069, -224.00809858247615, -223.78277795938874, -223.604013112442, -223.39833442556287]
}
