{
	"input_file":	"../../instances/J100_M50_G3_I10_L50_seed13.json",
	"method":	"Multinomial",
	"convergence_threshold":	0.001,
	"iterations_made":	15,
	"max_iterations":	10000,
	"time_taken":	0.000763799,
	"ground_truth_matrix":	[[0.095000606641782351, 0.017133841334523565, 0.109854414200967, 0.213159663431239, 0.22726109271150324, 0.038166572341381357, 0.059332412112789071, 0.0943852305406974, 0.064827896915340855, 0.080878269769776023], [0.0068883355213543232, 0.0684607808726845, 0.011645208371382151, 0.37572194421425487, 0.090114377573631624, 0.21997833859893373, 0.057186871760991957, 0.082483938626239872, 0.001826590536552423, 0.085693613923974427], [0.27956318930356217, 0.023073793909949909, 0.036123216791498255, 0.23454490768563666, 0.0030440371355612453, 0.006318257987249565, 0.0933001577690485, 0.19433754783255683, 0.00082184714507826516, 0.12887304443985828]],
	"estimated_matrix":	[[0.09297133530127534, 0.017787406881257028, 0.11546311113027709, 0.21247930216510205, 0.23148574240595482, 0.036428668801430947, 0.062099515953653928, 0.0806828266372055, 0.067898304346157845, 0.08270378637768544], [0.017577323445134, 0.068590160428233932, 0.016696380511895516, 0.37626574698349918, 0.0759213958534293, 0.21412417472105144, 0.056327906601315966, 0.077293461836130228, 0.00056738807843226865, 0.096636061540878157], [0.2718851036651439, 0.023435931134557289, 0.035416266656037067, 0.22331214009269418, 0.011268499256639574, 0.016020933304061975, 0.10160506793395985, 0.199308198529734, 0.0026975299447206677, 0.11505032948245159]],
	"log_likelihood":	[-393.70190522639433, -326.96252687083773, -292.23941702753348, -273.4511832714511, -262.78501467381142, -256.430125634692, -252.4640230695224, -249.87820368406923, -248.1227700211272, -246.88654484258564, -245.98705791809158, -245.31358124264494, -244.79666752478232, -244.39136203548284, -244.06768140992091, -243.70596065817981]
}
