{
	"input_file":	"../../instances/J100_M50_G3_I10_L50_seed14.json",
	"method":	"Multinomial",
	"convergence_threshold":	0.001,
	"iterations_made":	17,
	"max_iterations":	10000,
	"time_taken":	0.000897988,
	"ground_truth_matrix":	[[0.072756559579671962, 0.1496149553698512, 0.20608955322757225, 0.00081482132852198129, 0.037383355051305023, 0.318757571955605, 0.0725851899237404, 0.038640124848800833, 0.07813803605270303, 0.025219832662228388], [0.16106647274809777, 0.04108471195722066, 0.075916688175726, 0.000577733854966009, 0.10966663037368535, 0.023120032174088642, 0.26444084160278358, 0.04597428467004392, 0.13690581024077314, 0.141246794202615], [0.27457020663254578, 0.015670213003462923, 0.047928096851870335, 0.086529298626726064, 0.15012209735757456, 0.040009698419252678, 0.16224042461034441, 0.14373135909456444, 0.02698626539329689, 0.05221234001036193]],
	"estimated_matrix":	[[0.07119081601433723, 0.15791548245222431, 0.20933352858010279, 0.00269569806399867, 0.051292007175075954, 0.33095587115865444, 0.05727281948422723, 0.017117322815199908, 0.0683499710393168, 0.0338764832168627], [0.16638741902450718, 0.030738826328132671, 0.0776647920518321, 0.0070163250111068042, 0.10326134527469323, 0.023822076288455944, 0.26949845807926021, 0.0501216339603499, 0.12165428362202843, 0.1498348403596336], [0.26389868629091318, 0.011467674867264358, 0.03590928453286045, 0.078313143204595426, 0.1688973923690702, 0.0255647850507112, 0.1553275294805106, 0.16695244864964773, 0.041714129879872018, 0.051954925674554821]],
	"log_likelihood":	[-384.86451136122, -307.775667149388, -265.60733129407419, -241.84722381596632, -228.00493473508766, -219.67033809128395, -214.49021362465351, -211.17156956147, -208.98331983460315, -207.50059794415688, -206.469940068191, -205.73629545717074, -205.20250457003866, -204.8062604690875, -204.50671072752846, -204.27649579302505, -204.09691890420521, -203.91003743144995]
}
