{
	"input_file":	"../../instances/J100_M50_G3_I2_L50_seed18.json",
	"method":	"Multinomial",
	"convergence_threshold":	0.001,
	"iterations_made":	17,
	"max_iterations":	10000,
	"time_taken":	0.000129497,
	"ground_truth_matrix":	[[0.598796857472177, 0.40120314252782313], [0.913094360419019, 0.086905639580980923], [0.57961290670290522, 0.42038709329709484]],
	"estimated_matrix":	[[0.60762145937751133, 0.39237854062248867], [0.91817649652337974, 0.0818235034766202], [0.60772455118736124, 0.39227544881263876]],
	"log_likelihood":	[-51.5415481211014, -35.221603111894723, -25.805511741020638, -20.237296204515911, -16.861156060109227, -14.764682883640351, -13.434079471096782, -12.573003270672425, -12.00630181093679, -11.627957100428814, -11.372339407665782, -11.197969610814457, -11.078133548675783, -10.9953329751342, -10.937932972756325, -10.898094586853277, -10.870475457145941, -10.839972807313908]
}
