{
	"input_file":	"../../instances/J100_M50_G3_I2_L50_seed19.json",
	"method":	"Multinomial",
	"convergence_threshold":	0.001,
	"iterations_made":	25,
	"max_iterations":	10000,
	"time_taken":	0.000294587,
	"ground_truth_matrix":	[[0.0668576111835421, 0.933142388816458], [0.65610367000627345, 0.34389632999372649], [0.82291076733637858, 0.17708923266362139]],
	"estimated_matrix":	[[0.080171390920492872, 0.919828609079507], [0.66082745590728, 0.33917254409272], [0.816633177988419, 0.183366822011581]],
	"log_likelihood":	[-155.87557974068534, -97.028449438390922, -63.386157592021625, -43.505088390552636, -31.403313234451492, -23.832151981386225, -18.97143832479901, -15.773747524882712, -13.621337633857712, -12.141235533195085, -11.1030986483694, -10.361539289269039, -9.82286162462328, -9.42547854525171, -9.128147435333716, -8.9027628814715349, -8.72985660066511, -8.59573609390651, -8.4906334262767249, -8.40748764409643, -8.3411313747780458, -8.287739393430396, -8.2444495739269659, -8.20909891684108, -8.18003744899757, -8.1449744897959651]
}
