{
	"input_file":	"../../instances/J100_M50_G3_I2_L50_seed20.json",
	"method":	"Multinomial",
	"convergence_threshold":	0.001,
	"iterations_made":	21,
	"max_iterations":	10000,
	"time_taken":	0.000246531,
	"ground_truth_matrix":	[[0.28008881000392533, 0.71991118999607473], [0.56763625027584241, 0.43236374972415759], [0.030121069218649359, 0.96987893078135068]],
	"estimated_matrix":	[[0.270209991090576, 0.729790008909424], [0.559611662149426, 0.44038833785057413], [0.024848140563002826, 0.97515185943699723]],
	"log_likelihood":	[-115.1861855198763, -76.508049799621276, -54.894917256631935, -42.374620501155611, -34.8371456350244, -30.123278564013454, -27.065371623715588, -25.012000795926976, -23.588229728364176, -22.571582485482967, -21.826097303232086, -21.266290512241881, -20.836933772072747, -20.501410330773481, -20.23484287644207, -20.019939439031813, -19.844423500856639, -19.699408123420817, -19.578344807390373, -19.476329638116578, -19.389636093195232, -19.281335027654983]
}
