{
	"input_file":	"../../instances/J100_M50_G3_I2_L50_seed4.json",
	"method":	"Multinomial",
	"convergence_threshold":	0.001,
	"iterations_made":	7,
	"max_iterations":	10000,
	"time_taken":	9.4033e-05,
	"ground_truth_matrix":	[[0.81154224282326637, 0.1884577571767336], [0.74157729251795246, 0.25842270748204754], [0.830917484555137, 0.16908251544486275]],
	"estimated_matrix":	[[0.79847906232233024, 0.20152093767766974], [0.74264587068269849, 0.25735412931730156], [0.83011440338406239, 0.16988559661593758]],
	"log_likelihood":	[-31.956676522452515, -30.372735046585493, -29.551992516383532, -29.123044139209494, -28.896196667581155, -28.774430441975088, -28.7078752265322, -28.662666784690259]
}
