{
	"input_file":	"../../instances/J100_M50_G3_I2_L50_seed14.json",
	"method":	"Multinomial",
	"convergence_threshold":	0.001,
	"iterations_made":	29,
	"max_iterations":	10000,
	"time_taken":	0.000211682,
	"ground_truth_matrix":	[[0.32718470976908715, 0.6728152902309128], [0.99606184581514945, 0.0039381541848506141], [0.104967871470104, 0.895032128529896]],
	"estimated_matrix":	[[0.33526106689529, 0.66473893310471], [0.97342033415038554, 0.026579665849614544], [0.11275642963796148, 0.88724357036203849]],
	"log_likelihood":	[-208.92274043455132, -129.46069896431877, -83.9736802328587, -56.838257039474726, -40.097925293763936, -29.458894709986922, -22.508321684161068, -17.848010649474219, -14.646146448152415, -12.395667822291879, -10.780183846391258, -9.5977836591133663, -8.71679959369435, -8.04958453801406, -7.5366484824490021, -7.136868690412685, -6.8213296850427714, -6.56937387982779, -6.3660236404026138, -6.2002695348290846, -6.0639151871457724, -5.9507857533635073, -5.85617771168947, -5.7764712037617265, -5.7088534259262831, -5.6511189027015236, -5.6015236589875057, -5.5586776272957756, -5.5214644817465226, -5.4541934512437837]
}
