{
	"input_file":	"../../instances/J100_M50_G3_I2_L50_seed15.json",
	"method":	"Multinomial",
	"convergence_threshold":	0.001,
	"iterations_made":	22,
	"max_iterations":	10000,
	"time_taken":	0.000261525,
	"ground_truth_matrix":	[[0.905527300001945, 0.0944726999980548], [0.11077641301954382, 0.889223586980456], [0.29906126152703688, 0.70093873847296317]],
	"estimated_matrix":	[[0.898823449446319, 0.101176550553681], [0.1030965888097231, 0.896903411190277], [0.31451821558251142, 0.68548178441748853]],
	"log_likelihood":	[-185.0433076496071, -108.55588275349567, -68.046269295125768, -45.561307049589, -32.561629258601364, -24.759711315240441, -19.911250976612543, -16.7989868732898, -14.740665396890387, -13.341746901828889, -12.367157888804909, -11.67281757041385, -11.168038210187991, -10.79430826024967, -10.513000855468373, -10.29807138078133, -10.131614055284608, -10.001096495960427, -9.8976017801255161, -9.8146886260022, -9.7476385948694269, -9.6929502975481956, -9.6338986923186]
}
