{
	"input_file":	"../../instances/J100_M50_G3_I2_L50_seed4.json",
	"method":	"Multinomial",
	"convergence_threshold":	0.001,
	"iterations_made":	7,
	"max_iterations":	10000,
	"time_taken":	0.000118971,
	"ground_truth_matrix":	[[0.81154224282326637, 0.1884577571767336], [0.74157729251795246, 0.25842270748204754], [0.830917484555137, 0.16908251544486275]],
	"estimated_matrix":	[[0.79847906232233024, 0.20152093767766965], [0.74264587068269849, 0.25735412931730151], [0.83011440338406239, 0.16988559661593761]],
	"log_likelihood":	[-31.956676522452515, -30.372735046585444, -29.551992516383624, -29.123044139209025, -28.896196667581606, -28.774430441974967, -28.7078752265319, -28.662666784690376]
}
