{
	"input_file":	"../../instances/J100_M50_G3_I2_L50_seed13.json",
	"method":	"Multinomial",
	"convergence_threshold":	0.001,
	"iterations_made":	18,
	"max_iterations":	10000,
	"time_taken":	0.000219583,
	"ground_truth_matrix":	[[0.84720269601591158, 0.15279730398408845], [0.34009172295595952, 0.65990827704404054], [0.856207255811948, 0.14379274418805191]],
	"estimated_matrix":	[[0.87156112550849, 0.12843887449151006], [0.28624489807959014, 0.71375510192040981], [0.85469141083889744, 0.14530858916110262]],
	"log_likelihood":	[-127.77259695175619, -77.0829366049699, -49.402560963761786, -33.8741577821933, -24.927872178464188, -19.645477112811534, -16.455701081847824, -14.489749510807584, -13.255189357926373, -12.46644275303828, -11.954373419941106, -11.61686543420509, -11.391178147699083, -11.23814401690796, -11.132952472640792, -11.059674377626846, -11.007953282343486, -10.970974988896241, -10.93722921664688]
}
