{
	"input_file":	"../../instances/J100_M50_G3_I2_L50_seed8.json",
	"method":	"Multinomial",
	"convergence_threshold":	0.001,
	"iterations_made":	18,
	"max_iterations":	10000,
	"time_taken":	0.000132374,
	"ground_truth_matrix":	[[0.37404082947384554, 0.62595917052615457], [0.728815845450914, 0.27118415454908579], [0.9585196963066358, 0.041480303693364189]],
	"estimated_matrix":	[[0.3620849439176852, 0.6379150560823148], [0.766510376805517, 0.23348962319448291], [0.932158410431857, 0.0678415895681431]],
	"log_likelihood":	[-112.20761593916828, -70.7945474468791, -47.963580498401, -35.0050623671454, -27.426935727425718, -22.867432001059036, -20.050135344976148, -18.265510285983265, -17.108404975436866, -16.341593760771566, -15.822893469209363, -15.465207762840349, -15.214080896266264, -15.034798551402474, -14.904817968523451, -14.809238409711563, -14.738041286051647, -14.684379603115735, -14.629614405704423]
}
