{
	"input_file":	"../../instances/J100_M50_G3_I2_L50_seed11.json",
	"method":	"Multinomial",
	"convergence_threshold":	0.001,
	"iterations_made":	19,
	"max_iterations":	10000,
	"time_taken":	0.000226828,
	"ground_truth_matrix":	[[0.90996736531017963, 0.0900326346898204], [0.3252452051574129, 0.674754794842587], [0.45066551343952227, 0.54933448656047779]],
	"estimated_matrix":	[[0.89318058235924846, 0.10681941764075154], [0.30195128230216617, 0.69804871769783383], [0.47456384094762616, 0.525436159052374]],
	"log_likelihood":	[-112.4011630595497, -71.569679875689431, -48.979661426447549, -36.070877342844724, -28.4636215800384, -23.848303460117776, -20.971002203331334, -19.131507242824966, -17.92799784665155, -17.123768658757264, -16.575876403593153, -16.195967590622157, -15.928236739781271, -15.736724183191232, -15.597827163886324, -15.495788239798092, -15.419921667234062, -15.362875624710403, -15.319524021116107, -15.276344116873393]
}
