{
	"input_file":	"../../instances/J100_M50_G3_I2_L50_seed12.json",
	"method":	"Multinomial",
	"convergence_threshold":	0.001,
	"iterations_made":	14,
	"max_iterations":	10000,
	"time_taken":	0.0001439,
	"ground_truth_matrix":	[[0.11053619287835263, 0.88946380712164752], [0.28597542938972, 0.71402457061028], [0.0058150405982643075, 0.99418495940173579]],
	"estimated_matrix":	[[0.082926938444141021, 0.917073061555859], [0.3055041352593566, 0.6944958647406434], [0.025115038769362864, 0.97488496123063717]],
	"log_likelihood":	[-63.096911817207051, -43.5874298110013, -32.973953531261969, -27.042947888730549, -23.604584402488658, -21.533663780068334, -20.239479350091543, -19.402064203163654, -18.842273622212186, -18.456544393133861, -18.183178226757772, -17.984370649203623, -17.836339375151653, -17.72374629702044, -17.613495104153561]
}
