{
	"input_file":	"../../instances/J100_M50_G3_I2_L50_seed5.json",
	"method":	"Multinomial",
	"convergence_threshold":	0.001,
	"iterations_made":	13,
	"max_iterations":	10000,
	"time_taken":	9.7411e-05,
	"ground_truth_matrix":	[[0.1092869023075165, 0.89071309769248352], [0.084514668368276855, 0.91548533163172319], [0.41466565027429875, 0.585334349725701]],
	"estimated_matrix":	[[0.099740247498191228, 0.90025975250180879], [0.086901638798294628, 0.91309836120170529], [0.38752306551535126, 0.61247693448464868]],
	"log_likelihood":	[-66.092880261621474, -45.994429960065567, -35.217784664993729, -29.361187695266768, -26.1093234788522, -24.261151049566806, -23.186085931791318, -22.546392248236916, -22.157221333897922, -21.915231688040542, -21.761472954912684, -21.661669052860145, -21.5955217335126, -21.543215932931879]
}
