{
	"input_file":	"../../instances/J100_M50_G3_I2_L50_seed15.json",
	"method":	"Multinomial",
	"convergence_threshold":	0.001,
	"iterations_made":	22,
	"max_iterations":	10000,
	"time_taken":	0.000154467,
	"ground_truth_matrix":	[[0.905527300001945, 0.0944726999980548], [0.11077641301954382, 0.889223586980456], [0.29906126152703688, 0.70093873847296317]],
	"estimated_matrix":	[[0.898823449446319, 0.101176550553681], [0.10309658880972312, 0.896903411190277], [0.31451821558251142, 0.68548178441748853]],
	"log_likelihood":	[-185.0433076496071, -108.55588275349564, -68.0462692951257, -45.561307049588635, -32.561629258601116, -24.759711315240619, -19.91125097661272, -16.798986873289852, -14.740665396889923, -13.341746901829135, -12.367157888805238, -11.672817570414063, -11.168038210187333, -10.794308260250267, -10.513000855468974, -10.298071380780996, -10.131614055284581, -10.001096495961008, -9.8976017801255143, -9.8146886260018, -9.7476385948692155, -9.69295029754818, -9.6338986923183736]
}
