{
	"input_file":	"../../instances/J100_M50_G3_I2_L50_seed10.json",
	"method":	"Multinomial",
	"convergence_threshold":	0.001,
	"iterations_made":	21,
	"max_iterations":	10000,
	"time_taken":	0.00014605,
	"ground_truth_matrix":	[[0.98598621315062451, 0.014013786849375551], [0.42091152445267649, 0.57908847554732346], [0.73049207059464549, 0.26950792940535451]],
	"estimated_matrix":	[[0.96606274671022274, 0.033937253289777168], [0.450132943765364, 0.549867056234636], [0.763414568979464, 0.23658543102053589]],
	"log_likelihood":	[-99.098915889484658, -63.660783169026566, -44.1311185841939, -32.985117994240781, -26.377075931048019, -22.3078096693456, -19.70802967796584, -17.987920317424948, -16.811974695757318, -15.983500982509032, -15.383741208274472, -14.938903693388136, -14.601841748629447, -14.341613991271533, -14.137389511401173, -13.974804106847332, -13.843730413316736, -13.736881586485994, -13.648917047891363, -13.575857113981376, -13.514691683062313, -13.43960892895196]
}
