{
	"input_file":	"../../instances/J100_M50_G3_I2_L50_seed19.json",
	"method":	"Multinomial",
	"convergence_threshold":	0.001,
	"iterations_made":	25,
	"max_iterations":	10000,
	"time_taken":	0.00026433,
	"ground_truth_matrix":	[[0.0668576111835421, 0.933142388816458], [0.65610367000627345, 0.34389632999372649], [0.82291076733637858, 0.17708923266362139]],
	"estimated_matrix":	[[0.08017139092049283, 0.91982860907950725], [0.66082745590728, 0.33917254409272], [0.816633177988419, 0.18336682201158094]],
	"log_likelihood":	[-155.87557974068534, -97.028449438391249, -63.3861575920214, -43.505088390552316, -31.403313234451467, -23.832151981385657, -18.971438324798822, -15.773747524883287, -13.621337633857589, -12.141235533195458, -11.103098648369595, -10.361539289268965, -9.8228616246233731, -9.4254785452514653, -9.12814743533361, -8.9027628814717055, -8.72985660066511, -8.5957360939064369, -8.490633426276764, -8.4074876440960846, -8.34113137477783, -8.28773939343078, -8.24444957392683, -8.209098916840496, -8.1800374489976928, -8.1449744897957]
}
