{
	"input_file":	"../../instances/J100_M50_G3_I2_L50_seed7.json",
	"method":	"Multinomial",
	"convergence_threshold":	0.001,
	"iterations_made":	22,
	"max_iterations":	10000,
	"time_taken":	0.00019141,
	"ground_truth_matrix":	[[0.049824327768858021, 0.950175672231142], [0.30980548916967027, 0.69019451083032979], [0.831514501677034, 0.16848549832296594]],
	"estimated_matrix":	[[0.07168176745333224, 0.928318232546668], [0.3122144714834908, 0.6877855285165092], [0.811913688530409, 0.18808631146959107]],
	"log_likelihood":	[-150.24674072526074, -92.218665452421774, -59.221471538724778, -39.8810989538511, -28.224613752611681, -21.016311402084927, -16.4511319794428, -13.49519124322649, -11.541666845100234, -10.226086721091464, -9.3247029084548672, -8.6972900432803062, -8.25424287691645, -7.9372516962335755, -7.70772264297742, -7.53970468694053, -7.41548990403468, -7.3228290982921065, -7.25314085929116, -7.2003419009354479, -7.16007214681181, -7.12917440394233, -7.0893935171254245]
}
