{
	"input_file":	"../../instances/J100_M50_G3_I2_L50_seed17.json",
	"method":	"Multinomial",
	"convergence_threshold":	0.001,
	"iterations_made":	14,
	"max_iterations":	10000,
	"time_taken":	0.000100941,
	"ground_truth_matrix":	[[0.315810458607232, 0.684189541392768], [0.751461243773324, 0.24853875622667579], [0.59147354310544265, 0.40852645689455724]],
	"estimated_matrix":	[[0.30077629668958361, 0.69922370331041639], [0.74017159275719768, 0.25982840724280232], [0.59094707864995177, 0.40905292135004817]],
	"log_likelihood":	[-75.122560703944245, -52.392514320458758, -39.983808832679877, -33.054929329979245, -29.095544005465538, -26.781016519527892, -25.397650735061156, -24.552644089824806, -24.0252899535958, -23.689109963918231, -23.470252184402149, -23.324809473412731, -23.226213764340084, -23.15810423383255, -23.1040435488831]
}
