{
	"input_file":	"../../instances/J100_M50_G3_I2_L50_seed7.json",
	"method":	"Multinomial",
	"convergence_threshold":	0.001,
	"iterations_made":	22,
	"max_iterations":	10000,
	"time_taken":	0.000159137,
	"ground_truth_matrix":	[[0.049824327768858021, 0.950175672231142], [0.30980548916967027, 0.69019451083032979], [0.831514501677034, 0.16848549832296594]],
	"estimated_matrix":	[[0.07168176745333224, 0.92831823254666768], [0.3122144714834908, 0.6877855285165092], [0.811913688530409, 0.18808631146959107]],
	"log_likelihood":	[-150.24674072526074, -92.2186654524222, -59.221471538724835, -39.8810989538508, -28.224613752611937, -21.016311402084281, -16.451131979443119, -13.495191243226621, -11.541666845100423, -10.226086721091374, -9.3247029084551158, -8.697290043280157, -8.2542428769160736, -7.93725169623361, -7.7077226429772168, -7.5397046869402171, -7.4154899040345814, -7.3228290982925754, -7.2531408592907844, -7.2003419009359346, -7.1600721468124018, -7.12917440394194, -7.0893935171257745]
}
