{
	"input_file":	"../../instances/J100_M50_G3_I2_L50_seed8.json",
	"method":	"Multinomial",
	"convergence_threshold":	0.001,
	"iterations_made":	18,
	"max_iterations":	10000,
	"time_taken":	0.000219497,
	"ground_truth_matrix":	[[0.37404082947384554, 0.62595917052615457], [0.728815845450914, 0.27118415454908579], [0.9585196963066358, 0.041480303693364189]],
	"estimated_matrix":	[[0.36208494391768531, 0.6379150560823148], [0.766510376805517, 0.233489623194483], [0.932158410431857, 0.0678415895681431]],
	"log_likelihood":	[-112.20761593916828, -70.794547446878966, -47.963580498401, -35.005062367146152, -27.42693572742624, -22.867432001059953, -20.050135344976209, -18.2655102859839, -17.108404975436336, -16.341593760771659, -15.822893469209, -15.465207762840153, -15.21408089626623, -15.03479855140244, -14.904817968523693, -14.809238409712028, -14.738041286051937, -14.68437960311628, -14.629614405704267]
}
