{
	"input_file":	"../../instances/J100_M50_G3_I2_L50_seed20.json",
	"method":	"Multinomial",
	"convergence_threshold":	0.001,
	"iterations_made":	21,
	"max_iterations":	10000,
	"time_taken":	0.000373069,
	"ground_truth_matrix":	[[0.28008881000392533, 0.71991118999607473], [0.56763625027584241, 0.43236374972415759], [0.030121069218649359, 0.96987893078135068]],
	"estimated_matrix":	[[0.27020999109057581, 0.729790008909424], [0.559611662149426, 0.44038833785057413], [0.024848140563002837, 0.97515185943699723]],
	"log_likelihood":	[-115.1861855198763, -76.5080497996218, -54.89491725663224, -42.374620501155988, -34.8371456350246, -30.123278564013525, -27.065371623715293, -25.012000795926657, -23.5882297283643, -22.5715824854828, -21.826097303232043, -21.26629051224214, -20.8369337720734, -20.5014103307736, -20.234842876441949, -20.019939439032814, -19.844423500856713, -19.699408123420707, -19.57834480739054, -19.476329638116244, -19.389636093195779, -19.281335027655064]
}
