{
	"input_file":	"../../instances/J100_M50_G3_I3_L50_seed13.json",
	"method":	"Multinomial",
	"convergence_threshold":	0.001,
	"iterations_made":	17,
	"max_iterations":	10000,
	"time_taken":	0.000261443,
	"ground_truth_matrix":	[[0.42795213106645874, 0.0771833377876456, 0.49486453114589557], [0.44539345432817962, 0.47485814852501324, 0.0797483971468072], [0.27148763699248735, 0.431879006667955, 0.29663335633955767]],
	"estimated_matrix":	[[0.44241060724905529, 0.082130867237250743, 0.475458525513694], [0.41224906341242928, 0.48805367275006634, 0.0996972638375045], [0.28774023287650519, 0.43096716146087355, 0.28129260566262121]],
	"log_likelihood":	[-119.05992057196019, -86.105786752818, -68.063930509544861, -57.764732904731062, -51.645383976781424, -47.8743852342101, -45.474099086473089, -43.902539555783825, -42.848130473809761, -42.125599066736356, -41.621334052970148, -41.263718476175079, -41.0064880694611, -40.8191040045396, -40.681021478970173, -40.578186518170469, -40.500842762477923, -40.423109364862732]
}
