{
	"input_file":	"../../instances/J100_M50_G3_I3_L50_seed7.json",
	"method":	"Multinomial",
	"convergence_threshold":	0.001,
	"iterations_made":	26,
	"max_iterations":	10000,
	"time_taken":	0.000248894,
	"ground_truth_matrix":	[[0.036577241285230634, 0.697546888897068, 0.26587586981770139], [0.21879765890019268, 0.6495810753685386, 0.13162126573126864], [0.64224846952680181, 0.069064020825201869, 0.28868750964799622]],
	"estimated_matrix":	[[0.021143116430418024, 0.70693633096239328, 0.27192055260718878], [0.22216162448063873, 0.628301864071913, 0.14953651144744817], [0.65456717817762766, 0.075743400558413, 0.26968942126395945]],
	"log_likelihood":	[-195.53441278475867, -134.41386952458336, -98.900356047627938, -77.463140181889941, -64.057188818775458, -55.397053054153481, -49.632817242816252, -45.688881673364932, -42.921165354059511, -40.933263799474439, -39.474854193726145, -38.384001512906522, -37.553553999906619, -36.911096279211158, -36.406716171402522, -36.005377250664587, -35.6820649978545, -35.41863767122873, -35.201745519071757, -35.021432028846348, -34.870178316053867, -34.7422402718341, -34.633182191999417, -34.539544247391426, -34.458602411694727, -34.388193106042984, -34.292197794131852]
}
