{
	"input_file":	"../../instances/J100_M50_G3_I3_L50_seed1.json",
	"method":	"Multinomial",
	"convergence_threshold":	0.001,
	"iterations_made":	17,
	"max_iterations":	10000,
	"time_taken":	0.000249009,
	"ground_truth_matrix":	[[0.29749272785290543, 0.70244421200198748, 6.3060145107194e-05], [0.58481013050579844, 0.25781025207282132, 0.15737961742138015], [0.181511853553677, 0.373368719881009, 0.445119426565314]],
	"estimated_matrix":	[[0.28806268448640465, 0.69608956027711044, 0.015847755236484837], [0.58953436996401454, 0.25248126313171387, 0.15798436690427153], [0.18525230874573131, 0.388298408223099, 0.42644928303116975]],
	"log_likelihood":	[-156.37686180206043, -105.44998147117914, -77.922417601625, -62.646653674187576, -53.876354339584516, -48.65070396622675, -45.415572704153888, -43.334551721883926, -41.945014262888918, -40.983721109808371, -40.296500155147221, -39.79038353542478, -39.4076462703048, -39.111392835265278, -38.8773662721063, -38.689182808548836, -38.535492716415533, -38.357220439514961]
}
