{
	"input_file":	"../../instances/J100_M50_G3_I3_L50_seed19.json",
	"method":	"Multinomial",
	"convergence_threshold":	0.001,
	"iterations_made":	17,
	"max_iterations":	10000,
	"time_taken":	0.000162468,
	"ground_truth_matrix":	[[0.05643109664837008, 0.78761785528698358, 0.15595104806464638], [0.23302035588171555, 0.63115580747276, 0.13582383664552442], [0.16351092624063165, 0.24100577544256716, 0.595483298316801]],
	"estimated_matrix":	[[0.048388858865491734, 0.79189348816018079, 0.15971765297432747], [0.213144832484991, 0.642592149761662, 0.144263017753347], [0.16674195630989647, 0.27817075763013821, 0.55508728605996538]],
	"log_likelihood":	[-135.35159812093178, -98.817634267402966, -78.0381484380153, -65.9921281032227, -58.851986728965279, -54.52185941644705, -51.8359151938345, -50.132932465726512, -49.030115227422122, -48.3012688958237, -47.810045999707064, -47.4726711628223, -47.236721823753683, -47.068816981209729, -46.947341941799166, -46.8580731532622, -46.791503126298778, -46.732188211133725]
}
