{
	"input_file":	"../../instances/J100_M50_G3_I3_L50_seed14.json",
	"method":	"Multinomial",
	"convergence_threshold":	0.001,
	"iterations_made":	19,
	"max_iterations":	10000,
	"time_taken":	0.000313268,
	"ground_truth_matrix":	[[0.16980903280015061, 0.34919148198550209, 0.48099948521434727], [0.0022826956347437562, 0.10472826176811086, 0.89298904259714529], [0.38331171056814639, 0.20405281529085445, 0.41263547414099916]],
	"estimated_matrix":	[[0.16878024743382711, 0.36056838660997975, 0.47065136595619311], [0.022694417633596035, 0.10097090509241313, 0.876334677273991], [0.34903919428567887, 0.2203453108372426, 0.43061549487707856]],
	"log_likelihood":	[-118.41726772639335, -86.4353147142212, -67.764851109889833, -56.662007492368517, -49.894548154041949, -45.653984410401343, -42.9189848363173, -41.1031564364208, -39.862947182312176, -38.992575850196253, -38.3659159588809, -37.903847345832254, -37.5555836670656, -37.2877864429373, -37.078091833784725, -36.911183783180931, -36.776364143626672, -36.666019562298835, -36.5746357210302, -36.47235455296132]
}
