{
	"input_file":	"../../instances/J100_M50_G3_I3_L50_seed5.json",
	"method":	"Multinomial",
	"convergence_threshold":	0.001,
	"iterations_made":	19,
	"max_iterations":	10000,
	"time_taken":	0.000369307,
	"ground_truth_matrix":	[[0.099277505208629477, 0.80913423592827161, 0.0915882588630989], [0.608148478297384, 0.16248736605778868, 0.22936415564482709], [0.57283457335997, 0.28825508098764524, 0.13891034565238466]],
	"estimated_matrix":	[[0.10223619725614945, 0.80510189574246338, 0.0926619070013872], [0.6212685017911066, 0.15693791040464145, 0.2217935878042519], [0.54197130305919017, 0.31844573597135811, 0.13958296096945177]],
	"log_likelihood":	[-154.64629593824884, -102.69256394182787, -74.3381227185842, -58.304910888798489, -48.93114880364255, -43.275854085451385, -39.761557478349737, -37.516498077808237, -36.045040933965915, -35.057624507977842, -34.380616751318961, -33.907285244639525, -33.570460056063311, -33.3269224583741, -33.148282016910038, -33.015525966843853, -32.915692746957475, -32.8398001852114, -32.781529816946843, -32.72360157142046]
}
