{
	"input_file":	"../../instances/J100_M50_G3_I3_L50_seed14.json",
	"method":	"Multinomial",
	"convergence_threshold":	0.001,
	"iterations_made":	19,
	"max_iterations":	10000,
	"time_taken":	0.000291177,
	"ground_truth_matrix":	[[0.16980903280015061, 0.34919148198550209, 0.48099948521434727], [0.0022826956347437562, 0.10472826176811086, 0.89298904259714529], [0.38331171056814639, 0.20405281529085445, 0.41263547414099916]],
	"estimated_matrix":	[[0.16878024743382708, 0.36056838660997975, 0.47065136595619322], [0.022694417633596042, 0.10097090509241313, 0.876334677273991], [0.349039194285679, 0.22034531083724254, 0.43061549487707856]],
	"log_likelihood":	[-118.41726772639335, -86.435314714221661, -67.7648511098899, -56.66200749236824, -49.8945481540419, -45.653984410401712, -42.918984836317414, -41.103156436420981, -39.862947182312013, -38.992575850196623, -38.365915958880819, -37.9038473458323, -37.555583667065861, -37.287786442937438, -37.078091833784228, -36.911183783181, -36.776364143627241, -36.6660195622986, -36.574635721030539, -36.472354552961143]
}
