{
	"input_file":	"../../instances/J100_M50_G3_I3_L50_seed8.json",
	"method":	"Multinomial",
	"convergence_threshold":	0.001,
	"iterations_made":	19,
	"max_iterations":	10000,
	"time_taken":	0.000200799,
	"ground_truth_matrix":	[[0.27340463300715134, 0.457544000038453, 0.26905136695439574], [0.73250839185554451, 0.25639597500319711, 0.011095633141258382], [0.30977655129027537, 0.28325875669197409, 0.40696469201775065]],
	"estimated_matrix":	[[0.26654887854078724, 0.47208005630241318, 0.26137106515679948], [0.744172340343645, 0.23996231042247285, 0.015865349233882223], [0.31673732592016263, 0.30732119609180986, 0.37594147798802752]],
	"log_likelihood":	[-134.58637678940778, -96.783303503366255, -75.1349021577938, -62.387812156271181, -54.644662286714151, -49.784805129693218, -46.63110737582435, -44.515196569721155, -43.048453179329812, -41.999381703826984, -41.226678853730974, -40.6419597300047, -40.188573711318121, -39.829318670977173, -39.539172016017183, -39.3009043712935, -39.1023806983988, -38.934867327673224, -38.791949420465365, -38.622949899210077]
}
