{
	"input_file":	"../../instances/J100_M50_G3_I3_L50_seed20.json",
	"method":	"Multinomial",
	"convergence_threshold":	0.001,
	"iterations_made":	20,
	"max_iterations":	10000,
	"time_taken":	0.00019045,
	"ground_truth_matrix":	[[0.16462456721633445, 0.42313389130268786, 0.41224154148097764], [0.582351120333567, 0.012580030813523983, 0.405068848852909], [0.20877069949759983, 0.3206161607287713, 0.47061313977362884]],
	"estimated_matrix":	[[0.1488858586463081, 0.42229513975061378, 0.42881900160307818], [0.5612855852506603, 0.024428771485689539, 0.41428564326365014], [0.22042086630923166, 0.303332744030624, 0.47624638966014432]],
	"log_likelihood":	[-131.35155794242894, -97.163795661111465, -77.6374231230253, -66.139441961282657, -59.13683680059156, -54.723170718584655, -51.845913950089439, -49.908562019372518, -48.563724078523251, -47.60347329538854, -46.8999410828946, -46.372378560951468, -45.968463084172761, -45.653441898374574, -45.40368254297848, -45.2027547822008, -45.038997699159133, -44.903976259477261, -44.791481511314885, -44.696869754348612, -44.580912102425629]
}
