{
	"input_file":	"../../instances/J100_M50_G3_I3_L50_seed5.json",
	"method":	"Multinomial",
	"convergence_threshold":	0.001,
	"iterations_made":	19,
	"max_iterations":	10000,
	"time_taken":	0.000230428,
	"ground_truth_matrix":	[[0.099277505208629477, 0.80913423592827161, 0.0915882588630989], [0.608148478297384, 0.16248736605778868, 0.22936415564482709], [0.57283457335997, 0.28825508098764524, 0.13891034565238466]],
	"estimated_matrix":	[[0.10223619725614941, 0.8051018957424636, 0.0926619070013872], [0.62126850179110671, 0.15693791040464145, 0.22179358780425193], [0.54197130305919017, 0.31844573597135811, 0.1395829609694518]],
	"log_likelihood":	[-154.64629593824884, -102.69256394182773, -74.3381227185843, -58.304910888798418, -48.931148803642543, -43.275854085451378, -39.761557478349971, -37.516498077808251, -36.04504093396536, -35.057624507978076, -34.3806167513194, -33.907285244640065, -33.570460056063574, -33.326922458374341, -33.1482820169099, -33.01552596684467, -32.9156927469579, -32.839800185210926, -32.7815298169466, -32.72360157141982]
}
