{
	"input_file":	"../../instances/J100_M50_G3_I3_L50_seed18.json",
	"method":	"Multinomial",
	"convergence_threshold":	0.001,
	"iterations_made":	23,
	"max_iterations":	10000,
	"time_taken":	0.000452301,
	"ground_truth_matrix":	[[0.2719923306744691, 0.18223906229356635, 0.54576860703196461], [0.0573478133834925, 0.54637337389464335, 0.39627881272186422], [0.18885986669153693, 0.76000184958232464, 0.051138283726138462]],
	"estimated_matrix":	[[0.247531190739932, 0.18788472503073908, 0.564584084229329], [0.074807087563818223, 0.54662660599892754, 0.37856630643725442], [0.20181033067642412, 0.7666250767663545, 0.031564592557221362]],
	"log_likelihood":	[-159.64609812093229, -111.27552520184005, -83.924904120474437, -67.7818106109929, -57.872125636861789, -51.567053975850143, -47.422322685698816, -44.615616502972443, -42.663044198636484, -41.271038315581357, -40.2564029878963, -39.5018026558788, -38.93025763379957, -38.4901318429261, -38.146071936315039, -37.873409314306855, -37.654625676116062, -37.477075908708777, -37.331493159177285, -37.210990017353623, -37.110380107689139, -37.0257101481441, -36.953932470981336, -36.865111995525353]
}
