{
	"input_file":	"../../instances/J100_M50_G3_I3_L50_seed15.json",
	"method":	"Multinomial",
	"convergence_threshold":	0.001,
	"iterations_made":	19,
	"max_iterations":	10000,
	"time_taken":	0.000185382,
	"ground_truth_matrix":	[[0.88190002979169, 0.0920076920293921, 0.026092278178917974], [0.294060845578166, 0.21111905408272336, 0.49482010033911067], [0.4312585359125406, 0.42880315095830712, 0.13993831312915236]],
	"estimated_matrix":	[[0.87075506317065476, 0.099722741605401968, 0.029522195223943233], [0.29441087554378947, 0.19322702371434772, 0.512362100741863], [0.44517870585098918, 0.435168462737669, 0.11965283141134186]],
	"log_likelihood":	[-175.90268989604144, -116.36622907133555, -83.726156216070535, -65.434560434952672, -54.886000349483382, -48.613116991252262, -44.765482529572161, -42.332522057556353, -40.748107749617766, -39.686727218920865, -38.956335422716514, -38.4407602947599, -38.068014861426441, -37.792451171227334, -37.584477575463325, -37.424502000435417, -37.299288435508942, -37.199720651260748, -37.119403117218333, -37.0349257302134]
}
