{
	"input_file":	"../../instances/J100_M50_G3_I3_L50_seed3.json",
	"method":	"Multinomial",
	"convergence_threshold":	0.001,
	"iterations_made":	13,
	"max_iterations":	10000,
	"time_taken":	0.00020818,
	"ground_truth_matrix":	[[0.33688219083814136, 0.518408337162583, 0.1447094719992755], [0.13709494665374614, 0.42840825980005576, 0.43449679354619813], [0.32007545057654463, 0.55390092484015363, 0.12602362458330174]],
	"estimated_matrix":	[[0.30092385999488036, 0.549471539897332, 0.14960460010778773], [0.15521729027435513, 0.411251289717231, 0.43353142000841383], [0.33154017954762949, 0.540783669688627, 0.12767615076374339]],
	"log_likelihood":	[-95.82052898928184, -77.466824889655044, -67.338029619636771, -61.647503699501776, -58.375104684101224, -56.445563907917837, -55.2784505020841, -54.554318993219, -54.093639013326424, -53.7933475683584, -53.593010602103888, -53.456430148632954, -53.361456222522875, -53.287243978085783]
}
