{
	"input_file":	"../../instances/J100_M50_G3_I3_L50_seed18.json",
	"method":	"Multinomial",
	"convergence_threshold":	0.001,
	"iterations_made":	23,
	"max_iterations":	10000,
	"time_taken":	0.000307956,
	"ground_truth_matrix":	[[0.2719923306744691, 0.18223906229356635, 0.54576860703196461], [0.0573478133834925, 0.54637337389464335, 0.39627881272186422], [0.18885986669153693, 0.76000184958232464, 0.051138283726138462]],
	"estimated_matrix":	[[0.247531190739932, 0.18788472503073916, 0.564584084229329], [0.0748070875638182, 0.54662660599892743, 0.37856630643725442], [0.20181033067642412, 0.7666250767663545, 0.031564592557221348]],
	"log_likelihood":	[-159.64609812093229, -111.27552520184003, -83.924904120474025, -67.781810610993048, -57.872125636861476, -51.567053975849582, -47.42232268569898, -44.615616502972543, -42.663044198636477, -41.271038315581727, -40.25640298789633, -39.501802655878841, -38.930257633798981, -38.490131842926253, -38.146071936315337, -37.87340931430667, -37.6546256761158, -37.477075908708677, -37.331493159177278, -37.210990017353481, -37.110380107689245, -37.025710148143688, -36.953932470981243, -36.865111995525375]
}
