{
	"input_file":	"../../instances/J100_M50_G3_I3_L50_seed12.json",
	"method":	"Multinomial",
	"convergence_threshold":	0.001,
	"iterations_made":	25,
	"max_iterations":	10000,
	"time_taken":	0.000433593,
	"ground_truth_matrix":	[[0.0919790771562763, 0.74013821186145934, 0.16788271098226437], [0.23206761290778644, 0.004465558007663243, 0.76346682908455032], [0.42078789622427676, 0.006192728205026937, 0.57301937557069638]],
	"estimated_matrix":	[[0.0960645636095363, 0.74570447083383451, 0.15823096555662919], [0.24853622330353767, 0.0088454594634539, 0.74261831723300853], [0.4039878962237971, 0.011440649003151756, 0.58457145477305117]],
	"log_likelihood":	[-272.48720447179085, -170.23125898331529, -116.7351106187045, -87.207702114179, -70.107581400405167, -59.775896555329247, -53.290838034291816, -49.07616902384062, -46.248528964610358, -44.295578494698582, -42.910629553997481, -41.904630264543457, -41.157816901253334, -40.592369748932981, -40.1565198548428, -39.8150706708541, -39.543606734750327, -39.324873626041516, -39.146466314588267, -38.999323247032784, -38.876726877191921, -38.773628692905675, -38.686185935138973, -38.611438765414434, -38.547082095143132, -38.443752594998131]
}
