{
	"input_file":	"../../instances/J100_M50_G3_I3_L50_seed6.json",
	"method":	"Multinomial",
	"convergence_threshold":	0.001,
	"iterations_made":	22,
	"max_iterations":	10000,
	"time_taken":	0.00039286,
	"ground_truth_matrix":	[[0.51245014925241528, 0.092558832078787248, 0.39499101866879749], [0.040161431888498515, 0.10740706609794944, 0.852431502013552], [0.44236998957946888, 0.31811750394858568, 0.23951250647194552]],
	"estimated_matrix":	[[0.510452774521008, 0.0691107902563853, 0.42043643522260671], [0.030751980283211865, 0.12985648598415561, 0.83939153373263242], [0.44290213887977331, 0.28374815100127165, 0.273349710118955]],
	"log_likelihood":	[-157.93548286403473, -108.75388952052391, -81.2147002509951, -65.291941184524362, -55.772369887149225, -49.8838421532779, -46.115652477677557, -43.623073597988245, -41.921118085346585, -40.723798916978645, -39.857917170629669, -39.215777540493164, -38.728661109406715, -38.351603462994618, -38.054462731722467, -37.816561797479942, -37.623404113783053, -37.464617374828336, -37.332638950737966, -37.2218583472597, -37.1280467452127, -37.047970311748387, -36.950934792269173]
}
