{
	"input_file":	"../../instances/J100_M50_G3_I4_L50_seed3.json",
	"method":	"Multinomial",
	"convergence_threshold":	0.001,
	"iterations_made":	19,
	"max_iterations":	10000,
	"time_taken":	0.000276283,
	"ground_truth_matrix":	[[0.25894112400042968, 0.39846937940559979, 0.11122948719780965, 0.23136000939616086], [0.4590928673412436, 0.46561749041159473, 0.027573246650422822, 0.047716395596738945], [0.041449596854558513, 0.45597510070313158, 0.023793686172073253, 0.47878161627023669]],
	"estimated_matrix":	[[0.22711974341718713, 0.42430648799904441, 0.12830472523619776, 0.22026904334757072], [0.47240661789471011, 0.44153626920096861, 0.0205408512125588, 0.065516261691762431], [0.042136092189557467, 0.48075502006403836, 0.018463971342194185, 0.45864491640421]],
	"log_likelihood":	[-177.59082448570152, -135.02335140726333, -111.037520906364, -97.08376873206177, -88.653356681455932, -83.3644811361425, -79.927414806958467, -77.62098707259365, -76.0281485291971, -74.8996683354095, -74.081899686083744, -73.4773370723248, -73.0224266614203, -72.6747173326207, -72.405213179258453, -72.193702356939539, -72.0258337785619, -71.891245736653971, -71.782342428898872, -71.666154303861759]
}
