{
	"input_file":	"../../instances/J100_M50_G3_I4_L50_seed10.json",
	"method":	"Multinomial",
	"convergence_threshold":	0.001,
	"iterations_made":	18,
	"max_iterations":	10000,
	"time_taken":	0.000369699,
	"ground_truth_matrix":	[[0.380062145693794, 0.0054018097091338329, 0.25866530336247168, 0.35587074123460055], [0.26597509126643765, 0.0981289174874491, 0.0850627199283102, 0.550833271317803], [0.041167866022291, 0.020552495028497372, 0.25695642103798533, 0.68132321791122641]],
	"estimated_matrix":	[[0.39820338659645721, 0.0043260170727489385, 0.23099105356201149, 0.36647954276878247], [0.2795522885820072, 0.0964648548305068, 0.090579500994770024, 0.533403355592716], [0.052094002684848255, 0.013696590025361674, 0.27659263306876519, 0.65761677422102482]],
	"log_likelihood":	[-146.11489024424463, -117.47833053896372, -100.84743754419047, -90.888694293163738, -84.717352357104645, -80.764506574685456, -78.154420462077354, -76.382667248100248, -75.149449214233641, -74.271275271739, -73.632771809946576, -73.159589702388459, -72.8027286525268, -72.5292224047259, -72.316466516971133, -72.1486859845683, -72.014689804042575, -71.906416374794645, -71.792618177549329]
}
