{
	"input_file":	"../../instances/J100_M50_G3_I4_L50_seed13.json",
	"method":	"Multinomial",
	"convergence_threshold":	0.001,
	"iterations_made":	16,
	"max_iterations":	10000,
	"time_taken":	0.00030217,
	"ground_truth_matrix":	[[0.218317657192871, 0.0393746969740127, 0.25245268623476663, 0.48985495959834957], [0.542201209301642, 0.091058092837147178, 0.14155571116247334, 0.22518498669873749], [0.380550442114957, 0.4747687767594026, 0.013226562056458096, 0.13145421906918225]],
	"estimated_matrix":	[[0.22956801217505507, 0.046390290933829889, 0.23256733837930108, 0.491474358511814], [0.534161416286268, 0.10938100260934017, 0.1353726969354988, 0.221084884168893], [0.373488999091875, 0.47148566941846409, 0.023176661018752091, 0.1318486704709089]],
	"log_likelihood":	[-195.8647228111258, -138.91379131294721, -108.73348251660865, -92.207000473191655, -82.8200646255739, -77.286880569163358, -73.903793990985832, -71.7604660850632, -70.355520242686865, -69.4044927985088, -68.7412368665056, -68.265919479367653, -67.916866679556975, -67.6549322292071, -67.45460703197125, -67.298842841908225, -67.1459243324092]
}
