{
	"input_file":	"../../instances/J100_M50_G3_I4_L50_seed15.json",
	"method":	"Multinomial",
	"convergence_threshold":	0.001,
	"iterations_made":	24,
	"max_iterations":	10000,
	"time_taken":	0.00055114,
	"ground_truth_matrix":	[[0.729175806164576, 0.076074136231428655, 0.021573712816720172, 0.17317634478727548], [0.178428232666503, 0.41819946747570369, 0.20226194250932708, 0.2011103573484663], [0.03692154969556357, 0.0895982588773646, 0.77790639491020774, 0.0955737965168639]],
	"estimated_matrix":	[[0.693476936925629, 0.0869178871752958, 0.03199129562254, 0.18761388027653514], [0.19428225994163187, 0.42688600450971054, 0.17724275135434028, 0.20158898419431726], [0.041920617926162064, 0.0806678116925363, 0.78989281327641436, 0.0875187571048873]],
	"log_likelihood":	[-294.73327288101518, -187.806594033888, -130.329849386803, -98.3574709970057, -79.933320525462747, -68.9450576310586, -62.169741352660253, -57.8555294031917, -55.022055619184371, -53.105158861939628, -51.771384624631068, -50.818517193917472, -50.120865631091483, -49.598425643813876, -49.199091086489226, -48.888164528470341, -48.6420409760809, -48.444327651442862, -48.283414083886449, -48.150921951181687, -48.040698186312632, -47.948149369596628, -47.869794110353169, -47.8029569364504, -47.7126758746671]
}
