{
	"input_file":	"../../instances/J100_M50_G3_I4_L50_seed17.json",
	"method":	"Multinomial",
	"convergence_threshold":	0.001,
	"iterations_made":	21,
	"max_iterations":	10000,
	"time_taken":	0.000246026,
	"ground_truth_matrix":	[[0.251451374164373, 0.54475840075349535, 0.15314045600906431, 0.0506497690730673], [0.3446886550413053, 0.23807393689403214, 0.22619453600901995, 0.19104287205564249], [0.011524386006546622, 0.12808909480050026, 0.84247712525239948, 0.01790939394055354]],
	"estimated_matrix":	[[0.24035107314542, 0.6022920982584512, 0.10939808591525461, 0.047958742680874078], [0.34467118392481327, 0.21250920201026555, 0.25458528698554134, 0.18823432707937987], [0.01435583700048214, 0.12589305053532146, 0.84170350638077573, 0.018047606083420594]],
	"log_likelihood":	[-249.96949044117562, -161.70973984626971, -115.5826111519643, -90.5986948222693, -76.5484697836225, -68.3415955563838, -63.363870126899549, -60.231562270848869, -58.189671297570818, -56.813554393577945, -55.857067343856457, -55.173234978102535, -54.671719834068966, -54.295423365642456, -54.007279938457238, -53.782613581704638, -53.604603832637238, -53.4615305338977, -53.345060208845318, -53.249156154702256, -53.169370288227441, -53.070680890662565]
}
