{
	"input_file":	"../../instances/J100_M50_G3_I4_L50_seed18.json",
	"method":	"Multinomial",
	"convergence_threshold":	0.001,
	"iterations_made":	22,
	"max_iterations":	10000,
	"time_taken":	0.000259297,
	"ground_truth_matrix":	[[0.25856144603859232, 0.17324016215639787, 0.5188187471563106, 0.049379644648699164], [0.21703835825592904, 0.15741561912449081, 0.12450764575610422, 0.501038376863476], [0.092386911183075723, 0.00893155724049351, 0.31410714573850357, 0.584574385837927]],
	"estimated_matrix":	[[0.24632242202632984, 0.19629592086191094, 0.50980927808349974, 0.0475723790282594], [0.25010982209188021, 0.12671417443005512, 0.13777579673398072, 0.485400206744084], [0.0758212925909929, 0.015907609120405231, 0.31958677517536016, 0.5886843231132417]],
	"log_likelihood":	[-177.043916520243, -126.10701778742845, -97.707986169816976, -81.164043926725952, -71.130058767448432, -64.815729253718928, -60.706734075061377, -57.950861768527652, -56.051857480263955, -54.711346853047345, -53.74450981158293, -53.033674579063351, -52.50200961382555, -52.098182106412764, -51.7871698273517, -51.544618916853146, -51.35329747710346, -51.2008178454385, -51.078144274420048, -50.9785971134306, -50.8971770094791, -50.830099111826982, -50.749065414837787]
}
