{
	"input_file":	"../../instances/J100_M50_G3_I4_L50_seed4.json",
	"method":	"Multinomial",
	"convergence_threshold":	0.001,
	"iterations_made":	13,
	"max_iterations":	10000,
	"time_taken":	0.000155851,
	"ground_truth_matrix":	[[0.37664033529374275, 0.0874640765523398, 0.39740799933549775, 0.1384875888184196], [0.23064419241874784, 0.046933541478898853, 0.72121745986295, 0.0012048062394032465], [0.11244721555034376, 0.21997027355988638, 0.58266717542103574, 0.084915335468733921]],
	"estimated_matrix":	[[0.37526575615302221, 0.088138657912704, 0.39795887863925267, 0.13863670729502123], [0.23669671649530322, 0.05359267531536107, 0.697314561557511, 0.012396046631824809], [0.11778785731637523, 0.20244450645211454, 0.599460447355038, 0.0803071888764721]],
	"log_likelihood":	[-115.04567340546073, -90.174469965662141, -76.725254041001335, -69.275640767614675, -65.028776751520169, -62.533102388439, -61.0207518308789, -60.075887011209268, -59.467669564376685, -59.064716262836058, -58.7903618517879, -58.598746314812232, -58.461752421366342, -58.328610077211039]
}
