{
	"input_file":	"../../instances/J100_M50_G3_I4_L50_seed8.json",
	"method":	"Multinomial",
	"convergence_threshold":	0.001,
	"iterations_made":	19,
	"max_iterations":	10000,
	"time_taken":	0.000218507,
	"ground_truth_matrix":	[[0.248524592823477, 0.41590713024020765, 0.2445674774618472, 0.0910007994744682], [0.195642639627116, 0.0084665094920574734, 0.41573970330401455, 0.380151147576812], [0.24777481565370346, 0.21805134881656238, 0.27153704946869556, 0.26263678606103863]],
	"estimated_matrix":	[[0.22665232824244788, 0.43674158034617983, 0.24537131400312037, 0.091234777408251935], [0.17977536517334364, 0.0196418219953202, 0.42323718619710154, 0.37734562663423465], [0.27997427097924338, 0.23728876608303068, 0.23141805894954673, 0.25131890398817924]],
	"log_likelihood":	[-146.90836308377609, -111.54061321499083, -91.631045859716863, -80.0403006923058, -73.040449555713664, -68.653899542243835, -65.8041895625279, -63.888150712337548, -62.557626397490971, -61.605659730469341, -60.905652003766242, -60.377988885810012, -59.9712586412341, -59.65141416398815, -59.39536485497333, -59.187097301178717, -59.015272695521666, -58.871705826437775, -58.750381688109059, -58.604988038321487]
}
