{
	"input_file":	"../../instances/J100_M50_G3_I4_L50_seed11.json",
	"method":	"Multinomial",
	"convergence_threshold":	0.001,
	"iterations_made":	24,
	"max_iterations":	10000,
	"time_taken":	0.000281627,
	"ground_truth_matrix":	[[0.093264539298993046, 0.00922764103013564, 0.2919101149392348, 0.60559770473163632], [0.28831523205269738, 0.351439138882518, 0.0068038927321034627, 0.35344173633268122], [0.46088254985022259, 0.308299510147119, 0.21216300284705122, 0.018654937155607145]],
	"estimated_matrix":	[[0.097975662471428637, 0.015282783871895926, 0.29432161979031546, 0.59241993386636], [0.24230634200132536, 0.37669248779700015, 0.020911537505030255, 0.36008963269664429], [0.47715698128923717, 0.282735566515993, 0.21602816151690593, 0.024079290677863935]],
	"log_likelihood":	[-235.84619124001838, -163.57034423812323, -122.726836317351, -98.601177661277, -83.75871985759683, -74.2745098954579, -67.996365042162552, -63.702823769854383, -60.677823501601843, -58.488418789349261, -56.865024390221933, -55.635030289686917, -54.684984078266453, -53.938472114485542, -53.3428495558652, -52.861082452736177, -52.466614378709885, -52.1400641778203, -51.86705706756802, -51.63677215660158, -51.440951947828559, -51.273215406729946, -51.128574041926925, -51.003086003329422, -50.829953804130064]
}
