{
	"input_file":	"../../instances/J100_M50_G3_I4_L50_seed16.json",
	"method":	"Multinomial",
	"convergence_threshold":	0.001,
	"iterations_made":	18,
	"max_iterations":	10000,
	"time_taken":	0.000216499,
	"ground_truth_matrix":	[[0.13733033971538156, 0.402486971039085, 0.43481631950235439, 0.025366369743179053], [0.21871205928257512, 0.12338807712654326, 0.57049577727443768, 0.087404086316444057], [0.019119524157554624, 0.74212676605831351, 0.217462744278536, 0.02129096550559572]],
	"estimated_matrix":	[[0.12403269772608068, 0.40913133032031535, 0.4393731281627144, 0.027462843790889518], [0.22301263471796354, 0.13144249659015828, 0.55955091467578122, 0.0859939540160969], [0.030056027060383777, 0.7259941206142122, 0.21891737858108024, 0.02503247374432371]],
	"log_likelihood":	[-164.9266051329671, -124.42078908170738, -101.94519099455141, -89.0788567583603, -81.483219133895346, -76.8656165688305, -73.979802126865422, -72.1290900811645, -70.913336617871565, -70.096709624142051, -69.536776217488153, -69.145504189401635, -68.867288488599, -68.666280699634243, -68.518920705246, -68.40944216980165, -68.327113930280632, -68.264514972368545, -68.203182308430968]
}
