{
	"input_file":	"../../instances/J100_M50_G3_I4_L50_seed20.json",
	"method":	"Multinomial",
	"convergence_threshold":	0.001,
	"iterations_made":	20,
	"max_iterations":	10000,
	"time_taken":	0.000380451,
	"ground_truth_matrix":	[[0.12528497207799447, 0.32201948137817415, 0.31373002758429769, 0.23896551895953352], [0.015101828534048147, 0.48626910303626614, 0.19664095811027157, 0.301988110319414], [0.37325565430763752, 0.074973029032247326, 0.1106017466286246, 0.44116957003149054]],
	"estimated_matrix":	[[0.12493701552149232, 0.32459732703236532, 0.33311744922749414, 0.21734820821864825], [0.014971925617315076, 0.48883476076265575, 0.16165746182857091, 0.33453585179145834], [0.37143653961719814, 0.051776442251467873, 0.12897434794848081, 0.4478126701828532]],
	"log_likelihood":	[-177.23256347600235, -130.00452445334238, -103.14029596312622, -87.3807803855817, -77.813495818007723, -71.800861839851933, -67.8920603520794, -65.267071151337646, -63.44939774510663, -62.154448838489877, -61.20759683695313, -60.498818020379723, -59.956984649287762, -59.534956619039519, -59.200740074821788, -58.93212765319138, -58.713378405953833, -58.5331170054479, -58.382976416082123, -58.256702872686155, -58.101183865307924]
}
