{
	"input_file":	"../../instances/J100_M50_G3_I4_L50_seed2.json",
	"method":	"Multinomial",
	"convergence_threshold":	0.001,
	"iterations_made":	17,
	"max_iterations":	10000,
	"time_taken":	0.000335731,
	"ground_truth_matrix":	[[0.29096972519164355, 0.013346201755036091, 0.4053198048712896, 0.29036426818203082], [0.25472546786309014, 0.1872870721984784, 0.10694707564706017, 0.45104038429137128], [0.14900963765748226, 0.12984582418451729, 0.40604164441947943, 0.315102893738521]],
	"estimated_matrix":	[[0.295350850920186, 0.0168913450402505, 0.41042244998452132, 0.27733535405504212], [0.25971874659983324, 0.17807908046017165, 0.098192989616063223, 0.46400918332393187], [0.15673777201964745, 0.142479898725815, 0.41598403360773839, 0.28479829564679909]],
	"log_likelihood":	[-126.59657382662958, -101.83112330145376, -87.4607399219655, -78.847845509973268, -73.516736626163649, -70.1134474968291, -67.876819306920453, -66.3667027681372, -65.3214168307461, -64.5811740955978, -64.0458955717888, -63.651379540177587, -63.355504802703813, -63.130051959792084, -62.9557438217933, -62.8191721314303, -62.710853650112938, -62.596854523426863]
}
