{
	"input_file":	"../../instances/J100_M50_G3_I4_L50_seed1.json",
	"method":	"Multinomial",
	"convergence_threshold":	0.001,
	"iterations_made":	16,
	"max_iterations":	10000,
	"time_taken":	0.000196882,
	"ground_truth_matrix":	[[0.24822494433396575, 0.58611239568895857, 5.2616751750196278e-05, 0.16561004322532558], [0.179194262029625, 0.10938868480049078, 0.23271787507579811, 0.478699178094086], [0.16969288050778514, 0.25983737889369862, 0.18241242309601466, 0.38805731750250161]],
	"estimated_matrix":	[[0.24695320861556155, 0.57317547102981847, 0.023666654086906026, 0.156204666267714], [0.18229353132321024, 0.11866689065689238, 0.21389379612152937, 0.485145781898368], [0.15118808761352279, 0.28032524913540458, 0.16604257885441157, 0.40244408439666113]],
	"log_likelihood":	[-158.89397604404223, -120.62674498012647, -99.871025532500767, -88.195266940330825, -81.387928028462241, -77.28257033121595, -74.7278918665264, -73.091846800170458, -72.016382348799951, -71.292528529862565, -70.794870006035637, -70.4461545555502, -70.197634545690278, -70.017852703720138, -69.886082765933068, -69.7884020452036, -69.692207739772826]
}
