{
	"input_file":	"../../instances/J100_M50_G3_I4_L50_seed8.json",
	"method":	"Multinomial",
	"convergence_threshold":	0.001,
	"iterations_made":	19,
	"max_iterations":	10000,
	"time_taken":	0.000347946,
	"ground_truth_matrix":	[[0.248524592823477, 0.41590713024020765, 0.2445674774618472, 0.0910007994744682], [0.195642639627116, 0.0084665094920574734, 0.41573970330401455, 0.380151147576812], [0.24777481565370346, 0.21805134881656238, 0.27153704946869556, 0.26263678606103863]],
	"estimated_matrix":	[[0.22665232824244788, 0.43674158034617983, 0.24537131400312034, 0.091234777408251949], [0.17977536517334361, 0.0196418219953202, 0.42323718619710154, 0.3773456266342346], [0.27997427097924338, 0.23728876608303068, 0.23141805894954673, 0.25131890398817919]],
	"log_likelihood":	[-146.90836308377609, -111.5406132149908, -91.631045859717062, -80.040300692305848, -73.040449555713678, -68.6538995422436, -65.804189562528, -63.888150712337485, -62.557626397491077, -61.605659730469242, -60.905652003765745, -60.377988885810069, -59.971258641234016, -59.6514141639881, -59.395364854973437, -59.187097301178973, -59.015272695521858, -58.871705826437321, -58.750381688108682, -58.604988038321714]
}
