{
	"input_file":	"../../instances/J100_M50_G3_I4_L50_seed6.json",
	"method":	"Multinomial",
	"convergence_threshold":	0.001,
	"iterations_made":	19,
	"max_iterations":	10000,
	"time_taken":	0.000223385,
	"ground_truth_matrix":	[[0.507491225944653, 0.091663150517557662, 0.39116873435159927, 0.00967688918619004], [0.049198308552667672, 0.39046023301512889, 0.32594651093818944, 0.23439494749401418], [0.12416321052879148, 0.29605898381257317, 0.17519316033671811, 0.40458464532191729]],
	"estimated_matrix":	[[0.52294610774111183, 0.10486883892754467, 0.352619553855098, 0.0195654994762456], [0.037023625541315462, 0.36787336632297968, 0.36375863732531027, 0.23134437081039461], [0.11732373465094409, 0.26788985970658191, 0.17728084821427231, 0.4375055574282018]],
	"log_likelihood":	[-207.46846143541848, -142.0578226870374, -106.394851911583, -86.134657259280957, -74.1171914611358, -66.684650522767555, -61.902957711743731, -58.71193702652, -56.509575075384873, -54.942275974210084, -53.795600455332384, -52.935528715214133, -52.27591008427148, -51.7598930460282, -51.34903454647857, -51.016744013308255, -50.744238563601044, -50.517989308598, -50.328073915337676, -50.114580958171125]
}
