{
	"input_file":	"../../instances/J100_M50_G3_I4_L50_seed2.json",
	"method":	"Multinomial",
	"convergence_threshold":	0.001,
	"iterations_made":	17,
	"max_iterations":	10000,
	"time_taken":	0.000200973,
	"ground_truth_matrix":	[[0.29096972519164355, 0.013346201755036091, 0.4053198048712896, 0.29036426818203082], [0.25472546786309014, 0.1872870721984784, 0.10694707564706017, 0.45104038429137128], [0.14900963765748226, 0.12984582418451729, 0.40604164441947943, 0.315102893738521]],
	"estimated_matrix":	[[0.295350850920186, 0.016891345040250489, 0.41042244998452132, 0.27733535405504212], [0.25971874659983324, 0.17807908046017171, 0.0981929896160632, 0.464009183323932], [0.15673777201964745, 0.142479898725815, 0.41598403360773839, 0.28479829564679915]],
	"log_likelihood":	[-126.59657382662958, -101.83112330145364, -87.4607399219656, -78.8478455099733, -73.516736626163265, -70.1134474968292, -67.8768193069201, -66.366702768137571, -65.321416830745747, -64.5811740955977, -64.045895571788833, -63.651379540177473, -63.355504802703926, -63.130051959791842, -62.9557438217932, -62.819172131430335, -62.710853650113087, -62.5968545234264]
}
