{
	"input_file":	"../../instances/J100_M50_G3_I4_L50_seed10.json",
	"method":	"Multinomial",
	"convergence_threshold":	0.001,
	"iterations_made":	18,
	"max_iterations":	10000,
	"time_taken":	0.000233824,
	"ground_truth_matrix":	[[0.380062145693794, 0.0054018097091338329, 0.25866530336247168, 0.35587074123460055], [0.26597509126643765, 0.0981289174874491, 0.0850627199283102, 0.550833271317803], [0.041167866022291, 0.020552495028497372, 0.25695642103798533, 0.68132321791122641]],
	"estimated_matrix":	[[0.39820338659645715, 0.0043260170727489385, 0.23099105356201149, 0.36647954276878253], [0.27955228858200731, 0.0964648548305068, 0.09057950099477, 0.533403355592716], [0.052094002684848227, 0.013696590025361667, 0.27659263306876514, 0.657616774221025]],
	"log_likelihood":	[-146.11489024424463, -117.47833053896368, -100.84743754419, -90.888694293164, -84.717352357105042, -80.764506574685328, -78.1544204620776, -76.3826672481004, -75.149449214233229, -74.27127527173873, -73.632771809946263, -73.1595897023881, -72.8027286525265, -72.529222404726269, -72.316466516970536, -72.1486859845684, -72.014689804042462, -71.906416374794546, -71.7926181775493]
}
