{
	"input_file":	"../../instances/J100_M50_G3_I4_L50_seed5.json",
	"method":	"Multinomial",
	"convergence_threshold":	0.001,
	"iterations_made":	19,
	"max_iterations":	10000,
	"time_taken":	0.000363745,
	"ground_truth_matrix":	[[0.04983539454067374, 0.40616979444752377, 0.04597554104672593, 0.49801926996507662], [0.17642180632607257, 0.24903375337454553, 0.38221213978536139, 0.19233230051402056], [0.17736032732383658, 0.10472522126556412, 0.042405367741133453, 0.675509083669466]],
	"estimated_matrix":	[[0.0473822332082282, 0.38645516578056288, 0.0392054193009936, 0.52695718171021533], [0.17634392608563848, 0.23664648454880047, 0.38969215208077829, 0.19731743728478279], [0.17147637231548929, 0.11819681652930403, 0.029267747700576323, 0.68105906345463041]],
	"log_likelihood":	[-179.06533804371463, -127.37311531269435, -98.982968457419048, -82.937783305721624, -73.555009060154177, -67.881076224700323, -64.341565616046267, -62.070480917008588, -60.575940318136468, -59.569812655819057, -58.87841371679567, -58.394275235824885, -58.049314093518589, -57.799476534820627, -57.615711969700357, -57.478534424060754, -57.3746705053317, -57.2949503817039, -57.232955922545912, -57.170098358150483]
}
