{
	"input_file":	"../../instances/J100_M50_G3_I4_L50_seed12.json",
	"method":	"Multinomial",
	"convergence_threshold":	0.001,
	"iterations_made":	24,
	"max_iterations":	10000,
	"time_taken":	0.00063084,
	"ground_truth_matrix":	[[0.064811871434951526, 0.52152885323862519, 0.11829638888251422, 0.2953628864439089], [0.0030156831164753, 0.515584843486113, 0.47441747954048219, 0.00698199385692937], [0.69001613232409476, 0.032376006581974162, 0.073235027922700938, 0.2043728331712302]],
	"estimated_matrix":	[[0.048769529470430444, 0.534013118497049, 0.10916247307085267, 0.30805487896166767], [0.016838066271617665, 0.51427754416300164, 0.4616064041885643, 0.00727798537681639], [0.68380865606928232, 0.042923436940606734, 0.073852996081566771, 0.19941491090854407]],
	"log_likelihood":	[-342.85068248583559, -222.61479725745511, -158.79511985668668, -123.03639452727754, -101.98945776388747, -89.030629890971, -80.712478509327966, -75.164081008048967, -71.3306932776746, -68.596240200093931, -66.58871512077225, -65.0763876237217, -63.9106501734519, -62.993584215307884, -62.259023817714663, -61.661200302878484, -61.1677598868043, -60.7553679952937, -60.406880157475086, -60.109482939564124, -59.853448196319285, -59.631282799088183, -59.437138154406334, -59.2663934059138, -59.056697916601124]
}
