{
	"input_file":	"../../instances/J100_M50_G3_I4_L50_seed17.json",
	"method":	"Multinomial",
	"convergence_threshold":	0.001,
	"iterations_made":	21,
	"max_iterations":	10000,
	"time_taken":	0.000411389,
	"ground_truth_matrix":	[[0.251451374164373, 0.54475840075349535, 0.15314045600906431, 0.0506497690730673], [0.3446886550413053, 0.23807393689403214, 0.22619453600901995, 0.19104287205564249], [0.011524386006546622, 0.12808909480050026, 0.84247712525239948, 0.01790939394055354]],
	"estimated_matrix":	[[0.24035107314542, 0.60229209825845131, 0.10939808591525454, 0.047958742680874064], [0.34467118392481327, 0.21250920201026555, 0.25458528698554134, 0.18823432707937984], [0.014355837000482144, 0.12589305053532146, 0.841703506380776, 0.0180476060834206]],
	"log_likelihood":	[-249.96949044117562, -161.70973984626966, -115.58261115196443, -90.598694822269124, -76.548469783622679, -68.3415955563838, -63.363870126899712, -60.231562270848727, -58.1896712975706, -56.813554393577682, -55.857067343856876, -55.173234978102279, -54.671719834068945, -54.295423365642783, -54.007279938456634, -53.782613581704751, -53.604603832637352, -53.461530533897481, -53.345060208845574, -53.2491561547024, -53.169370288227313, -53.070680890662452]
}
