{
	"input_file":	"../../instances/J100_M50_G3_I4_L50_seed19.json",
	"method":	"Multinomial",
	"convergence_threshold":	0.001,
	"iterations_made":	22,
	"max_iterations":	10000,
	"time_taken":	0.000276952,
	"ground_truth_matrix":	[[0.052166889316142627, 0.72810163049277654, 0.144166630569279, 0.075564849621801933], [0.12400640059949905, 0.026686001932657091, 0.343301206964579, 0.506006390503265], [0.664535329822959, 0.16528278438434141, 0.039819720179869643, 0.1303621656128299]],
	"estimated_matrix":	[[0.0527433706575839, 0.746025703913927, 0.13609376156214026, 0.065137163866348755], [0.10216085801464997, 0.034380790203722228, 0.36181027289733758, 0.50164807888429019], [0.669012208450108, 0.15844837296598666, 0.031787212380604356, 0.14075220620330114]],
	"log_likelihood":	[-338.57802496449136, -216.03667439130663, -149.52658459179054, -112.19171255037404, -90.4679485939602, -77.3715218397984, -69.1993103133854, -63.927811154710746, -60.418207587279753, -58.01087913907412, -56.31296573828633, -55.084120606766547, -54.173471805045168, -53.483958131173118, -52.951657629472159, -52.533524110555966, -52.199948335734859, -51.930149361952466, -51.7092613747053, -51.526456774841229, -51.373714730315321, -51.244999063046045, -51.096970932572582]
}
