{
	"input_file":	"../../instances/J100_M50_G3_I5_L50_seed16.json",
	"method":	"Multinomial",
	"convergence_threshold":	0.001,
	"iterations_made":	19,
	"max_iterations":	10000,
	"time_taken":	0.000409158,
	"ground_truth_matrix":	[[0.11046832303046365, 0.32375992679000548, 0.34976560708473542, 0.020404670466171049, 0.19560147262862432], [0.056072838761014418, 0.259257770101578, 0.039720168700331022, 0.016198597480567022, 0.62875062495650935], [0.31255056034065565, 0.030600658614167615, 0.48328435407656345, 0.065010843405680863, 0.1085535835629325]],
	"estimated_matrix":	[[0.13442482403466224, 0.30539803711996882, 0.34897485969717323, 0.022754000466767142, 0.18844827868142858], [0.036096282832974474, 0.247605479199042, 0.056392578750409074, 0.00920970408906397, 0.65069595512851042], [0.29185493601700313, 0.053525488124667384, 0.49830874835109651, 0.069308133965469962, 0.087002693541763]],
	"log_likelihood":	[-242.16438556735454, -169.40475680939059, -130.10889408584794, -108.07486648720223, -95.270341974424639, -87.569643514703, -82.7831689136286, -79.7130184732319, -77.684468864891173, -76.3065612162446, -75.346433617298842, -74.661643159765163, -74.16279596587853, -73.792402691155871, -73.5126264703936, -73.298017276853, -73.131105514775072, -72.999671125023823, -72.895015498625654, -72.783985897359742]
}
