{
	"input_file":	"../../instances/J100_M50_G3_I5_L50_seed3.json",
	"method":	"Multinomial",
	"convergence_threshold":	0.001,
	"iterations_made":	22,
	"max_iterations":	10000,
	"time_taken":	0.000502661,
	"ground_truth_matrix":	[[0.15028701708190306, 0.2312679172167543, 0.064556558588510629, 0.13427919500392829, 0.41960931210890373], [0.69371710750865156, 0.041081001690991485, 0.0710920028043775, 0.016174863536975309, 0.17793502445900408], [0.0096528152078873657, 0.19423600165890281, 0.33332108255790721, 0.10387615586913534, 0.35891394470616728]],
	"estimated_matrix":	[[0.13649530290262887, 0.22577712066276012, 0.074340078715601679, 0.14639517930966509, 0.41699231840934431], [0.68758073728589952, 0.04463384040638585, 0.0706222719500379, 0.00820023785728596, 0.18896291250039085], [0.016519720308625946, 0.20484501763756455, 0.3414090450452788, 0.099364684466504, 0.33786153254202672]],
	"log_likelihood":	[-274.95743669936724, -197.81752280042082, -155.45959121047414, -131.34665662234406, -117.08659736119037, -108.33623185897093, -102.77453538464739, -99.1197272816428, -96.641351408093826, -94.910569820914645, -93.668421489304762, -92.754280729943048, -92.065937379418571, -91.536745979099834, -91.1222271939059, -90.792030626731048, -90.525008025053864, -90.3061297961008, -90.124516225067524, -89.972155936524857, -89.8430560075484, -89.7326681160775, -89.5858661897697]
}
