{
	"input_file":	"../../instances/J100_M50_G3_I5_L50_seed14.json",
	"method":	"Multinomial",
	"convergence_threshold":	0.001,
	"iterations_made":	17,
	"max_iterations":	10000,
	"time_taken":	0.000389254,
	"ground_truth_matrix":	[[0.15590939304920856, 0.32060857491831252, 0.44162749507565729, 0.0017460734744377071, 0.080108463482383763], [0.59766213007816038, 0.13609533714227331, 0.072449225855054339, 0.14650677874371171, 0.047286528180800258], [0.41478598240157316, 0.10580328928860022, 0.19550423839535092, 0.0014878074903490689, 0.28241868242412665]],
	"estimated_matrix":	[[0.138309983444745, 0.33375840047727423, 0.41923294908247233, 0.0050390769610038459, 0.1036595900345047], [0.57740814126347617, 0.16814519955762156, 0.062218713067150759, 0.15141814596456585, 0.040809800147185681], [0.43296304747877667, 0.0844978368308598, 0.20638824977290557, 0.00677847178931963, 0.26937239412813835]],
	"log_likelihood":	[-213.8039085903298, -153.59451358201312, -120.11637966049021, -100.93565963535177, -89.5649473436361, -82.5897904039951, -78.1671633297877, -75.273287773248128, -73.3227815009669, -71.971318978238, -71.010726738545742, -70.3117694661577, -69.7921563940818, -69.3982113053939, -69.094120132412172, -68.855476983261667, -68.665322550516677, -68.464612993125]
}
