{
	"input_file":	"../../instances/J100_M50_G3_I5_L50_seed18.json",
	"method":	"Multinomial",
	"convergence_threshold":	0.001,
	"iterations_made":	16,
	"max_iterations":	10000,
	"time_taken":	0.000392705,
	"ground_truth_matrix":	[[0.17583738578154742, 0.11781376416577459, 0.35282805535055234, 0.033581138096485837, 0.31993965660563983], [0.19198564982437369, 0.15185075922920055, 0.611071372104512, 0.041117190992067849, 0.0039750278498458178], [0.23155809514120673, 0.4309450870170965, 0.30554024270356456, 0.0048214909585465749, 0.027135084179585732]],
	"estimated_matrix":	[[0.18355893894328362, 0.12019015795336942, 0.344144848165929, 0.050918346733713274, 0.30118770820370461], [0.20380898208648029, 0.16691628747250936, 0.60557527145703582, 0.014880765168687877, 0.00881869381528668], [0.22233362496733008, 0.43008937087090182, 0.32514304094353191, 0.0055124193340153754, 0.01692154388422068]],
	"log_likelihood":	[-182.32281541720292, -134.0298586821738, -109.03023166675676, -95.6686517651802, -88.2129669991805, -83.865704720846239, -81.220571426272, -79.544146147957264, -78.4397266332387, -77.685198357073077, -77.1520732919972, -76.763673482800442, -76.47284556131055, -76.249736583631744, -76.07490691527606, -75.93535084303673, -75.784019856621143]
}
