{
	"input_file":	"../../instances/J100_M50_G3_I5_L50_seed20.json",
	"method":	"Multinomial",
	"convergence_threshold":	0.001,
	"iterations_made":	15,
	"max_iterations":	10000,
	"time_taken":	0.000215855,
	"ground_truth_matrix":	[[0.12464155160427713, 0.320365700211782, 0.31211881819805165, 0.23773827434383188, 0.0051356556420572141], [0.32050330871114646, 0.129607407316133, 0.19904243955549125, 0.29216240134150717, 0.058684443075721966], [0.048862291507300849, 0.19490249288206324, 0.23484758945089862, 0.29193992606900426, 0.22944770009073309]],
	"estimated_matrix":	[[0.15132143524642516, 0.317511228704638, 0.28455117758751142, 0.22294150868157686, 0.023674649779848716], [0.29280515224464465, 0.1429546491744092, 0.23667984441201328, 0.27561945234039059, 0.051940901828542253], [0.0356087944477045, 0.184680678822967, 0.2255266536997845, 0.3267154160484157, 0.22746845698112828]],
	"log_likelihood":	[-146.73319267359307, -119.11065892862968, -103.30906062635275, -94.140464898644439, -88.6894445485724, -85.3565446743411, -83.258825290577633, -81.900164361414127, -80.9955475983626, -80.3773043715484, -79.94438235797513, -79.634393660508877, -79.407895771745373, -79.239368118133044, -79.1119242329438, -78.9784206789099]
}
