{
	"input_file":	"../../instances/J100_M50_G3_I5_L50_seed7.json",
	"method":	"Multinomial",
	"convergence_threshold":	0.001,
	"iterations_made":	19,
	"max_iterations":	10000,
	"time_taken":	0.000268837,
	"ground_truth_matrix":	[[0.010915758563635679, 0.20816915542206624, 0.0793454263047044, 0.176768261407425, 0.52480139830216865], [0.30336933090138923, 0.27281770821747647, 0.029337380742531057, 0.12263021012911926, 0.271845370009484], [0.3112604723649372, 0.445747386767779, 0.13127742314124657, 0.018672572575976328, 0.093042145150061]],
	"estimated_matrix":	[[0.028908395664287906, 0.2396480597579515, 0.0786488520539412, 0.15738522965876084, 0.49540946286505855], [0.29322720841832178, 0.25931075639885609, 0.033059265062960343, 0.13521219443538929, 0.27919057568447248], [0.32555672655116041, 0.41405033879166281, 0.13484313155045949, 0.025806550056793755, 0.0997432530499236]],
	"log_likelihood":	[-184.74153402488312, -148.141804658002, -126.57878117601734, -113.489246431951, -105.30219410423881, -100.03090866498732, -96.541887674917973, -94.1716038708338, -92.521664943831368, -91.346891089203268, -90.492762769558539, -89.859662052086975, -89.3819702881849, -89.0155808607493, -88.7302797172607, -88.505000277303367, -88.3248099974469, -88.178960636312, -88.0596042709337, -87.9219132621663]
}
