{
	"input_file":	"../../instances/J100_M50_G3_I5_L50_seed18.json",
	"method":	"Multinomial",
	"convergence_threshold":	0.001,
	"iterations_made":	16,
	"max_iterations":	10000,
	"time_taken":	0.000365507,
	"ground_truth_matrix":	[[0.17583738578154742, 0.11781376416577459, 0.35282805535055234, 0.033581138096485837, 0.31993965660563983], [0.19198564982437369, 0.15185075922920055, 0.611071372104512, 0.041117190992067849, 0.0039750278498458178], [0.23155809514120673, 0.4309450870170965, 0.30554024270356456, 0.0048214909585465749, 0.027135084179585732]],
	"estimated_matrix":	[[0.18355893894328371, 0.12019015795336939, 0.344144848165929, 0.050918346733713281, 0.30118770820370466], [0.20380898208648032, 0.16691628747250928, 0.60557527145703582, 0.014880765168687882, 0.00881869381528668], [0.22233362496733008, 0.43008937087090182, 0.32514304094353191, 0.0055124193340153737, 0.016921543884220673]],
	"log_likelihood":	[-182.32281541720292, -134.02985868217371, -109.03023166675683, -95.668651765180442, -88.2129669991807, -83.8657047208461, -81.220571426272, -79.5441461479573, -78.4397266332385, -77.6851983570735, -77.15207329199734, -76.76367348280057, -76.472845561310422, -76.24973658363146, -76.0749069152761, -75.935350843036659, -75.7840198566211]
}
