{
	"input_file":	"../../instances/J100_M50_G3_I5_L50_seed17.json",
	"method":	"Multinomial",
	"convergence_threshold":	0.001,
	"iterations_made":	18,
	"max_iterations":	10000,
	"time_taken":	0.00041472,
	"ground_truth_matrix":	[[0.11895137105452967, 0.25770294108928515, 0.0724444925653346, 0.023960336247350313, 0.52694085904350019], [0.31206054417870038, 0.29648936342259824, 0.25041356224424272, 0.011641851525571994, 0.12939467862888676], [0.409075625543571, 0.0086961370341577856, 0.280225064237081, 0.294623242274094, 0.0073799309110963163]],
	"estimated_matrix":	[[0.14401103238068483, 0.23950085018005968, 0.06668922609030925, 0.017803713756814811, 0.53199517759213133], [0.28788093707952078, 0.28333802644285178, 0.283722218785541, 0.022865401297562482, 0.12219341639452394], [0.39745762959103453, 0.021057968892383035, 0.26643413212214417, 0.29664183446429326, 0.0184084349301449]],
	"log_likelihood":	[-283.811003476039, -194.34537832665126, -147.84338603536622, -122.38396722521682, -107.709369817987, -98.838300931605545, -93.236969337245753, -89.5574572922965, -87.052246399774532, -85.290595335609424, -84.01539401531106, -83.068105844506945, -82.347998053189457, -81.7892639166097, -81.347793456074243, -80.9933077940838, -80.7045601278276, -80.466336230817262, -80.178781651334731]
}
