{
	"input_file":	"../../instances/J100_M50_G3_I5_L50_seed11.json",
	"method":	"Multinomial",
	"convergence_threshold":	0.001,
	"iterations_made":	17,
	"max_iterations":	10000,
	"time_taken":	0.000395299,
	"ground_truth_matrix":	[[0.0742704298794536, 0.0073483541679689336, 0.23246015994561139, 0.48226262845984663, 0.20365842754711935], [0.10906573959976795, 0.0021115223402377388, 0.1096872263605117, 0.46684651136059585, 0.31228900033888668], [0.22595248847629812, 0.019867410510385194, 0.387186047554461, 0.33585447066553586, 0.0311395827933199]],
	"estimated_matrix":	[[0.050609749472943374, 0.0010040525703974405, 0.2521037143314892, 0.484186345556702, 0.21209613806846794], [0.1044864979857897, 0.0021602929377387251, 0.10342314769527108, 0.48197486079779084, 0.30795520058340975], [0.261652388049414, 0.026718784045507139, 0.34512610919218445, 0.33842271638864857, 0.028080002324245922]],
	"log_likelihood":	[-160.222619941726, -129.35098386188395, -111.53816530009242, -100.966725889798, -94.488935183011833, -90.389937567278864, -87.714693430879336, -85.9169669675611, -84.6756314664911, -83.7967361137239, -83.160054245211242, -82.689181266805, -82.334394554550954, -82.062595349564063, -81.8512726484332, -81.6848024428701, -81.552131865743263, -81.4078320812561]
}
