{
	"input_file":	"../../instances/J100_M50_G3_I5_L50_seed10.json",
	"method":	"Multinomial",
	"convergence_threshold":	0.001,
	"iterations_made":	20,
	"max_iterations":	10000,
	"time_taken":	0.000518987,
	"ground_truth_matrix":	[[0.32269308943329617, 0.0045864253604871313, 0.21962067734703034, 0.302153293162828, 0.1509465146963585], [0.11667254894123515, 0.10113720407829543, 0.65492541293454032, 0.084886438578035225, 0.0423783954678938], [0.17470454273021377, 0.46323131664050771, 0.00059770828546104832, 0.10845461858176728, 0.25301181376205034]],
	"estimated_matrix":	[[0.32719893966988117, 0.025481013551047951, 0.19969193788820924, 0.32368447465955641, 0.12394363423130522], [0.14378121309429059, 0.092939189941230724, 0.61358084103776722, 0.0869195992238305, 0.062779156702880951], [0.18625489337852574, 0.48088679002843532, 0.012454394363779606, 0.0926763882035551, 0.2277275340257042]],
	"log_likelihood":	[-298.443841572665, -208.72824137590126, -160.04153223177616, -132.64526886275306, -116.60079735835576, -106.82100095639365, -100.62262156604046, -96.5439598738258, -93.7629437485502, -91.8027029568547, -90.378217924420071, -89.314135725928423, -88.499505468838535, -87.862191903225437, -87.354050892683276, -86.9421349228881, -86.6033555083865, -86.321170885737, -86.083485249704253, -85.88128756137597, -85.628831897974337]
}
