{
	"input_file":	"../../instances/J100_M50_G3_I5_L50_seed12.json",
	"method":	"Multinomial",
	"convergence_threshold":	0.001,
	"iterations_made":	17,
	"max_iterations":	10000,
	"time_taken":	0.000237341,
	"ground_truth_matrix":	[[0.0644455938402166, 0.51858148681146043, 0.11762784906370648, 0.29369367360951, 0.0056513966751065665], [0.308115663974515, 0.28351387469299938, 0.0041724687997965176, 0.386082738833395, 0.018115253699294016], [0.055000586872240034, 0.15348701412423124, 0.47555007013414252, 0.3155896909089051, 0.00037263796048121083]],
	"estimated_matrix":	[[0.049189084058560852, 0.55989156385321737, 0.11714384195259255, 0.26791390367594348, 0.005861606459685734], [0.33569724087663066, 0.2760464023853923, 0.019200340233730625, 0.35168610141720463, 0.017369915087041908], [0.0533393437311451, 0.12932064103206051, 0.46456883609249455, 0.35261824241964118, 0.00015293672465861174]],
	"log_likelihood":	[-219.96833639806357, -153.530039373198, -118.46913699105305, -99.389313377284168, -88.6002199888081, -82.254414144144732, -78.375697113436331, -75.915604709972257, -74.299225524336379, -73.2011088865974, -72.4313497751882, -71.8758934210518, -71.464324602889846, -71.1520024485526, -70.9098933829332, -70.718643535107034, -70.565042874598, -70.387685370041766]
}
