{
	"input_file":	"../../instances/J100_M50_G3_I5_L50_seed13.json",
	"method":	"Multinomial",
	"convergence_threshold":	0.001,
	"iterations_made":	16,
	"max_iterations":	10000,
	"time_taken":	0.000408335,
	"ground_truth_matrix":	[[0.14341670775059129, 0.0258659307785686, 0.16584060853400148, 0.321794336217292, 0.34308241671954659], [0.11305586418501984, 0.17575267345451986, 0.27958507014032441, 0.19203123202957184, 0.23957516019056416], [0.01246011878013732, 0.1238368048144796, 0.021064693941961567, 0.679632988071014, 0.16300539439240769]],
	"estimated_matrix":	[[0.1484196980763717, 0.034676800144403448, 0.186428382972867, 0.31449282875704643, 0.31598229004931144], [0.10184864030221283, 0.15115091096090189, 0.29369595437072121, 0.22055933305459668, 0.23274516131156739], [0.024362094897965269, 0.10822209708355772, 0.016622581656009622, 0.66168720504433, 0.18910602131813725]],
	"log_likelihood":	[-194.79828448030918, -154.06307979150034, -132.0449405378267, -119.71371492759839, -112.53284724767046, -108.18034193713019, -105.4356288873087, -103.63767110640748, -102.41708305289335, -101.56077219241998, -100.94183967410147, -100.48232655953231, -100.1328839729166, -99.86137706470997, -99.646322443484465, -99.4730064881941, -99.284099973591722]
}
