{
	"input_file":	"../../instances/J100_M50_G3_I5_L50_seed15.json",
	"method":	"Multinomial",
	"convergence_threshold":	0.001,
	"iterations_made":	14,
	"max_iterations":	10000,
	"time_taken":	0.000318402,
	"ground_truth_matrix":	[[0.64854204216829081, 0.06766170140398764, 0.0191880471746618, 0.15402614754092744, 0.1105820617121324], [0.39962760023412636, 0.1932796691291607, 0.19217922484338035, 0.062716975103724426, 0.15219653068960812], [0.32331925157997, 0.0397230933730216, 0.16383271065462152, 0.2600236369715952, 0.21310130742079147]],
	"estimated_matrix":	[[0.61509727963988881, 0.057398722152750575, 0.030085792676756862, 0.16268249848118035, 0.13473570704942317], [0.43023371732547777, 0.19143208921201862, 0.193341299064359, 0.051524578811679218, 0.13346831558646535], [0.32081058450365751, 0.057433080525680955, 0.14786391499779525, 0.2735390513781461, 0.20035336859472017]],
	"log_likelihood":	[-142.726669977277, -115.68692306406649, -100.65250785882856, -92.0915313890873, -87.078315920733957, -84.055186850979638, -82.177714348836631, -80.9777484577634, -80.1894196820274, -79.657960366567167, -79.2910092774783, -79.032066180983549, -78.8457147902462, -78.709221898922024, -78.575196121229638]
}
