{
	"input_file":	"../../instances/J100_M50_G3_I5_L50_seed16.json",
	"method":	"Multinomial",
	"convergence_threshold":	0.001,
	"iterations_made":	19,
	"max_iterations":	10000,
	"time_taken":	0.000534729,
	"ground_truth_matrix":	[[0.11046832303046365, 0.32375992679000548, 0.34976560708473542, 0.020404670466171049, 0.19560147262862432], [0.056072838761014418, 0.259257770101578, 0.039720168700331022, 0.016198597480567022, 0.62875062495650935], [0.31255056034065565, 0.030600658614167615, 0.48328435407656345, 0.065010843405680863, 0.1085535835629325]],
	"estimated_matrix":	[[0.13442482403466222, 0.30539803711996877, 0.34897485969717323, 0.022754000466767142, 0.18844827868142852], [0.036096282832974488, 0.247605479199042, 0.056392578750409039, 0.00920970408906397, 0.65069595512851053], [0.29185493601700313, 0.053525488124667363, 0.49830874835109645, 0.069308133965469976, 0.087002693541763057]],
	"log_likelihood":	[-242.16438556735454, -169.40475680939039, -130.10889408584774, -108.07486648720229, -95.2703419744248, -87.5696435147031, -82.7831689136284, -79.713018473231756, -77.684468864891272, -76.3065612162449, -75.3464336172986, -74.66164315976593, -74.16279596587836, -73.792402691155743, -73.512626470393627, -73.298017276852946, -73.1311055147754, -72.999671125024221, -72.895015498625654, -72.783985897359756]
}
