{
	"input_file":	"../../instances/J100_M50_G3_I5_L50_seed19.json",
	"method":	"Multinomial",
	"convergence_threshold":	0.001,
	"iterations_made":	20,
	"max_iterations":	10000,
	"time_taken":	0.000469426,
	"ground_truth_matrix":	[[0.0433037419557625, 0.604397263048471, 0.11967273975203206, 0.06272639200543513, 0.16989986323829925], [0.010949408191273125, 0.14085830680435835, 0.2076171069384817, 0.51298571330785936, 0.12758946475802732], [0.10978458920334491, 0.35941379635053472, 0.355956869140207, 0.12035649855401814, 0.054488246751895043]],
	"estimated_matrix":	[[0.040898362759941589, 0.63769958286213468, 0.09872484118943263, 0.045510221689841743, 0.17716699149864934], [0.010289432818452507, 0.12324101815807315, 0.19412836856477858, 0.584440555938335, 0.08790062452036064], [0.10994929673722845, 0.36082897671058656, 0.365121530748135, 0.090730933042675557, 0.073369262761374357]],
	"log_likelihood":	[-246.11744406216988, -178.382648357083, -140.257412339641, -118.23910193745984, -105.12957885730984, -97.0763269582749, -91.9750103289509, -88.6471710666236, -86.415289047728933, -84.879401292117763, -83.7971579068378, -83.017941596572754, -82.445836355540223, -82.018326739786161, -81.6937638190699, -81.443824019904042, -81.2488730383049, -81.095055801539871, -80.9724330849475, -80.8737654680561, -80.775066923899843]
}
