{
	"input_file":	"../../instances/J100_M50_G3_I5_L50_seed2.json",
	"method":	"Multinomial",
	"convergence_threshold":	0.001,
	"iterations_made":	20,
	"max_iterations":	10000,
	"time_taken":	0.000455159,
	"ground_truth_matrix":	[[0.22783917374835463, 0.010450529100728561, 0.317379168519664, 0.2273650803535196, 0.21696604827773336], [0.17725330515516027, 0.10121746478598845, 0.42687622768416966, 0.15745123595039329, 0.1372017664242883], [0.34751781116712555, 0.26968629801752636, 0.0517533038213183, 0.25804238256025486, 0.073000204433774835]],
	"estimated_matrix":	[[0.23421747446484761, 0.026707953932737036, 0.32390198087812039, 0.19936441828962029, 0.21580817243467468], [0.17003951018025179, 0.10736273982528381, 0.4393816998941486, 0.15264036386666119, 0.13057568623365454], [0.35748892397621668, 0.27220532207556125, 0.039593929108384947, 0.25187545484365287, 0.0788363699961843]],
	"log_likelihood":	[-180.4097163771448, -142.90723798562732, -121.69473299242281, -109.29092406629175, -101.77903727390941, -97.0698858047512, -94.018606918561, -91.979255623143843, -90.5765297976346, -89.586012440066852, -88.8697261251012, -88.3405476979272, -87.942053000965544, -87.636814541711828, -87.3994418737229, -87.212345619640075, -87.0631012943255, -86.942773496823222, -86.844828825362825, -86.76441701583407, -86.6717056865152]
}
