{
	"input_file":	"../../instances/J100_M50_G3_I5_L50_seed1.json",
	"method":	"Multinomial",
	"convergence_threshold":	0.001,
	"iterations_made":	17,
	"max_iterations":	10000,
	"time_taken":	0.000381767,
	"ground_truth_matrix":	[[0.23133554027621162, 0.546232885994193, 4.9036670050913147e-05, 0.15434181656277288, 0.068040720496771734], [0.048287721645296849, 0.10272923560641152, 0.21131337949440179, 0.25192172053433709, 0.38574794271955271], [0.13381390465004245, 0.284670660044346, 0.056330366829679117, 0.518345950749748, 0.0068391177261846641]],
	"estimated_matrix":	[[0.23456432934111143, 0.5284514646463444, 0.0048554366202076642, 0.16483451600606508, 0.067294253386271471], [0.047396252580900237, 0.0918895849388296, 0.21868620933256513, 0.26282550939103033, 0.37920244375667472], [0.1340449771087916, 0.30130809948065063, 0.0506092423292992, 0.50077134818668756, 0.01326633289457094]],
	"log_likelihood":	[-260.68925475493751, -182.350035260473, -141.28012602121356, -118.89727977303022, -106.16906584103006, -98.615201616045042, -93.9405703351219, -90.928720406417924, -88.9126661579789, -87.5143152693363, -86.512266666257929, -85.772725700986427, -85.21234657806734, -84.777679486735664, -84.433489246768772, -84.155938876760771, -83.9285090122585, -83.665080076613364]
}
