{
	"input_file":	"../../instances/J100_M50_G4_I10_L50_seed15.json",
	"method":	"Multinomial",
	"convergence_threshold":	0.001,
	"iterations_made":	19,
	"max_iterations":	10000,
	"time_taken":	0.001073489,
	"ground_truth_matrix":	[[0.39339948770115563, 0.041042950092062262, 0.011639288492786368, 0.093430808791668, 0.067078035960545859, 0.157217266005475, 0.0760380442620253, 0.0756051191039522, 0.02467344936176653, 0.059875550228563078], [0.2953606482247047, 0.036288091571448439, 0.14966549434619961, 0.23753843791970947, 0.19467365456822786, 0.027970400863696843, 0.021652015798033372, 0.00565896413313319, 0.00475841081323897, 0.0264338817616074], [0.4551716897329145, 0.032506860223525939, 0.099599876553778, 0.044701146428546813, 0.049670784992480038, 0.20217060418700536, 0.00807758594348576, 0.043600597580280752, 0.010636544040331203, 0.053864310317651654], [0.052571421830119418, 0.11419191992446751, 0.16211882632878732, 0.067048666787579, 0.144369323587347, 0.1523146549010575, 0.08060745680876423, 0.0763970285101682, 0.0732510321786754, 0.077129669143034332]],
	"estimated_matrix":	[[0.36814157180147566, 0.034157967980235744, 0.01368002930465872, 0.07595774853693095, 0.050453249808097379, 0.16461744649849278, 0.096766726667560629, 0.093998051651015421, 0.027907805940623625, 0.074319401810909153], [0.29654160650692768, 0.031188516104203121, 0.14965478486881389, 0.24210941013861276, 0.17522877455037147, 0.046640511346483143, 0.028570615972313761, 0.00989631254836414, 0.0019672945915394746, 0.018202173372370511], [0.45390615909412757, 0.036835579480017339, 0.11697465576293307, 0.059242001600502567, 0.0700723112826173, 0.16297818486656585, 0.000585152277460748, 0.026337684322438611, 0.0159695502781283, 0.057098721035208633], [0.0657629652044292, 0.11769128441425322, 0.17862121986704491, 0.046937763022551614, 0.16811196383198981, 0.15167826987356839, 0.0500942480761148, 0.074284821872900322, 0.0630401326678206, 0.083777331169327174]],
	"log_likelihood":	[-336.84750210934737, -286.83327270775033, -258.65760756854223, -242.29234317734313, -232.44512950723245, -226.30419762560356, -222.34024213821363, -219.69709742204557, -217.88079059360544, -216.59772087437628, -215.66830390705434, -214.97964481537207, -214.45890437624564, -214.05791998787865, -213.744103322539, -213.49492410696791, -213.29449082823263, -213.13138503763591, -212.99726112959962, -212.84608158752826]
}
