{
	"input_file":	"../../instances/J100_M50_G4_I10_L50_seed17.json",
	"method":	"Multinomial",
	"convergence_threshold":	0.001,
	"iterations_made":	15,
	"max_iterations":	10000,
	"time_taken":	0.001015264,
	"ground_truth_matrix":	[[0.054910088458876, 0.1189603042476769, 0.033441678392234289, 0.011060521380987629, 0.24324536090811941, 0.16800779444181613, 0.15962455027817882, 0.13481816614048331, 0.006267763850691715, 0.069663771900935742], [0.26764821479172474, 0.0056896705827529951, 0.18334443193306962, 0.19276480901552057, 0.0048285089853900686, 0.0970980434545545, 0.0737276519453078, 0.083622163902498159, 0.060710408957484467, 0.03056609643169713], [0.061293315400922067, 0.14297314709892539, 0.0874505158885679, 0.269583459149985, 0.0940159576003571, 0.026945286382059955, 0.028369706465992364, 0.00985493121997195, 0.21955082091383865, 0.059962859879379625], [0.027978576920902727, 0.22472698094290286, 0.10596298174908114, 0.010848437656095965, 0.0994163500487766, 0.021855755802098156, 0.14258293056171176, 0.015920005850525783, 0.074333627491735846, 0.27637435297616914]],
	"estimated_matrix":	[[0.050653951979486189, 0.089740476943920844, 0.01701610770365249, 0.039405041683390679, 0.25647059338949313, 0.17676169749712456, 0.17243554310217665, 0.10569317664580197, 0.0088439477480623252, 0.0829794633068912], [0.26140530065590073, 0.010062732657219645, 0.17438464483801064, 0.15705751309647384, 0.012025533846636172, 0.10648154675104818, 0.107166857766812, 0.087167250948073677, 0.057159601907790181, 0.027089017532035], [0.0634313825613204, 0.15441303703630882, 0.078235636508620435, 0.298507837592572, 0.060335297551964928, 0.022284666975083446, 0.0174559225195811, 0.027737290951482658, 0.21740150950150725, 0.060197418801559072], [0.03264016650949516, 0.22789166261929844, 0.12956825823404725, 0.0198296341474574, 0.078087712396843659, 0.030140332838279136, 0.1231060397109649, 0.015147536731024461, 0.0841156400995622, 0.25947301671302742]],
	"log_likelihood":	[-421.74482284680118, -326.53394930420654, -275.24255214939581, -246.5809456602546, -229.849251337881, -219.62947600067631, -213.1032970766972, -208.75613965592794, -205.74558612610357, -203.58644280631967, -201.989384706742, -200.77590812446846, -199.8322040818878, -199.08341708711231, -198.47886606301026, -197.813728462314]
}
