{
	"input_file":	"../../instances/J100_M50_G4_I10_L50_seed8.json",
	"method":	"Multinomial",
	"convergence_threshold":	0.001,
	"iterations_made":	15,
	"max_iterations":	10000,
	"time_taken":	0.000854724,
	"ground_truth_matrix":	[[0.18686245439528151, 0.31271523785328015, 0.1838871500988386, 0.068422334178453253, 0.023949501846988717, 0.0010364237832000416, 0.050892580529086434, 0.0465360241937968, 0.066859429077963328, 0.058838864043111186], [0.077693951352584556, 0.0751473499456211, 0.13716371065268357, 0.11945249334395132, 0.092673767042944846, 0.053230454927533574, 0.032706785389616029, 0.34932904412825921, 0.038931832512760181, 0.023670610704045591], [0.0055072216856861637, 0.329020230196156, 0.011067270247359991, 0.031454329030375532, 0.0059530913362825962, 0.020596990261568617, 0.040472518156600683, 0.18322100316570472, 0.034287810719799784, 0.33841953520046592], [0.0032112087624079858, 0.047736865071508, 0.052826418603713579, 0.15912379608073038, 0.30772463923047316, 0.042430714836817818, 0.062397241703006617, 0.034687569390003614, 0.17786361809560214, 0.11199792822573663]],
	"estimated_matrix":	[[0.16869954497236531, 0.322605437687173, 0.18941417472321365, 0.0719867498982076, 0.0196227109378034, 0.0055021647151007767, 0.044543793952240653, 0.074785024492437152, 0.052450435290641931, 0.050389963330816551], [0.0796836990992698, 0.08157153924939807, 0.1716296838684378, 0.0911385610407544, 0.060451526656560825, 0.066645315106179437, 0.042985690221581732, 0.33615506800410039, 0.039746873972901914, 0.029992042780815631], [0.0054406425387497417, 0.300795509438773, 0.014692672848786057, 0.064784633376554546, 0.014560465726513417, 0.019315051276184554, 0.042782850984422714, 0.13691591042745388, 0.057287434911503336, 0.34342482847105876], [0.014139476539438717, 0.065737564262454, 0.0402650901189407, 0.14941580704214433, 0.33716808844649637, 0.037584887559272216, 0.0649365937888647, 0.032437760962889646, 0.16737329406598669, 0.090941437213512652]],
	"log_likelihood":	[-417.15113716581874, -319.1357729092432, -267.52315188473358, -239.36006789035054, -223.31356914087667, -213.76835133667015, -207.85245904769366, -204.0420469980192, -201.49852637816642, -199.74400111704861, -198.49694861726744, -197.5862476721486, -196.90476388703328, -196.38353512128626, -195.97700348017588, -195.53899971677856]
}
