{
	"input_file":	"../../instances/J100_M50_G4_I10_L50_seed16.json",
	"method":	"Multinomial",
	"convergence_threshold":	0.001,
	"iterations_made":	17,
	"max_iterations":	10000,
	"time_taken":	0.000749188,
	"ground_truth_matrix":	[[0.037220072406000837, 0.10908437447685727, 0.11784646370736214, 0.0068749419864193783, 0.0659039693392477, 0.03718022718294757, 0.17190609579094332, 0.026337259333659491, 0.010740806916152435, 0.41690578886040985], [0.14673895330909076, 0.014366663143133332, 0.22689653856502881, 0.03052185574293443, 0.050964679802890864, 0.061466417499061822, 0.21102591149970712, 0.11042169790901495, 0.042842649101018683, 0.10475463342811923], [0.013250987302843993, 0.256850768624498, 0.0859595215094735, 0.065692664325043046, 0.038848493972169149, 0.00454383432734067, 0.14359733763946944, 0.0806029761315524, 0.149913861489711, 0.16073955467789863], [0.012188846753831348, 0.17527867314719919, 0.0089059835851186368, 0.187845388056902, 0.095254420314843463, 0.10261763664422197, 0.17592191677477387, 0.19041692058761223, 0.049692943565485183, 0.001877270570012024]],
	"estimated_matrix":	[[0.01017482127658286, 0.11787954335826727, 0.091131615617901035, 0.011523327881780806, 0.066862960358040777, 0.055447320723468828, 0.15539377831142132, 0.03402468203657423, 0.021989189367376222, 0.43557276106858667], [0.16430797800724461, 0.018179631761940471, 0.2138168189097065, 0.044594262110229377, 0.074695797480670623, 0.0576586655484448, 0.20976217290366, 0.079022645617429, 0.0508698496933672, 0.087092177967307435], [0.010371931743849339, 0.24783043023143608, 0.1021687728660349, 0.085689328314637422, 0.042347799974635274, 0.0076061125341887123, 0.12503024528955256, 0.0924696045252971, 0.12889891764870953, 0.157586856871659], [0.013412953162070335, 0.18345285538301126, 0.014490449231791942, 0.13622210898265782, 0.0932753248433413, 0.0844103748886291, 0.21046175010768187, 0.20504522751824181, 0.051836627271730613, 0.0073923286108439432]],
	"log_likelihood":	[-353.834285596095, -284.86477779694485, -246.15932035710932, -223.8309102928541, -210.43938449211947, -202.06636428448877, -196.61243790786881, -192.92031396033579, -190.33115517808142, -188.45721261934582, -187.06261592816836, -185.99920116142735, -185.17100167729404, -184.5140454295572, -183.98453825035875, -183.55176120577775, -183.1936865396934, -182.77829748894436]
}
