{
	"input_file":	"../../instances/J100_M50_G4_I10_L50_seed8.json",
	"method":	"Multinomial",
	"convergence_threshold":	0.001,
	"iterations_made":	15,
	"max_iterations":	10000,
	"time_taken":	0.000540634,
	"ground_truth_matrix":	[[0.18686245439528151, 0.31271523785328015, 0.1838871500988386, 0.068422334178453253, 0.023949501846988717, 0.0010364237832000416, 0.050892580529086434, 0.0465360241937968, 0.066859429077963328, 0.058838864043111186], [0.077693951352584556, 0.0751473499456211, 0.13716371065268357, 0.11945249334395132, 0.092673767042944846, 0.053230454927533574, 0.032706785389616029, 0.34932904412825921, 0.038931832512760181, 0.023670610704045591], [0.0055072216856861637, 0.329020230196156, 0.011067270247359991, 0.031454329030375532, 0.0059530913362825962, 0.020596990261568617, 0.040472518156600683, 0.18322100316570472, 0.034287810719799784, 0.33841953520046592], [0.0032112087624079858, 0.047736865071508, 0.052826418603713579, 0.15912379608073038, 0.30772463923047316, 0.042430714836817818, 0.062397241703006617, 0.034687569390003614, 0.17786361809560214, 0.11199792822573663]],
	"estimated_matrix":	[[0.16869954497236531, 0.322605437687173, 0.18941417472321365, 0.0719867498982076, 0.0196227109378034, 0.0055021647151007784, 0.044543793952240653, 0.074785024492437152, 0.052450435290641945, 0.050389963330816565], [0.0796836990992698, 0.081571539249398056, 0.17162968386843777, 0.0911385610407544, 0.060451526656560853, 0.066645315106179437, 0.042985690221581739, 0.33615506800410039, 0.0397468739729019, 0.029992042780815645], [0.0054406425387497435, 0.300795509438773, 0.014692672848786063, 0.064784633376554546, 0.014560465726513419, 0.019315051276184558, 0.042782850984422728, 0.13691591042745385, 0.057287434911503329, 0.34342482847105876], [0.014139476539438723, 0.065737564262454, 0.040265090118940687, 0.14941580704214433, 0.33716808844649637, 0.037584887559272216, 0.064936593788864669, 0.032437760962889653, 0.16737329406598669, 0.090941437213512638]],
	"log_likelihood":	[-417.1511371658188, -319.13577290924326, -267.52315188473381, -239.36006789035011, -223.31356914087692, -213.76835133667007, -207.85245904769383, -204.04204699801923, -201.4985263781665, -199.74400111704853, -198.49694861726729, -197.58624767214874, -196.90476388703351, -196.3835351212864, -195.977003480176, -195.53899971677853]
}
