{
	"input_file":	"../../instances/J100_M50_G4_I10_L50_seed14.json",
	"method":	"Multinomial",
	"convergence_threshold":	0.001,
	"iterations_made":	15,
	"max_iterations":	10000,
	"time_taken":	0.000609787,
	"ground_truth_matrix":	[[0.072756559579671962, 0.1496149553698512, 0.20608955322757225, 0.00081482132852198129, 0.037383355051305023, 0.318757571955605, 0.0725851899237404, 0.038640124848800833, 0.07813803605270303, 0.025219832662228388], [0.16106647274809777, 0.04108471195722066, 0.075916688175726, 0.000577733854966009, 0.10966663037368535, 0.023120032174088642, 0.26444084160278358, 0.04597428467004392, 0.13690581024077314, 0.141246794202615], [0.27457020663254578, 0.015670213003462923, 0.047928096851870335, 0.086529298626726064, 0.15012209735757456, 0.040009698419252678, 0.16224042461034441, 0.14373135909456444, 0.02698626539329689, 0.05221234001036193], [0.17521412386860613, 0.00697835471180187, 0.11006490846913713, 0.0051621694983193618, 0.10542941003364474, 0.1087927986118222, 0.042025252126242911, 0.38119891987403859, 0.048249509222306627, 0.016884553584080437]],
	"estimated_matrix":	[[0.0569190957644098, 0.14231174837905244, 0.2249296423182329, 0.00025636634669186652, 0.068158045964241937, 0.30548349571502853, 0.0570730826454513, 0.0428823419001503, 0.0856853252687573, 0.016300855697983636], [0.14426588270002294, 0.043656134915692028, 0.061702364756121827, 0.00849910326403226, 0.092954967069338562, 0.042441480560170546, 0.252407666022487, 0.050410224387890681, 0.138622263689048, 0.16503991263519618], [0.28788609105676044, 0.0058274297392147774, 0.056054206044128321, 0.0712576811407147, 0.16260442740109937, 0.048933782422136675, 0.16161034719220047, 0.148182726868084, 0.01212022240962196, 0.045523085726039289], [0.18971472677947873, 0.0196089472084709, 0.083285956756697255, 0.0093695725880705363, 0.10637288608598365, 0.07722385483606084, 0.081780368198713052, 0.36315421943039761, 0.0348281695703618, 0.034661298545765579]],
	"log_likelihood":	[-377.02026404122046, -296.49859213184089, -254.01888236040372, -230.90871603546958, -217.83732818829773, -210.138846080743, -205.4209988783995, -202.41824846904592, -200.43868672967537, -199.09123441879666, -198.14743138734406, -197.46943790680675, -196.97146383690338, -196.59852048024717, -196.31438487065472, -196.04107792443193]
}
