{
	"input_file":	"../../instances/J100_M50_G4_I10_L50_seed12.json",
	"method":	"Multinomial",
	"convergence_threshold":	0.001,
	"iterations_made":	16,
	"max_iterations":	10000,
	"time_taken":	0.000588735,
	"ground_truth_matrix":	[[0.015582156525603087, 0.12538666210153721, 0.028440975506022707, 0.0710115388820721, 0.0013664386086365743, 0.2336170641797074, 0.21496368670652949, 0.0031636168665235879, 0.29273265374842722, 0.013735206874940618], [0.033685472240404149, 0.094004134275044657, 0.29125377741216613, 0.19328498797955979, 0.00022822457699712571, 0.074318804422831147, 0.0810309053295545, 0.067032982095265731, 0.14748154604349473, 0.017679165624682143], [0.20048479434601485, 0.0029150704700110059, 0.020137011718670491, 0.017134292221539584, 0.051415898857770453, 0.15429323352817573, 0.088328200571823071, 0.23478377805692366, 0.047395008217637064, 0.18311271201143423], [0.0857547781576633, 0.0280620670905269, 0.028810319901014445, 0.2700700037876394, 0.069276535430054548, 0.21227562261024174, 0.10315021172868229, 0.12325061444742259, 0.03690785596159827, 0.042441990885156468]],
	"estimated_matrix":	[[0.028787711276284822, 0.10732608309588015, 0.015498189654952471, 0.058291466815871926, 0.0079154808593788536, 0.21576725797824087, 0.23379663958771413, 0.016931715203295568, 0.3123532681328498, 0.0033321873955314539], [0.038235887243107128, 0.0894847108187406, 0.34002666022444844, 0.18146204445997738, 0.00058792028618239562, 0.0629229574829019, 0.080998977873393, 0.062623647835356677, 0.13785161391541384, 0.0058055798604786371], [0.23023716752845158, 0.012590228290025591, 0.0183322131369886, 0.016979861291092628, 0.043251018831769614, 0.19151899316058565, 0.0762032697652294, 0.2102953772672061, 0.0326920444487368, 0.16789982627991407], [0.04183145580526073, 0.029567392540012925, 0.025578310936155507, 0.27389016942821426, 0.0656989679320012, 0.22774254660646312, 0.10388308843720689, 0.13372552815362171, 0.032596606296475886, 0.0654859338645878]],
	"log_likelihood":	[-443.28625715054375, -336.780424115779, -281.7564450734406, -252.00671767530471, -235.05656037718992, -224.90044037290306, -218.5269659540736, -214.35645574778891, -211.52319329402, -209.53293247021622, -208.09267013839221, -207.02260748866806, -206.20887487842165, -205.57724265740185, -205.078022265758, -204.67713267751816, -204.23748520012643]
}
