{
	"input_file":	"../../instances/J100_M50_G4_I10_L50_seed20.json",
	"method":	"Multinomial",
	"convergence_threshold":	0.001,
	"iterations_made":	15,
	"max_iterations":	10000,
	"time_taken":	0.000831039,
	"ground_truth_matrix":	[[0.082219907057948835, 0.21132951055997232, 0.20588944772410889, 0.15682425779427028, 0.0033877396753867507, 0.10908302458583818, 0.0441117692532601, 0.06774392256656836, 0.099437221215447555, 0.019973199567198632], [0.036851563522719288, 0.14699395741819674, 0.17712024127059539, 0.22017884136159249, 0.17304768634872764, 0.0043302193415076231, 0.01438446802344439, 0.16130282000057855, 0.031695152369169713, 0.034095050343468228], [0.15918532554909737, 0.24428049725138792, 0.067357448039370771, 0.01608475063339752, 0.12010770984818865, 0.055369517882249544, 0.0814706996585495, 0.14939832088464047, 0.050476971643638679, 0.056268758609479635], [0.17512236761584526, 0.1619564906034287, 0.048192968371954921, 0.010729382754040132, 0.22721335331152778, 0.10095756647924056, 0.061467597720307812, 0.11001516460228818, 0.047109106956295665, 0.057236001585070841]],
	"estimated_matrix":	[[0.086426381097864241, 0.19640029263334274, 0.23031276102223672, 0.14654116465987249, 0.019231000940742721, 0.09804430315278935, 0.0542443859906888, 0.067738282926495821, 0.085108448096662154, 0.01595297947930497], [0.037558592962319969, 0.1390322467872652, 0.16867092620686325, 0.22187104252451109, 0.16248314863094657, 0.010973785726576184, 0.015146323704080179, 0.172007832799585, 0.037160742604638745, 0.035095358053213864], [0.15540984770055208, 0.23422196127206935, 0.02322001265953284, 0.015856288730301486, 0.11945805587562508, 0.085958537393240858, 0.084401553835453835, 0.17202713109560028, 0.053237659481449262, 0.056208951956175], [0.17002022706701675, 0.17494647156364365, 0.053720204524407539, 0.013283725073775315, 0.2280700345173752, 0.094431383359587326, 0.046928512506108036, 0.10825830759548694, 0.041980105245685961, 0.0683610285469133]],
	"log_likelihood":	[-294.19929669591937, -248.480004891468, -222.52820688257233, -207.24720876584007, -197.87826822245538, -191.89993038836391, -187.93844961030948, -185.22052768291707, -183.29600819538049, -181.89410525724, -180.84675301713168, -180.04652252001335, -179.42283206264952, -178.92811255465296, -178.52954133719791, -178.10004056743171]
}
