{
	"input_file":	"../../instances/J100_M50_G4_I10_L50_seed18.json",
	"method":	"Multinomial",
	"convergence_threshold":	0.001,
	"iterations_made":	13,
	"max_iterations":	10000,
	"time_taken":	0.000473184,
	"ground_truth_matrix":	[[0.079612049573285548, 0.053341302769557571, 0.15974625935528347, 0.01520417981069265, 0.14485572387769835, 0.10506232004872461, 0.083098883069512963, 0.33440299380389882, 0.022500991524444326, 0.0021752961669017148], [0.11041562041843452, 0.20549084721159183, 0.14569309460047292, 0.0022990684700750739, 0.012939030064866993, 0.038644144714774474, 0.1269946163384455, 0.21625373472435236, 0.024212202145507448, 0.11705764131147908], [0.10266653452655629, 0.037083991797034088, 0.13319222292738928, 0.1435889494144332, 0.018771610259097959, 0.254774298579153, 0.0552593377388751, 0.0937544862565924, 0.020261829253660643, 0.14064673924720819], [0.049671840307513773, 0.0448811195838579, 0.0463472346759975, 0.22690352342756678, 0.10369601946895482, 0.0274398872646683, 0.16153126623860123, 0.13169595376499768, 0.098242519444682264, 0.1095906358231598]],
	"estimated_matrix":	[[0.0732443070797993, 0.0555888565312204, 0.13813751577553085, 0.017678348679101091, 0.1529088202809698, 0.11750675507908355, 0.086933808927404543, 0.33132405603555332, 0.018653843569571518, 0.00802368804176572], [0.11698759021996548, 0.212582437581455, 0.1227214066845627, 0.014936497041337662, 0.0067483260031847517, 0.024060842668018632, 0.11037698976460085, 0.23681855783569364, 0.045720898198887042, 0.10904645400229433], [0.10873212473001692, 0.039712586699762464, 0.14640614971964155, 0.14980624613424148, 0.015230907755612907, 0.26651113459088549, 0.0690432877488103, 0.072551664283734066, 0.027682011713376649, 0.1043238866239182], [0.050420455166506825, 0.0459261103553055, 0.076208093666739946, 0.21391195776275629, 0.10882550700869814, 0.039273231886278966, 0.16928956142831345, 0.10367442467582233, 0.0761995975788339, 0.11627106047074473]],
	"log_likelihood":	[-350.60167297266833, -283.39711814623865, -247.402330595746, -227.46734810507866, -215.94767011937336, -208.99076786569634, -204.60568657458393, -201.72839798180595, -199.7695413857592, -198.390823174272, -197.39122829565673, -196.64729516739274, -196.0807819280451, -195.490607830069]
}
