{
	"input_file":	"../../instances/J100_M50_G4_I10_L50_seed4.json",
	"method":	"Multinomial",
	"convergence_threshold":	0.001,
	"iterations_made":	16,
	"max_iterations":	10000,
	"time_taken":	0.000615817,
	"ground_truth_matrix":	[[0.22583551318107506, 0.052443917345447011, 0.23828791306220862, 0.0830378819242122, 0.079186543171321358, 0.016113585473482447, 0.24761394129387149, 0.00041364337115573342, 0.019304135128980132, 0.037762926048245667], [0.12006391970874336, 0.017497584298260781, 0.15791029373823773, 0.32558754806371482, 0.014215320954268749, 0.072264894734091964, 0.00071710695160031874, 0.038822962732027649, 0.0035880152585265278, 0.249332353560528], [0.055515405364858314, 0.28830098826938388, 0.1495248801034782, 0.19495435552022833, 0.018424095092939071, 0.00754847271122037, 0.0889614160291074, 0.017817431884025, 0.12808472611908472, 0.0508682289056748], [0.0866995985623684, 0.3203931365668275, 0.0851894114973985, 0.013226544553905954, 0.019895455387539254, 0.0910104426573138, 0.0858452373772756, 0.11724633796272703, 0.0592935471165809, 0.12120028831806316]],
	"estimated_matrix":	[[0.23755559077587016, 0.044850222585608529, 0.23487126435919967, 0.076635270088346072, 0.0929643462649897, 0.00907132605772109, 0.21594113119950867, 0.0031202175862537255, 0.023278582440142644, 0.061712048642359782], [0.088376917084347, 0.012674104603653214, 0.2014288174036378, 0.30250112833729342, 0.01288487192755141, 0.090550491140196379, 0.012750507442948618, 0.036508875469844722, 0.011939559746090487, 0.23038472684443695], [0.0724502912879983, 0.2972924433411025, 0.12062757179166957, 0.1700644480976542, 0.027770034033441311, 0.0052433411678382, 0.0865620178917182, 0.021893505648866489, 0.1473562161770566, 0.050740130562654667], [0.089242250930828, 0.31569463702516176, 0.089714655908517349, 0.040923800860776641, 0.0068316727235217117, 0.0762992443276323, 0.11204786107266489, 0.1085539064460453, 0.0460640710793474, 0.1146278996255045]],
	"log_likelihood":	[-406.82594229782381, -327.41751231642513, -284.49687069412755, -260.48516010982132, -246.47706604568623, -237.94569503804414, -232.52928860235741, -228.95407429251668, -226.50844096833359, -224.78065236138124, -223.52426847280879, -222.58695623587482, -221.87165612869265, -221.31475248815519, -220.87344216833733, -220.51822113611658, -220.11906672498233]
}
