{
	"input_file":	"../../instances/J100_M50_G4_I10_L50_seed4.json",
	"method":	"Multinomial",
	"convergence_threshold":	0.001,
	"iterations_made":	16,
	"max_iterations":	10000,
	"time_taken":	0.000637653,
	"ground_truth_matrix":	[[0.22583551318107506, 0.052443917345447011, 0.23828791306220862, 0.0830378819242122, 0.079186543171321358, 0.016113585473482447, 0.24761394129387149, 0.00041364337115573342, 0.019304135128980132, 0.037762926048245667], [0.12006391970874336, 0.017497584298260781, 0.15791029373823773, 0.32558754806371482, 0.014215320954268749, 0.072264894734091964, 0.00071710695160031874, 0.038822962732027649, 0.0035880152585265278, 0.249332353560528], [0.055515405364858314, 0.28830098826938388, 0.1495248801034782, 0.19495435552022833, 0.018424095092939071, 0.00754847271122037, 0.0889614160291074, 0.017817431884025, 0.12808472611908472, 0.0508682289056748], [0.0866995985623684, 0.3203931365668275, 0.0851894114973985, 0.013226544553905954, 0.019895455387539254, 0.0910104426573138, 0.0858452373772756, 0.11724633796272703, 0.0592935471165809, 0.12120028831806316]],
	"estimated_matrix":	[[0.2375555907758701, 0.044850222585608564, 0.23487126435919967, 0.076635270088346072, 0.0929643462649897, 0.00907132605772109, 0.21594113119950867, 0.003120217586253725, 0.023278582440142633, 0.061712048642359789], [0.088376917084347, 0.012674104603653211, 0.20142881740363783, 0.30250112833729342, 0.012884871927551415, 0.090550491140196379, 0.01275050744294862, 0.036508875469844715, 0.011939559746090485, 0.23038472684443695], [0.0724502912879983, 0.29729244334110244, 0.12062757179166957, 0.17006444809765422, 0.027770034033441311, 0.0052433411678382, 0.0865620178917182, 0.021893505648866492, 0.1473562161770566, 0.0507401305626547], [0.089242250930828035, 0.31569463702516187, 0.089714655908517335, 0.040923800860776641, 0.00683167272352171, 0.0762992443276323, 0.11204786107266489, 0.1085539064460453, 0.0460640710793474, 0.1146278996255045]],
	"log_likelihood":	[-406.82594229782387, -327.41751231642547, -284.49687069412784, -260.485160109821, -246.47706604568637, -237.94569503804445, -232.52928860235741, -228.95407429251662, -226.50844096833376, -224.78065236138158, -223.52426847280867, -222.58695623587479, -221.87165612869279, -221.31475248815516, -220.87344216833736, -220.51822113611678, -220.11906672498233]
}
