{
	"input_file":	"../../instances/J100_M50_G4_I10_L50_seed11.json",
	"method":	"Multinomial",
	"convergence_threshold":	0.001,
	"iterations_made":	16,
	"max_iterations":	10000,
	"time_taken":	0.000957701,
	"ground_truth_matrix":	[[0.022670189430670222, 0.0022430000911789036, 0.07095577431831715, 0.14720508768109594, 0.062164378732414968, 0.075774684449878463, 0.0014670045756580005, 0.076206469567349347, 0.32434701506348212, 0.21696639608995485], [0.17475220147373904, 0.015365503375000471, 0.29945062630790814, 0.2597506605011623, 0.024083428701327351, 0.1335574362557338, 0.0027625429341148482, 0.0165692122202841, 0.050767037043357562, 0.022941351187372273], [0.20286311633434817, 0.24312411956007066, 0.060243706866737655, 0.05473336022465846, 0.016880923775346772, 0.012501891955236983, 0.17783373523956272, 0.1304755028070759, 0.00816706959117638, 0.093176573645786145], [0.0343273927566179, 0.12589716907363471, 0.0845656401474236, 0.06158490365408481, 0.053722243761459378, 0.19902684345401958, 0.288587305178316, 0.027573689441473526, 0.018330622154757868, 0.10638419037821256]],
	"estimated_matrix":	[[0.0264567442636069, 0.02664940395439689, 0.0630182591842588, 0.1627305219580594, 0.053215285092046288, 0.072288858812954063, 0.019684011274049069, 0.078814413435545877, 0.30379386884509058, 0.19334863317999221], [0.17118571602331689, 0.026433290426736505, 0.31170761425780164, 0.22886572607193756, 0.030968853421341157, 0.16930188109500019, 0.0033732674884855342, 0.0028164649589899576, 0.02431573790540999, 0.031031448350980519], [0.19616474689027083, 0.21579826921655668, 0.048569294344230067, 0.048752517329752519, 0.019514751123171817, 0.027353569817089605, 0.17632888015237388, 0.15220625825301382, 0.022996505579391518, 0.09231520729414934], [0.036351635772482849, 0.13246386059941812, 0.0762549207534316, 0.063759308415567165, 0.063376452159119, 0.16724525886955058, 0.27103982986700087, 0.027244954160510614, 0.0298575532654535, 0.13240622613746572]],
	"log_likelihood":	[-417.07891036970113, -315.29890788770342, -262.14865183056645, -233.1859218626461, -216.63939210716094, -206.74131897337256, -200.5610661174349, -196.54831391220225, -193.84944092990054, -191.9761014246512, -190.638710415343, -189.6597379514545, -188.92696977568085, -188.36746618145466, -187.93259332355078, -187.589163720546, -187.21446600751028]
}
