{
	"input_file":	"../../instances/J100_M50_G4_I10_L50_seed19.json",
	"method":	"Multinomial",
	"convergence_threshold":	0.001,
	"iterations_made":	17,
	"max_iterations":	10000,
	"time_taken":	0.000583736,
	"ground_truth_matrix":	[[0.00997967157152297, 0.13928787470867682, 0.027579478928395351, 0.014455766703033052, 0.039154695612610146, 0.00842603508963501, 0.10839645532130762, 0.15977019010638813, 0.394764314683101, 0.098185517275330023], [0.044314691186619112, 0.14507784297469581, 0.14368244984263659, 0.048582056046547389, 0.021994251157037275, 0.12615259812409607, 0.030059954829732515, 0.13859323982483718, 0.089158544885675553, 0.2123843711281225], [0.042098920851732474, 0.26356125129739461, 0.1355079862150774, 0.084486126625485977, 0.086158010636071036, 0.0929118015992064, 0.028201901225743359, 0.12510976961175574, 0.03049321518503639, 0.11147101675249657], [0.0091947790217126457, 0.16071148208847358, 0.11027804659106387, 0.11078741918084128, 0.0584045461434473, 0.026011234892600814, 0.10717594487047974, 0.0072971516700121846, 0.23970420654092939, 0.17043518900043916]],
	"estimated_matrix":	[[0.012644916825629559, 0.12106614875977879, 0.0542042805141073, 0.026567454420344361, 0.03129270937664444, 0.0025592147376691317, 0.10457346167234108, 0.14479148877372641, 0.411553985464905, 0.090746339454853941], [0.0352338105850497, 0.15651620219090343, 0.11979120589563129, 0.050232440557675048, 0.02485700147742876, 0.1536725264018754, 0.017705621018473061, 0.14279483813320762, 0.068441453971979427, 0.23075489976777636], [0.02536270646329546, 0.2635294164091937, 0.122410571935913, 0.079610091111396677, 0.098476216984451373, 0.10197371769748595, 0.036125364230010733, 0.14420869476099624, 0.033890321872707525, 0.094412898534549233], [0.018824997446634829, 0.15064518937029056, 0.15504130839758337, 0.0956717253407314, 0.060583797005821435, 0.02150393199914866, 0.10951844644947027, 0.011639039303919451, 0.23794026266705989, 0.13863130201934012]],
	"log_likelihood":	[-301.9866939694204, -252.248192976592, -224.54100738579675, -208.59821982378887, -199.0784386394771, -193.17809909282147, -189.38767305633789, -186.86927790514341, -185.14297407067, -183.92520296649769, -183.04336688761961, -182.38940127868241, -181.89383174397145, -181.51087889193442, -181.20967924292907, -180.96897980103205, -180.77385508332139, -180.54852583480508]
}
