{
	"input_file":	"../../instances/J100_M50_G4_I10_L50_seed1.json",
	"method":	"Multinomial",
	"convergence_threshold":	0.001,
	"iterations_made":	16,
	"max_iterations":	10000,
	"time_taken":	0.000882157,
	"ground_truth_matrix":	[[0.12436308318824252, 0.2936479442801595, 2.6361498408479558e-05, 0.0829722235922016, 0.036577837427075648, 0.0223288485003637, 0.047503287797740747, 0.0977139586640639, 0.11649176519617498, 0.17837468985556892], [0.078737587506692047, 0.16750337765308135, 0.033145413394336042, 0.3050005136808091, 0.0040242128188571836, 0.16086639690315654, 0.078266859223934074, 0.11854087140099424, 0.021921593367001047, 0.031993174051138537], [0.12057861540422678, 0.25789235616624362, 0.028107564516233675, 0.0881039432937717, 0.15626627010132041, 0.16818376689753073, 0.0066434326979972836, 0.0029777413570878652, 0.013912210833154727, 0.15733409873243309], [0.0098590115765334746, 0.0520579481522232, 0.30164606027898377, 0.072546463444841558, 0.11211347244977547, 0.0361017615479848, 0.11046616198861507, 0.17137563389676491, 0.001757767044924791, 0.132075719619353]],
	"estimated_matrix":	[[0.12269513434119327, 0.269293816257593, 0.014402717087052711, 0.0692077223758054, 0.03471488924659006, 0.030496691450847588, 0.053043577163077761, 0.0911731035492674, 0.11205168596768852, 0.20292066256088429], [0.080673008721837844, 0.15214058759956262, 0.042269555420780862, 0.311688931488442, 0.0088099370792172563, 0.18200419609086441, 0.069393850001731178, 0.12015361731451324, 0.021756253098432463, 0.0111100631846181], [0.1043833021473326, 0.303575762557856, 0.035487300356759933, 0.0581293804587904, 0.13597345439966457, 0.15622604913964114, 0.00824239171127064, 0.036873809046361478, 0.0057361474276025962, 0.15537240275472075], [0.018527707428742265, 0.060270961758470389, 0.26725929415496052, 0.092271794898806, 0.12499185720884629, 0.052797220553267382, 0.0959614706184748, 0.15352416004698607, 0.013338836324096635, 0.1210566970073496]],
	"log_likelihood":	[-367.53540506823532, -293.73199305037571, -254.060575267261, -231.97698665401586, -219.14569335548669, -211.363530075445, -206.4472699361483, -203.22126672986448, -201.02912030428223, -199.49140988980452, -198.38148486223326, -197.55966790765768, -196.93730237347694, -196.45652556269317, -196.07857191857428, -195.77682978608411, -195.44488709222708]
}
