{
	"input_file":	"../../instances/J100_M50_G4_I10_L50_seed13.json",
	"method":	"Multinomial",
	"convergence_threshold":	0.001,
	"iterations_made":	15,
	"max_iterations":	10000,
	"time_taken":	0.000556383,
	"ground_truth_matrix":	[[0.095000606641782351, 0.017133841334523565, 0.109854414200967, 0.213159663431239, 0.22726109271150324, 0.038166572341381357, 0.059332412112789071, 0.0943852305406974, 0.064827896915340855, 0.080878269769776023], [0.0068883355213543232, 0.0684607808726845, 0.011645208371382151, 0.37572194421425487, 0.090114377573631624, 0.21997833859893373, 0.057186871760991957, 0.082483938626239872, 0.001826590536552423, 0.085693613923974427], [0.27956318930356217, 0.023073793909949909, 0.036123216791498255, 0.23454490768563666, 0.0030440371355612453, 0.006318257987249565, 0.0933001577690485, 0.19433754783255683, 0.00082184714507826516, 0.12887304443985828], [0.18167492691597709, 0.0085360079749319528, 0.11583046420564749, 0.077171872428467833, 0.070868524171963959, 0.33758470960167358, 1.3045793357177294e-06, 0.030752060077022, 0.13503708974239564, 0.042543040302584968]],
	"estimated_matrix":	[[0.086964541488638233, 0.01714607216196256, 0.12340572351183973, 0.21431562602149629, 0.22566851367942864, 0.033567468134846075, 0.0717650236452602, 0.084306354906632228, 0.0649371990415832, 0.077923477408312833], [0.01152896023445025, 0.0789483134612715, 0.017200804136327321, 0.39014796333078416, 0.079845600245046153, 0.24097397541474658, 0.027382486026771808, 0.058010943394611034, 0.0013533091270375762, 0.0946076446289536], [0.25589576038878786, 0.018079962618035052, 0.016557796519052228, 0.24796860901685214, 0.0082413984239908759, 0.00979012636823603, 0.087296787644443555, 0.21616220094429153, 0.0080619008470708929, 0.13194545722923989], [0.17181302639477178, 0.0065158356403984419, 0.12660926947956633, 0.0897044187519483, 0.0692420761976541, 0.32279651057358588, 0.016270195202408418, 0.030685151084962461, 0.12618051236214206, 0.040183004312562241]],
	"log_likelihood":	[-415.26824364566568, -330.078894155979, -284.23821283194127, -258.50919763043737, -243.35921352562531, -234.00227744028595, -227.956434548048, -223.88497594729651, -221.03945084237469, -218.98444351303908, -217.45715476306111, -216.2933539129038, -215.3870271975739, -214.66767091763651, -214.08710957123242, -213.425666489079]
}
