{
	"input_file":	"../../instances/J100_M50_G4_I10_L50_seed10.json",
	"method":	"Multinomial",
	"convergence_threshold":	0.001,
	"iterations_made":	15,
	"max_iterations":	10000,
	"time_taken":	0.000835556,
	"ground_truth_matrix":	[[0.21843127705125, 0.00310455594308142, 0.14866145756024521, 0.20452786828098479, 0.10217584773651123, 0.037696783123583662, 0.032677328835812119, 0.21160574168951965, 0.027426722860244761, 0.013692416918767124], [0.089337698565748663, 0.23688004378999766, 0.000305646789730184, 0.055459840205091121, 0.12938125590902735, 0.0732507112687405, 0.0988351780171504, 0.026665214833852879, 0.19301748277755362, 0.0968669278431076], [0.10672896050204253, 0.020927421351082318, 0.063779059262355456, 0.153018180528831, 0.0795746549692582, 0.0776761725567312, 0.13124552522321278, 0.098226905335430229, 0.14342301595160181, 0.12540010431945453], [0.1919861357043022, 0.0865406000475947, 0.28084304616379091, 0.045128827850497613, 0.011127371584026975, 0.041976099394574959, 0.014202749869359089, 0.20704656332915794, 0.0056368930526053875, 0.11551171300409022]],
	"estimated_matrix":	[[0.260191337118134, 0.016252619649558552, 0.1499755790718762, 0.16892409237577369, 0.080851891433907169, 0.033320217140459969, 0.011482691272962968, 0.22752993869131968, 0.026065179652411334, 0.025406453593596393], [0.10979352789105554, 0.23312123658221434, 0.021217023456694337, 0.035801534227055065, 0.11959153597411082, 0.083281579126866526, 0.097916029816541933, 0.036318054513340713, 0.17505317268547996, 0.0879063057266408], [0.0949995298538298, 0.02027717518284, 0.090746131514968145, 0.1440735726706108, 0.075803365702709721, 0.0877781262471732, 0.13362668451294213, 0.083617888206756, 0.12822629384395062, 0.14085123226421964], [0.17846205897378312, 0.10475107707855603, 0.27871809560727268, 0.058185173789631256, 0.018872278257483444, 0.027344513901379049, 0.029936372401622256, 0.21350948189389968, 0.0049649928583589634, 0.085255955238013437]],
	"log_likelihood":	[-366.91496398052851, -302.74903876397633, -266.88635392856276, -246.18818182717843, -233.80308832763129, -226.11823273295963, -221.17941565458759, -217.8981726567896, -215.64973342174952, -214.06464876166518, -212.91802688718712, -212.06909853330018, -211.42737402761347, -210.93320162998205, -210.54631781578522, -210.11372306247785]
}
