{
	"input_file":	"../../instances/J100_M50_G4_I2_L50_seed3.json",
	"method":	"Multinomial",
	"convergence_threshold":	0.001,
	"iterations_made":	9,
	"max_iterations":	10000,
	"time_taken":	8.4686e-05,
	"ground_truth_matrix":	[[0.39388041818446978, 0.60611958181553], [0.32467278858124587, 0.675327211418754], [0.49647207203009674, 0.50352792796990342], [0.3662289503236717, 0.63377104967632825]],
	"estimated_matrix":	[[0.4047148704793494, 0.5952851295206506], [0.35792864261192164, 0.6420713573880783], [0.44790203179762339, 0.55209796820237667], [0.38300811483103758, 0.61699188516896242]],
	"log_likelihood":	[-27.639291920093381, -26.88940362278634, -26.452284784602224, -26.196454606476117, -26.045924688372335, -25.956755094952435, -25.90349426317929, -25.871361336663892, -25.851742979370513, -25.836666566450475]
}
