{
	"input_file":	"../../instances/J100_M50_G4_I2_L50_seed11.json",
	"method":	"Multinomial",
	"convergence_threshold":	0.001,
	"iterations_made":	28,
	"max_iterations":	10000,
	"time_taken":	0.000244866,
	"ground_truth_matrix":	[[0.90996736531017963, 0.0900326346898204], [0.3252452051574129, 0.674754794842587], [0.45066551343952227, 0.54933448656047779], [0.018886815503540464, 0.98111318449645957]],
	"estimated_matrix":	[[0.9078618637036896, 0.0921381362963104], [0.28356548297514866, 0.71643451702485139], [0.48121167390780339, 0.51878832609219661], [0.021859397261572166, 0.978140602738428]],
	"log_likelihood":	[-178.70323045186038, -113.50835843230071, -76.743176274849972, -54.9865537076318, -41.559559836151813, -32.9586778296616, -27.260969116192214, -23.369511714980643, -20.6368532284378, -18.66881317537932, -17.218482682983574, -16.127091742945378, -15.290043758615683, -14.636871382558247, -14.11910672151264, -13.702767248135586, -13.363598571913128, -13.084000896123408, -12.851005346690348, -12.654917790990766, -12.488394812133413, -12.345804276690528, -12.222776338305509, -12.115883802249156, -12.02241161840521, -11.940188611055913, -11.867463221714937, -11.802810753026687, -11.712890606056739]
}
