{
	"input_file":	"../../instances/J100_M50_G4_I2_L50_seed10.json",
	"method":	"Multinomial",
	"convergence_threshold":	0.001,
	"iterations_made":	28,
	"max_iterations":	10000,
	"time_taken":	0.000409683,
	"ground_truth_matrix":	[[0.98598621315062451, 0.014013786849375551], [0.42091152445267649, 0.57908847554732346], [0.73049207059464549, 0.26950792940535451], [0.13376829088294734, 0.86623170911705261]],
	"estimated_matrix":	[[0.97835023680973054, 0.021649763190269507], [0.419562566702692, 0.580437433297308], [0.73992579197132147, 0.26007420802867853], [0.14076594995696176, 0.85923405004303843]],
	"log_likelihood":	[-169.86122863940849, -106.72016530560674, -71.059006532716353, -50.014835765238942, -37.1188285939106, -28.943508007472147, -23.595719324605149, -19.993367950439755, -17.499095810074959, -15.727044622926794, -14.437547539973069, -13.478101863601761, -12.749427595004846, -12.185481369109596, -11.741421829350266, -11.386208243949822, -11.09795658316523, -10.860969860119473, -10.663804504557589, -10.497989479032439, -10.357163754222258, -10.236486337231222, -10.132226656469893, -10.041476090293303, -9.961942039397524, -9.8917990181485234, -9.8295796529951538, -9.77409396392978, -9.69640794145204]
}
