{
	"input_file":	"../../instances/J100_M50_G4_I2_L50_seed20.json",
	"method":	"Multinomial",
	"convergence_threshold":	0.001,
	"iterations_made":	22,
	"max_iterations":	10000,
	"time_taken":	0.00033404,
	"ground_truth_matrix":	[[0.28008881000392533, 0.71991118999607473], [0.56763625027584241, 0.43236374972415759], [0.030121069218649359, 0.96987893078135068], [0.39436320615953213, 0.605636793840468]],
	"estimated_matrix":	[[0.28440804980056583, 0.71559195019943422], [0.59351831223519036, 0.40648168776480958], [0.0384701606251254, 0.96152983937487457], [0.35151376771520415, 0.648486232284796]],
	"log_likelihood":	[-85.161768732144665, -56.789089003847081, -40.7783764910748, -31.472579829560072, -25.880962965864981, -22.405834457194572, -20.174029371296651, -18.695377020315782, -17.686885884786108, -16.980523956248472, -16.473731008099474, -16.102211933556841, -15.82461031387256, -15.613664396774203, -15.45098237735791, -15.323884413116, -15.223450942775882, -15.143290251832052, -15.078743858749341, -15.0263638381573, -14.983562389004433, -14.948372592810395, -14.901833034480175]
}
