{
	"input_file":	"../../instances/J100_M50_G4_I2_L50_seed16.json",
	"method":	"Multinomial",
	"convergence_threshold":	0.001,
	"iterations_made":	20,
	"max_iterations":	10000,
	"time_taken":	0.00017591,
	"ground_truth_matrix":	[[0.25440151136213868, 0.74559848863786138], [0.944877609836287, 0.055122390163713141], [0.63932175408727943, 0.36067824591272069], [0.867146824078388, 0.13285317592161219]],
	"estimated_matrix":	[[0.28170527793023487, 0.718294722069765], [0.918028668462787, 0.081971331537213], [0.638134716149371, 0.36186528385062883], [0.86930565983243124, 0.13069434016756865]],
	"log_likelihood":	[-109.51358756730829, -69.386313602792839, -46.371252374035357, -32.848062626558786, -24.689133324072721, -19.638534395407834, -16.435491340059212, -14.35774894114841, -12.981309184291121, -12.051381027224178, -11.411450101130175, -10.963378558832495, -10.644447371316138, -10.413857872718509, -10.244630581579196, -10.118648616436268, -10.023570016245575, -9.9508718278169, -9.89459172794752, -9.8505066655625857, -9.80388249074222]
}
