{
	"input_file":	"../../instances/J100_M50_G4_I2_L50_seed14.json",
	"method":	"Multinomial",
	"convergence_threshold":	0.001,
	"iterations_made":	29,
	"max_iterations":	10000,
	"time_taken":	0.000433886,
	"ground_truth_matrix":	[[0.32718470976908715, 0.6728152902309128], [0.99606184581514945, 0.0039381541848506141], [0.104967871470104, 0.895032128529896], [0.65259594969166024, 0.34740405030833971]],
	"estimated_matrix":	[[0.35698420991494373, 0.64301579008505638], [0.96723823706155632, 0.032761762938443663], [0.079196343906143232, 0.920803656093857], [0.66381884257454482, 0.33618115742545523]],
	"log_likelihood":	[-179.03017236620221, -112.54769684811828, -74.697651711356073, -52.20467514017723, -38.343444927014062, -29.523390491621782, -23.745508437721529, -19.857929854907088, -17.1767522680154, -15.28478119050707, -13.921097238382226, -12.918697646195854, -12.168360324947491, -11.597197071130937, -11.155638486700187, -10.809369899059288, -10.53423680758876, -10.312967147273376, -10.133026008312076, -9.9851886767048743, -9.8625768558988032, -9.759998216740394, -9.6734875262219937, -9.5999836157462752, -9.53709911157515, -9.48295431884303, -9.43605601505702, -9.395208049035265, -9.35944471695709, -9.3055929294055968]
}
