{
	"input_file":	"../../instances/J100_M50_G4_I2_L50_seed1.json",
	"method":	"Multinomial",
	"convergence_threshold":	0.001,
	"iterations_made":	20,
	"max_iterations":	10000,
	"time_taken":	0.000304074,
	"ground_truth_matrix":	[[0.297511488970571, 0.702488511029429], [0.00031761382895504226, 0.99968238617104477], [0.620945430067681, 0.3790545699323189], [0.327118775180985, 0.672881224819015]],
	"estimated_matrix":	[[0.30417785772387129, 0.69582214227612871], [0.014465769215986347, 0.9855342307840137], [0.601004647665971, 0.39899535233402916], [0.32436468056258777, 0.67563531943741217]],
	"log_likelihood":	[-108.60908781540621, -70.5989235374307, -50.376359020632826, -39.0598959774095, -32.407709727217039, -28.312700372493669, -25.682100704736847, -23.924863919028866, -22.7084496800855, -21.838798542295525, -21.198768047559408, -20.715387582159394, -20.341848045902818, -20.047286137952106, -19.810822891160992, -19.617991622766571, -19.4585437839832, -19.3250691241577, -19.212108317693659, -19.11556999452857, -18.993026419842284]
}
