{
	"input_file":	"../../instances/J100_M50_G4_I2_L50_seed7.json",
	"method":	"Multinomial",
	"convergence_threshold":	0.001,
	"iterations_made":	27,
	"max_iterations":	10000,
	"time_taken":	0.000500894,
	"ground_truth_matrix":	[[0.049824327768858021, 0.950175672231142], [0.30980548916967027, 0.69019451083032979], [0.831514501677034, 0.16848549832296594], [0.90290621666010051, 0.0970937833398996]],
	"estimated_matrix":	[[0.0447538249660078, 0.955246175033992], [0.3612541446985913, 0.6387458553014087], [0.828510621139953, 0.17148937886004692], [0.89068076480614478, 0.10931923519385539]],
	"log_likelihood":	[-189.02814187106623, -114.05724217548361, -72.556691526679273, -48.556596425511231, -34.165063705097985, -25.254782571723645, -19.574119771844245, -15.852415706638055, -13.351159125014687, -11.629439475630363, -10.417373012085394, -9.54586915102604, -8.9066538894182, -8.4289669495234136, -8.0656706126255, -7.78479285911251, -7.5642762082075681, -7.3886561847689265, -7.2469235708664659, -7.1311259463420678, -7.0354387101812623, -6.955538959630867, -6.8881776461700017, -6.8308833618482039, -6.7817546721003561, -6.7393127653403546, -6.7023956852754178, -6.6527563141861439]
}
