{
	"input_file":	"../../instances/J100_M50_G4_I2_L50_seed10.json",
	"method":	"Multinomial",
	"convergence_threshold":	0.001,
	"iterations_made":	28,
	"max_iterations":	10000,
	"time_taken":	0.00040334,
	"ground_truth_matrix":	[[0.98598621315062451, 0.014013786849375551], [0.42091152445267649, 0.57908847554732346], [0.73049207059464549, 0.26950792940535451], [0.13376829088294734, 0.86623170911705261]],
	"estimated_matrix":	[[0.97835023680973066, 0.021649763190269507], [0.419562566702692, 0.580437433297308], [0.73992579197132147, 0.26007420802867853], [0.14076594995696171, 0.85923405004303843]],
	"log_likelihood":	[-169.86122863940849, -106.7201653056067, -71.059006532716325, -50.014835765238765, -37.118828593910514, -28.943508007471944, -23.59571932460479, -19.993367950440849, -17.499095810074763, -15.727044622926632, -14.437547539972805, -13.478101863601818, -12.749427595004928, -12.185481369109411, -11.741421829350168, -11.38620824394965, -11.097956583165157, -10.860969860119411, -10.66380450455787, -10.497989479032759, -10.357163754222425, -10.236486337231234, -10.13222665647012, -10.041476090293084, -9.9619420393979272, -9.89179901814847, -9.8295796529957027, -9.7740939639296, -9.69640794145208]
}
