{
	"input_file":	"../../instances/J100_M50_G4_I2_L50_seed5.json",
	"method":	"Multinomial",
	"convergence_threshold":	0.001,
	"iterations_made":	17,
	"max_iterations":	10000,
	"time_taken":	0.000155156,
	"ground_truth_matrix":	[[0.1092869023075165, 0.89071309769248352], [0.084514668368276855, 0.91548533163172319], [0.41466565027429875, 0.585334349725701], [0.66524382271665439, 0.33475617728334578]],
	"estimated_matrix":	[[0.094260368816713833, 0.905739631183286], [0.08035250728920576, 0.919647492710794], [0.4259341825717407, 0.57406581742825924], [0.64461962908879422, 0.35538037091120589]],
	"log_likelihood":	[-111.79775686669755, -67.8566609050687, -44.640788126471847, -31.935666827499041, -24.734302522513865, -20.516272392681081, -17.970408150292712, -16.391528601809757, -15.388060604503083, -14.735985456072157, -14.303580125467256, -14.01143671881694, -13.810593591857838, -13.670240307716611, -13.570626937138552, -13.498878078047097, -13.446468439194531, -13.397847645492442]
}
