{
	"input_file":	"../../instances/J100_M50_G4_I2_L50_seed19.json",
	"method":	"Multinomial",
	"convergence_threshold":	0.001,
	"iterations_made":	27,
	"max_iterations":	10000,
	"time_taken":	0.000238282,
	"ground_truth_matrix":	[[0.0668576111835421, 0.933142388816458], [0.65610367000627345, 0.34389632999372649], [0.82291076733637858, 0.17708923266362139], [0.404213041291647, 0.595786958708353]],
	"estimated_matrix":	[[0.058179460672897733, 0.94182053932710241], [0.68117880325969149, 0.31882119674030834], [0.8095835429946836, 0.1904164570053164], [0.441325095551727, 0.558674904448273]],
	"log_likelihood":	[-135.92030958292739, -86.547015681449267, -58.628665685110462, -42.281923785367361, -32.389938098380739, -26.21227398764405, -22.235936621363443, -19.601842358270023, -17.8089318760084, -16.557255231126643, -15.662661830128584, -15.009307228066342, -14.522595385699987, -14.153411539439729, -13.86873009997224, -13.64589940216651, -13.469091505188304, -13.327052757515116, -13.2116512339801, -13.116921613027355, -13.038426241728255, -12.972820693161532, -12.917553786418194, -12.87065742693432, -12.830597351182927, -12.796165758148646, -12.766403136578027, -12.729998174226409]
}
