{
	"input_file":	"../../instances/J100_M50_G4_I2_L50_seed19.json",
	"method":	"Multinomial",
	"convergence_threshold":	0.001,
	"iterations_made":	27,
	"max_iterations":	10000,
	"time_taken":	0.000404617,
	"ground_truth_matrix":	[[0.0668576111835421, 0.933142388816458], [0.65610367000627345, 0.34389632999372649], [0.82291076733637858, 0.17708923266362139], [0.404213041291647, 0.595786958708353]],
	"estimated_matrix":	[[0.058179460672897768, 0.94182053932710219], [0.6811788032596916, 0.31882119674030834], [0.8095835429946836, 0.19041645700531643], [0.441325095551727, 0.558674904448273]],
	"log_likelihood":	[-135.92030958292739, -86.547015681448954, -58.628665685110114, -42.2819237853671, -32.389938098380682, -26.212273987644039, -22.235936621363475, -19.601842358270073, -17.808931876008721, -16.557255231126451, -15.66266183012865, -15.009307228066517, -14.522595385699994, -14.1534115394399, -13.868730099971797, -13.645899402166112, -13.469091505187903, -13.3270527575152, -13.211651233979937, -13.116921613027358, -13.038426241728256, -12.97282069316123, -12.91755378641871, -12.870657426934105, -12.830597351183135, -12.796165758148643, -12.766403136577962, -12.729998174226369]
}
