{
	"input_file":	"../../instances/J100_M50_G4_I2_L50_seed18.json",
	"method":	"Multinomial",
	"convergence_threshold":	0.001,
	"iterations_made":	24,
	"max_iterations":	10000,
	"time_taken":	0.00035125,
	"ground_truth_matrix":	[[0.598796857472177, 0.40120314252782313], [0.913094360419019, 0.086905639580980923], [0.57961290670290522, 0.42038709329709484], [0.19903834610714546, 0.80096165389285456]],
	"estimated_matrix":	[[0.60704974713236426, 0.39295025286763591], [0.94422519339941668, 0.055774806600583364], [0.58185489734633233, 0.41814510265366772], [0.21350226201689884, 0.78649773798310119]],
	"log_likelihood":	[-120.78331912662961, -77.812140568985271, -53.657222130272743, -39.54852606623303, -31.0002783218655, -25.64071480195463, -22.171982436133735, -19.860189635287551, -18.277283082177021, -17.166216682521231, -16.368372710234592, -15.783355942374893, -15.346105032362713, -15.01352157438202, -14.756467105268149, -14.554862765458509, -14.394624281343734, -14.265706463732263, -14.16083224812434, -14.074652199416025, -14.003179571073067, -13.943404720313719, -13.893028104337033, -13.850272838639009, -13.802543403083952]
}
