{
	"input_file":	"../../instances/J100_M50_G4_I2_L50_seed17.json",
	"method":	"Multinomial",
	"convergence_threshold":	0.001,
	"iterations_made":	16,
	"max_iterations":	10000,
	"time_taken":	0.000145577,
	"ground_truth_matrix":	[[0.315810458607232, 0.684189541392768], [0.751461243773324, 0.24853875622667579], [0.59147354310544265, 0.40852645689455724], [0.542124295753378, 0.45787570424662188]],
	"estimated_matrix":	[[0.302943522796035, 0.697056477203965], [0.775286021935632, 0.22471397806436808], [0.604670986059445, 0.39532901394055514], [0.505361581767625, 0.49463841823237487]],
	"log_likelihood":	[-62.76943494320826, -44.464372666004174, -34.038936972903571, -27.985089828459135, -24.398843854672876, -22.23274699311354, -20.899966521905707, -20.065329580631918, -19.53374464090944, -19.189599404500949, -18.963220799659407, -18.811957144033066, -18.709311158011154, -18.638589720365079, -18.589133686919777, -18.554046579510182, -18.5244898108332]
}
