{
	"input_file":	"../../instances/J100_M50_G4_I2_L50_seed2.json",
	"method":	"Multinomial",
	"convergence_threshold":	0.001,
	"iterations_made":	22,
	"max_iterations":	10000,
	"time_taken":	0.000257713,
	"ground_truth_matrix":	[[0.956143597579845, 0.043856402420155059], [0.582620503431051, 0.417379496568949], [0.57628561358826846, 0.42371438641173154], [0.19166573323863, 0.80833426676137]],
	"estimated_matrix":	[[0.93066494239786524, 0.069335057602134834], [0.60595616931026575, 0.39404383068973436], [0.58845710910485838, 0.41154289089514157], [0.19363756063260273, 0.80636243936739727]],
	"log_likelihood":	[-122.54128929628342, -77.405202226923734, -52.7302887169959, -38.692963589191713, -30.401603475010351, -25.331552515133929, -22.131461798531728, -20.05254734736593, -18.666194415969287, -17.719497824477244, -17.058972139595163, -16.5890197391134, -16.2486597617822, -15.998130157894654, -15.810975665838246, -15.669263735566034, -15.560627704754262, -15.476401859168638, -15.410422862115162, -15.358245911774938, -15.316623750810527, -15.283155108970924, -15.245494943215375]
}
