{
	"input_file":	"../../instances/J100_M50_G4_I2_L50_seed12.json",
	"method":	"Multinomial",
	"convergence_threshold":	0.001,
	"iterations_made":	31,
	"max_iterations":	10000,
	"time_taken":	0.000272911,
	"ground_truth_matrix":	[[0.11053619287835263, 0.88946380712164752], [0.28597542938972, 0.71402457061028], [0.0058150405982643075, 0.99418495940173579], [0.985496465528608, 0.014503534471392115]],
	"estimated_matrix":	[[0.073436799968410071, 0.92656320003159], [0.33473861156054752, 0.66526138843945248], [0.016311435272915637, 0.98368856472708444], [0.96967819471691652, 0.030321805283083415]],
	"log_likelihood":	[-240.080226184578, -139.4477783777848, -86.2031978894309, -56.268676688344286, -38.616678468199559, -27.7768922930472, -20.8748989283198, -16.333009586347771, -13.253005983201728, -11.106422685267471, -9.57274256563483, -8.4519890757746268, -7.6160657851437117, -6.9808946070412681, -6.4900333292518635, -6.1047978764751951, -5.79816402396366, -5.5509180183412665, -5.3491758742091715, -5.18275351373719, -5.0440764851907431, -4.9274383153255936, -4.8284880908497181, -4.74387124078917, -4.67097428284352, -4.6077411356123967, -4.552539357691562, -4.50406165660047, -4.46125260798628, -4.4232535948621479, -4.3893610524971232, -4.3241370488280966]
}
