{
	"input_file":	"../../instances/J100_M50_G4_I2_L50_seed9.json",
	"method":	"Multinomial",
	"convergence_threshold":	0.001,
	"iterations_made":	27,
	"max_iterations":	10000,
	"time_taken":	0.000236211,
	"ground_truth_matrix":	[[0.014743209941968996, 0.985256790058031], [0.82656560980942351, 0.17343439019057644], [0.38330142741774459, 0.61669857258225547], [0.65532526930793666, 0.34467473069206339]],
	"estimated_matrix":	[[0.032113979962529071, 0.96788602003747082], [0.81633570319121618, 0.18366429680878377], [0.37271617911955834, 0.62728382088044166], [0.66921341479159246, 0.33078658520840759]],
	"log_likelihood":	[-152.4369594907611, -93.438310784435757, -61.140799402445531, -42.671955680381465, -31.7020484363145, -24.957799319796237, -20.676794369329443, -17.876972086332611, -15.9939516711065, -14.694008370987403, -13.77448237323237, -13.1091919714898, -12.617702957466749, -12.247590675214928, -11.963959390228656, -11.743112592854311, -11.56865076741197, -11.429018541347828, -11.315934248389974, -11.223366669036176, -11.146857012527171, -11.083062359162538, -11.029443427637689, -10.984047841264514, -10.94535752015384, -10.912179748450685, -10.883568398565385, -10.839697521390178]
}
