{
	"input_file":	"../../instances/J100_M50_G4_I2_L50_seed4.json",
	"method":	"Multinomial",
	"convergence_threshold":	0.001,
	"iterations_made":	14,
	"max_iterations":	10000,
	"time_taken":	0.000214943,
	"ground_truth_matrix":	[[0.81154224282326637, 0.1884577571767336], [0.74157729251795246, 0.25842270748204754], [0.830917484555137, 0.16908251544486275], [0.99833226868005676, 0.0016677313199432154]],
	"estimated_matrix":	[[0.812515364193952, 0.18748463580604793], [0.744773146839703, 0.2552268531602972], [0.839293434167965, 0.16070656583203485], [0.96562075557435756, 0.034379244425642386]],
	"log_likelihood":	[-40.8983368306834, -31.973640934507987, -27.1004367187746, -24.325327526349614, -22.674807098053652, -21.651250653482371, -20.991366754549951, -20.550627024517311, -20.246759320444337, -20.031268888665537, -19.874610605937136, -19.758216411170217, -19.670073963171681, -19.60220117460463, -19.534324799497]
}
