{
	"input_file":	"../../instances/J100_M50_G4_I2_L50_seed6.json",
	"method":	"Multinomial",
	"convergence_threshold":	0.001,
	"iterations_made":	24,
	"max_iterations":	10000,
	"time_taken":	0.000245111,
	"ground_truth_matrix":	[[0.84701246603789282, 0.15298753396210726], [0.97585881292457777, 0.024141187075422219], [0.11190117762122714, 0.888098822378773], [0.58169265549289373, 0.41830734450710627]],
	"estimated_matrix":	[[0.814206507906274, 0.18579349209372581], [0.975586014946785, 0.024413985053214765], [0.11133096912105384, 0.888669030878946], [0.56963132725046173, 0.43036867274953822]],
	"log_likelihood":	[-189.00798905894678, -111.95844723972093, -71.454729419936072, -48.997969576155022, -35.957191800259871, -28.06211775905706, -23.096163068603957, -19.860823551011531, -17.683797543153247, -16.1749211655934, -15.100495397443819, -14.316364727643737, -13.731147229126622, -13.285428250290066, -12.939657898510443, -12.666927375698457, -12.448552310113877, -12.271310985908009, -12.125680776923813, -12.00468967221167, -11.903154467134208, -11.817166618614909, -11.743739548352661, -11.68056295061394, -11.598592020399318]
}
