{
	"input_file":	"../../instances/J100_M50_G4_I3_L50_seed12.json",
	"method":	"Multinomial",
	"convergence_threshold":	0.001,
	"iterations_made":	23,
	"max_iterations":	10000,
	"time_taken":	0.000325509,
	"ground_truth_matrix":	[[0.0919790771562763, 0.74013821186145934, 0.16788271098226437], [0.23206761290778644, 0.004465558007663243, 0.76346682908455032], [0.42078789622427676, 0.006192728205026937, 0.57301937557069638], [0.10444416615842719, 0.23625432017407338, 0.65930151366749945]],
	"estimated_matrix":	[[0.075502224155879968, 0.736129175022602, 0.18836860082151793], [0.26592364265143226, 0.00702806323575759, 0.72704829411281], [0.4395056941180317, 0.018551449268330855, 0.54194285661363739], [0.10653362584438729, 0.22792704979326323, 0.66553932436234953]],
	"log_likelihood":	[-218.39920771149951, -135.63969556249324, -91.6750105750712, -67.2431410715516, -53.026268638746224, -44.388406090762018, -38.925576394223256, -35.340308378048171, -32.905758747339362, -31.200354801080241, -29.971500295488216, -29.063166360575856, -28.376190662385472, -27.845855288723541, -27.4288645662818, -27.095580422426931, -26.825276520041019, -26.603169186282731, -26.4185188507394, -26.263390809827946, -26.131830569126222, -26.019305003563186, -25.922317117947728, -25.79231699596502]
}
