{
	"input_file":	"../../instances/J100_M50_G4_I3_L50_seed19.json",
	"method":	"Multinomial",
	"convergence_threshold":	0.001,
	"iterations_made":	23,
	"max_iterations":	10000,
	"time_taken":	0.000449613,
	"ground_truth_matrix":	[[0.05643109664837008, 0.78761785528698358, 0.15595104806464638], [0.23302035588171555, 0.63115580747276, 0.13582383664552442], [0.16351092624063165, 0.24100577544256716, 0.595483298316801], [0.49269803671758838, 0.11870019027295735, 0.38860177300945425]],
	"estimated_matrix":	[[0.055578927295164129, 0.80850967813289, 0.13591139457194581], [0.21672113992158556, 0.651449581129813, 0.13182927894860128], [0.11963874789114, 0.2533010435936201, 0.62706020851523969], [0.5246354880134092, 0.087943832725375135, 0.38742067926121559]],
	"log_likelihood":	[-203.95392180647295, -135.52968118889987, -97.459918328592977, -75.653809263343945, -62.7604524767802, -54.8902867097173, -49.934896408918164, -46.72052473000312, -44.575815252724375, -43.106363575099387, -42.0743566665116, -41.332758982082147, -40.788454599927171, -40.381114658509951, -40.070800445147945, -39.8305284611588, -39.641715694828122, -39.491332136497661, -39.37008587708295, -39.271244925066945, -39.189858952100082, -39.122236688582817, -39.065589490404548, -39.00757229966154]
}
