{
	"input_file":	"../../instances/J100_M50_G4_I3_L50_seed3.json",
	"method":	"Multinomial",
	"convergence_threshold":	0.001,
	"iterations_made":	24,
	"max_iterations":	10000,
	"time_taken":	0.000331532,
	"ground_truth_matrix":	[[0.33688219083814136, 0.518408337162583, 0.1447094719992755], [0.13709494665374614, 0.42840825980005576, 0.43449679354619813], [0.32007545057654463, 0.55390092484015363, 0.12602362458330174], [0.475692357133093, 0.024822571764609672, 0.49948507110229734]],
	"estimated_matrix":	[[0.29655789918118614, 0.558913904413743, 0.14452819640507089], [0.17347501460111417, 0.4351035809435827, 0.3914214044553031], [0.31776034538972725, 0.53541656003944649, 0.14682309457082621], [0.48005833613609827, 0.035070593607041629, 0.48487107025686]],
	"log_likelihood":	[-132.64753128883743, -93.737469256502564, -72.23624286784117, -59.768346106605541, -52.212337098697638, -47.446312322365941, -44.3299425608911, -42.225257902754763, -40.761834509554731, -39.7171804605819, -38.953487968655836, -38.382992009268541, -37.9483665369258, -37.61129254003982, -37.3456064003888, -37.1330897517065, -36.960823013877373, -36.8194869016749, -36.70225128530295, -36.604035286496952, -36.5210063510598, -36.450235788805216, -36.38945839205936, -36.336902321909157, -36.274814154390612]
}
