{
	"input_file":	"../../instances/J100_M50_G4_I3_L50_seed6.json",
	"method":	"Multinomial",
	"convergence_threshold":	0.001,
	"iterations_made":	23,
	"max_iterations":	10000,
	"time_taken":	0.000280441,
	"ground_truth_matrix":	[[0.51245014925241528, 0.092558832078787248, 0.39499101866879749], [0.040161431888498515, 0.10740706609794944, 0.852431502013552], [0.44236998957946888, 0.31811750394858568, 0.23951250647194552], [0.33802985598643381, 0.20002946033186392, 0.46194068368170238]],
	"estimated_matrix":	[[0.55834192880920319, 0.075644851915420225, 0.36601321927537644], [0.03638664680750528, 0.11078276083072605, 0.8528305923617685], [0.399546472138216, 0.35073389951474382, 0.24971962834704017], [0.3174609366469533, 0.16095950887353574, 0.521579554479511]],
	"log_likelihood":	[-141.48462576187708, -97.746096419965326, -73.474677673945934, -59.616689885675385, -51.436273239427543, -46.435900321412753, -43.2708099640266, -41.198164655128977, -39.7962060199449, -38.818675147620851, -38.117720278995257, -37.602109072894031, -37.214027925038017, -36.9158880901181, -36.682642824474783, -36.4972088176849, -36.347675421738117, -36.225566018510627, -36.124731744531616, -36.0406331020678, -35.969864234481548, -35.909831930538452, -35.858535115451, -35.79854355887543]
}
