{
	"input_file":	"../../instances/J100_M50_G4_I3_L50_seed9.json",
	"method":	"Multinomial",
	"convergence_threshold":	0.001,
	"iterations_made":	25,
	"max_iterations":	10000,
	"time_taken":	0.000492674,
	"ground_truth_matrix":	[[0.0074912953861159658, 0.50062704625065, 0.491881658363234], [0.26431498514720508, 0.28198911632292084, 0.45369589852987391], [0.5924477648098716, 0.31160369262214915, 0.095948542567979231], [0.15614525105695157, 0.067210269891934848, 0.77664447905111356]],
	"estimated_matrix":	[[0.015184615223259458, 0.49334593475869531, 0.49146945001804521], [0.27861988520903341, 0.3046408878089561, 0.41673922698201049], [0.60204992506076649, 0.308657790161635, 0.0892922847775984], [0.14701926115081543, 0.050173856389127934, 0.8028068824600566]],
	"log_likelihood":	[-188.34565677446346, -127.79236316418231, -93.2634162046722, -72.858736272133058, -60.341056460495523, -52.378514579274885, -47.137881868880989, -43.5781036078163, -41.0892048779992, -39.302840496341716, -37.9900834275594, -37.004726495557961, -36.250970362204448, -35.66452402788606, -35.201271399102929, -34.830311211098014, -34.529584683366778, -34.283069039274764, -34.07893904826242, -33.908339340487522, -33.764549640115916, -33.6424074678276, -33.537902524853841, -33.44788745778812, -33.36986875271235, -33.270936460830342]
}
