{
	"input_file":	"../../instances/J100_M50_G4_I3_L50_seed16.json",
	"method":	"Multinomial",
	"convergence_threshold":	0.001,
	"iterations_made":	25,
	"max_iterations":	10000,
	"time_taken":	0.00029588,
	"ground_truth_matrix":	[[0.14090457732224396, 0.41296232609275713, 0.44613309658499889], [0.062522697791787138, 0.599349633264765, 0.3381276689434477], [0.82257953957974517, 0.12602514504674908, 0.0513953153735057], [0.7565924537553117, 0.22170157285653438, 0.021705973388153763]],
	"estimated_matrix":	[[0.14237443725102067, 0.39121261325727091, 0.46641294949170853], [0.054943991045956389, 0.63428391893313218, 0.31077209002091144], [0.84035323225851422, 0.12253572617149089, 0.037111041569994778], [0.73889775575951766, 0.225029803440028, 0.0360724408004544]],
	"log_likelihood":	[-235.44134199926978, -154.68080913102395, -109.02983129046326, -82.276823808539078, -66.072294398893774, -55.948780113316673, -49.43638296093755, -45.1295962231728, -42.2067796212198, -40.1750152845527, -38.731089139439028, -37.683928161438665, -36.910324333671646, -36.329085085139845, -35.885604068782818, -35.542450777682184, -35.273510247575139, -35.0602601764103, -34.889360858785544, -34.751067062719883, -34.638163992287964, -34.545243227286065, -34.4682028092836, -34.403897366311213, -34.349890105574261, -34.284755157520635]
}
