{
	"input_file":	"../../instances/J100_M50_G4_I3_L50_seed13.json",
	"method":	"Multinomial",
	"convergence_threshold":	0.001,
	"iterations_made":	20,
	"max_iterations":	10000,
	"time_taken":	0.000406296,
	"ground_truth_matrix":	[[0.42795213106645874, 0.0771833377876456, 0.49486453114589557], [0.44539345432817962, 0.47485814852501324, 0.0797483971468072], [0.27148763699248735, 0.431879006667955, 0.29663335633955767], [0.76643654146817553, 0.0213521212310118, 0.2122113373008129]],
	"estimated_matrix":	[[0.449507994902206, 0.080311946725025979, 0.47018005837276816], [0.47478933849576888, 0.43856666017346579, 0.0866440013307654], [0.23283235905000735, 0.45457206016792268, 0.31259558078207], [0.7617177956504787, 0.031570744886297741, 0.20671145946322364]],
	"log_likelihood":	[-159.48504846733977, -110.25352507693857, -83.1186021836423, -67.652051995820557, -58.4858478346746, -52.833480106273974, -49.212634016329467, -46.80990155860664, -45.1637000559974, -44.0030831072539, -43.163709354401171, -42.5427696480262, -42.0740801180964, -41.7139023377623, -41.4326329637768, -41.209796706546, -41.0309501798905, -40.885720605424154, -40.766535457509853, -40.667782664603038, -40.561941054459744]
}
