{
	"input_file":	"../../instances/J100_M50_G4_I3_L50_seed5.json",
	"method":	"Multinomial",
	"convergence_threshold":	0.001,
	"iterations_made":	24,
	"max_iterations":	10000,
	"time_taken":	0.000297878,
	"ground_truth_matrix":	[[0.099277505208629477, 0.80913423592827161, 0.0915882588630989], [0.608148478297384, 0.16248736605778868, 0.22936415564482709], [0.57283457335997, 0.28825508098764524, 0.13891034565238466], [0.12730387889618566, 0.0515479245040332, 0.82114819659978122]],
	"estimated_matrix":	[[0.10765334352116915, 0.82039436421109968, 0.071952292267731], [0.59966002576300947, 0.1408243808619549, 0.2595155933750356], [0.56962625254488963, 0.32186859495772224, 0.10850515249738794], [0.11688193404622706, 0.044632288640996533, 0.83848577731277651]],
	"log_likelihood":	[-258.78468885587273, -155.70345331952069, -100.58052168152879, -70.0816543234145, -52.596687669739673, -42.2252612249986, -35.872677044959715, -31.863241087902189, -29.26118221273174, -27.528280104528783, -26.346205434678311, -25.521691732069858, -24.934509672041774, -24.50815821831322, -24.1929314541134, -23.955899798185161, -23.774848710517261, -23.634534863229582, -23.524328862006367, -23.436704362079727, -23.36625358373519, -23.309035929090093, -23.2621407905434, -23.223390152371355, -23.179969901024851]
}
