{
	"input_file":	"../../instances/J100_M50_G4_I3_L50_seed9.json",
	"method":	"Multinomial",
	"convergence_threshold":	0.001,
	"iterations_made":	25,
	"max_iterations":	10000,
	"time_taken":	0.000302022,
	"ground_truth_matrix":	[[0.0074912953861159658, 0.50062704625065, 0.491881658363234], [0.26431498514720508, 0.28198911632292084, 0.45369589852987391], [0.5924477648098716, 0.31160369262214915, 0.095948542567979231], [0.15614525105695157, 0.067210269891934848, 0.77664447905111356]],
	"estimated_matrix":	[[0.015184615223259467, 0.4933459347586952, 0.49146945001804521], [0.27861988520903341, 0.3046408878089561, 0.41673922698201038], [0.60204992506076649, 0.308657790161635, 0.0892922847775984], [0.1470192611508154, 0.050173856389127955, 0.8028068824600566]],
	"log_likelihood":	[-188.34565677446346, -127.7923631641824, -93.2634162046731, -72.858736272133, -60.341056460495842, -52.378514579275127, -47.137881868880712, -43.5781036078163, -41.0892048779991, -39.302840496341823, -37.990083427559384, -37.0047264955578, -36.250970362204441, -35.664524027885989, -35.201271399103014, -34.830311211097758, -34.529584683366778, -34.283069039275354, -34.078939048262448, -33.908339340487139, -33.764549640115952, -33.6424074678277, -33.5379025248535, -33.447887457787985, -33.36986875271208, -33.270936460830654]
}
