{
	"input_file":	"../../instances/J100_M50_G4_I3_L50_seed20.json",
	"method":	"Multinomial",
	"convergence_threshold":	0.001,
	"iterations_made":	18,
	"max_iterations":	10000,
	"time_taken":	0.000246875,
	"ground_truth_matrix":	[[0.16462456721633445, 0.42313389130268786, 0.41224154148097764], [0.582351120333567, 0.012580030813523983, 0.405068848852909], [0.20877069949759983, 0.3206161607287713, 0.47061313977362884], [0.11962298431176888, 0.17647027434518489, 0.70390674134304621]],
	"estimated_matrix":	[[0.18565404266526472, 0.38154021494725371, 0.43280574238748148], [0.53223975188048034, 0.028772795879275049, 0.4389874522402446], [0.238628295657887, 0.29585708984894343, 0.46551461449316967], [0.0929810131338561, 0.21032137039924875, 0.69669761646689521]],
	"log_likelihood":	[-125.06029950108855, -92.0200571437035, -74.027916861733644, -63.891992800920946, -57.9555486427135, -54.335995454881655, -52.0392452032425, -50.524737890544749, -49.489369594416445, -48.757803564606853, -48.225388653628436, -47.827688272075, -47.523795841050877, -47.286965039940632, -47.0992129476006, -46.9481313210528, -46.824953699645029, -46.7233534548993, -46.614379241617833]
}
