{
	"input_file":	"../../instances/J100_M50_G4_I3_L50_seed10.json",
	"method":	"Multinomial",
	"convergence_threshold":	0.001,
	"iterations_made":	25,
	"max_iterations":	10000,
	"time_taken":	0.000303102,
	"ground_truth_matrix":	[[0.590040182963056, 0.00838622005696103, 0.401573596979983], [0.59386635266519261, 0.296677408979759, 0.10945623835504842], [0.12026555402602122, 0.77879320819781883, 0.1009412377761599], [0.021434925155496692, 0.26798895440852949, 0.710576120435974]],
	"estimated_matrix":	[[0.5657981976671338, 0.023647526741126444, 0.41055427559173985], [0.61592051437737549, 0.28359239743311082, 0.10048708818951362], [0.15071442712476729, 0.736103960593932, 0.11318161228130078], [0.024637310618967918, 0.28037288388527187, 0.69498980549576028]],
	"log_likelihood":	[-239.25545031965623, -152.08533762452757, -103.87527436134793, -76.13500913700463, -59.513050804304441, -49.1574429843062, -42.464446347425259, -37.988160362876819, -34.8985465659388, -32.7037215593644, -31.1032585333426, -29.908360023909051, -28.997158007349807, -28.288988218035033, -27.729193111886687, -27.27991976650225, -26.914416159359153, -26.613417043677526, -26.362805732221183, -26.15207132201494, -25.973271669909835, -25.820323976675262, -25.688511370360722, -25.5741343163461, -25.474260697980935, -25.338338112162216]
}
