{
	"input_file":	"../../instances/J100_M50_G4_I3_L50_seed15.json",
	"method":	"Multinomial",
	"convergence_threshold":	0.001,
	"iterations_made":	22,
	"max_iterations":	10000,
	"time_taken":	0.000443802,
	"ground_truth_matrix":	[[0.88190002979169, 0.0920076920293921, 0.026092278178917974], [0.294060845578166, 0.21111905408272336, 0.49482010033911067], [0.4312585359125406, 0.42880315095830712, 0.13993831312915236], [0.093033188364916641, 0.80772900137502379, 0.099237810260059636]],
	"estimated_matrix":	[[0.85788201413994158, 0.10511524829051141, 0.0370027375695469], [0.304334973792585, 0.20565247376111728, 0.49001255244629777], [0.42385923076474635, 0.44673721985171544, 0.12940354938353815], [0.0976887624019825, 0.802340393775286, 0.099970843822731331]],
	"log_likelihood":	[-206.33986850972246, -128.90221786715477, -86.8445098570635, -63.400089633718586, -49.923307959008625, -41.929187870613042, -37.039367234607312, -33.958752444906551, -31.962490615770026, -30.633782346639226, -29.726666692066242, -29.092375547604739, -28.638798282438646, -28.307620570439457, -28.0611297146838, -27.874431890749381, -27.730767074342477, -27.618634148526358, -27.52999448445383, -27.459129792393949, -27.401903709293162, -27.355276579987542, -27.307558365217254]
}
