{
	"input_file":	"../../instances/J100_M50_G4_I3_L50_seed13.json",
	"method":	"Multinomial",
	"convergence_threshold":	0.001,
	"iterations_made":	20,
	"max_iterations":	10000,
	"time_taken":	0.000262339,
	"ground_truth_matrix":	[[0.42795213106645874, 0.0771833377876456, 0.49486453114589557], [0.44539345432817962, 0.47485814852501324, 0.0797483971468072], [0.27148763699248735, 0.431879006667955, 0.29663335633955767], [0.76643654146817553, 0.0213521212310118, 0.2122113373008129]],
	"estimated_matrix":	[[0.449507994902206, 0.080311946725026034, 0.470180058372768], [0.47478933849576888, 0.43856666017346579, 0.086644001330765372], [0.23283235905000729, 0.45457206016792268, 0.31259558078207], [0.76171779565047859, 0.031570744886297762, 0.20671145946322364]],
	"log_likelihood":	[-159.48504846733977, -110.2535250769387, -83.118602183642125, -67.6520519958206, -58.4858478346745, -52.833480106274379, -49.212634016329183, -46.809901558606626, -45.163700055997346, -44.00308310725417, -43.16370935440127, -42.542769648026237, -42.074080118096276, -41.713902337762129, -41.432632963777046, -41.209796706546072, -41.030950179890432, -40.885720605424041, -40.766535457510116, -40.667782664603386, -40.561941054460185]
}
