{
	"input_file":	"../../instances/J100_M50_G4_I3_L50_seed19.json",
	"method":	"Multinomial",
	"convergence_threshold":	0.001,
	"iterations_made":	23,
	"max_iterations":	10000,
	"time_taken":	0.000470925,
	"ground_truth_matrix":	[[0.05643109664837008, 0.78761785528698358, 0.15595104806464638], [0.23302035588171555, 0.63115580747276, 0.13582383664552442], [0.16351092624063165, 0.24100577544256716, 0.595483298316801], [0.49269803671758838, 0.11870019027295735, 0.38860177300945425]],
	"estimated_matrix":	[[0.055578927295164129, 0.80850967813289, 0.13591139457194587], [0.21672113992158562, 0.651449581129813, 0.13182927894860125], [0.11963874789114, 0.25330104359362021, 0.62706020851523969], [0.5246354880134092, 0.087943832725375135, 0.38742067926121565]],
	"log_likelihood":	[-203.95392180647295, -135.5296811889, -97.4599183285929, -75.6538092633438, -62.760452476780166, -54.8902867097176, -49.934896408918, -46.7205247300032, -44.575815252723963, -43.106363575099721, -42.074356666511783, -41.332758982082211, -40.788454599927114, -40.381114658509659, -40.070800445147832, -39.830528461159126, -39.641715694827965, -39.4913321364978, -39.37008587708246, -39.271244925067236, -39.189858952099868, -39.122236688582817, -39.065589490404754, -39.007572299661412]
}
