{
	"input_file":	"../../instances/J100_M50_G4_I3_L50_seed17.json",
	"method":	"Multinomial",
	"convergence_threshold":	0.001,
	"iterations_made":	18,
	"max_iterations":	10000,
	"time_taken":	0.000360869,
	"ground_truth_matrix":	[[0.26486681729550876, 0.573822371351404, 0.16131081135308734], [0.026190298800185041, 0.575982674279107, 0.397827026920708], [0.53082469934270038, 0.44833211672477563, 0.020843183932523809], [0.12958245300864712, 0.85229935197772044, 0.018118195013632533]],
	"estimated_matrix":	[[0.25796345281015137, 0.60067441840880442, 0.14136212878104421], [0.0431421514507669, 0.5481333493400794, 0.40872449920915371], [0.52643384799533244, 0.44772916211997343, 0.0258369898846941], [0.1311410511398072, 0.84125460149905273, 0.027604347361140171]],
	"log_likelihood":	[-148.52285255096743, -97.8681598042352, -71.119984837391, -56.536871822916751, -48.244606828203644, -43.321578637665652, -40.2749117313107, -38.3146706323386, -37.007475542661744, -36.10699112403843, -35.468354091333786, -35.003569713615349, -34.657523551605664, -34.394686033114915, -34.191528193423331, -34.032074614623937, -33.905226484304329, -33.803109335980025, -33.69056153262494]
}
