{
	"input_file":	"../../instances/J100_M50_G4_I3_L50_seed1.json",
	"method":	"Multinomial",
	"convergence_threshold":	0.001,
	"iterations_made":	19,
	"max_iterations":	10000,
	"time_taken":	0.000238691,
	"ground_truth_matrix":	[[0.29749272785290543, 0.70244421200198748, 6.3060145107194e-05], [0.58481013050579844, 0.25781025207282132, 0.15737961742138015], [0.181511853553677, 0.373368719881009, 0.445119426565314], [0.31294128737882621, 0.2196927122672046, 0.467366000353969]],
	"estimated_matrix":	[[0.28361314584316777, 0.706972122879691, 0.00941473127714119], [0.5872119815722836, 0.266443533048272, 0.14634448537944431], [0.19924332403124681, 0.33236640243880616, 0.468390273529947], [0.2819864747563891, 0.25069995557525043, 0.46731356966836046]],
	"log_likelihood":	[-170.99802725377751, -117.29111572917122, -88.2815594846556, -72.122459642886824, -62.7748991632653, -57.1422144841768, -53.603684047173239, -51.288007798499834, -49.712584083697067, -48.601624089050176, -47.792438282855, -47.185957863855833, -46.719935264341274, -46.3540485402233, -46.0614056642204, -45.823572840561056, -45.627589691322548, -45.4641311922795, -45.326347058671743, -45.1571886902725]
}
