{
	"input_file":	"../../instances/J100_M50_G4_I3_L50_seed18.json",
	"method":	"Multinomial",
	"convergence_threshold":	0.001,
	"iterations_made":	25,
	"max_iterations":	10000,
	"time_taken":	0.000366113,
	"ground_truth_matrix":	[[0.2719923306744691, 0.18223906229356635, 0.54576860703196461], [0.0573478133834925, 0.54637337389464335, 0.39627881272186422], [0.18885986669153693, 0.76000184958232464, 0.051138283726138462], [0.0098407100454399737, 0.34608044948750466, 0.64407884046705544]],
	"estimated_matrix":	[[0.26210985405265164, 0.20242686948513877, 0.53546327646220948], [0.075918341020813476, 0.54427190671020076, 0.37980975226898578], [0.18145000486974341, 0.76152607572782238, 0.057023919402434266], [0.0067475523650805686, 0.3497317734857735, 0.643520674149146]],
	"log_likelihood":	[-142.13321125881839, -97.579766834302546, -72.168210602588374, -57.164095423477477, -47.9933221342395, -42.1994088232278, -38.423012600766782, -35.888902788707114, -34.141912766138219, -32.907270409824058, -32.0146647169892, -31.355855486116837, -30.860402022611066, -30.481426829396117, -30.187071075018036, -29.95525256173638, -29.770381833513554, -29.621263566992234, -29.499729734375023, -29.399733155114912, -29.316735969100439, -29.247290317623083, -29.188746368129117, -29.1390460413564, -29.096575283173657, -29.038081919701767]
}
