{
	"input_file":	"../../instances/J100_M50_G4_I3_L50_seed3.json",
	"method":	"Multinomial",
	"convergence_threshold":	0.001,
	"iterations_made":	24,
	"max_iterations":	10000,
	"time_taken":	0.000462477,
	"ground_truth_matrix":	[[0.33688219083814136, 0.518408337162583, 0.1447094719992755], [0.13709494665374614, 0.42840825980005576, 0.43449679354619813], [0.32007545057654463, 0.55390092484015363, 0.12602362458330174], [0.475692357133093, 0.024822571764609672, 0.49948507110229734]],
	"estimated_matrix":	[[0.29655789918118614, 0.558913904413743, 0.14452819640507092], [0.1734750146011142, 0.4351035809435827, 0.39142140445530316], [0.31776034538972725, 0.53541656003944649, 0.14682309457082623], [0.48005833613609838, 0.035070593607041636, 0.48487107025686]],
	"log_likelihood":	[-132.64753128883743, -93.737469256502465, -72.236242867841128, -59.76834610660574, -52.212337098698058, -47.44631232236582, -44.329942560891126, -42.225257902755054, -40.761834509554248, -39.7171804605822, -38.953487968656148, -38.38299200926842, -37.948366536925818, -37.611292540040012, -37.345606400388959, -37.133089751706756, -36.960823013876919, -36.819486901674864, -36.7022512853031, -36.604035286496753, -36.521006351059988, -36.450235788804889, -36.389458392059723, -36.336902321909136, -36.274814154390469]
}
