{
	"input_file":	"../../instances/J100_M50_G4_I3_L50_seed7.json",
	"method":	"Multinomial",
	"convergence_threshold":	0.001,
	"iterations_made":	23,
	"max_iterations":	10000,
	"time_taken":	0.000276263,
	"ground_truth_matrix":	[[0.036577241285230634, 0.697546888897068, 0.26587586981770139], [0.21879765890019268, 0.6495810753685386, 0.13162126573126864], [0.64224846952680181, 0.069064020825201869, 0.28868750964799622], [0.20036480098911963, 0.32878764303571356, 0.47084755597516686]],
	"estimated_matrix":	[[0.048825486027443327, 0.71478594328439748, 0.23638857068815941], [0.25960752506095558, 0.61623535753152225, 0.124157117407522], [0.576913919136816, 0.0796349626930031, 0.343451118170181], [0.23547440363056785, 0.31862545152273963, 0.44590014484669244]],
	"log_likelihood":	[-147.87242131330106, -99.019042198964272, -71.613501100448246, -55.741427800593371, -46.243694450509643, -40.37595831342216, -36.638438987521113, -34.188438678933331, -32.539185463612185, -31.401730560067172, -30.5999207333312, -30.023562361622631, -29.602003412038631, -29.288878081537693, -29.053090685356729, -28.873364207488891, -28.734870158333763, -28.627099977561326, -28.542492778778843, -28.475533371815327, -28.422148514927926, -28.379295886398214, -28.34467983420355, -28.302768474681042]
}
