{
	"input_file":	"../../instances/J100_M50_G4_I3_L50_seed20.json",
	"method":	"Multinomial",
	"convergence_threshold":	0.001,
	"iterations_made":	18,
	"max_iterations":	10000,
	"time_taken":	0.000349819,
	"ground_truth_matrix":	[[0.16462456721633445, 0.42313389130268786, 0.41224154148097764], [0.582351120333567, 0.012580030813523983, 0.405068848852909], [0.20877069949759983, 0.3206161607287713, 0.47061313977362884], [0.11962298431176888, 0.17647027434518489, 0.70390674134304621]],
	"estimated_matrix":	[[0.18565404266526472, 0.38154021494725376, 0.4328057423874816], [0.53223975188048023, 0.028772795879275077, 0.4389874522402446], [0.238628295657887, 0.29585708984894343, 0.46551461449316955], [0.0929810131338561, 0.21032137039924875, 0.69669761646689521]],
	"log_likelihood":	[-125.06029950108855, -92.0200571437034, -74.0279168617337, -63.891992800920988, -57.955548642713488, -54.335995454881548, -52.039245203241947, -50.524737890544351, -49.489369594416445, -48.757803564607, -48.2253886536287, -47.827688272075214, -47.523795841050934, -47.2869650399409, -47.099212947600265, -46.948131321053424, -46.824953699645221, -46.723353454899282, -46.6143792416178]
}
