{
	"input_file":	"../../instances/J100_M50_G4_I3_L50_seed10.json",
	"method":	"Multinomial",
	"convergence_threshold":	0.001,
	"iterations_made":	25,
	"max_iterations":	10000,
	"time_taken":	0.000304224,
	"ground_truth_matrix":	[[0.590040182963056, 0.00838622005696103, 0.401573596979983], [0.59386635266519261, 0.296677408979759, 0.10945623835504842], [0.12026555402602122, 0.77879320819781883, 0.1009412377761599], [0.021434925155496692, 0.26798895440852949, 0.710576120435974]],
	"estimated_matrix":	[[0.565798197667134, 0.023647526741126423, 0.41055427559173985], [0.61592051437737549, 0.28359239743311082, 0.10048708818951359], [0.15071442712476729, 0.736103960593932, 0.11318161228130079], [0.024637310618967925, 0.28037288388527187, 0.69498980549576017]],
	"log_likelihood":	[-239.25545031965623, -152.08533762452711, -103.87527436134822, -76.135009137004843, -59.5130508043043, -49.157442984306385, -42.4644463474251, -37.9881603628768, -34.898546565938943, -32.703721559364247, -31.103258533342434, -29.908360023909257, -28.997158007349594, -28.288988218034749, -27.72919311188727, -27.279919766501983, -26.914416159359678, -26.6134170436768, -26.3628057322214, -26.152071322014919, -25.973271669909664, -25.820323976675237, -25.688511370360658, -25.574134316345887, -25.474260697981165, -25.338338112162219]
}
