{
	"input_file":	"../../instances/J100_M50_G4_I4_L50_seed9.json",
	"method":	"Multinomial",
	"convergence_threshold":	0.001,
	"iterations_made":	20,
	"max_iterations":	10000,
	"time_taken":	0.000494352,
	"ground_truth_matrix":	[[0.0067904575313161844, 0.453791570266173, 0.445864345135731, 0.093553627066779749], [0.12490196468201752, 0.20095636964109462, 0.44178206861140756, 0.23235959706548037], [0.031330988253750372, 0.15125306603020736, 0.065104505715419259, 0.75231144000062322], [0.59050603392987744, 0.0077395327397986, 0.23520780127629609, 0.16654663205402792]],
	"estimated_matrix":	[[0.036661623978299314, 0.42793972361441823, 0.44883838906075435, 0.086560263346528027], [0.12309231281239735, 0.18264671420896, 0.45712038540317751, 0.23714058757546513], [0.024161454541604552, 0.16949542816925781, 0.0891696232407539, 0.71717349404838382], [0.57144421351233643, 0.017444693739223041, 0.23172474792675091, 0.17938634482168966]],
	"log_likelihood":	[-267.5151571967836, -172.73714451874739, -122.34187928168065, -94.6647516714833, -78.84668413369134, -69.4290852886777, -63.5927017937904, -59.834139722495848, -57.324939959185436, -55.593389325038721, -54.362102830415715, -53.4627538710457, -52.790044451364686, -52.276167813501388, -51.876253287725149, -51.559847716396327, -51.305798546322016, -51.099101283579614, -50.928908974161942, -50.7872455511777, -50.6184147522736]
}
