{
	"input_file":	"../../instances/J100_M50_G4_I4_L50_seed2.json",
	"method":	"Multinomial",
	"convergence_threshold":	0.001,
	"iterations_made":	17,
	"max_iterations":	10000,
	"time_taken":	0.000330487,
	"ground_truth_matrix":	[[0.29096972519164355, 0.013346201755036091, 0.4053198048712896, 0.29036426818203082], [0.25472546786309014, 0.1872870721984784, 0.10694707564706017, 0.45104038429137128], [0.14900963765748226, 0.12984582418451729, 0.40604164441947943, 0.315102893738521], [0.055426632115844331, 0.27635762651681645, 0.0781815879716952, 0.590034153395644]],
	"estimated_matrix":	[[0.29653595895839829, 0.021130674833976883, 0.42027068885053326, 0.26206267735709154], [0.2935090915499815, 0.18849383931305783, 0.068841980798974758, 0.44915508833798584], [0.14132473357991635, 0.138491642158083, 0.41179889238501727, 0.30838473187698345], [0.039531956658992264, 0.2611111148382963, 0.1216796589261793, 0.5776772695765322]],
	"log_likelihood":	[-150.87532847325926, -110.86276728814414, -88.099012764157322, -74.746577134582225, -66.668864952303466, -61.632989646470627, -58.401498203189973, -56.269923123221425, -54.8265438775126, -53.824591043287313, -53.112571093626812, -52.595340636358, -52.211839987081326, -51.9220663380629, -51.699288728888725, -51.525301640397863, -51.387476283947152, -51.2324011609149]
}
