{
	"input_file":	"../../instances/J100_M50_G4_I4_L50_seed3.json",
	"method":	"Multinomial",
	"convergence_threshold":	0.001,
	"iterations_made":	21,
	"max_iterations":	10000,
	"time_taken":	0.00080752,
	"ground_truth_matrix":	[[0.25894112400042968, 0.39846937940559979, 0.11122948719780965, 0.23136000939616086], [0.4590928673412436, 0.46561749041159473, 0.027573246650422822, 0.047716395596738945], [0.041449596854558513, 0.45597510070313158, 0.023793686172073253, 0.47878161627023669], [0.30848028608836, 0.0961347720173177, 0.332165836899397, 0.26321910499492518]],
	"estimated_matrix":	[[0.24617026330252284, 0.4054960131672945, 0.14398413292765955, 0.20434959060252311], [0.46498120343341642, 0.45272851346748277, 0.020071834455439932, 0.06221844864366094], [0.040430670554864954, 0.4591958419518487, 0.030879325250509987, 0.46949416224277646], [0.30387146858654945, 0.10809392692121068, 0.30972640204728041, 0.27830820244495946]],
	"log_likelihood":	[-185.24017023501605, -132.72059359061532, -103.50135466748655, -86.6221537620545, -76.458607665578967, -70.0881457350581, -65.945427131529158, -63.1615498957858, -61.236176204933884, -59.870757952242123, -58.881095662295856, -58.149993887132354, -57.600784802709356, -57.182048075040413, -56.858523152805958, -56.605549622765956, -56.405575721300146, -56.2459123425129, -56.117256286129127, -56.012699844874071, -55.9270545602122, -55.829663568884534]
}
