{
	"input_file":	"../../instances/J100_M50_G4_I4_L50_seed11.json",
	"method":	"Multinomial",
	"convergence_threshold":	0.001,
	"iterations_made":	22,
	"max_iterations":	10000,
	"time_taken":	0.00034533,
	"ground_truth_matrix":	[[0.093264539298993046, 0.00922764103013564, 0.2919101149392348, 0.60559770473163632], [0.28831523205269738, 0.351439138882518, 0.0068038927321034627, 0.35344173633268122], [0.46088254985022259, 0.308299510147119, 0.21216300284705122, 0.018654937155607145], [0.41773579520977072, 0.362354055019222, 0.033596557682875387, 0.18631359208813192]],
	"estimated_matrix":	[[0.064345843281410728, 0.023241090002323449, 0.30075188902600264, 0.611661177690263], [0.29069964805368737, 0.35603936161965877, 0.0022488569829560048, 0.35101213334369785], [0.49133260430335213, 0.26723506269865865, 0.21027005227613044, 0.031162280721858816], [0.40089682804287019, 0.377616628857287, 0.0329415580249143, 0.18854498507492853]],
	"log_likelihood":	[-246.26192014950544, -173.83240161850642, -133.47282770210072, -109.8451453590465, -95.378841093932, -86.1531700913579, -80.0473862957052, -75.868465365756066, -72.920606053339327, -70.7841650833511, -69.198031583142324, -67.9949592639595, -67.064910269583322, -66.3336714747515, -65.750038096768, -65.277934205341, -64.8914513042368, -64.571653596294439, -64.3044773378515, -64.079322355295972, -63.8880903196632, -63.7245168640244, -63.5215416898154]
}
