{
	"input_file":	"../../instances/J100_M50_G4_I4_L50_seed20.json",
	"method":	"Multinomial",
	"convergence_threshold":	0.001,
	"iterations_made":	21,
	"max_iterations":	10000,
	"time_taken":	0.000501946,
	"ground_truth_matrix":	[[0.12528497207799447, 0.32201948137817415, 0.31373002758429769, 0.23896551895953352], [0.015101828534048147, 0.48626910303626614, 0.19664095811027157, 0.301988110319414], [0.37325565430763752, 0.074973029032247326, 0.1106017466286246, 0.44116957003149054], [0.30820834115463464, 0.38313495378391749, 0.30112165593037288, 0.0075350491310749142]],
	"estimated_matrix":	[[0.0992097892268579, 0.36016809018449375, 0.30421864786829239, 0.236403472720356], [0.03119149671413304, 0.52205797673990217, 0.16218354316547415, 0.28456698338049063], [0.36321768001828741, 0.0597811825608156, 0.094120312872528172, 0.48288082454836878], [0.312797969706683, 0.317773567233399, 0.35060358766577382, 0.018824875394144167]],
	"log_likelihood":	[-197.06149026736057, -143.31114913747092, -112.3656300918271, -93.9111963745678, -82.504611333628731, -75.202987959875244, -70.36977157771, -67.068010945706277, -64.7455256093293, -63.067531270450928, -61.825391740695729, -60.88560383626313, -60.160559361261782, -59.59137759556338, -59.137585679048136, -58.770772975251575, -58.470602825421466, -58.222252749270972, -58.014738144644483, -57.839793343247763, -57.691111017761727, -57.5118840240528]
}
