{
	"input_file":	"../../instances/J100_M50_G4_I4_L50_seed9.json",
	"method":	"Multinomial",
	"convergence_threshold":	0.001,
	"iterations_made":	20,
	"max_iterations":	10000,
	"time_taken":	0.000310195,
	"ground_truth_matrix":	[[0.0067904575313161844, 0.453791570266173, 0.445864345135731, 0.093553627066779749], [0.12490196468201752, 0.20095636964109462, 0.44178206861140756, 0.23235959706548037], [0.031330988253750372, 0.15125306603020736, 0.065104505715419259, 0.75231144000062322], [0.59050603392987744, 0.0077395327397986, 0.23520780127629609, 0.16654663205402792]],
	"estimated_matrix":	[[0.036661623978299349, 0.42793972361441823, 0.44883838906075435, 0.086560263346528], [0.12309231281239731, 0.18264671420896, 0.45712038540317751, 0.23714058757546513], [0.024161454541604531, 0.16949542816925781, 0.0891696232407539, 0.71717349404838371], [0.57144421351233643, 0.017444693739223045, 0.23172474792675091, 0.17938634482168969]],
	"log_likelihood":	[-267.5151571967836, -172.73714451874727, -122.34187928168069, -94.66475167148316, -78.846684133691127, -69.429085288677427, -63.592701793790489, -59.834139722496118, -57.3249399591853, -55.593389325038942, -54.362102830415871, -53.462753871045571, -52.790044451364842, -52.276167813501552, -51.876253287725156, -51.5598477163963, -51.305798546322222, -51.099101283579358, -50.928908974162, -50.787245551178167, -50.6184147522738]
}
