{
	"input_file":	"../../instances/J100_M50_G4_I4_L50_seed1.json",
	"method":	"Multinomial",
	"convergence_threshold":	0.001,
	"iterations_made":	17,
	"max_iterations":	10000,
	"time_taken":	0.000393215,
	"ground_truth_matrix":	[[0.24822494433396575, 0.58611239568895857, 5.2616751750196278e-05, 0.16561004322532558], [0.179194262029625, 0.10938868480049078, 0.23271787507579811, 0.478699178094086], [0.16969288050778514, 0.25983737889369862, 0.18241242309601466, 0.38805731750250161], [0.065890667913256137, 0.60631880861527865, 0.00799984200845411, 0.31979068146301121]],
	"estimated_matrix":	[[0.25453659140974461, 0.56630735796860954, 0.018449064891266489, 0.16070698573037953], [0.14161350920663826, 0.14068243595230875, 0.21916234255000058, 0.49854171229105232], [0.18635846363968786, 0.29410357693473127, 0.140853366928548, 0.37868459249703273], [0.0669526425994686, 0.57945187494109029, 0.019561475492594252, 0.33403400696684687]],
	"log_likelihood":	[-151.84304714765142, -114.25052323446636, -93.523356725904463, -81.67867841652135, -74.6672219154064, -70.380084744665837, -67.680683165194949, -65.935269771590654, -64.779100162055343, -63.996089067807056, -63.454814152313851, -63.073416779818686, -62.799793047467368, -62.600116139365973, -62.452023407733833, -62.340481755970359, -62.255226932820754, -62.170035171649815]
}
