{
	"input_file":	"../../instances/J100_M50_G4_I4_L50_seed3.json",
	"method":	"Multinomial",
	"convergence_threshold":	0.001,
	"iterations_made":	21,
	"max_iterations":	10000,
	"time_taken":	0.00070577,
	"ground_truth_matrix":	[[0.25894112400042968, 0.39846937940559979, 0.11122948719780965, 0.23136000939616086], [0.4590928673412436, 0.46561749041159473, 0.027573246650422822, 0.047716395596738945], [0.041449596854558513, 0.45597510070313158, 0.023793686172073253, 0.47878161627023669], [0.30848028608836, 0.0961347720173177, 0.332165836899397, 0.26321910499492518]],
	"estimated_matrix":	[[0.24617026330252284, 0.4054960131672945, 0.1439841329276596, 0.20434959060252306], [0.46498120343341631, 0.45272851346748266, 0.02007183445543995, 0.06221844864366096], [0.040430670554864975, 0.4591958419518487, 0.030879325250509976, 0.46949416224277646], [0.30387146858654945, 0.10809392692121075, 0.30972640204728041, 0.27830820244495946]],
	"log_likelihood":	[-185.240170235016, -132.72059359061544, -103.50135466748624, -86.622153762054865, -76.4586076655792, -70.0881457350578, -65.9454271315295, -63.161549895786237, -61.236176204933621, -59.870757952242322, -58.881095662295571, -58.1499938871322, -57.600784802709782, -57.182048075040477, -56.85852315280615, -56.605549622765864, -56.40557572130043, -56.2459123425131, -56.1172562861296, -56.0126998448742, -55.927054560212049, -55.829663568884726]
}
