{
	"input_file":	"../../instances/J100_M50_G4_I4_L50_seed10.json",
	"method":	"Multinomial",
	"convergence_threshold":	0.001,
	"iterations_made":	19,
	"max_iterations":	10000,
	"time_taken":	0.000473071,
	"ground_truth_matrix":	[[0.380062145693794, 0.0054018097091338329, 0.25866530336247168, 0.35587074123460055], [0.26597509126643765, 0.0981289174874491, 0.0850627199283102, 0.550833271317803], [0.041167866022291, 0.020552495028497372, 0.25695642103798533, 0.68132321791122641], [0.001182855267320227, 0.214629979163991, 0.500706387852455, 0.283480777716234]],
	"estimated_matrix":	[[0.37513651228965378, 0.0114887584496, 0.25379441936715463, 0.35958030989359158], [0.282536988942999, 0.084013101301968443, 0.0704036702810367, 0.56304623947399579], [0.05560432399247528, 0.020462468101236912, 0.27594088209230033, 0.64799232581398747], [0.018192334709489482, 0.23044961142328035, 0.51390096948873776, 0.23745708437849236]],
	"log_likelihood":	[-191.523654345267, -134.93691514874615, -103.93130776622337, -86.35081841623807, -75.97619748358224, -69.602190312573555, -65.531258365542257, -62.83478380697494, -60.987611473358839, -59.682892620490989, -58.735587035172, -58.030686495869453, -57.4946267522028, -57.0790593786845, -56.751390932978055, -56.4891243123336, -56.276389939520264, -56.101768494583851, -55.956893013382761, -55.793577079641366]
}
