{
	"input_file":	"../../instances/J100_M50_G4_I4_L50_seed17.json",
	"method":	"Multinomial",
	"convergence_threshold":	0.001,
	"iterations_made":	24,
	"max_iterations":	10000,
	"time_taken":	0.000366258,
	"ground_truth_matrix":	[[0.251451374164373, 0.54475840075349535, 0.15314045600906431, 0.0506497690730673], [0.3446886550413053, 0.23807393689403214, 0.22619453600901995, 0.19104287205564249], [0.011524386006546622, 0.12808909480050026, 0.84247712525239948, 0.01790939394055354], [0.3835370373281905, 0.40324346352626877, 0.010100726874787774, 0.203118772270753]],
	"estimated_matrix":	[[0.20487234583828282, 0.62164358009010623, 0.13082667154386673, 0.0426574025277442], [0.33646274421876649, 0.24035771993257457, 0.254102471588863, 0.16907706425979591], [0.022748975322257375, 0.12461158184418221, 0.833774947815674, 0.0188644950178866], [0.40134370054120039, 0.35678227644919075, 0.026394660286446936, 0.215479362723162]],
	"log_likelihood":	[-246.95005514242908, -160.99257949222024, -115.22290877128513, -89.944694434556951, -75.424593767347531, -66.751177364152156, -61.367536248662439, -57.899337612528, -55.5842886997567, -53.986358327010322, -52.848540099431744, -52.01487550640023, -51.388030519066028, -50.905601065316446, -50.5265368118049, -50.223167625635462, -49.976407500133831, -49.772802833027228, -49.602675517998271, -49.4589300786347, -49.3362719649818, -49.230685495819777, -49.13907886538658, -49.059038575826662, -48.957233450273279]
}
