{
	"input_file":	"../../instances/J100_M50_G4_I4_L50_seed6.json",
	"method":	"Multinomial",
	"convergence_threshold":	0.001,
	"iterations_made":	22,
	"max_iterations":	10000,
	"time_taken":	0.000333037,
	"ground_truth_matrix":	[[0.507491225944653, 0.091663150517557662, 0.39116873435159927, 0.00967688918619004], [0.049198308552667672, 0.39046023301512889, 0.32594651093818944, 0.23439494749401418], [0.12416321052879148, 0.29605898381257317, 0.17519316033671811, 0.40458464532191729], [0.10054693445790465, 0.11913033047675195, 0.14280407847917545, 0.637518656586168]],
	"estimated_matrix":	[[0.505026822196107, 0.10390358842869536, 0.36115280121914139, 0.029916788156056261], [0.048750542500680984, 0.34914832698164966, 0.35309294922908985, 0.24900818128857949], [0.1144394606640423, 0.30639731705715312, 0.18643557372633376, 0.39272764855247078], [0.11035935099685031, 0.095885252575820978, 0.140961592323991, 0.65279380410333765]],
	"log_likelihood":	[-207.61422024664762, -141.71187176762339, -106.2915558183269, -86.619657387997833, -75.284996478614843, -68.508834206441634, -64.309554363718775, -61.615436259673444, -59.828825465085352, -58.606404285584112, -57.745254327968766, -57.122105554060553, -56.660063863817165, -56.309918351255078, -56.0393833750572, -55.826763914164886, -55.65714300520154, -55.520038187630782, -55.407931066158646, -55.315325974208044, -55.238135342281133, -55.173270533385725, -55.0947636242452]
}
