{
	"input_file":	"../../instances/J100_M50_G4_I4_L50_seed5.json",
	"method":	"Multinomial",
	"convergence_threshold":	0.001,
	"iterations_made":	23,
	"max_iterations":	10000,
	"time_taken":	0.000368912,
	"ground_truth_matrix":	[[0.04983539454067374, 0.40616979444752377, 0.04597554104672593, 0.49801926996507662], [0.17642180632607257, 0.24903375337454553, 0.38221213978536139, 0.19233230051402056], [0.17736032732383658, 0.10472522126556412, 0.042405367741133453, 0.675509083669466], [0.18223419748820011, 0.053948911524286144, 0.66354524613560528, 0.1002716448519083]],
	"estimated_matrix":	[[0.046649254769294879, 0.38688930730343146, 0.052851471670767189, 0.51360996625650646], [0.15795419840999214, 0.28488242214379977, 0.36683903737769813, 0.19032434206851], [0.179609953658184, 0.088261079584222843, 0.044272078117105811, 0.68785688864048733], [0.17952006575729326, 0.039354214154173485, 0.67142276090247044, 0.10970295918606286]],
	"log_likelihood":	[-243.2459955563165, -165.463197271456, -122.76660931269093, -98.348520159546737, -83.801433095868475, -74.800090928750549, -69.034403398533925, -65.2235923125604, -62.6321933814793, -60.823973021109367, -59.532370484579175, -58.589994891020716, -57.889057826173428, -57.3585250015901, -56.950570476239257, -56.632348423823878, -56.380881344465088, -56.179817386473573, -56.0173329303971, -55.8847510200212, -55.775615632015274, -55.68506132477566, -55.609377462718662, -55.529410892675131]
}
