{
	"input_file":	"../../instances/J100_M50_G4_I4_L50_seed12.json",
	"method":	"Multinomial",
	"convergence_threshold":	0.001,
	"iterations_made":	23,
	"max_iterations":	10000,
	"time_taken":	0.000355393,
	"ground_truth_matrix":	[[0.064811871434951526, 0.52152885323862519, 0.11829638888251422, 0.2953628864439089], [0.0030156831164753, 0.515584843486113, 0.47441747954048219, 0.00698199385692937], [0.69001613232409476, 0.032376006581974162, 0.073235027922700938, 0.2043728331712302], [0.52094648144142852, 0.345716149325363, 0.000408210294889534, 0.13292915893831883]],
	"estimated_matrix":	[[0.047691318565571357, 0.4850447888027743, 0.12864884148253652, 0.33861505114911783], [0.032871634113741513, 0.53075458536797848, 0.4281486840480746, 0.0082250964702054556], [0.70746886219915828, 0.058858195559390626, 0.0666241009052182, 0.16704884133623285], [0.49392473574802154, 0.36799863847928865, 0.0045890295590757984, 0.13348759621361395]],
	"log_likelihood":	[-305.094853557375, -200.91366123862912, -146.69089965687857, -116.71715297004718, -99.1977131545287, -88.425706489308752, -81.493346426786758, -76.8468542323407, -73.618561361702263, -71.3037188249819, -69.59739483692735, -68.308872743073, -67.315038602743968, -66.534105746411029, -65.910315055621268, -65.404752519744378, -64.989681163349275, -64.644950247611362, -64.355665407657852, -64.110643391214666, -63.901366350172829, -63.721261022764125, -63.565193392741243, -63.37356953052624]
}
