{
	"input_file":	"../../instances/J100_M50_G4_I4_L50_seed19.json",
	"method":	"Multinomial",
	"convergence_threshold":	0.001,
	"iterations_made":	22,
	"max_iterations":	10000,
	"time_taken":	0.000348697,
	"ground_truth_matrix":	[[0.052166889316142627, 0.72810163049277654, 0.144166630569279, 0.075564849621801933], [0.12400640059949905, 0.026686001932657091, 0.343301206964579, 0.506006390503265], [0.664535329822959, 0.16528278438434141, 0.039819720179869643, 0.1303621656128299], [0.422084773790076, 0.14271573291742995, 0.064610803438190062, 0.3705886898543041]],
	"estimated_matrix":	[[0.061697160718016869, 0.735080744780996, 0.11954630631815583, 0.0836757881828312], [0.094894999916531345, 0.031157934907366451, 0.36080663191343176, 0.51314043326267056], [0.67659373439733683, 0.16216146669966364, 0.0407849828479512, 0.12045981605504837], [0.44360325420028884, 0.13019175715613812, 0.051929513815907352, 0.37427547482766566]],
	"log_likelihood":	[-309.51940954060547, -201.10969098917786, -143.59779844034884, -111.90833368843512, -93.704321131914739, -82.810383068040068, -76.032544746191732, -71.659573961915271, -68.742065000269648, -66.7352087231119, -65.31613501980074, -64.287564472336427, -63.525430016617022, -62.949566403329456, -62.506849013241521, -62.161235798648761, -61.887737133164286, -61.66867638100927, -61.491318140803315, -61.346331553326287, -61.226774467259233, -61.127409133008157, -61.025538179320279]
}
