{
	"input_file":	"../../instances/J100_M50_G4_I4_L50_seed16.json",
	"method":	"Multinomial",
	"convergence_threshold":	0.001,
	"iterations_made":	22,
	"max_iterations":	10000,
	"time_taken":	0.000537591,
	"ground_truth_matrix":	[[0.13733033971538156, 0.402486971039085, 0.43481631950235439, 0.025366369743179053], [0.21871205928257512, 0.12338807712654326, 0.57049577727443768, 0.087404086316444057], [0.019119524157554624, 0.74212676605831351, 0.217462744278536, 0.02129096550559572], [0.61348344045944758, 0.0825250715096998, 0.13779843141340273, 0.16619305661744993]],
	"estimated_matrix":	[[0.1476727950261193, 0.403969580526732, 0.439051358359295, 0.00930626608785386], [0.2176988733869839, 0.10626947780275134, 0.56363033949435726, 0.11240130931590746], [0.024126131763705382, 0.75194738737064559, 0.20450754475874527, 0.019418936106903782], [0.582458663862998, 0.078463938447701373, 0.17882310028328119, 0.16025429740601924]],
	"log_likelihood":	[-247.11214151589689, -170.548519370184, -128.30438005707114, -104.30868951467268, -90.2271404910036, -81.688376682581733, -76.341858638580476, -72.888595532899174, -70.590724507184376, -69.0176925731955, -67.9116295401395, -67.114154648092338, -66.525606847209929, -66.0817964066368, -65.7404454619226, -65.473106611694433, -65.26024526944714, -65.0881866615121, -64.947183382175822, -64.830169063811638, -64.731939826649665, -64.648607172161235, -64.546302250388777]
}
