{
	"input_file":	"../../instances/J100_M50_G4_I4_L50_seed18.json",
	"method":	"Multinomial",
	"convergence_threshold":	0.001,
	"iterations_made":	19,
	"max_iterations":	10000,
	"time_taken":	0.000552738,
	"ground_truth_matrix":	[[0.25856144603859232, 0.17324016215639787, 0.5188187471563106, 0.049379644648699164], [0.21703835825592904, 0.15741561912449081, 0.12450764575610422, 0.501038376863476], [0.092386911183075723, 0.00893155724049351, 0.31410714573850357, 0.584574385837927], [0.73001552280892, 0.01151980247078856, 0.06483281052782, 0.19363186419247139]],
	"estimated_matrix":	[[0.22518261859624844, 0.16986783804223218, 0.51786326819376249, 0.0870862751677569], [0.22561493254155313, 0.1636282056397233, 0.1143238037626772, 0.49643305805604643], [0.097790625159758268, 0.014748264022740204, 0.306771693556287, 0.58068941726121459], [0.77349044243064946, 0.0058543827332083569, 0.0762082817833333, 0.144446893052809]],
	"log_likelihood":	[-239.24471496189437, -158.40956067007653, -114.26494568403992, -89.4764269315436, -75.097335290061935, -66.4758327900112, -61.136613459633125, -57.72595810420156, -55.482239970151966, -53.964758480741388, -52.911483702008987, -52.162513590710581, -51.6178279394195, -51.2133829156907, -50.9072543193178, -50.671418733306574, -50.486771141546932, -50.340041561484611, -50.221849304747074, -50.096000788991226]
}
