{
	"input_file":	"../../instances/J100_M50_G4_I4_L50_seed15.json",
	"method":	"Multinomial",
	"convergence_threshold":	0.001,
	"iterations_made":	21,
	"max_iterations":	10000,
	"time_taken":	0.000381022,
	"ground_truth_matrix":	[[0.729175806164576, 0.076074136231428655, 0.021573712816720172, 0.17317634478727548], [0.178428232666503, 0.41819946747570369, 0.20226194250932708, 0.2011103573484663], [0.03692154969556357, 0.0895982588773646, 0.77790639491020774, 0.0955737965168639], [0.2454144268167292, 0.3895043399526712, 0.31921668759311272, 0.0458645456374869]],
	"estimated_matrix":	[[0.7145443708140905, 0.0749925999338504, 0.03108563340153021, 0.17937739585052892], [0.17040888037267188, 0.42768259129762537, 0.20166659319978927, 0.20024193512991342], [0.02733465034434026, 0.10295894104874223, 0.75853276230925071, 0.11117364629766671], [0.23824680520734662, 0.41988320785307481, 0.30279728364273778, 0.039072703296840733]],
	"log_likelihood":	[-263.57356367284035, -166.34469375853121, -116.14155506049177, -88.962572402855841, -73.537622116864057, -64.3780155305593, -58.7002346048047, -55.03618732061684, -52.5818910716175, -50.880936523162475, -49.665200015696279, -48.771965302871287, -48.099403152992686, -47.58191735336753, -47.176091099426522, -46.852452276557877, -46.5905202894909, -46.375751675770665, -46.1976116273659, -46.048328883308315, -45.9220747010362, -45.77831262030486]
}
