{
	"input_file":	"../../instances/J100_M50_G4_I4_L50_seed14.json",
	"method":	"Multinomial",
	"convergence_threshold":	0.001,
	"iterations_made":	23,
	"max_iterations":	10000,
	"time_taken":	0.00046117,
	"ground_truth_matrix":	[[0.16948671322645967, 0.34852867125185555, 0.48008648579103436, 0.0018981297306503366], [0.079987281299932059, 0.68202951659915934, 0.15530687378570474, 0.0826763283152038], [0.25105168191104937, 0.081029441322241033, 0.532172679173297, 0.13574619759341275], [0.3627498793244377, 0.0027605641290022972, 0.524015969214685, 0.1104735873318748]],
	"estimated_matrix":	[[0.17007114051273869, 0.39005773310908654, 0.43659318547019266, 0.003277940907982212], [0.074520808255297832, 0.666515604853097, 0.19109431184322717, 0.0678692750483779], [0.24119316312408617, 0.0887595001591567, 0.55228100096936428, 0.11776633574739272], [0.36117363002145414, 0.016679599360979031, 0.4784478680620366, 0.14369890255553025]],
	"log_likelihood":	[-202.044126871277, -146.44131714488321, -115.15468229579338, -96.896127189523639, -85.834174193679473, -78.887997112813423, -74.377127881800135, -71.3545827742237, -69.269714279879338, -67.792667570393562, -66.7202281662925, -65.923857431363729, -65.3202183660898, -64.8540183819714, -64.487773165516828, -64.1955558858622, -63.95909522786345, -63.765288626281155, -63.604586206832053, -63.469921150015239, -63.3559894492038, -63.258757058218343, -63.1751175062778, -63.058757358665254]
}
