{
	"input_file":	"../../instances/J100_M50_G4_I4_L50_seed16.json",
	"method":	"Multinomial",
	"convergence_threshold":	0.001,
	"iterations_made":	22,
	"max_iterations":	10000,
	"time_taken":	0.000658561,
	"ground_truth_matrix":	[[0.13733033971538156, 0.402486971039085, 0.43481631950235439, 0.025366369743179053], [0.21871205928257512, 0.12338807712654326, 0.57049577727443768, 0.087404086316444057], [0.019119524157554624, 0.74212676605831351, 0.217462744278536, 0.02129096550559572], [0.61348344045944758, 0.0825250715096998, 0.13779843141340273, 0.16619305661744993]],
	"estimated_matrix":	[[0.14767279502611924, 0.403969580526732, 0.43905135835929482, 0.0093062660878538567], [0.2176988733869839, 0.10626947780275137, 0.56363033949435726, 0.11240130931590743], [0.02412613176370541, 0.75194738737064559, 0.20450754475874525, 0.019418936106903793], [0.582458663862998, 0.078463938447701345, 0.17882310028328119, 0.16025429740601921]],
	"log_likelihood":	[-247.11214151589695, -170.5485193701841, -128.30438005707117, -104.30868951467272, -90.227140491003766, -81.6883766825816, -76.3418586385804, -72.888595532898947, -70.590724507184333, -69.017692573195575, -67.911629540139458, -67.1141546480927, -66.525606847209843, -66.081796406636542, -65.740445461922576, -65.4731066116944, -65.260245269446756, -65.088186661512069, -64.947183382175965, -64.830169063811653, -64.7319398266496, -64.648607172161363, -64.546302250389]
}
