{
	"input_file":	"../../instances/J100_M50_G4_I4_L50_seed14.json",
	"method":	"Multinomial",
	"convergence_threshold":	0.001,
	"iterations_made":	23,
	"max_iterations":	10000,
	"time_taken":	0.000619624,
	"ground_truth_matrix":	[[0.16948671322645967, 0.34852867125185555, 0.48008648579103436, 0.0018981297306503366], [0.079987281299932059, 0.68202951659915934, 0.15530687378570474, 0.0826763283152038], [0.25105168191104937, 0.081029441322241033, 0.532172679173297, 0.13574619759341275], [0.3627498793244377, 0.0027605641290022972, 0.524015969214685, 0.1104735873318748]],
	"estimated_matrix":	[[0.17007114051273872, 0.39005773310908654, 0.43659318547019266, 0.0032779409079822111], [0.074520808255297846, 0.66651560485309724, 0.19109431184322717, 0.0678692750483779], [0.24119316312408617, 0.0887595001591567, 0.55228100096936428, 0.11776633574739273], [0.36117363002145414, 0.016679599360979028, 0.4784478680620366, 0.14369890255553025]],
	"log_likelihood":	[-202.04412687127706, -146.44131714488313, -115.15468229579339, -96.8961271895238, -85.834174193679246, -78.8879971128137, -74.3771278818001, -71.3545827742238, -69.269714279879452, -67.792667570393675, -66.720228166292358, -65.923857431363743, -65.320218366090046, -64.854018381971031, -64.487773165516543, -64.195555885861964, -63.95909522786345, -63.7652886262808, -63.604586206832074, -63.469921150015146, -63.355989449204053, -63.2587570582181, -63.17511750627785, -63.058757358664963]
}
