{
	"input_file":	"../../instances/J100_M50_G4_I4_L50_seed5.json",
	"method":	"Multinomial",
	"convergence_threshold":	0.001,
	"iterations_made":	23,
	"max_iterations":	10000,
	"time_taken":	0.000348144,
	"ground_truth_matrix":	[[0.04983539454067374, 0.40616979444752377, 0.04597554104672593, 0.49801926996507662], [0.17642180632607257, 0.24903375337454553, 0.38221213978536139, 0.19233230051402056], [0.17736032732383658, 0.10472522126556412, 0.042405367741133453, 0.675509083669466], [0.18223419748820011, 0.053948911524286144, 0.66354524613560528, 0.1002716448519083]],
	"estimated_matrix":	[[0.046649254769294872, 0.38688930730343157, 0.052851471670767224, 0.51360996625650635], [0.15795419840999211, 0.28488242214379977, 0.36683903737769813, 0.19032434206851007], [0.179609953658184, 0.088261079584222843, 0.044272078117105824, 0.68785688864048733], [0.17952006575729329, 0.039354214154173485, 0.67142276090247033, 0.10970295918606286]],
	"log_likelihood":	[-243.24599555631653, -165.46319727145607, -122.76660931269078, -98.3485201595465, -83.8014330958683, -74.800090928750365, -69.034403398534053, -65.223592312560626, -62.632193381479411, -60.823973021109474, -59.5323704845791, -58.589994891020687, -57.88905782617357, -57.358525001590365, -56.9505704762395, -56.632348423823672, -56.3808813444653, -56.179817386473424, -56.017332930397416, -55.884751020021575, -55.775615632015331, -55.685061324775781, -55.609377462719, -55.529410892675259]
}
