{
	"input_file":	"../../instances/J100_M50_G4_I4_L50_seed20.json",
	"method":	"Multinomial",
	"convergence_threshold":	0.001,
	"iterations_made":	21,
	"max_iterations":	10000,
	"time_taken":	0.000321561,
	"ground_truth_matrix":	[[0.12528497207799447, 0.32201948137817415, 0.31373002758429769, 0.23896551895953352], [0.015101828534048147, 0.48626910303626614, 0.19664095811027157, 0.301988110319414], [0.37325565430763752, 0.074973029032247326, 0.1106017466286246, 0.44116957003149054], [0.30820834115463464, 0.38313495378391749, 0.30112165593037288, 0.0075350491310749142]],
	"estimated_matrix":	[[0.0992097892268579, 0.36016809018449369, 0.30421864786829239, 0.236403472720356], [0.03119149671413303, 0.52205797673990217, 0.16218354316547418, 0.28456698338049063], [0.36321768001828741, 0.0597811825608156, 0.094120312872528172, 0.48288082454836884], [0.312797969706683, 0.317773567233399, 0.35060358766577376, 0.018824875394144167]],
	"log_likelihood":	[-197.06149026736048, -143.31114913747163, -112.3656300918271, -93.9111963745677, -82.504611333629, -75.2029879598755, -70.369771577710267, -67.0680109457063, -64.745525609329249, -63.067531270450672, -61.8253917406962, -60.8856038362632, -60.160559361261889, -59.591377595563436, -59.137585679048051, -58.770772975251283, -58.470602825421039, -58.222252749271043, -58.014738144644532, -57.839793343247443, -57.691111017761763, -57.5118840240528]
}
