{
	"input_file":	"../../instances/J100_M50_G4_I4_L50_seed10.json",
	"method":	"Multinomial",
	"convergence_threshold":	0.001,
	"iterations_made":	19,
	"max_iterations":	10000,
	"time_taken":	0.000476465,
	"ground_truth_matrix":	[[0.380062145693794, 0.0054018097091338329, 0.25866530336247168, 0.35587074123460055], [0.26597509126643765, 0.0981289174874491, 0.0850627199283102, 0.550833271317803], [0.041167866022291, 0.020552495028497372, 0.25695642103798533, 0.68132321791122641], [0.001182855267320227, 0.214629979163991, 0.500706387852455, 0.283480777716234]],
	"estimated_matrix":	[[0.37513651228965372, 0.01148875844960001, 0.25379441936715469, 0.35958030989359158], [0.282536988942999, 0.084013101301968429, 0.0704036702810367, 0.56304623947399579], [0.0556043239924753, 0.020462468101236912, 0.27594088209230033, 0.64799232581398747], [0.018192334709489482, 0.23044961142328035, 0.51390096948873776, 0.23745708437849236]],
	"log_likelihood":	[-191.52365434526709, -134.93691514874575, -103.93130776622331, -86.350818416237928, -75.9761974835824, -69.602190312573427, -65.53125836554193, -62.834783806974755, -60.987611473358861, -59.682892620491486, -58.7355870351721, -58.030686495869567, -57.494626752202826, -57.079059378684249, -56.751390932978218, -56.489124312333651, -56.27638993952074, -56.101768494583929, -55.956893013382768, -55.793577079641366]
}
