{
	"input_file":	"../../instances/J100_M50_G4_I5_L50_seed14.json",
	"method":	"Multinomial",
	"convergence_threshold":	0.001,
	"iterations_made":	21,
	"max_iterations":	10000,
	"time_taken":	0.000392157,
	"ground_truth_matrix":	[[0.15590939304920856, 0.32060857491831252, 0.44162749507565729, 0.0017460734744377071, 0.080108463482383763], [0.59766213007816038, 0.13609533714227331, 0.072449225855054339, 0.14650677874371171, 0.047286528180800258], [0.41478598240157316, 0.10580328928860022, 0.19550423839535092, 0.0014878074903490689, 0.28241868242412665], [0.037797114110708178, 0.43231344101648556, 0.0751597260223246, 0.22381649355526642, 0.23091322529521516]],
	"estimated_matrix":	[[0.11463386855633863, 0.397120382170833, 0.407631000486787, 0.01425175714132835, 0.066362991644712946], [0.61778288967623363, 0.14688446090247029, 0.048143633630277974, 0.14615888463273988, 0.041030131158278416], [0.38608945928241767, 0.0889207602241694, 0.21000734793160836, 0.00721529510683596, 0.30776713745496864], [0.059195802917392633, 0.39721093868008522, 0.093808624821804631, 0.20856314371568749, 0.24122148986503006]],
	"log_likelihood":	[-257.37640389739511, -180.45659339658033, -137.96224885517941, -113.65269906566584, -99.204845369451, -90.290167699166261, -84.5919033136338, -80.8288277327998, -78.2685267625769, -76.478680446716766, -75.1962625262183, -74.2566668706175, -73.5541548077898, -73.0191460162064, -72.604824864592175, -72.279039444570159, -72.019285543048326, -71.8095323963733, -71.6381729355841, -71.496675037754372, -71.378678330001534, -71.2449930063929]
}
