{
	"input_file":	"../../instances/J100_M50_G4_I5_L50_seed1.json",
	"method":	"Multinomial",
	"convergence_threshold":	0.001,
	"iterations_made":	17,
	"max_iterations":	10000,
	"time_taken":	0.000501136,
	"ground_truth_matrix":	[[0.23133554027621162, 0.546232885994193, 4.9036670050913147e-05, 0.15434181656277288, 0.068040720496771734], [0.048287721645296849, 0.10272923560641152, 0.21131337949440179, 0.25192172053433709, 0.38574794271955271], [0.13381390465004245, 0.284670660044346, 0.056330366829679117, 0.518345950749748, 0.0068391177261846641], [0.39084241309322565, 0.19015784970136257, 0.28800794398615154, 0.053260896093577, 0.077730897125683027]],
	"estimated_matrix":	[[0.19406885465463414, 0.56692831637026075, 0.00925448735691394, 0.16716695470583209, 0.062581386912359122], [0.066771970084653826, 0.0765642757844775, 0.20637593029101581, 0.24907022526846045, 0.40121759857139233], [0.14841733522455106, 0.29365001958658588, 0.044178770664448849, 0.501008807642495, 0.012745066881919079], [0.39223980925098928, 0.20443824325177065, 0.271108096964339, 0.0792998085562821, 0.052914041976618989]],
	"log_likelihood":	[-300.625327695236, -211.56275710176274, -165.13073806502567, -140.11667503495391, -126.07391187679578, -117.84682677232362, -112.82015709958831, -109.62259167464607, -107.51000751462213, -106.0645743144001, -105.04365687326224, -104.30166980725873, -103.74846498028626, -103.32652744969448, -102.99812092119032, -102.73783788967664, -102.52816319395691, -102.28918734149511]
}
