{
	"input_file":	"../../instances/J100_M50_G4_I5_L50_seed20.json",
	"method":	"Multinomial",
	"convergence_threshold":	0.001,
	"iterations_made":	16,
	"max_iterations":	10000,
	"time_taken":	0.0002973,
	"ground_truth_matrix":	[[0.12464155160427713, 0.320365700211782, 0.31211881819805165, 0.23773827434383188, 0.0051356556420572141], [0.32050330871114646, 0.129607407316133, 0.19904243955549125, 0.29216240134150717, 0.058684443075721966], [0.048862291507300849, 0.19490249288206324, 0.23484758945089862, 0.29193992606900426, 0.22944770009073309], [0.017616287707698772, 0.05851918973115218, 0.65621546187173374, 0.1289428731063417, 0.13870618758307368]],
	"estimated_matrix":	[[0.12871003124971966, 0.31590672678280718, 0.30387663760681471, 0.24154717087236907, 0.0099594334882892946], [0.30131495158223859, 0.11116042342598782, 0.23076331506313819, 0.2981637805118007, 0.058597529416834632], [0.0637686429405102, 0.201359991420021, 0.18270304520844571, 0.302597820429414, 0.24957050000160907], [0.010530817239492837, 0.068806915706399421, 0.64980853537367445, 0.12755106568821936, 0.14330266599221389]],
	"log_likelihood":	[-207.78773908654594, -154.316250610504, -125.06929981298158, -108.68753989165695, -99.1958151929546, -93.4858461841409, -89.91591286383435, -87.597169188777627, -86.034534522744735, -84.943969684267458, -84.157608354600626, -83.5733138561513, -83.1271692526498, -82.778082512838, -82.4989479896819, -82.271443725061729, -82.0164790363188]
}
