{
	"input_file":	"../../instances/J100_M50_G4_I5_L50_seed11.json",
	"method":	"Multinomial",
	"convergence_threshold":	0.001,
	"iterations_made":	18,
	"max_iterations":	10000,
	"time_taken":	0.000521209,
	"ground_truth_matrix":	[[0.0742704298794536, 0.0073483541679689336, 0.23246015994561139, 0.48226262845984663, 0.20365842754711935], [0.10906573959976795, 0.0021115223402377388, 0.1096872263605117, 0.46684651136059585, 0.31228900033888668], [0.22595248847629812, 0.019867410510385194, 0.387186047554461, 0.33585447066553586, 0.0311395827933199], [0.589403631174749, 0.012191405303151244, 0.0731217528737282, 0.22404050883429075, 0.10124270181408079]],
	"estimated_matrix":	[[0.0671230004517872, 0.0012042068686919833, 0.210596978468933, 0.4859996777049686, 0.2350761365056192], [0.0771960263760922, 0.00014847127353508679, 0.097398741592964647, 0.51120798181946436, 0.31404877893794375], [0.23344903514460857, 0.017994333803436523, 0.4024847334577662, 0.31102352900727437, 0.035048368586914326], [0.61096304715986, 0.023798330763742249, 0.073629756168035, 0.21264741322986461, 0.078961452678498]],
	"log_likelihood":	[-226.67060566356687, -164.21447722779311, -130.31744930906933, -111.46355879955696, -100.64110547249516, -94.22017455783886, -90.284418152878061, -87.795296323830954, -86.173926963432123, -85.088359670329424, -84.3428724426168, -83.8189196871186, -83.442828706427647, -83.1676815635646, -82.962901956806959, -82.8081272264999, -82.689519159794571, -82.597494186449765, -82.508095363774856]
}
