{
	"input_file":	"../../instances/J100_M50_G4_I5_L50_seed7.json",
	"method":	"Multinomial",
	"convergence_threshold":	0.001,
	"iterations_made":	22,
	"max_iterations":	10000,
	"time_taken":	0.000398954,
	"ground_truth_matrix":	[[0.010915758563635679, 0.20816915542206624, 0.0793454263047044, 0.176768261407425, 0.52480139830216865], [0.30336933090138923, 0.27281770821747647, 0.029337380742531057, 0.12263021012911926, 0.271845370009484], [0.3112604723649372, 0.445747386767779, 0.13127742314124657, 0.018672572575976328, 0.093042145150061], [0.40414208490409764, 0.040359198958406881, 0.1011778397934792, 0.450081026098011, 0.0042398502460051727]],
	"estimated_matrix":	[[0.02572837579554987, 0.18194794589297272, 0.085947488486856141, 0.19115393688049737, 0.515222252944124], [0.32520662132779526, 0.2981200354885078, 0.019556268538060636, 0.11776136958870106, 0.23935570505693532], [0.297576169506933, 0.45501197659837617, 0.13434708429952361, 0.024231177434108624, 0.088833592161058572], [0.3966429824869947, 0.061782427522030114, 0.10041920116995991, 0.42717811970420344, 0.013977269116811825]],
	"log_likelihood":	[-242.91801659259662, -170.53348233159377, -130.38560485341418, -107.27472460064, -93.41185390585504, -84.74890769976966, -79.1197433295925, -75.326336079187371, -72.683394345534325, -70.78570514537904, -69.385874559856831, -68.328190793507, -67.511799462584861, -66.869611376726539, -66.3558850661525, -65.938720471949978, -65.59540541904353, -65.3094608783695, -65.068722249961, -64.864067002211, -64.688554331782939, -64.5368328315913, -64.345237683515762]
}
