{
	"input_file":	"../../instances/J100_M50_G4_I5_L50_seed4.json",
	"method":	"Multinomial",
	"convergence_threshold":	0.001,
	"iterations_made":	26,
	"max_iterations":	10000,
	"time_taken":	0.000512508,
	"ground_truth_matrix":	[[0.33270219763982, 0.077260685478113045, 0.351047145907638, 0.12233189286483045, 0.1166580781095984], [0.050165543415490517, 0.77088292625501365, 0.0012877732599235222, 0.0600985069713388, 0.11756525009823347], [0.18899528973896992, 0.027543337100804529, 0.24857010990663789, 0.512514609975885, 0.022376653277702586], [0.19813511195609393, 0.0019661561351834679, 0.1064443820984169, 0.0098375816856057, 0.6836167681247]],
	"estimated_matrix":	[[0.35400677535684311, 0.06507499635775596, 0.34496313886486019, 0.12191487276070508, 0.1140402166598357], [0.0386554818151588, 0.77349233299171, 0.020309066194275919, 0.061356955520548651, 0.10618616347830657], [0.191644696626221, 0.044633387003593955, 0.20722374221717851, 0.5145450919304958, 0.041953082222510776], [0.1868601534391478, 0.0095649810662260543, 0.099582855102573253, 0.011300754530581122, 0.69269125586147173]],
	"log_likelihood":	[-402.348960718339, -246.869324297394, -167.71510467051107, -125.61784227028159, -102.10683109941077, -88.3371284824332, -79.902485300626, -74.5153341966963, -70.9397836421522, -68.482328286528471, -66.7395577067292, -65.468667140771842, -64.5187339451098, -63.793070468118948, -63.227969940515059, -62.780356339449064, -62.420406895148233, -62.12702677726994, -61.885002365704757, -61.683167274694334, -61.513194201604342, -61.368782440522082, -61.245101016158877, -61.138400341467957, -61.045737085909622, -60.964776422833339, -60.863936905941081]
}
