{
	"input_file":	"../../instances/J100_M50_G4_I5_L50_seed11.json",
	"method":	"Multinomial",
	"convergence_threshold":	0.001,
	"iterations_made":	18,
	"max_iterations":	10000,
	"time_taken":	0.000349145,
	"ground_truth_matrix":	[[0.0742704298794536, 0.0073483541679689336, 0.23246015994561139, 0.48226262845984663, 0.20365842754711935], [0.10906573959976795, 0.0021115223402377388, 0.1096872263605117, 0.46684651136059585, 0.31228900033888668], [0.22595248847629812, 0.019867410510385194, 0.387186047554461, 0.33585447066553586, 0.0311395827933199], [0.589403631174749, 0.012191405303151244, 0.0731217528737282, 0.22404050883429075, 0.10124270181408079]],
	"estimated_matrix":	[[0.0671230004517872, 0.0012042068686919833, 0.210596978468933, 0.4859996777049686, 0.2350761365056192], [0.0771960263760922, 0.00014847127353508687, 0.09739874159296466, 0.51120798181946425, 0.31404877893794381], [0.23344903514460852, 0.01799433380343652, 0.40248473345776625, 0.31102352900727437, 0.035048368586914333], [0.61096304715986, 0.023798330763742246, 0.073629756168035021, 0.21264741322986461, 0.078961452678498]],
	"log_likelihood":	[-226.6706056635669, -164.21447722779317, -130.31744930906953, -111.4635587995573, -100.64110547249525, -94.220174557839, -90.2844181528784, -87.795296323831067, -86.1739269634322, -85.088359670329453, -84.3428724426168, -83.8189196871187, -83.442828706427534, -83.167681563564429, -82.962901956807372, -82.8081272265, -82.68951915979477, -82.5974941864502, -82.5080953637747]
}
