{
	"input_file":	"../../instances/J100_M50_G4_I5_L50_seed12.json",
	"method":	"Multinomial",
	"convergence_threshold":	0.001,
	"iterations_made":	17,
	"max_iterations":	10000,
	"time_taken":	0.000439509,
	"ground_truth_matrix":	[[0.0644455938402166, 0.51858148681146043, 0.11762784906370648, 0.29369367360951, 0.0056513966751065665], [0.308115663974515, 0.28351387469299938, 0.0041724687997965176, 0.386082738833395, 0.018115253699294016], [0.055000586872240034, 0.15348701412423124, 0.47555007013414252, 0.3155896909089051, 0.00037263796048121083], [0.19176898316060689, 0.20908859393408555, 0.1729689667973614, 0.38055491257373758, 0.0456185435342085]],
	"estimated_matrix":	[[0.050904226717798623, 0.50566391530889332, 0.14475391010652222, 0.28666896609915632, 0.012008981767629491], [0.34323468009071645, 0.27682113597943009, 0.033477806026874148, 0.33242511830028637, 0.014041259602692986], [0.0541550384074278, 0.165281987869953, 0.47469985286669653, 0.303496904452801, 0.0023662164031217274], [0.18348382932372961, 0.21207639703105557, 0.14715389953715219, 0.409492640394035, 0.0477932337140276]],
	"log_likelihood":	[-191.91702065461922, -143.921513886968, -118.59749931691256, -104.86902225877338, -97.152454970902568, -92.6439372143549, -89.904495228596033, -88.174324954784623, -87.040017093953651, -86.269718181508864, -85.729387289491655, -85.339137901726446, -85.0498936464707, -84.8305924775683, -84.6609982101939, -84.5275612331715, -84.420974814760044, -84.310655996184565]
}
