{
	"input_file":	"../../instances/J100_M50_G4_I5_L50_seed16.json",
	"method":	"Multinomial",
	"convergence_threshold":	0.001,
	"iterations_made":	21,
	"max_iterations":	10000,
	"time_taken":	0.000380176,
	"ground_truth_matrix":	[[0.11046832303046365, 0.32375992679000548, 0.34976560708473542, 0.020404670466171049, 0.19560147262862432], [0.056072838761014418, 0.259257770101578, 0.039720168700331022, 0.016198597480567022, 0.62875062495650935], [0.31255056034065565, 0.030600658614167615, 0.48328435407656345, 0.065010843405680863, 0.1085535835629325], [0.11586259596294285, 0.39777834656095723, 0.2081420243919308, 0.0807572776280516, 0.19745975545611746]],
	"estimated_matrix":	[[0.080796737047638137, 0.31706558035920618, 0.36847194178337683, 0.01809062979874616, 0.21557511101103272], [0.062107614634910428, 0.24430156179124743, 0.037961109433878912, 0.016310945498011438, 0.63931876864195181], [0.33346396239813419, 0.035691375745424747, 0.47450655463681279, 0.074832043778908439, 0.081506063440719867], [0.1174368580017989, 0.38540147062874625, 0.21314280516047562, 0.088281769853592262, 0.19573709635538691]],
	"log_likelihood":	[-233.70624780509587, -169.01879959531877, -133.307923252419, -112.99423647811621, -101.03726498201868, -93.744511643287979, -89.135542156453354, -86.1202784258183, -84.081948376508564, -82.661516207194367, -81.6438802520328, -80.8964300951625, -80.335091956230826, -79.9051126186429, -79.569918321429128, -79.304496098777278, -79.0913651105854, -78.91806512099464, -78.775554077547369, -78.65716287267945, -78.557899245225229, -78.4457425538661]
}
