{
	"input_file":	"../../instances/J100_M50_G4_I5_L50_seed18.json",
	"method":	"Multinomial",
	"convergence_threshold":	0.001,
	"iterations_made":	14,
	"max_iterations":	10000,
	"time_taken":	0.000418946,
	"ground_truth_matrix":	[[0.17583738578154742, 0.11781376416577459, 0.35282805535055234, 0.033581138096485837, 0.31993965660563983], [0.19198564982437369, 0.15185075922920055, 0.611071372104512, 0.041117190992067849, 0.0039750278498458178], [0.23155809514120673, 0.4309450870170965, 0.30554024270356456, 0.0048214909585465749, 0.027135084179585732], [0.0738664498887953, 0.24274418629645989, 0.4133587578967442, 0.046280476115563726, 0.22375012980243691]],
	"estimated_matrix":	[[0.16408637572725518, 0.1160817366330069, 0.37667857630559731, 0.0451384564545599, 0.29801485487958074], [0.21741451896089689, 0.15155862967060466, 0.58724393576698, 0.031547140918736075, 0.012235774682782257], [0.21585524927060087, 0.43862412494203884, 0.30804090764283426, 0.0039748007345178464, 0.033504917410008252], [0.071691523892169234, 0.27280488668869818, 0.43578700161140521, 0.036377624164209164, 0.18333896364351826]],
	"log_likelihood":	[-177.98089694752341, -140.29964556319422, -119.9386601246859, -108.58739659063363, -102.00333643258712, -98.0249072235516, -95.524076386071, -93.892793016313931, -92.791826482685238, -92.025378975600375, -91.476685664953436, -91.073917473560741, -90.771575200062856, -90.5400369515905, -90.2947200833896]
}
