{
	"input_file":	"../../instances/J100_M50_G4_I5_L50_seed6.json",
	"method":	"Multinomial",
	"convergence_threshold":	0.001,
	"iterations_made":	18,
	"max_iterations":	10000,
	"time_taken":	0.000596597,
	"ground_truth_matrix":	[[0.4946888218813566, 0.0893507781441119, 0.38130078011302954, 0.0094327717727180245, 0.025226848088783976], [0.252222664533469, 0.2105492199535523, 0.15141034402812581, 0.11399772270882993, 0.27182004877602278], [0.12700654364811612, 0.2933042438225032, 0.16079716740511793, 0.19051619819117563, 0.22837584693308713], [0.43249033954138028, 0.16018080806887949, 0.0498176725914289, 0.19528425594534821, 0.162226923852963]],
	"estimated_matrix":	[[0.526025460069728, 0.051735709705823786, 0.37943005321853712, 0.014958843027615456, 0.027849933978295435], [0.20161068809786883, 0.22735473402766812, 0.15368876025072928, 0.11495580182161184, 0.302390015802122], [0.12372532110469252, 0.299581043569246, 0.15628303267343732, 0.21050320079545254, 0.20990740185717169], [0.42659752477084739, 0.12969423669283578, 0.0593790719613592, 0.19389110851840138, 0.19043805805655631]],
	"log_likelihood":	[-209.53952258606682, -159.02718977245877, -131.23855817308868, -115.37050655125482, -105.95609675676948, -100.15591385525882, -96.450481518408, -94.00088601421416, -92.329143928168, -91.1543426653901, -90.3063658780987, -89.6792081255208, -89.205010274630624, -88.8392243459818, -88.5519126092683, -88.32251467028793, -88.1366241544807, -87.9839578740422, -87.8196753903609]
}
