{
	"input_file":	"../../instances/J100_M50_G4_I5_L50_seed2.json",
	"method":	"Multinomial",
	"convergence_threshold":	0.001,
	"iterations_made":	16,
	"max_iterations":	10000,
	"time_taken":	0.000304346,
	"ground_truth_matrix":	[[0.22783917374835463, 0.010450529100728561, 0.317379168519664, 0.2273650803535196, 0.21696604827773336], [0.17725330515516027, 0.10121746478598845, 0.42687622768416966, 0.15745123595039329, 0.1372017664242883], [0.34751781116712555, 0.26968629801752636, 0.0517533038213183, 0.25804238256025486, 0.073000204433774835], [0.25216796778434986, 0.31531367108009073, 0.1117190524356903, 0.30719735559605849, 0.013601953103810769]],
	"estimated_matrix":	[[0.24882484809776392, 0.010362003997903517, 0.3290475686492807, 0.21305451896033967, 0.19871106029471217], [0.18179143831578568, 0.095181993726080549, 0.414337230203684, 0.16478052955911526, 0.14390880819533453], [0.31420312164877, 0.3065232944971053, 0.076391080862113478, 0.21952349972405272, 0.0833590032679585], [0.27747652578103782, 0.324834487029356, 0.0763914901674453, 0.30784119533674553, 0.013456301685415327]],
	"log_likelihood":	[-196.01577938421022, -149.39705703717675, -123.62445832759164, -108.78733873075957, -99.883263145339669, -94.320550858856251, -90.7109354964528, -88.2845085124604, -86.599497264108, -85.3940111687379, -84.507939247325425, -83.840525431166043, -83.326630279868027, -82.92306719067534, -82.600524140373423, -82.338665980350555, -82.039851082701674]
}
