{
	"input_file":	"../../instances/J100_M50_G4_I5_L50_seed3.json",
	"method":	"Multinomial",
	"convergence_threshold":	0.001,
	"iterations_made":	23,
	"max_iterations":	10000,
	"time_taken":	0.000475069,
	"ground_truth_matrix":	[[0.15028701708190306, 0.2312679172167543, 0.064556558588510629, 0.13427919500392829, 0.41960931210890373], [0.69371710750865156, 0.041081001690991485, 0.0710920028043775, 0.016174863536975309, 0.17793502445900408], [0.0096528152078873657, 0.19423600165890281, 0.33332108255790721, 0.10387615586913534, 0.35891394470616728], [0.34737059989782576, 0.00943501618277375, 0.31809275226905409, 0.11664290181363193, 0.20845872983671451]],
	"estimated_matrix":	[[0.1216499385527524, 0.23860059231220121, 0.058828457846446039, 0.1468930823793661, 0.4340279289092342], [0.70292243129088428, 0.036402262620902931, 0.05851980441191007, 0.01918921823866139, 0.18296628343764137], [0.026867214559043045, 0.17630311136091145, 0.3582751148616, 0.0874309169129241, 0.35112364230552134], [0.34976144544859455, 0.019888848339245549, 0.30265000529246616, 0.1115148329020489, 0.21618486801764478]],
	"log_likelihood":	[-239.66340119448861, -169.92297879309095, -131.87507475653126, -110.32258732573372, -97.630128113096958, -89.876762259923, -84.978041517415278, -81.785573587513625, -79.6448892428213, -78.171142764724166, -77.1314399845793, -76.381084632933124, -75.8279791099177, -75.4121828642377, -75.0938683169161, -74.846054625818041, -74.650127569464232, -74.493021411308149, -74.3654131212435, -74.260545248945874, -74.173446182037, -74.1004057720985, -74.038617600440972, -73.958758703591741]
}
