{
	"input_file":	"../../instances/J100_M50_G4_I5_L50_seed12.json",
	"method":	"Multinomial",
	"convergence_threshold":	0.001,
	"iterations_made":	17,
	"max_iterations":	10000,
	"time_taken":	0.000360471,
	"ground_truth_matrix":	[[0.0644455938402166, 0.51858148681146043, 0.11762784906370648, 0.29369367360951, 0.0056513966751065665], [0.308115663974515, 0.28351387469299938, 0.0041724687997965176, 0.386082738833395, 0.018115253699294016], [0.055000586872240034, 0.15348701412423124, 0.47555007013414252, 0.3155896909089051, 0.00037263796048121083], [0.19176898316060689, 0.20908859393408555, 0.1729689667973614, 0.38055491257373758, 0.0456185435342085]],
	"estimated_matrix":	[[0.05090422671779863, 0.50566391530889321, 0.14475391010652233, 0.28666896609915621, 0.012008981767629488], [0.3432346800907165, 0.27682113597943009, 0.033477806026874141, 0.33242511830028632, 0.014041259602692981], [0.0541550384074278, 0.165281987869953, 0.47469985286669636, 0.30349690445280114, 0.0023662164031217256], [0.18348382932372961, 0.21207639703105557, 0.14715389953715219, 0.409492640394035, 0.0477932337140276]],
	"log_likelihood":	[-191.91702065461928, -143.92151388696769, -118.59749931691265, -104.86902225877374, -97.1524549709024, -92.643937214354878, -89.9044952285962, -88.1743249547846, -87.040017093953551, -86.269718181509063, -85.72938728949147, -85.339137901726275, -85.049893646470736, -84.830592477568658, -84.660998210193554, -84.527561233171738, -84.4209748147599, -84.3106559961847]
}
