{
	"input_file":	"../../instances/J100_M50_G4_I5_L50_seed10.json",
	"method":	"Multinomial",
	"convergence_threshold":	0.001,
	"iterations_made":	20,
	"max_iterations":	10000,
	"time_taken":	0.000368205,
	"ground_truth_matrix":	[[0.32269308943329617, 0.0045864253604871313, 0.21962067734703034, 0.302153293162828, 0.1509465146963585], [0.11667254894123515, 0.10113720407829543, 0.65492541293454032, 0.084886438578035225, 0.0423783954678938], [0.17470454273021377, 0.46323131664050771, 0.00059770828546104832, 0.10845461858176728, 0.25301181376205034], [0.1499086927966258, 0.20226769245305082, 0.054570767022571375, 0.39501320914034888, 0.19823963858740321]],
	"estimated_matrix":	[[0.33066514611072156, 0.01613026373448552, 0.19140394312904055, 0.32502513887173845, 0.1367755081540139], [0.11661475864787826, 0.11827170297447451, 0.6351247210249843, 0.067254814928684029, 0.062734002423978877], [0.20487350075978694, 0.4332464670994256, 0.01819411830548396, 0.10302808895587148, 0.240657824879432], [0.16328492341626935, 0.20407475430311706, 0.080982415057768459, 0.39327800079434361, 0.15837990642850153]],
	"log_likelihood":	[-258.32719988707845, -181.56634029247053, -139.40281173447232, -115.58219491004876, -101.63831986350196, -93.172352913329647, -87.845540603762871, -84.3773955103086, -82.045159522190559, -80.4284855767757, -79.275754353569255, -78.432141182051666, -77.7998511035914, -77.3155555078161, -76.9372656383529, -76.636512514154248, -76.3935818276735, -76.1945474669273, -76.029386710642029, -75.890759167036322, -75.715887365492151]
}
