{
	"input_file":	"../../instances/J100_M50_G4_I5_L50_seed2.json",
	"method":	"Multinomial",
	"convergence_threshold":	0.001,
	"iterations_made":	16,
	"max_iterations":	10000,
	"time_taken":	0.0004946,
	"ground_truth_matrix":	[[0.22783917374835463, 0.010450529100728561, 0.317379168519664, 0.2273650803535196, 0.21696604827773336], [0.17725330515516027, 0.10121746478598845, 0.42687622768416966, 0.15745123595039329, 0.1372017664242883], [0.34751781116712555, 0.26968629801752636, 0.0517533038213183, 0.25804238256025486, 0.073000204433774835], [0.25216796778434986, 0.31531367108009073, 0.1117190524356903, 0.30719735559605849, 0.013601953103810769]],
	"estimated_matrix":	[[0.248824848097764, 0.010362003997903517, 0.32904756864928075, 0.21305451896033961, 0.19871106029471219], [0.18179143831578573, 0.095181993726080577, 0.414337230203684, 0.16478052955911524, 0.14390880819533455], [0.31420312164877, 0.3065232944971053, 0.07639108086211345, 0.21952349972405283, 0.083359003267958476], [0.27747652578103782, 0.324834487029356, 0.076391490167445328, 0.30784119533674542, 0.013456301685415326]],
	"log_likelihood":	[-196.01577938421028, -149.39705703717672, -123.6244583275916, -108.78733873075974, -99.883263145339669, -94.320550858856322, -90.710935496452763, -88.2845085124604, -86.5994972641079, -85.394011168737677, -84.5079392473254, -83.8405254311659, -83.326630279868, -82.9230671906757, -82.6005241403735, -82.3386659803507, -82.0398510827014]
}
