{
	"input_file":	"../../instances/J100_M50_G4_I5_L50_seed9.json",
	"method":	"Multinomial",
	"convergence_threshold":	0.001,
	"iterations_made":	16,
	"max_iterations":	10000,
	"time_taken":	0.000476932,
	"ground_truth_matrix":	[[0.0061742133612349686, 0.4126093070211917, 0.40540148941948045, 0.085063495583889731, 0.090751494614203052], [0.15553306732402988, 0.34192357446845528, 0.17983804603115919, 0.055375461920108081, 0.26732985025624767], [0.027870328380781784, 0.32205400604816126, 0.460581980701258, 0.0060366687454068944, 0.18345701612439208], [0.13631882836515025, 0.36593659039938975, 0.17621707723248239, 0.12723079011806104, 0.19429671388491665]],
	"estimated_matrix":	[[0.018938535319709581, 0.38377001715393638, 0.45303133870633738, 0.064750771961801, 0.0795093368582156], [0.159596117658309, 0.34514194661773456, 0.19411935509804634, 0.068059002382246533, 0.23308357824366358], [0.016305587165183533, 0.338467578679895, 0.43994486946923, 0.00697795477147191, 0.19830400991421948], [0.13043210732256827, 0.40083078513158238, 0.1468129018659981, 0.12706361164187591, 0.1948605940379754]],
	"log_likelihood":	[-157.68646274863883, -133.348901123874, -119.061318533837, -110.46770177135635, -105.15251116991837, -101.77115196943359, -99.5608584671331, -98.0784040936581, -97.0597035084757, -96.343510757442829, -95.8290538782339, -95.4519594275082, -95.170250468303763, -94.9560198089602, -94.790372721114252, -94.660293896300175, -94.5196597829148]
}
