{
	"input_file":	"../../instances/J100_M50_G4_I5_L50_seed20.json",
	"method":	"Multinomial",
	"convergence_threshold":	0.001,
	"iterations_made":	16,
	"max_iterations":	10000,
	"time_taken":	0.000467362,
	"ground_truth_matrix":	[[0.12464155160427713, 0.320365700211782, 0.31211881819805165, 0.23773827434383188, 0.0051356556420572141], [0.32050330871114646, 0.129607407316133, 0.19904243955549125, 0.29216240134150717, 0.058684443075721966], [0.048862291507300849, 0.19490249288206324, 0.23484758945089862, 0.29193992606900426, 0.22944770009073309], [0.017616287707698772, 0.05851918973115218, 0.65621546187173374, 0.1289428731063417, 0.13870618758307368]],
	"estimated_matrix":	[[0.12871003124971972, 0.31590672678280712, 0.303876637606815, 0.24154717087236904, 0.0099594334882893], [0.30131495158223859, 0.11116042342598785, 0.23076331506313827, 0.29816378051180065, 0.058597529416834639], [0.06376864294051017, 0.201359991420021, 0.18270304520844571, 0.302597820429414, 0.249570500001609], [0.010530817239492837, 0.068806915706399449, 0.64980853537367445, 0.12755106568821939, 0.14330266599221389]],
	"log_likelihood":	[-207.787739086546, -154.31625061050389, -125.0692998129816, -108.68753989165718, -99.195815192954541, -93.48584618414057, -89.9159128638342, -87.597169188777769, -86.0345345227449, -84.9439696842676, -84.1576083546009, -83.5733138561515, -83.127169252649622, -82.7780825128385, -82.4989479896821, -82.271443725061644, -82.016479036318358]
}
