{
	"input_file":	"../../instances/J100_M50_G4_I5_L50_seed4.json",
	"method":	"Multinomial",
	"convergence_threshold":	0.001,
	"iterations_made":	26,
	"max_iterations":	10000,
	"time_taken":	0.000761017,
	"ground_truth_matrix":	[[0.33270219763982, 0.077260685478113045, 0.351047145907638, 0.12233189286483045, 0.1166580781095984], [0.050165543415490517, 0.77088292625501365, 0.0012877732599235222, 0.0600985069713388, 0.11756525009823347], [0.18899528973896992, 0.027543337100804529, 0.24857010990663789, 0.512514609975885, 0.022376653277702586], [0.19813511195609393, 0.0019661561351834679, 0.1064443820984169, 0.0098375816856057, 0.6836167681247]],
	"estimated_matrix":	[[0.35400677535684316, 0.06507499635775596, 0.34496313886486013, 0.1219148727607051, 0.11404021665983569], [0.038655481815158779, 0.77349233299171, 0.020309066194275919, 0.061356955520548657, 0.10618616347830655], [0.191644696626221, 0.044633387003593955, 0.20722374221717851, 0.5145450919304958, 0.0419530822225108], [0.18686015343914775, 0.0095649810662260474, 0.099582855102573253, 0.011300754530581131, 0.69269125586147173]],
	"log_likelihood":	[-402.3489607183389, -246.86932429739392, -167.7151046705109, -125.61784227028176, -102.10683109941115, -88.337128482433229, -79.902485300625827, -74.515334196696642, -70.939783642152278, -68.4823282865286, -66.7395577067295, -65.4686671407719, -64.5187339451099, -63.793070468119055, -63.227969940514676, -62.780356339449511, -62.420406895148453, -62.127026777269926, -61.885002365704842, -61.683167274694377, -61.51319420160447, -61.368782440521912, -61.2451010161588, -61.1384003414677, -61.0457370859101, -60.964776422833538, -60.863936905941145]
}
