{
	"input_file":	"../../instances/J100_M50_G4_I5_L50_seed13.json",
	"method":	"Multinomial",
	"convergence_threshold":	0.001,
	"iterations_made":	21,
	"max_iterations":	10000,
	"time_taken":	0.000678602,
	"ground_truth_matrix":	[[0.14341670775059129, 0.0258659307785686, 0.16584060853400148, 0.321794336217292, 0.34308241671954659], [0.11305586418501984, 0.17575267345451986, 0.27958507014032441, 0.19203123202957184, 0.23957516019056416], [0.01246011878013732, 0.1238368048144796, 0.021064693941961567, 0.679632988071014, 0.16300539439240769], [0.4919351849660189, 0.1278863842528718, 0.18445794191947654, 0.00408478470734505, 0.1916357041542876]],
	"estimated_matrix":	[[0.14475143125105505, 0.029477236702895381, 0.197028701685639, 0.29829239464462037, 0.33045023571579019], [0.12614697807820527, 0.17125515110092629, 0.261844190090082, 0.218810947850785, 0.22194273288000141], [0.019477701379360467, 0.11151701347798489, 0.021014704355925444, 0.669924205075606, 0.17806637571112308], [0.47481484702564741, 0.12927514191181758, 0.18834227396275668, 0.016520978953706026, 0.19104675814607228]],
	"log_likelihood":	[-244.98140221123828, -173.959329112402, -136.35558741460687, -115.55084273762384, -103.48784154920648, -96.157814801700738, -91.496206903907733, -88.401164281359073, -86.2632460936487, -84.733141004443, -83.6034254881865, -82.746570568667252, -82.081482557039436, -81.554918114515061, -81.1308617203817, -80.78427849935845, -80.4973346808355, -80.2570464221722, -80.053777191309734, -79.880252442892, -79.7308977474526, -79.5451332611776]
}
