{
	"input_file":	"../../instances/J100_M50_G4_I5_L50_seed9.json",
	"method":	"Multinomial",
	"convergence_threshold":	0.001,
	"iterations_made":	16,
	"max_iterations":	10000,
	"time_taken":	0.000329963,
	"ground_truth_matrix":	[[0.0061742133612349686, 0.4126093070211917, 0.40540148941948045, 0.085063495583889731, 0.090751494614203052], [0.15553306732402988, 0.34192357446845528, 0.17983804603115919, 0.055375461920108081, 0.26732985025624767], [0.027870328380781784, 0.32205400604816126, 0.460581980701258, 0.0060366687454068944, 0.18345701612439208], [0.13631882836515025, 0.36593659039938975, 0.17621707723248239, 0.12723079011806104, 0.19429671388491665]],
	"estimated_matrix":	[[0.0189385353197096, 0.38377001715393644, 0.45303133870633738, 0.064750771961801, 0.0795093368582156], [0.159596117658309, 0.34514194661773462, 0.19411935509804629, 0.0680590023822465, 0.23308357824366358], [0.016305587165183533, 0.338467578679895, 0.43994486946923017, 0.0069779547714719087, 0.19830400991421943], [0.13043210732256827, 0.40083078513158238, 0.14681290186599816, 0.12706361164187593, 0.19486059403797537]],
	"log_likelihood":	[-157.68646274863883, -133.34890112387407, -119.06131853383718, -110.46770177135653, -105.15251116991823, -101.7711519694334, -99.560858467133, -98.078404093658, -97.059703508475835, -96.343510757442772, -95.829053878234262, -95.451959427508356, -95.170250468303564, -94.956019808960249, -94.7903727211139, -94.660293896299876, -94.519659782914374]
}
