{
	"input_file":	"../../instances/J100_M50_G4_I5_L50_seed17.json",
	"method":	"Multinomial",
	"convergence_threshold":	0.001,
	"iterations_made":	17,
	"max_iterations":	10000,
	"time_taken":	0.000322871,
	"ground_truth_matrix":	[[0.11895137105452967, 0.25770294108928515, 0.0724444925653346, 0.023960336247350313, 0.52694085904350019], [0.31206054417870038, 0.29648936342259824, 0.25041356224424272, 0.011641851525571994, 0.12939467862888676], [0.409075625543571, 0.0086961370341577856, 0.280225064237081, 0.294623242274094, 0.0073799309110963163], [0.280853921132189, 0.21325558588006421, 0.24187524063311674, 0.17560350139525388, 0.088411750959376076]],
	"estimated_matrix":	[[0.10900641483338849, 0.23355285029269351, 0.0826419582808182, 0.027157853302272387, 0.54764092329082736], [0.3119747492686113, 0.29589481890726682, 0.27256454049827278, 0.011025894338210567, 0.10853999698763869], [0.37079777883295584, 0.0212281238115005, 0.29302209940206814, 0.30701175070206266, 0.00794024725141278], [0.31023215695236916, 0.20483974218338516, 0.23667194646110948, 0.15907192523386537, 0.089184229169270768]],
	"log_likelihood":	[-276.20474801869813, -195.86028773114845, -154.60573651211084, -132.09113000049314, -119.03458079583189, -111.0347867260581, -105.88913998137976, -102.43554510964375, -100.03011106436681, -98.2997953197743, -97.01958965895, -96.048779444483756, -95.296473412380521, -94.702241839510052, -94.2248557328778, -93.835525948723557, -93.513724887728955, -93.1352012967387]
}
