{
	"input_file":	"../../instances/J100_M50_G2_I10_L50_seed1.json",
	"method":	"Hit and Run",
	"convergence_threshold":	0.001,
	"iterations_made":	7,
	"max_iterations":	10000,
	"time_taken":	3.629503,
	"ground_truth_matrix":	[[0.12436308318824252, 0.2936479442801595, 2.6361498408479558e-05, 0.0829722235922016, 0.036577837427075648, 0.0223288485003637, 0.047503287797740747, 0.0977139586640639, 0.11649176519617498, 0.17837468985556892], [0.078737587506692047, 0.16750337765308135, 0.033145413394336042, 0.3050005136808091, 0.0040242128188571836, 0.16086639690315654, 0.078266859223934074, 0.11854087140099424, 0.021921593367001047, 0.031993174051138537]],
	"estimated_matrix":	[[0.11720027968467635, 0.27925628254884444, 0.0016612655867077335, 0.0951453708205921, 0.038047655311897272, 0.0268450620537525, 0.058169831265338888, 0.10174785056234591, 0.11059254809946811, 0.17133385406637627], [0.07636705373456347, 0.18546868737501632, 0.029961374500423237, 0.29901772706440283, 0.00392504660113409, 0.1496531844441597, 0.0722414260104572, 0.12346952677862703, 0.016131883368747251, 0.043764090122468548]],
	"log_likelihood":	[-316.89569859185769, -275.69203517997164, -253.02127396545316, -241.06664336503582, -235.27192049651967, -232.93474037080932, -232.38508253468558, -232.61673421293131]
}
