{
	"input_file":	"../../instances/J100_M50_G2_I10_L50_seed18.json",
	"method":	"Hit and Run",
	"convergence_threshold":	0.001,
	"iterations_made":	8,
	"max_iterations":	10000,
	"time_taken":	3.737457,
	"ground_truth_matrix":	[[0.079612049573285548, 0.053341302769557571, 0.15974625935528347, 0.01520417981069265, 0.14485572387769835, 0.10506232004872461, 0.083098883069512963, 0.33440299380389882, 0.022500991524444326, 0.0021752961669017148], [0.11041562041843452, 0.20549084721159183, 0.14569309460047292, 0.0022990684700750739, 0.012939030064866993, 0.038644144714774474, 0.1269946163384455, 0.21625373472435236, 0.024212202145507448, 0.11705764131147908]],
	"estimated_matrix":	[[0.091280808344282871, 0.060200548870343068, 0.15559098878217278, 0.014415547255891307, 0.132001818635975, 0.108916313807569, 0.086542659300555755, 0.32624618172761188, 0.015632260225982419, 0.0091728730496161565], [0.111535395325302, 0.20031153992249878, 0.1472023002670152, 0.0067783429806885327, 0.024712349788947392, 0.0450325792047488, 0.12548849736989981, 0.21006087002302451, 0.0287782565710937, 0.10009986854678161]],
	"log_likelihood":	[-310.09333596761485, -282.53100867134043, -267.9291306863052, -260.15415449917731, -256.13232873517143, -254.2440074112896, -253.55593773956116, -253.52164527695115, -253.82962402035983]
}
