{
	"input_file":	"../../instances/J100_M50_G2_I10_L50_seed4.json",
	"method":	"Hit and Run",
	"convergence_threshold":	0.001,
	"iterations_made":	8,
	"max_iterations":	10000,
	"time_taken":	3.679446,
	"ground_truth_matrix":	[[0.22583551318107506, 0.052443917345447011, 0.23828791306220862, 0.0830378819242122, 0.079186543171321358, 0.016113585473482447, 0.24761394129387149, 0.00041364337115573342, 0.019304135128980132, 0.037762926048245667], [0.12006391970874336, 0.017497584298260781, 0.15791029373823773, 0.32558754806371482, 0.014215320954268749, 0.072264894734091964, 0.00071710695160031874, 0.038822962732027649, 0.0035880152585265278, 0.249332353560528]],
	"estimated_matrix":	[[0.24510440645642917, 0.04962468597782646, 0.228208577176917, 0.090328808794839177, 0.077084472475288254, 0.019950008993877534, 0.23062774650350965, 0.001330279235433844, 0.02186236170331227, 0.03587865268256657], [0.11238942155565011, 0.013946771690743888, 0.15893600476515349, 0.30544328278435245, 0.019269275367025187, 0.0800981094865166, 0.013598630203450344, 0.039900577002780047, 0.0073260092146968528, 0.24909191792963109]],
	"log_likelihood":	[-380.69136123428285, -320.90454069458832, -287.96161667505476, -269.50599355009484, -259.20241149718976, -253.96890769387019, -251.8613347815396, -251.53856185204253, -252.27154049192953]
}
