{
	"input_file":	"../../instances/J100_M50_G2_I10_L50_seed17.json",
	"method":	"Hit and Run",
	"convergence_threshold":	0.001,
	"iterations_made":	6,
	"max_iterations":	10000,
	"time_taken":	3.271482,
	"ground_truth_matrix":	[[0.054910088458876, 0.1189603042476769, 0.033441678392234289, 0.011060521380987629, 0.24324536090811941, 0.16800779444181613, 0.15962455027817882, 0.13481816614048331, 0.006267763850691715, 0.069663771900935742], [0.26764821479172474, 0.0056896705827529951, 0.18334443193306962, 0.19276480901552057, 0.0048285089853900686, 0.0970980434545545, 0.0737276519453078, 0.083622163902498159, 0.060710408957484467, 0.03056609643169713]],
	"estimated_matrix":	[[0.069279845432577744, 0.10652979359987302, 0.033931039866795881, 0.024524655287242254, 0.20340740344015437, 0.186226237313175, 0.17277280865812239, 0.12727942222523772, 0.0058963990616098657, 0.070152395115211458], [0.25606958636016419, 0.0093924965624970439, 0.17778404253533892, 0.17119267913183339, 0.040061920173232, 0.0985035845646261, 0.075549412625051049, 0.0866881047207587, 0.059746681164072127, 0.025011492162426322]],
	"log_likelihood":	[-379.46530667366449, -317.39349310673339, -283.303319153343, -264.285770210365, -254.27296316846864, -250.31026200081675, -250.84583084146581]
}
