{
	"input_file":	"../../instances/J100_M50_G2_I10_L50_seed8.json",
	"method":	"Hit and Run",
	"convergence_threshold":	0.001,
	"iterations_made":	8,
	"max_iterations":	10000,
	"time_taken":	3.632457,
	"ground_truth_matrix":	[[0.18686245439528151, 0.31271523785328015, 0.1838871500988386, 0.068422334178453253, 0.023949501846988717, 0.0010364237832000416, 0.050892580529086434, 0.0465360241937968, 0.066859429077963328, 0.058838864043111186], [0.077693951352584556, 0.0751473499456211, 0.13716371065268357, 0.11945249334395132, 0.092673767042944846, 0.053230454927533574, 0.032706785389616029, 0.34932904412825921, 0.038931832512760181, 0.023670610704045591]],
	"estimated_matrix":	[[0.17763208239430126, 0.30518439290925953, 0.20149555532246674, 0.0711670789467419, 0.026089059968013251, 0.0037130700987321259, 0.054492084010727485, 0.045108325613443717, 0.062995602307877846, 0.05212274842843586], [0.0898977301238823, 0.0774334063014541, 0.14165657349206889, 0.13448357424950022, 0.090762678927154047, 0.043518774464760719, 0.022682468296701289, 0.33952720949366033, 0.035382307055920555, 0.024655277594897274]],
	"log_likelihood":	[-338.28973505073611, -291.75700653884752, -266.89628601298784, -253.29342814652108, -245.755079163296, -241.76715392446232, -239.9331696505208, -239.35248288377477, -239.44952098161517]
}
