{
	"input_file":	"../../instances/J100_M50_G2_I10_L50_seed5.json",
	"method":	"Hit and Run",
	"convergence_threshold":	0.001,
	"iterations_made":	9,
	"max_iterations":	10000,
	"time_taken":	3.764165,
	"ground_truth_matrix":	[[0.026715474938408819, 0.21773719390232371, 0.024646306624725028, 0.26697533847630672, 0.071331461147205, 0.10069016905056917, 0.15453730446846922, 0.0777644459444631, 0.037474746424589631, 0.022127559022939464], [0.011432530344489289, 0.1821179371482772, 0.079056145214111834, 0.02340391124384544, 0.28785667046947466, 0.043499462919321719, 0.072629835700401, 0.047677443735614625, 0.13457350322664272, 0.11775255999782144]],
	"estimated_matrix":	[[0.027048442608800509, 0.218939837595968, 0.02155810664083636, 0.26380880506074744, 0.069017195339973358, 0.10134911619522155, 0.15750070756868062, 0.065326504346724074, 0.047338456251532, 0.028112828391516208], [0.0061348264983111045, 0.17262310902117214, 0.078487436823309623, 0.023198706860692506, 0.29396276111264469, 0.051010613002224113, 0.074432838135773047, 0.0630716918032411, 0.12952729481932226, 0.10755072192330922]],
	"log_likelihood":	[-334.12956153272165, -283.3777218619158, -256.96272151260087, -242.85638853925488, -235.48380111460989, -231.79443376893153, -230.10037202732371, -229.45551732390271, -229.34173619609493, -229.48574463883935]
}
