{
	"input_file":	"../../instances/J100_M50_G2_I10_L50_seed10.json",
	"method":	"Hit and Run",
	"convergence_threshold":	0.001,
	"iterations_made":	7,
	"max_iterations":	10000,
	"time_taken":	3.406463,
	"ground_truth_matrix":	[[0.21843127705125, 0.00310455594308142, 0.14866145756024521, 0.20452786828098479, 0.10217584773651123, 0.037696783123583662, 0.032677328835812119, 0.21160574168951965, 0.027426722860244761, 0.013692416918767124], [0.089337698565748663, 0.23688004378999766, 0.000305646789730184, 0.055459840205091121, 0.12938125590902735, 0.0732507112687405, 0.0988351780171504, 0.026665214833852879, 0.19301748277755362, 0.0968669278431076]],
	"estimated_matrix":	[[0.21817343230675273, 0.031668770116593241, 0.14309383131240117, 0.18690104562381993, 0.087876616661421353, 0.048908187549593383, 0.0393470009318997, 0.19000272185209566, 0.0404297730550738, 0.013598620590348897], [0.10613693849820029, 0.22008196043566214, 0.015203856707915221, 0.055794068794716857, 0.13736297242318818, 0.064704449459934879, 0.099901442621452, 0.047483262580487032, 0.16046625613138729, 0.092864792347056524]],
	"log_likelihood":	[-372.16166854471288, -319.85020479639246, -288.90150927526633, -270.31467988472667, -259.86524352650127, -254.76577191701574, -252.93238996371136, -252.98884527734535]
}
