{
	"input_file":	"../../instances/J100_M50_G2_I10_L50_seed19.json",
	"method":	"Hit and Run",
	"convergence_threshold":	0.001,
	"iterations_made":	9,
	"max_iterations":	10000,
	"time_taken":	3.90451,
	"ground_truth_matrix":	[[0.00997967157152297, 0.13928787470867682, 0.027579478928395351, 0.014455766703033052, 0.039154695612610146, 0.00842603508963501, 0.10839645532130762, 0.15977019010638813, 0.394764314683101, 0.098185517275330023], [0.044314691186619112, 0.14507784297469581, 0.14368244984263659, 0.048582056046547389, 0.021994251157037275, 0.12615259812409607, 0.030059954829732515, 0.13859323982483718, 0.089158544885675553, 0.2123843711281225]],
	"estimated_matrix":	[[0.016120910108492984, 0.13542298894438656, 0.039316193620590557, 0.012922066045629744, 0.034134054868702628, 0.01529698859947912, 0.10466229120807208, 0.16230954610409096, 0.38951403180471555, 0.090300928695839569], [0.034293628065872925, 0.145384980648977, 0.13516048180996088, 0.053510404625233952, 0.027460606372500428, 0.11638388091437286, 0.035282204722739567, 0.14447618720879277, 0.098252959337310528, 0.20979466629423907]],
	"log_likelihood":	[-311.20295375833763, -274.68662428440666, -254.97212060643812, -244.00765329596945, -238.13273938633543, -235.30806578969788, -234.09755495940871, -233.66761732373277, -233.59863257996821, -233.68691493287511]
}
