{
	"input_file":	"../../instances/J100_M50_G2_I10_L50_seed2.json",
	"method":	"Hit and Run",
	"convergence_threshold":	0.001,
	"iterations_made":	8,
	"max_iterations":	10000,
	"time_taken":	3.59559,
	"ground_truth_matrix":	[[0.11991661550111644, 0.0055003363088887832, 0.16704342406662817, 0.11966709003802448, 0.11419385771146613, 0.083961110968791053, 0.047944554745746416, 0.2022021665049108, 0.074581293038413141, 0.0649895511160146], [0.10911846334865041, 0.0846798451193815, 0.016250220290096911, 0.0810237270119616, 0.022921616895543978, 0.17298877101751881, 0.21630711039323489, 0.0766399545108728, 0.21073926823981, 0.0093310231729288751]],
	"estimated_matrix":	[[0.12274839258465335, 0.014503270247385038, 0.16126128846802229, 0.12159368769416254, 0.10801136154496017, 0.083685675125140871, 0.062617003477167546, 0.17741537852227865, 0.082795331773481751, 0.065368610562747939], [0.11004144185476269, 0.0731436420500571, 0.02783196807566387, 0.0871787803799861, 0.029525850045840556, 0.18559585301717285, 0.20069345768619978, 0.073301330239094839, 0.19889755000110043, 0.013790126650121977]],
	"log_likelihood":	[-312.55859265134711, -275.52839001363338, -255.31901922211787, -244.22607146128385, -238.29124171762535, -235.49698452290613, -234.53042108862769, -234.48534665082943, -234.82193567655807]
}
