{
	"input_file":	"../../instances/J100_M50_G2_I2_L50_seed17.json",
	"method":	"Hit and Run",
	"convergence_threshold":	0.001,
	"iterations_made":	12,
	"max_iterations":	10000,
	"time_taken":	2.978894,
	"ground_truth_matrix":	[[0.315810458607232, 0.684189541392768], [0.751461243773324, 0.24853875622667579]],
	"estimated_matrix":	[[0.29757653845780291, 0.70242346154219659], [0.755189551952992, 0.24481044804700586]],
	"log_likelihood":	[-96.7112145061007, -64.5491104338932, -46.42046430234258, -35.901342049804242, -29.727488104661887, -26.12925055060229, -24.077226591034449, -22.946289670850728, -22.35295874500784, -22.06451666156552, -21.942704189191655, -21.90752732939719, -21.914101700905427]
}
