{
	"input_file":	"../../instances/J100_M50_G2_I2_L50_seed13.json",
	"method":	"Hit and Run",
	"convergence_threshold":	0.001,
	"iterations_made":	13,
	"max_iterations":	10000,
	"time_taken":	2.794949,
	"ground_truth_matrix":	[[0.84720269601591158, 0.15279730398408845], [0.34009172295595952, 0.65990827704404054]],
	"estimated_matrix":	[[0.84098119940477079, 0.15901880059522949], [0.33341274583237085, 0.66658725416762743]],
	"log_likelihood":	[-118.50915989270908, -78.764812871631648, -56.002174223547343, -42.581750227323333, -34.609536315628254, -29.90846728540431, -27.192255937924664, -25.672429636584059, -24.85984638345791, -24.453984528538271, -24.274084134958063, -24.214208192808734, -24.21403768572549, -24.240356777243306]
}
