{
	"input_file":	"../../instances/J100_M50_G2_I2_L50_seed9.json",
	"method":	"Hit and Run",
	"convergence_threshold":	0.001,
	"iterations_made":	15,
	"max_iterations":	10000,
	"time_taken":	3.265965,
	"ground_truth_matrix":	[[0.014743209941968996, 0.985256790058031], [0.82656560980942351, 0.17343439019057644]],
	"estimated_matrix":	[[0.032619636984271151, 0.96738036301572727], [0.80920162860902622, 0.19079837139097125]],
	"log_likelihood":	[-252.98515415145479, -167.61182923824407, -117.00664812314908, -84.1922427134593, -61.987229377339311, -46.83388490228954, -36.538016047065277, -29.618963126362289, -25.0522858022682, -22.117224190235564, -20.298399778479638, -19.226574459665, -18.641455886122245, -18.36423177158586, -18.2753185707638, -18.296655066747878]
}
