{
	"input_file":	"../../instances/J100_M50_G2_I2_L50_seed19.json",
	"method":	"Hit and Run",
	"convergence_threshold":	0.001,
	"iterations_made":	15,
	"max_iterations":	10000,
	"time_taken":	2.781287,
	"ground_truth_matrix":	[[0.0668576111835421, 0.933142388816458], [0.65610367000627345, 0.34389632999372649]],
	"estimated_matrix":	[[0.0488926724553534, 0.95110732754464655], [0.66760229524287329, 0.33239770475712388]],
	"log_likelihood":	[-185.99637968909244, -122.46106249813741, -85.8693510478427, -63.617019418019126, -49.865412523969724, -41.345898203690176, -36.07463543403297, -32.828824961060889, -30.851536694562533, -29.670116392274675, -28.9867606387103, -28.612763275673476, -28.428343852821882, -28.357626225276988, -28.3528166168292, -28.384099335553824]
}
