{
	"input_file":	"../../instances/J100_M50_G2_I2_L50_seed10.json",
	"method":	"Hit and Run",
	"convergence_threshold":	0.001,
	"iterations_made":	19,
	"max_iterations":	10000,
	"time_taken":	2.868182211,
	"ground_truth_matrix":	[[0.98598621315062451, 0.014013786849375551], [0.42091152445267649, 0.57908847554732346]],
	"estimated_matrix":	[[0.98111756550388629, 0.018882434496114358], [0.44285182190123318, 0.55714817809876949]],
	"log_likelihood":	[-161.63380092352071, -107.42789264557797, -76.337301133510564, -57.551934122327573, -45.985603976754078, -38.7855472058552, -34.224539996972666, -31.271044135489372, -29.31883975956595, -28.008218982430154, -27.119984372648776, -26.516274562146322, -26.107763287702465, -25.835075760454384, -25.657904760028639, -25.5484109970023, -25.4870920713754, -25.4601248247679, -25.457615715863454, -25.409994006067659]
}
