{
	"input_file":	"../../instances/J100_M50_G2_I2_L50_seed6.json",
	"method":	"Hit and Run",
	"convergence_threshold":	0.001,
	"iterations_made":	10,
	"max_iterations":	10000,
	"time_taken":	2.998082955,
	"ground_truth_matrix":	[[0.84701246603789282, 0.15298753396210726], [0.97585881292457777, 0.024141187075422219]],
	"estimated_matrix":	[[0.835419918952462, 0.16458008104753766], [0.98189726292271018, 0.018102737077285908]],
	"log_likelihood":	[-56.633466122727356, -44.2044851423417, -37.5825306743501, -33.921616088686633, -31.823048881530234, -30.582028602118932, -29.829445236142707, -29.364333899834083, -29.073239916053154, -28.88998616105172, -28.706908285429659]
}
