{
	"input_file":	"../../instances/J100_M50_G2_I2_L50_seed1.json",
	"method":	"Hit and Run",
	"convergence_threshold":	0.001,
	"iterations_made":	13,
	"max_iterations":	10000,
	"time_taken":	2.762385558,
	"ground_truth_matrix":	[[0.297511488970571, 0.702488511029429], [0.00031761382895504226, 0.99968238617104477]],
	"estimated_matrix":	[[0.28889602522196112, 0.71110397477803744], [0.0084796416711979735, 0.991520358328798]],
	"log_likelihood":	[-96.8535913571979, -66.538772629928232, -50.269251339299977, -41.163928484538928, -35.846624989024654, -32.6161685554135, -30.584010478057053, -29.267069667271883, -28.392197009813945, -27.799173559028471, -27.390805065600052, -27.106310934707441, -26.90663700089879, -26.645658244813209]
}
