{
	"input_file":	"../../instances/J100_M50_G2_I2_L50_seed7.json",
	"method":	"Hit and Run",
	"convergence_threshold":	0.001,
	"iterations_made":	13,
	"max_iterations":	10000,
	"time_taken":	3.368280839,
	"ground_truth_matrix":	[[0.049824327768858021, 0.950175672231142], [0.30980548916967027, 0.69019451083032979]],
	"estimated_matrix":	[[0.0508819693035827, 0.9491180306964222], [0.30572190264308985, 0.69427809735691248]],
	"log_likelihood":	[-62.232845549723621, -45.0591411221275, -35.307381207985443, -29.675920564233884, -26.370035936944067, -24.400993649933863, -23.215632191099381, -22.49832246770173, -22.065010394007562, -21.806076588209915, -21.654998584518921, -21.570776721001561, -21.52783868218182, -21.47917670578121]
}
