{
	"input_file":	"../../instances/J100_M50_G2_I2_L50_seed3.json",
	"method":	"Hit and Run",
	"convergence_threshold":	0.001,
	"iterations_made":	7,
	"max_iterations":	10000,
	"time_taken":	2.733089803,
	"ground_truth_matrix":	[[0.39388041818446978, 0.60611958181553], [0.32467278858124587, 0.675327211418754]],
	"estimated_matrix":	[[0.40126494621649189, 0.59873505378350667], [0.326275061876035, 0.6737249381239645]],
	"log_likelihood":	[-30.748696950580786, -29.590740083243666, -28.997703584804814, -28.696511206201809, -28.545361102115812, -28.470800349621545, -28.434956310913417, -28.411395413501641]
}
