{
	"input_file":	"../../instances/J100_M50_G2_I2_L50_seed20.json",
	"method":	"Hit and Run",
	"convergence_threshold":	0.001,
	"iterations_made":	12,
	"max_iterations":	10000,
	"time_taken":	2.838803012,
	"ground_truth_matrix":	[[0.28008881000392533, 0.71991118999607473], [0.56763625027584241, 0.43236374972415759]],
	"estimated_matrix":	[[0.29265549782208944, 0.70734450217791034], [0.541143292413582, 0.458856707586416]],
	"log_likelihood":	[-48.575729893335549, -38.606078845578615, -33.035674030024538, -29.890997032400527, -28.114723238240888, -27.1183158147081, -26.56638835142417, -26.266146696722064, -26.106897733770527, -26.025510058772149, -25.986325436300177, -25.969441442352679, -25.957071057204114]
}
