{
	"input_file":	"../../instances/J100_M50_G2_I2_L50_seed14.json",
	"method":	"Hit and Run",
	"convergence_threshold":	0.001,
	"iterations_made":	18,
	"max_iterations":	10000,
	"time_taken":	2.845281,
	"ground_truth_matrix":	[[0.32718470976908715, 0.6728152902309128], [0.99606184581514945, 0.0039381541848506141]],
	"estimated_matrix":	[[0.340769415375321, 0.65923058462468], [0.97493791942792063, 0.025062080572079159]],
	"log_likelihood":	[-201.27357163473235, -137.51114208762428, -99.9428597661456, -76.438950619251, -61.334643304240885, -51.511148660154944, -45.0950426651846, -40.896198880919528, -38.142186991829071, -36.331369528952351, -35.139070264374936, -34.355133765866725, -33.842985755868966, -33.513254085430148, -33.306928436559389, -33.1846441859813, -33.119856110011348, -33.094469920914072, -33.096025648226835]
}
