{
	"input_file":	"../../instances/J100_M50_G2_I3_L50_seed18.json",
	"method":	"Hit and Run",
	"convergence_threshold":	0.001,
	"iterations_made":	14,
	"max_iterations":	10000,
	"time_taken":	2.584008993,
	"ground_truth_matrix":	[[0.2719923306744691, 0.18223906229356635, 0.54576860703196461], [0.0573478133834925, 0.54637337389464335, 0.39627881272186422]],
	"estimated_matrix":	[[0.27402261430764913, 0.17876575953978208, 0.5472116261525688], [0.059806012410833317, 0.560739819708352, 0.37945416788081388]],
	"log_likelihood":	[-111.424976276574, -83.026197076133968, -67.0159942411123, -57.8232264807551, -52.515998884349074, -49.453382213057623, -47.693374336311045, -46.690607813110745, -46.127941968488912, -45.820241340110734, -45.659164052338632, -45.581306009045413, -45.5496734527063, -45.5428256030303, -45.534720755958361]
}
