{
	"input_file":	"../../instances/J100_M50_G2_I3_L50_seed16.json",
	"method":	"Hit and Run",
	"convergence_threshold":	0.001,
	"iterations_made":	11,
	"max_iterations":	10000,
	"time_taken":	2.539514356,
	"ground_truth_matrix":	[[0.14090457732224396, 0.41296232609275713, 0.44613309658499889], [0.062522697791787138, 0.599349633264765, 0.3381276689434477]],
	"estimated_matrix":	[[0.14365337033513859, 0.39094852604011665, 0.4653981036247436], [0.072689858855677678, 0.59881776935453424, 0.32849237178978774]],
	"log_likelihood":	[-69.29691363588465, -61.929666862682751, -57.91053202802145, -55.706668951006421, -54.504074035672751, -53.856024117970669, -53.5137045927591, -53.3381916961114, -53.252291784949669, -53.21350434063865, -53.198722190826125, -53.188398495264721]
}
