{
	"input_file":	"../../instances/J100_M50_G2_I3_L50_seed5.json",
	"method":	"Hit and Run",
	"convergence_threshold":	0.001,
	"iterations_made":	13,
	"max_iterations":	10000,
	"time_taken":	2.5953790000000008,
	"ground_truth_matrix":	[[0.099277505208629477, 0.80913423592827161, 0.0915882588630989], [0.608148478297384, 0.16248736605778868, 0.22936415564482709]],
	"estimated_matrix":	[[0.10369850997013173, 0.82146225161478936, 0.07483923841507803], [0.59389364613880347, 0.16881563108878922, 0.2372907227724079]],
	"log_likelihood":	[-202.88414230077134, -133.51745615367065, -93.911343696151476, -70.174825823515476, -56.110642892795, -48.085711275362051, -43.688993735136364, -41.367653793167726, -40.189588370553345, -39.622822325103272, -39.372925390055144, -39.280870745905361, -39.262967601819867, -39.276548613354869]
}
