{
	"input_file":	"../../instances/J100_M50_G2_I3_L50_seed15.json",
	"method":	"Hit and Run",
	"convergence_threshold":	0.001,
	"iterations_made":	14,
	"max_iterations":	10000,
	"time_taken":	2.892949,
	"ground_truth_matrix":	[[0.88190002979169, 0.0920076920293921, 0.026092278178917974], [0.294060845578166, 0.21111905408272336, 0.49482010033911067]],
	"estimated_matrix":	[[0.88361316572463133, 0.088443005946379952, 0.0279438283289889], [0.2927141150348172, 0.21365716538116786, 0.493628719584015]],
	"log_likelihood":	[-189.29695811922531, -130.24114477566087, -96.9650414569221, -77.1113780066827, -65.031644515151044, -57.56716989419926, -52.906166709025669, -50.004535113692832, -48.2318487846997, -47.186489942852717, -46.60435027634982, -46.31075312734017, -46.1915776653877, -46.173839927087322, -46.212013117652951]
}
