{
	"input_file":	"../../instances/J100_M50_G2_I3_L50_seed6.json",
	"method":	"Hit and Run",
	"convergence_threshold":	0.001,
	"iterations_made":	14,
	"max_iterations":	10000,
	"time_taken":	2.5922250000000009,
	"ground_truth_matrix":	[[0.51245014925241528, 0.092558832078787248, 0.39499101866879749], [0.040161431888498515, 0.10740706609794944, 0.852431502013552]],
	"estimated_matrix":	[[0.50575034550080722, 0.088703608920817259, 0.40554604557837487], [0.04307951783706155, 0.10210711388315256, 0.85481336827978627]],
	"log_likelihood":	[-158.82744818301748, -115.57068821626086, -90.8830874977204, -76.62774611487535, -68.222857893141168, -63.16304454288332, -60.081073086496822, -58.203224082608543, -57.072646688378683, -56.41017510468388, -56.041249277833749, -55.855262942768121, -55.781703907340535, -55.77557208433484, -55.808232635610217]
}
