{
	"input_file":	"../../instances/J100_M50_G2_I3_L50_seed4.json",
	"method":	"Hit and Run",
	"convergence_threshold":	0.001,
	"iterations_made":	13,
	"max_iterations":	10000,
	"time_taken":	2.607665893,
	"ground_truth_matrix":	[[0.43718503692497424, 0.10152387292062479, 0.461291090154401], [0.46562077068857344, 0.4440250450179633, 0.0903541842934631]],
	"estimated_matrix":	[[0.42184725347372415, 0.104879247253215, 0.473273499273062], [0.48580391185298016, 0.41857170671435423, 0.095624381432666258]],
	"log_likelihood":	[-137.16189591690429, -100.82452136925745, -80.54873991690917, -68.9459086885442, -62.300521075842035, -58.506081733191024, -56.347679199867855, -55.1293255635923, -54.452145939979857, -54.08615724132288, -53.8979558152404, -53.8099349659147, -53.7770118401286, -53.747943280956633]
}
