{
	"input_file":	"../../instances/J100_M50_G2_I3_L50_seed3.json",
	"method":	"Hit and Run",
	"convergence_threshold":	0.001,
	"iterations_made":	11,
	"max_iterations":	10000,
	"time_taken":	2.554508803,
	"ground_truth_matrix":	[[0.33688219083814136, 0.518408337162583, 0.1447094719992755], [0.13709494665374614, 0.42840825980005576, 0.43449679354619813]],
	"estimated_matrix":	[[0.33194329022279345, 0.5254580114712194, 0.14259869830598809], [0.13589987504506479, 0.42446119107246227, 0.43963893388247355]],
	"log_likelihood":	[-98.5239676468173, -77.243448957345322, -66.044054707114157, -60.101750727577276, -56.963546682636675, -55.32904568511303, -54.496992514487964, -54.08849536217398, -53.899854547176972, -53.822518189463821, -53.799362014702162, -53.784360882742078]
}
