{
	"input_file":	"../../instances/J100_M50_G2_I3_L50_seed8.json",
	"method":	"Hit and Run",
	"convergence_threshold":	0.001,
	"iterations_made":	13,
	"max_iterations":	10000,
	"time_taken":	2.645968018,
	"ground_truth_matrix":	[[0.27340463300715134, 0.457544000038453, 0.26905136695439574], [0.73250839185554451, 0.25639597500319711, 0.011095633141258382]],
	"estimated_matrix":	[[0.2746565926995419, 0.48707251099260451, 0.23827089630785406], [0.73651289234017, 0.24353265712430119, 0.019954450535528207]],
	"log_likelihood":	[-147.16559749420671, -107.43121203025585, -85.5492140001942, -73.137354744944872, -65.9357567665472, -61.725768335135747, -59.272574096868517, -57.8513230097971, -57.030555380353647, -56.5559857358083, -56.280114207287, -56.1184745376058, -56.023019473163835, -55.919471229251222]
}
