{
	"input_file":	"../../instances/J100_M50_G2_I3_L50_seed10.json",
	"method":	"Hit and Run",
	"convergence_threshold":	0.001,
	"iterations_made":	14,
	"max_iterations":	10000,
	"time_taken":	2.714513413,
	"ground_truth_matrix":	[[0.590040182963056, 0.00838622005696103, 0.401573596979983], [0.59386635266519261, 0.296677408979759, 0.10945623835504842]],
	"estimated_matrix":	[[0.57717546363465255, 0.0245742203505125, 0.39825031601483513], [0.62486268614335461, 0.271223098752209, 0.10391421510443657]],
	"log_likelihood":	[-113.23156179195541, -83.9636909957202, -67.118967780909131, -57.109362269386651, -51.015031746355355, -47.2294294847718, -44.83881614508433, -43.308344928124846, -42.317389320890385, -41.669871933482327, -41.243800571884336, -40.9621171264497, -40.775491965455245, -40.6519733683009, -40.508730464139944]
}
