{
	"input_file":	"../../instances/J100_M50_G2_I3_L50_seed2.json",
	"method":	"Hit and Run",
	"convergence_threshold":	0.001,
	"iterations_made":	14,
	"max_iterations":	10000,
	"time_taken":	2.597828885,
	"ground_truth_matrix":	[[0.41002688019419109, 0.0188071163226876, 0.57116600348312141], [0.37652229212981631, 0.359301233438576, 0.26417647443160769]],
	"estimated_matrix":	[[0.4214521369665708, 0.030760724778857357, 0.54778713825457248], [0.37971447290217819, 0.356299706406445, 0.26398582069137738]],
	"log_likelihood":	[-116.30660535979732, -85.4347833718832, -68.1252813700354, -58.074813807064544, -52.0974394920772, -48.4731194882371, -46.236700288509184, -44.834571771063239, -43.9433916701815, -43.370743209589783, -42.999920652572278, -42.7588264164461, -42.602149902004, -42.50096329890318, -42.3895925781079]
}
