{
	"input_file":	"../../instances/J100_M50_G2_I3_L50_seed20.json",
	"method":	"Hit and Run",
	"convergence_threshold":	0.001,
	"iterations_made":	15,
	"max_iterations":	10000,
	"time_taken":	2.642651536,
	"ground_truth_matrix":	[[0.16462456721633445, 0.42313389130268786, 0.41224154148097764], [0.582351120333567, 0.012580030813523983, 0.405068848852909]],
	"estimated_matrix":	[[0.18058847033598879, 0.38757593705237, 0.43183559261164117], [0.5469045825537856, 0.0413470798618774, 0.41174833758433765]],
	"log_likelihood":	[-130.22448094151392, -96.8974212202969, -77.011586016714674, -64.537526468136051, -56.606282093975487, -51.60553173942322, -48.486848688227667, -46.5494516874782, -45.341211354118236, -44.581006070416755, -44.097415730609526, -43.786350139232056, -43.584270509778236, -43.451987073989145, -43.36501233278274, -43.271937962888344]
}
