{
	"input_file":	"../../instances/J100_M50_G2_I4_L50_seed4.json",
	"method":	"Hit and Run",
	"convergence_threshold":	0.001,
	"iterations_made":	12,
	"max_iterations":	10000,
	"time_taken":	2.770921736,
	"ground_truth_matrix":	[[0.37664033529374275, 0.0874640765523398, 0.39740799933549775, 0.1384875888184196], [0.23064419241874784, 0.046933541478898853, 0.72121745986295, 0.0012048062394032465]],
	"estimated_matrix":	[[0.36422049115538274, 0.0832475799211652, 0.41218026392593438, 0.14035166499751731], [0.25208980429512884, 0.04912512211258796, 0.69204362676433651, 0.0067414468279469956]],
	"log_likelihood":	[-109.21650613350776, -89.5548743166857, -79.1456288554819, -73.408420607799172, -70.162311331691939, -68.291886553996051, -67.19770292417, -66.5482533430774, -66.157053156268077, -65.9179398924485, -65.76982776198, -65.6771571334288, -65.5477460335119]
}
