{
	"input_file":	"../../instances/J100_M50_G2_I4_L50_seed10.json",
	"method":	"Hit and Run",
	"convergence_threshold":	0.001,
	"iterations_made":	11,
	"max_iterations":	10000,
	"time_taken":	2.651488954,
	"ground_truth_matrix":	[[0.380062145693794, 0.0054018097091338329, 0.25866530336247168, 0.35587074123460055], [0.26597509126643765, 0.0981289174874491, 0.0850627199283102, 0.550833271317803]],
	"estimated_matrix":	[[0.40519246696477113, 0.0055523352279701448, 0.2428082461742308, 0.3464469516330283], [0.27110025926907261, 0.1017246025859163, 0.089068762238620924, 0.53810637590639065]],
	"log_likelihood":	[-111.21059153379863, -91.955328542035147, -80.896411171133664, -74.6314149480157, -71.0857272626171, -69.0517654204796, -67.859503152656544, -67.142753215607257, -66.6999559704021, -66.4183381540086, -66.233611257919662, -66.046977149756]
}
