{
	"input_file":	"../../instances/J100_M50_G2_I4_L50_seed9.json",
	"method":	"Hit and Run",
	"convergence_threshold":	0.001,
	"iterations_made":	11,
	"max_iterations":	10000,
	"time_taken":	2.591829361,
	"ground_truth_matrix":	[[0.0067904575313161844, 0.453791570266173, 0.445864345135731, 0.093553627066779749], [0.12490196468201752, 0.20095636964109462, 0.44178206861140756, 0.23235959706548037]],
	"estimated_matrix":	[[0.0090580049190600743, 0.44803472543720935, 0.45301489904263259, 0.089892370601098], [0.11702837137410393, 0.21377786907770283, 0.44257675043848388, 0.22661700910970872]],
	"log_likelihood":	[-122.23962753674351, -101.969710332702, -91.003419107597821, -84.910905907788532, -81.496807207653262, -79.5819407381772, -78.51052382265614, -77.9136274171607, -77.5831832859995, -77.401992759840766, -77.304213003888066, -77.1971320171428]
}
