{
	"input_file":	"../../instances/J100_M50_G2_I4_L50_seed1.json",
	"method":	"Hit and Run",
	"convergence_threshold":	0.001,
	"iterations_made":	14,
	"max_iterations":	10000,
	"time_taken":	2.674490391,
	"ground_truth_matrix":	[[0.24822494433396575, 0.58611239568895857, 5.2616751750196278e-05, 0.16561004322532558], [0.179194262029625, 0.10938868480049078, 0.23271787507579811, 0.478699178094086]],
	"estimated_matrix":	[[0.2321816930310463, 0.58411015556061052, 0.010274791531359713, 0.17343335987698369], [0.18377958528275518, 0.12312105315746728, 0.21629002065193684, 0.476809340907841]],
	"log_likelihood":	[-184.08942373081535, -133.25346988799467, -104.70805942770043, -87.811865711829526, -77.691190532498439, -71.7048892044197, -68.225120689878338, -66.228752611776173, -65.0926456436053, -64.4485037544856, -64.082617953211525, -63.872422353376969, -63.748330172848661, -63.671276163551042, -63.558234413141768]
}
