{
	"input_file":	"../../instances/J100_M50_G2_I4_L50_seed15.json",
	"method":	"Hit and Run",
	"convergence_threshold":	0.001,
	"iterations_made":	13,
	"max_iterations":	10000,
	"time_taken":	2.632396,
	"ground_truth_matrix":	[[0.729175806164576, 0.076074136231428655, 0.021573712816720172, 0.17317634478727548], [0.178428232666503, 0.41819946747570369, 0.20226194250932708, 0.2011103573484663]],
	"estimated_matrix":	[[0.7066783202003516, 0.0681006367982017, 0.040180204645079133, 0.18504083835636739], [0.18770650234536421, 0.44099768083702917, 0.185135759799044, 0.18616005701856225]],
	"log_likelihood":	[-198.4642291331904, -143.1546336037915, -112.96231255498815, -95.623157810276822, -85.3869758635255, -79.3216054893682, -75.7884134526236, -73.791962940427368, -72.7066311375633, -72.1446847328009, -71.8735411642282, -71.7582782246781, -71.7229441262372, -71.725981827916]
}
