{
	"input_file":	"../../instances/J100_M50_G2_I4_L50_seed14.json",
	"method":	"Hit and Run",
	"convergence_threshold":	0.001,
	"iterations_made":	14,
	"max_iterations":	10000,
	"time_taken":	2.788802698,
	"ground_truth_matrix":	[[0.16948671322645967, 0.34852867125185555, 0.48008648579103436, 0.0018981297306503366], [0.079987281299932059, 0.68202951659915934, 0.15530687378570474, 0.0826763283152038]],
	"estimated_matrix":	[[0.16061983021569526, 0.36542400827240645, 0.46289458341333378, 0.011061578098564458], [0.0829180083267937, 0.666416785949735, 0.17247307938344242, 0.0781921263400287]],
	"log_likelihood":	[-108.48300841506597, -88.572512720235139, -76.4858229139252, -69.011105738006833, -64.3983307949308, -61.5858790137885, -59.8985596482371, -58.905043221251162, -58.332907585229613, -58.012649268517862, -57.840394986705057, -57.753428402665229, -57.714434363746271, -57.701546548674152, -57.6823895352344]
}
