{
	"input_file":	"../../instances/J100_M50_G2_I4_L50_seed3.json",
	"method":	"Hit and Run",
	"convergence_threshold":	0.001,
	"iterations_made":	10,
	"max_iterations":	10000,
	"time_taken":	2.596439884,
	"ground_truth_matrix":	[[0.25894112400042968, 0.39846937940559979, 0.11122948719780965, 0.23136000939616086], [0.4590928673412436, 0.46561749041159473, 0.027573246650422822, 0.047716395596738945]],
	"estimated_matrix":	[[0.25927938011249024, 0.43809501656059324, 0.10143911747521135, 0.20118648585170515], [0.4540764575494593, 0.43310098821673149, 0.0369092586377186, 0.0759132955960903]],
	"log_likelihood":	[-91.9329484552179, -79.578033245260968, -72.88806774748555, -69.218094401840673, -67.197938795387543, -66.0865085675796, -65.476139929269777, -65.1416909028587, -64.9589085062761, -64.8593432062182, -64.786997979931371]
}
