{
	"input_file":	"../../instances/J100_M50_G2_I4_L50_seed8.json",
	"method":	"Hit and Run",
	"convergence_threshold":	0.001,
	"iterations_made":	15,
	"max_iterations":	10000,
	"time_taken":	3.8572720000000009,
	"ground_truth_matrix":	[[0.248524592823477, 0.41590713024020765, 0.2445674774618472, 0.0910007994744682], [0.195642639627116, 0.0084665094920574734, 0.41573970330401455, 0.380151147576812]],
	"estimated_matrix":	[[0.24681072247103689, 0.416195272838837, 0.22825936486274451, 0.10873463982738142], [0.19554826756503804, 0.021488962112582052, 0.43110290997334377, 0.35185986034903577]],
	"log_likelihood":	[-175.97190314486178, -134.86467237236025, -111.27439423716262, -97.1293608883353, -88.4172379757168, -82.970553486641236, -79.5509780569809, -77.4141935850015, -76.096508448814276, -75.3020654467483, -74.839783276196243, -74.585923975443535, -74.460690310246363, -74.41306811641843, -74.4108185549906, -74.433841219290244]
}
