{
	"input_file":	"../../instances/J100_M50_G2_I4_L50_seed12.json",
	"method":	"Hit and Run",
	"convergence_threshold":	0.001,
	"iterations_made":	13,
	"max_iterations":	10000,
	"time_taken":	2.635881056,
	"ground_truth_matrix":	[[0.064811871434951526, 0.52152885323862519, 0.11829638888251422, 0.2953628864439089], [0.0030156831164753, 0.515584843486113, 0.47441747954048219, 0.00698199385692937]],
	"estimated_matrix":	[[0.061243602713581348, 0.52855737470965469, 0.1359389087989806, 0.27426011377778314], [0.0043108510851158884, 0.51903500739649444, 0.45671771424537644, 0.019936427273013042]],
	"log_likelihood":	[-169.70417202324842, -131.03043132555075, -109.67023671015005, -97.606840399979745, -90.6125234266201, -86.455005739264976, -83.935181882731456, -82.3834924433921, -81.4142742899307, -80.8008637916484, -80.408015546496244, -80.1538961551014, -79.9882873142078, -79.811211780908977]
}
