{
	"input_file":	"../../instances/J100_M50_G2_I4_L50_seed18.json",
	"method":	"Hit and Run",
	"convergence_threshold":	0.001,
	"iterations_made":	14,
	"max_iterations":	10000,
	"time_taken":	2.685272,
	"ground_truth_matrix":	[[0.25856144603859232, 0.17324016215639787, 0.5188187471563106, 0.049379644648699164], [0.21703835825592904, 0.15741561912449081, 0.12450764575610422, 0.501038376863476]],
	"estimated_matrix":	[[0.25591611840088829, 0.17008716742714877, 0.51646720099722165, 0.057529513174741247], [0.22846191823898213, 0.1583034055633602, 0.1404319708186354, 0.47280270537902175]],
	"log_likelihood":	[-163.5302664150739, -122.48452891106166, -98.853474947285363, -84.604211696220361, -75.85576529434384, -70.486877481920772, -67.224603593841536, -65.2739569178954, -64.132466379671442, -63.483692170407565, -63.1304727934703, -62.951483770413269, -62.872965562714, -62.850604672502229, -62.858120777416843]
}
