{
	"input_file":	"../../instances/J100_M50_G2_I4_L50_seed6.json",
	"method":	"Hit and Run",
	"convergence_threshold":	0.001,
	"iterations_made":	16,
	"max_iterations":	10000,
	"time_taken":	3.278937892,
	"ground_truth_matrix":	[[0.507491225944653, 0.091663150517557662, 0.39116873435159927, 0.00967688918619004], [0.049198308552667672, 0.39046023301512889, 0.32594651093818944, 0.23439494749401418]],
	"estimated_matrix":	[[0.49451141935441378, 0.0842380941982949, 0.41068080879142654, 0.010569677655864784], [0.0571386824560676, 0.37839723311283674, 0.31003867750354325, 0.25442540692755256]],
	"log_likelihood":	[-235.012747639758, -173.398243071535, -138.97147917958574, -118.37074314937222, -105.57301615027208, -97.5996486000958, -92.666686228502627, -89.640620721800929, -87.803232451263668, -86.700592168263157, -86.0484697377125, -85.671282923111363, -85.461759151403427, -85.354717272996737, -85.3105317384095, -85.304975345840234, -85.260616611889063]
}
