{
	"input_file":	"../../instances/J100_M50_G2_I5_L50_seed6.json",
	"method":	"Hit and Run",
	"convergence_threshold":	0.001,
	"iterations_made":	14,
	"max_iterations":	10000,
	"time_taken":	2.875676269,
	"ground_truth_matrix":	[[0.4946888218813566, 0.0893507781441119, 0.38130078011302954, 0.0094327717727180245, 0.025226848088783976], [0.252222664533469, 0.2105492199535523, 0.15141034402812581, 0.11399772270882993, 0.27182004877602278]],
	"estimated_matrix":	[[0.48008424612616252, 0.099429509514489825, 0.38239802302854276, 0.013632979294072683, 0.024455242036732671], [0.25133275267908, 0.18503897806034686, 0.15662135563754476, 0.10964382938600091, 0.29736308423702773]],
	"log_likelihood":	[-196.9954100296452, -153.83882551750187, -130.66679714415082, -117.72852263829648, -110.23308121398811, -105.77876555870883, -103.09097285982037, -101.45014303595727, -100.43658126957676, -99.8030115519427, -99.403138672488623, -99.1497996410687, -98.990395141404747, -98.892589318049531, -98.778550409012453]
}
