{
	"input_file":	"../../instances/J100_M50_G2_I5_L50_seed13.json",
	"method":	"Hit and Run",
	"convergence_threshold":	0.001,
	"iterations_made":	10,
	"max_iterations":	10000,
	"time_taken":	2.837437342,
	"ground_truth_matrix":	[[0.14341670775059129, 0.0258659307785686, 0.16584060853400148, 0.321794336217292, 0.34308241671954659], [0.11305586418501984, 0.17575267345451986, 0.27958507014032441, 0.19203123202957184, 0.23957516019056416]],
	"estimated_matrix":	[[0.15121034197721664, 0.027014061291735544, 0.18083637696892849, 0.31716458030969, 0.32377463945242924], [0.094744485337471526, 0.17590505150043137, 0.28084362883256248, 0.194737478008469, 0.25376935632106556]],
	"log_likelihood":	[-151.85924726123443, -136.12023549503616, -127.46424213086027, -122.63063625961757, -119.89237787684213, -118.32118094392867, -117.40925343917317, -116.87479620309088, -116.55932433337371, -116.37251721649794, -116.20079604961262]
}
