{
	"input_file":	"../../instances/J100_M50_G2_I5_L50_seed11.json",
	"method":	"Hit and Run",
	"convergence_threshold":	0.001,
	"iterations_made":	9,
	"max_iterations":	10000,
	"time_taken":	2.693506444,
	"ground_truth_matrix":	[[0.0742704298794536, 0.0073483541679689336, 0.23246015994561139, 0.48226262845984663, 0.20365842754711935], [0.10906573959976795, 0.0021115223402377388, 0.1096872263605117, 0.46684651136059585, 0.31228900033888668]],
	"estimated_matrix":	[[0.0711196845988683, 0.0046964277890475074, 0.22596690770539013, 0.49557969435414068, 0.20263728555255367], [0.11211311014156593, 0.0041030975467586652, 0.10473610765456944, 0.46959952150758238, 0.309448163149524]],
	"log_likelihood":	[-112.06883930957058, -105.63144197961493, -102.16950899817965, -100.33098107370694, -99.374935455183049, -98.892826579002147, -98.6610342841517, -98.5585750291518, -98.5208695549115, -98.495081680849]
}
