{
	"input_file":	"../../instances/J100_M50_G2_I5_L50_seed20.json",
	"method":	"Hit and Run",
	"convergence_threshold":	0.001,
	"iterations_made":	11,
	"max_iterations":	10000,
	"time_taken":	2.890125977,
	"ground_truth_matrix":	[[0.12464155160427713, 0.320365700211782, 0.31211881819805165, 0.23773827434383188, 0.0051356556420572141], [0.32050330871114646, 0.129607407316133, 0.19904243955549125, 0.29216240134150717, 0.058684443075721966]],
	"estimated_matrix":	[[0.134715231512794, 0.32411648685151428, 0.29669677522638116, 0.23976814942249566, 0.00470335698681506], [0.30622197388110084, 0.11811871493094941, 0.21243581600624289, 0.2938751361669, 0.0693483590148074]],
	"log_likelihood":	[-141.93841888606241, -121.95304522657064, -110.7162532481203, -104.280796629791, -100.57353770961642, -98.447468801060268, -97.239041662162322, -96.558189408832931, -96.177074650018753, -95.9645781198945, -95.846333952958659, -95.7397017529682]
}
