{
	"input_file":	"../../instances/J100_M50_G2_I5_L50_seed10.json",
	"method":	"Hit and Run",
	"convergence_threshold":	0.001,
	"iterations_made":	13,
	"max_iterations":	10000,
	"time_taken":	2.869787583,
	"ground_truth_matrix":	[[0.32269308943329617, 0.0045864253604871313, 0.21962067734703034, 0.302153293162828, 0.1509465146963585], [0.11667254894123515, 0.10113720407829543, 0.65492541293454032, 0.084886438578035225, 0.0423783954678938]],
	"estimated_matrix":	[[0.349745256384406, 0.0093483575958700736, 0.19418439592993922, 0.30524278878649, 0.141479201303295], [0.12567548780072713, 0.099924103000453665, 0.64978008061781134, 0.078976197940833562, 0.0456441306401746]],
	"log_likelihood":	[-206.01576246466564, -160.12619641216912, -133.54020332515586, -117.50060242602473, -107.82395953481623, -102.12953258580619, -98.88318119412385, -97.092411508166862, -96.13849135770046, -95.651573279896738, -95.418203236289457, -95.318595400306037, -95.287162518976857, -95.2474363468247]
}
