{
	"input_file":	"../../instances/J100_M50_G2_I5_L50_seed9.json",
	"method":	"Hit and Run",
	"convergence_threshold":	0.001,
	"iterations_made":	12,
	"max_iterations":	10000,
	"time_taken":	2.727701019,
	"ground_truth_matrix":	[[0.0061742133612349686, 0.4126093070211917, 0.40540148941948045, 0.085063495583889731, 0.090751494614203052], [0.15553306732402988, 0.34192357446845528, 0.17983804603115919, 0.055375461920108081, 0.26732985025624767]],
	"estimated_matrix":	[[0.011698181767122964, 0.41904783378913874, 0.39179990487849714, 0.083939848016926943, 0.093514231548313953], [0.148811508894579, 0.34569348273001388, 0.19564316973338655, 0.054036229087929828, 0.25581560955409061]],
	"log_likelihood":	[-147.60152921823075, -124.38272820264561, -111.57691218009508, -104.40864266452049, -100.31650208140191, -97.923697507850633, -96.495782476227944, -95.632268071940658, -95.1073271948193, -94.7895851967794, -94.6006588184893, -94.4928321135791, -94.36425557580904]
}
