{
	"input_file":	"../../instances/J100_M50_G2_I5_L50_seed7.json",
	"method":	"Hit and Run",
	"convergence_threshold":	0.001,
	"iterations_made":	14,
	"max_iterations":	10000,
	"time_taken":	3.14613607,
	"ground_truth_matrix":	[[0.010915758563635679, 0.20816915542206624, 0.0793454263047044, 0.176768261407425, 0.52480139830216865], [0.30336933090138923, 0.27281770821747647, 0.029337380742531057, 0.12263021012911926, 0.271845370009484]],
	"estimated_matrix":	[[0.023063174708669535, 0.21900861018947373, 0.0837234111316435, 0.18102844898058787, 0.49317635498962609], [0.29155161604439922, 0.27423557137947852, 0.027831875639963245, 0.11051514037252583, 0.29586579656363365]],
	"log_likelihood":	[-183.20509361242227, -155.99928178601161, -140.639851515534, -131.68504497354658, -126.30090336402262, -122.98227226897572, -120.89705237391841, -119.56760427261834, -118.71080174748681, -118.15416287001236, -117.79046322779931, -117.55212438652477, -117.39611343716389, -117.2947604393722, -117.17895167318821]
}
