{
	"input_file":	"../../instances/J100_M50_G2_I5_L50_seed19.json",
	"method":	"Hit and Run",
	"convergence_threshold":	0.001,
	"iterations_made":	14,
	"max_iterations":	10000,
	"time_taken":	2.891729,
	"ground_truth_matrix":	[[0.0433037419557625, 0.604397263048471, 0.11967273975203206, 0.06272639200543513, 0.16989986323829925], [0.010949408191273125, 0.14085830680435835, 0.2076171069384817, 0.51298571330785936, 0.12758946475802732]],
	"estimated_matrix":	[[0.03627153694940953, 0.63206197492783256, 0.11804499112055268, 0.052947096545593687, 0.16067440045661127], [0.0129097736399429, 0.13634144865114586, 0.20682603371352173, 0.520226727158897, 0.1236960168364926]],
	"log_likelihood":	[-249.71167115645974, -192.21611316563727, -159.13359862319086, -139.51159403784308, -127.84683833603907, -120.91018317189972, -116.77666824782003, -114.31200839598728, -112.84892921286374, -111.99243310649449, -111.50609163396139, -111.2466638143, -111.12644383357639, -111.09127558427365, -111.10749337796389]
}
