{
	"input_file":	"../../instances/J100_M50_G2_I5_L50_seed1.json",
	"method":	"Hit and Run",
	"convergence_threshold":	0.001,
	"iterations_made":	15,
	"max_iterations":	10000,
	"time_taken":	2.891549524,
	"ground_truth_matrix":	[[0.23133554027621162, 0.546232885994193, 4.9036670050913147e-05, 0.15434181656277288, 0.068040720496771734], [0.048287721645296849, 0.10272923560641152, 0.21131337949440179, 0.25192172053433709, 0.38574794271955271]],
	"estimated_matrix":	[[0.20898806229020231, 0.55074201678383827, 0.012707199781244689, 0.15532142947270353, 0.072241291672011168], [0.0648966645916388, 0.1037003498826408, 0.210250835127032, 0.24555075398690784, 0.3756013964117807]],
	"log_likelihood":	[-243.88676110956848, -179.42006604701214, -142.86775569705785, -121.47217700996453, -108.87819808623097, -101.39639992116169, -96.8825290017428, -94.1237773168672, -92.428349353773029, -91.388992646765075, -90.757912829293659, -90.380939057393135, -90.161171141584731, -90.0376273802912, -89.972093567632967, -89.906281442134144]
}
