{
	"input_file":	"../../instances/J100_M50_G2_I5_L50_seed18.json",
	"method":	"Hit and Run",
	"convergence_threshold":	0.001,
	"iterations_made":	14,
	"max_iterations":	10000,
	"time_taken":	2.889110207,
	"ground_truth_matrix":	[[0.17583738578154742, 0.11781376416577459, 0.35282805535055234, 0.033581138096485837, 0.31993965660563983], [0.19198564982437369, 0.15185075922920055, 0.611071372104512, 0.041117190992067849, 0.0039750278498458178]],
	"estimated_matrix":	[[0.17875673596706584, 0.10968047867462932, 0.39164242756962558, 0.040964927394701055, 0.278955430393978], [0.19165358150936773, 0.16756582960611571, 0.58451186798270471, 0.031027122361272218, 0.025241598540539287]],
	"log_likelihood":	[-152.10317380611326, -129.83628990097495, -117.55085434507448, -110.61189790541474, -106.54862823245951, -104.07974338610036, -102.53022666654128, -101.53040354906196, -100.8695966706896, -100.42355694411916, -100.116850218657, -99.9025082903046, -99.750617463774844, -99.6417256530639, -99.5205368209377]
}
