{
	"input_file":	"../../instances/J100_M50_G2_I5_L50_seed15.json",
	"method":	"Hit and Run",
	"convergence_threshold":	0.001,
	"iterations_made":	13,
	"max_iterations":	10000,
	"time_taken":	2.943344954,
	"ground_truth_matrix":	[[0.64854204216829081, 0.06766170140398764, 0.0191880471746618, 0.15402614754092744, 0.1105820617121324], [0.39962760023412636, 0.1932796691291607, 0.19217922484338035, 0.062716975103724426, 0.15219653068960812]],
	"estimated_matrix":	[[0.650185669310114, 0.054780187947481969, 0.012590223931005807, 0.17281643501929214, 0.10962748379210616], [0.39040650736032639, 0.21014410318470775, 0.19835839060233126, 0.048283938983879615, 0.15280705986875515]],
	"log_likelihood":	[-188.60063948084832, -154.73805358571485, -136.61957769008927, -126.59446827297059, -120.91336310444014, -117.65473520511949, -115.78093004354923, -114.70632949516063, -114.09372262522272, -113.74859405681137, -113.55915384727273, -113.46125306767581, -113.41796206818076, -113.32522460608179]
}
