{
	"input_file":	"../../instances/J100_M50_G3_I10_L50_seed19.json",
	"method":	"Hit and Run",
	"convergence_threshold":	0.001,
	"iterations_made":	4,
	"max_iterations":	10000,
	"time_taken":	3.631215,
	"ground_truth_matrix":	[[0.00997967157152297, 0.13928787470867682, 0.027579478928395351, 0.014455766703033052, 0.039154695612610146, 0.00842603508963501, 0.10839645532130762, 0.15977019010638813, 0.394764314683101, 0.098185517275330023], [0.044314691186619112, 0.14507784297469581, 0.14368244984263659, 0.048582056046547389, 0.021994251157037275, 0.12615259812409607, 0.030059954829732515, 0.13859323982483718, 0.089158544885675553, 0.2123843711281225], [0.042098920851732474, 0.26356125129739461, 0.1355079862150774, 0.084486126625485977, 0.086158010636071036, 0.0929118015992064, 0.028201901225743359, 0.12510976961175574, 0.03049321518503639, 0.11147101675249657]],
	"estimated_matrix":	[[0.0085015334469131353, 0.15395248675881956, 0.0508202835261279, 0.0355097400671961, 0.034671930552336853, 0.030409387264408588, 0.0911656559126712, 0.17745676847043346, 0.33181706045408, 0.085695153547013236], [0.0423786968048119, 0.15217891552637908, 0.12620404676235178, 0.049918770238702344, 0.031050634464142645, 0.13018992993916775, 0.0452726491695941, 0.14449466583107451, 0.0971041601574063, 0.18120753110636972], [0.034338831613770271, 0.24596096090319217, 0.12663640908443136, 0.052585683831831855, 0.081324812124310142, 0.0902405578584827, 0.025505213076246893, 0.14362132267322253, 0.0778717766848039, 0.12191443214970787]],
	"log_likelihood":	[-333.25527875399189, -304.805496414791, -292.51903121849386, -291.77790812327567, -298.52312830136361]
}
