{
	"input_file":	"../../instances/J100_M50_G3_I10_L50_seed12.json",
	"method":	"Hit and Run",
	"convergence_threshold":	0.001,
	"iterations_made":	4,
	"max_iterations":	10000,
	"time_taken":	3.655806,
	"ground_truth_matrix":	[[0.015582156525603087, 0.12538666210153721, 0.028440975506022707, 0.0710115388820721, 0.0013664386086365743, 0.2336170641797074, 0.21496368670652949, 0.0031636168665235879, 0.29273265374842722, 0.013735206874940618], [0.033685472240404149, 0.094004134275044657, 0.29125377741216613, 0.19328498797955979, 0.00022822457699712571, 0.074318804422831147, 0.0810309053295545, 0.067032982095265731, 0.14748154604349473, 0.017679165624682143], [0.20048479434601485, 0.0029150704700110059, 0.020137011718670491, 0.017134292221539584, 0.051415898857770453, 0.15429323352817573, 0.088328200571823071, 0.23478377805692366, 0.047395008217637064, 0.18311271201143423]],
	"estimated_matrix":	[[0.033592113975676935, 0.09749216225904786, 0.0746084277519414, 0.059560251709315851, 0.0064075689350570784, 0.22219604481723673, 0.20247147515154926, 0.024597342147436588, 0.25737920819275573, 0.021695405059982679], [0.0353873578735156, 0.086137342098370359, 0.26953103837005871, 0.17422659903639889, 0.0035785900576101658, 0.11659668510177922, 0.080069073725811873, 0.063134509474152029, 0.13082675098718083, 0.04051205327512214], [0.17836494192998215, 0.018493768212567516, 0.0433903312593836, 0.032563218952062642, 0.042850850084257458, 0.14114734124935913, 0.094776236364136665, 0.2076434870898885, 0.090452424527839623, 0.15031740033052271]],
	"log_likelihood":	[-473.42619044576554, -393.02488109677211, -367.574750314719, -363.90289399914275, -372.78656817019328]
}
