{
	"input_file":	"../../instances/J100_M50_G3_I10_L50_seed16.json",
	"method":	"Hit and Run",
	"convergence_threshold":	0.001,
	"iterations_made":	7,
	"max_iterations":	10000,
	"time_taken":	4.647058,
	"ground_truth_matrix":	[[0.037220072406000837, 0.10908437447685727, 0.11784646370736214, 0.0068749419864193783, 0.0659039693392477, 0.03718022718294757, 0.17190609579094332, 0.026337259333659491, 0.010740806916152435, 0.41690578886040985], [0.14673895330909076, 0.014366663143133332, 0.22689653856502881, 0.03052185574293443, 0.050964679802890864, 0.061466417499061822, 0.21102591149970712, 0.11042169790901495, 0.042842649101018683, 0.10475463342811923], [0.013250987302843993, 0.256850768624498, 0.0859595215094735, 0.065692664325043046, 0.038848493972169149, 0.00454383432734067, 0.14359733763946944, 0.0806029761315524, 0.149913861489711, 0.16073955467789863]],
	"estimated_matrix":	[[0.031753392005392019, 0.11990060132392143, 0.11811025679292216, 0.020343393138854426, 0.071791854545212447, 0.040826209718631511, 0.18196876620727948, 0.046348338876813056, 0.031622437514479268, 0.33733474987649409], [0.1312255225514756, 0.053691965098079372, 0.21290013233454083, 0.0257337497144589, 0.038524985764447954, 0.057013698673257722, 0.19549971382448994, 0.099689689369189274, 0.052585404330607217, 0.13313513833945342], [0.022391829454472274, 0.21291368839231287, 0.078731273914550426, 0.053554990672905645, 0.0654835047142648, 0.012528556457058273, 0.12647331833083086, 0.084389344489511964, 0.13969603916319911, 0.20383745441089418]],
	"log_likelihood":	[-368.57982251607154, -329.28720662798054, -315.87150797378547, -311.45022367036171, -309.39614507439251, -308.46773883967575, -308.40295045330822, -309.06264366402991]
}
