{
	"input_file":	"../../instances/J100_M50_G3_I10_L50_seed10.json",
	"method":	"Hit and Run",
	"convergence_threshold":	0.001,
	"iterations_made":	4,
	"max_iterations":	10000,
	"time_taken":	4.832238,
	"ground_truth_matrix":	[[0.21843127705125, 0.00310455594308142, 0.14866145756024521, 0.20452786828098479, 0.10217584773651123, 0.037696783123583662, 0.032677328835812119, 0.21160574168951965, 0.027426722860244761, 0.013692416918767124], [0.089337698565748663, 0.23688004378999766, 0.000305646789730184, 0.055459840205091121, 0.12938125590902735, 0.0732507112687405, 0.0988351780171504, 0.026665214833852879, 0.19301748277755362, 0.0968669278431076], [0.10672896050204253, 0.020927421351082318, 0.063779059262355456, 0.153018180528831, 0.0795746549692582, 0.0776761725567312, 0.13124552522321278, 0.098226905335430229, 0.14342301595160181, 0.12540010431945453]],
	"estimated_matrix":	[[0.21301278796306652, 0.027713677364304815, 0.15116301656858014, 0.162328789150358, 0.10231993323409841, 0.030106727473689268, 0.041610886183076234, 0.19911025946746513, 0.047115550376205871, 0.025518372219155809], [0.11486648759301145, 0.21172210373874409, 0.0278757872452238, 0.0549199305745918, 0.1122839326807446, 0.0837435360853405, 0.096327775191638529, 0.04856321014500297, 0.15918712020603329, 0.090510116539668645], [0.11784518610213505, 0.0311308343686805, 0.045880571186678834, 0.17098141467228725, 0.090782603955989541, 0.0739828852370112, 0.12373251687817861, 0.11407160113906811, 0.12194974930272136, 0.10964263715724945]],
	"log_likelihood":	[-393.2795677794856, -339.199131773878, -317.1167274158629, -313.44975424725578, -321.718815851561]
}
