{
	"input_file":	"../../instances/J100_M50_G3_I10_L50_seed11.json",
	"method":	"Hit and Run",
	"convergence_threshold":	0.001,
	"iterations_made":	4,
	"max_iterations":	10000,
	"time_taken":	3.768785,
	"ground_truth_matrix":	[[0.022670189430670222, 0.0022430000911789036, 0.07095577431831715, 0.14720508768109594, 0.062164378732414968, 0.075774684449878463, 0.0014670045756580005, 0.076206469567349347, 0.32434701506348212, 0.21696639608995485], [0.17475220147373904, 0.015365503375000471, 0.29945062630790814, 0.2597506605011623, 0.024083428701327351, 0.1335574362557338, 0.0027625429341148482, 0.0165692122202841, 0.050767037043357562, 0.022941351187372273], [0.20286311633434817, 0.24312411956007066, 0.060243706866737655, 0.05473336022465846, 0.016880923775346772, 0.012501891955236983, 0.17783373523956272, 0.1304755028070759, 0.00816706959117638, 0.093176573645786145]],
	"estimated_matrix":	[[0.046328818861141437, 0.024114163173580953, 0.0694068433622354, 0.1518356128434033, 0.0541509896076253, 0.090444983892031927, 0.015809811842163339, 0.084575948377494353, 0.278214721602377, 0.18511810643794749], [0.1309455359865033, 0.030391732673915234, 0.266941969862054, 0.25523625173167647, 0.03645137527527615, 0.10035831906148796, 0.027736137977961633, 0.046476463287402875, 0.05356828178024424, 0.051893932363478473], [0.20987226525532443, 0.20787661108651667, 0.086628901808857448, 0.062017637321620876, 0.014961986036393819, 0.035339609004558924, 0.13296882392673251, 0.11018081309684019, 0.034618329513254283, 0.10553502294990107]],
	"log_likelihood":	[-491.02537557719864, -409.25502189811414, -386.098792544954, -385.34738336689765, -394.40293518768334]
}
