{
	"input_file":	"../../instances/J100_M50_G3_I10_L50_seed13.json",
	"method":	"Hit and Run",
	"convergence_threshold":	0.001,
	"iterations_made":	3,
	"max_iterations":	10000,
	"time_taken":	3.290625,
	"ground_truth_matrix":	[[0.095000606641782351, 0.017133841334523565, 0.109854414200967, 0.213159663431239, 0.22726109271150324, 0.038166572341381357, 0.059332412112789071, 0.0943852305406974, 0.064827896915340855, 0.080878269769776023], [0.0068883355213543232, 0.0684607808726845, 0.011645208371382151, 0.37572194421425487, 0.090114377573631624, 0.21997833859893373, 0.057186871760991957, 0.082483938626239872, 0.001826590536552423, 0.085693613923974427], [0.27956318930356217, 0.023073793909949909, 0.036123216791498255, 0.23454490768563666, 0.0030440371355612453, 0.006318257987249565, 0.0933001577690485, 0.19433754783255683, 0.00082184714507826516, 0.12887304443985828]],
	"estimated_matrix":	[[0.10061014972902307, 0.025964594078716968, 0.1034534223500965, 0.22823297377215424, 0.209294110151712, 0.050164356820513421, 0.0667429963048988, 0.08434857738817414, 0.058442999971526931, 0.072745819433184075], [0.0455738932468319, 0.058396851787873821, 0.027952873115649781, 0.34902958753001567, 0.0783328771611518, 0.18341217529950574, 0.057447580082395817, 0.09929423498593104, 0.0037836810049434828, 0.096776245785701029], [0.2361625166423546, 0.025431534622411083, 0.035340691913664221, 0.23572076716847495, 0.030220130954537128, 0.032779433392857382, 0.0960405802799249, 0.17404389381079777, 0.00913494283018161, 0.125125508384796]],
	"log_likelihood":	[-432.61380417782863, -385.21968044664266, -369.04818442739315, -377.53190390881417]
}
