{
	"input_file":	"../../instances/J100_M50_G3_I10_L50_seed2.json",
	"method":	"Hit and Run",
	"convergence_threshold":	0.001,
	"iterations_made":	4,
	"max_iterations":	10000,
	"time_taken":	3.667203,
	"ground_truth_matrix":	[[0.11991661550111644, 0.0055003363088887832, 0.16704342406662817, 0.11966709003802448, 0.11419385771146613, 0.083961110968791053, 0.047944554745746416, 0.2022021665049108, 0.074581293038413141, 0.0649895511160146], [0.10911846334865041, 0.0846798451193815, 0.016250220290096911, 0.0810237270119616, 0.022921616895543978, 0.17298877101751881, 0.21630711039323489, 0.0766399545108728, 0.21073926823981, 0.0093310231729288751], [0.19966258193982236, 0.019156405580939437, 0.15855947193431905, 0.028802863437738628, 0.038588756331956124, 0.25768408299196249, 0.0726925031860041, 0.03209262146888716, 0.0706085005185904, 0.12215221260978017]],
	"estimated_matrix":	[[0.1314637563967071, 0.011213812364220846, 0.18285600451367584, 0.098072399624342971, 0.10700678629202268, 0.10020662241747814, 0.056635066162253389, 0.16315364487254438, 0.0839374735645658, 0.0654544337921891], [0.0955549540626803, 0.076465723870978525, 0.038200694775855464, 0.0958209823088675, 0.025565850195264254, 0.17509440631188028, 0.19758631963549381, 0.071839838496746, 0.21020926815043045, 0.013661962191803533], [0.19965666420889164, 0.019715915485620687, 0.13892830407197471, 0.054463459410038322, 0.044381025939580016, 0.24983362071215742, 0.0739677566420379, 0.051713339086198455, 0.0622062727252474, 0.10513364171825354]],
	"log_likelihood":	[-402.2626464078765, -353.978516694871, -337.600183406288, -335.490763865554, -339.76145324610434]
}
