{
	"input_file":	"../../instances/J100_M50_G3_I10_L50_seed8.json",
	"method":	"Hit and Run",
	"convergence_threshold":	0.001,
	"iterations_made":	4,
	"max_iterations":	10000,
	"time_taken":	3.661726,
	"ground_truth_matrix":	[[0.18686245439528151, 0.31271523785328015, 0.1838871500988386, 0.068422334178453253, 0.023949501846988717, 0.0010364237832000416, 0.050892580529086434, 0.0465360241937968, 0.066859429077963328, 0.058838864043111186], [0.077693951352584556, 0.0751473499456211, 0.13716371065268357, 0.11945249334395132, 0.092673767042944846, 0.053230454927533574, 0.032706785389616029, 0.34932904412825921, 0.038931832512760181, 0.023670610704045591], [0.0055072216856861637, 0.329020230196156, 0.011067270247359991, 0.031454329030375532, 0.0059530913362825962, 0.020596990261568617, 0.040472518156600683, 0.18322100316570472, 0.034287810719799784, 0.33841953520046592]],
	"estimated_matrix":	[[0.14836658978058143, 0.313750977732106, 0.186593288680156, 0.073768250488019146, 0.023896486419356312, 0.0097248745038024439, 0.049639909872695578, 0.0800660577648172, 0.053604505104075051, 0.0605890596543914], [0.079028918628681666, 0.10073477541640728, 0.14263731906854327, 0.11252561586930063, 0.062201996726362882, 0.0562862958534263, 0.036086027122059813, 0.31953247056557776, 0.049001043819005052, 0.041965536930635351], [0.0317016942294161, 0.32356666577999788, 0.039631221377920862, 0.044068682601717729, 0.014684643909709829, 0.019188981465463006, 0.035462596468390513, 0.16563915148076089, 0.031773540804877765, 0.29428282188174537]],
	"log_likelihood":	[-436.78343545532545, -373.16205760361214, -352.05694091080687, -351.7956047671243, -362.09984012875009]
}
