{
	"input_file":	"../../instances/J100_M50_G3_I10_L50_seed4.json",
	"method":	"Hit and Run",
	"convergence_threshold":	0.001,
	"iterations_made":	3,
	"max_iterations":	10000,
	"time_taken":	3.37292,
	"ground_truth_matrix":	[[0.22583551318107506, 0.052443917345447011, 0.23828791306220862, 0.0830378819242122, 0.079186543171321358, 0.016113585473482447, 0.24761394129387149, 0.00041364337115573342, 0.019304135128980132, 0.037762926048245667], [0.12006391970874336, 0.017497584298260781, 0.15791029373823773, 0.32558754806371482, 0.014215320954268749, 0.072264894734091964, 0.00071710695160031874, 0.038822962732027649, 0.0035880152585265278, 0.249332353560528], [0.055515405364858314, 0.28830098826938388, 0.1495248801034782, 0.19495435552022833, 0.018424095092939071, 0.00754847271122037, 0.0889614160291074, 0.017817431884025, 0.12808472611908472, 0.0508682289056748]],
	"estimated_matrix":	[[0.21917697267596215, 0.0566511309131674, 0.22785430391710926, 0.11876777814718263, 0.082088806879976065, 0.015534651489439152, 0.17630442137147184, 0.00895057810455138, 0.0423022191792978, 0.05236913732184225], [0.11156149335184409, 0.057183082963577721, 0.16511696557863229, 0.27056763005941259, 0.016544071251448085, 0.0682488387926288, 0.048933620403256634, 0.033039379621426418, 0.01050705833697586, 0.21829785964079709], [0.078342222317700355, 0.2247337623642959, 0.17699041408209093, 0.18670216621108618, 0.01951765966849003, 0.019409842071052993, 0.0945056335976914, 0.022218492428042309, 0.102657436733449, 0.0749223705261008]],
	"log_likelihood":	[-432.87782417581258, -378.42796263890182, -359.35385561854071, -362.71588047441043]
}
