{
	"input_file":	"../../instances/J100_M50_G3_I10_L50_seed15.json",
	"method":	"Hit and Run",
	"convergence_threshold":	0.001,
	"iterations_made":	3,
	"max_iterations":	10000,
	"time_taken":	3.335516,
	"ground_truth_matrix":	[[0.39339948770115563, 0.041042950092062262, 0.011639288492786368, 0.093430808791668, 0.067078035960545859, 0.157217266005475, 0.0760380442620253, 0.0756051191039522, 0.02467344936176653, 0.059875550228563078], [0.2953606482247047, 0.036288091571448439, 0.14966549434619961, 0.23753843791970947, 0.19467365456822786, 0.027970400863696843, 0.021652015798033372, 0.00565896413313319, 0.00475841081323897, 0.0264338817616074], [0.4551716897329145, 0.032506860223525939, 0.099599876553778, 0.044701146428546813, 0.049670784992480038, 0.20217060418700536, 0.00807758594348576, 0.043600597580280752, 0.010636544040331203, 0.053864310317651654]],
	"estimated_matrix":	[[0.44083092606000079, 0.043858347966379371, 0.0313593666646558, 0.089246732637138823, 0.0714298825112271, 0.14858424883323176, 0.0522598438892797, 0.062521683773311021, 0.014784917337844206, 0.045124050326931578], [0.30518721610106286, 0.0312288660152987, 0.13704248473773956, 0.20584576687531633, 0.17150531487796916, 0.053236805329401872, 0.026544053040493329, 0.023666176374995032, 0.011746334157035807, 0.033996982490687569], [0.40957773338825648, 0.02990135492166748, 0.10284850110843387, 0.0786736075556157, 0.058832189831651, 0.1636130441213553, 0.020169155540047511, 0.0494067960654658, 0.017872443748166482, 0.069105173719340565]],
	"log_likelihood":	[-344.0205999974479, -317.23347417110136, -310.435297647228, -311.51936201782934]
}
