{
	"input_file":	"../../instances/J100_M50_G3_I2_L50_seed18.json",
	"method":	"Hit and Run",
	"convergence_threshold":	0.001,
	"iterations_made":	17,
	"max_iterations":	10000,
	"time_taken":	2.669315075,
	"ground_truth_matrix":	[[0.598796857472177, 0.40120314252782313], [0.913094360419019, 0.086905639580980923], [0.57961290670290522, 0.42038709329709484]],
	"estimated_matrix":	[[0.60788476689891335, 0.39211523310108637], [0.9200395436461527, 0.0799604563538474], [0.60681218591860375, 0.39318781408139586]],
	"log_likelihood":	[-52.118928166180673, -36.49629464900876, -27.444158717514277, -21.982897764260066, -18.587856556781539, -16.432266940446727, -15.044729820142695, -14.144890531955447, -13.560187905425474, -13.181541035593547, -12.938614940398118, -12.785400013325869, -12.6914889114489, -12.636643287587503, -12.607332947496806, -12.594493435698862, -12.592053790260117, -12.584123109372939]
}
