{
	"input_file":	"../../instances/J100_M50_G3_I2_L50_seed8.json",
	"method":	"Hit and Run",
	"convergence_threshold":	0.001,
	"iterations_made":	15,
	"max_iterations":	10000,
	"time_taken":	2.624595797,
	"ground_truth_matrix":	[[0.37404082947384554, 0.62595917052615457], [0.728815845450914, 0.27118415454908579], [0.9585196963066358, 0.041480303693364189]],
	"estimated_matrix":	[[0.36835005636617019, 0.63164994363382976], [0.764187640195004, 0.23581235980499518], [0.92954433019588822, 0.070455669804111]],
	"log_likelihood":	[-115.37986635097673, -76.130001796750776, -54.16173595719507, -41.3471459126224, -33.708789336373378, -29.140280951677223, -26.426959409994463, -24.833217480476659, -23.907977455931054, -23.376987919931025, -23.0760247377366, -22.908118849318182, -22.816603522058237, -22.768593037081292, -22.745092187476448, -22.7215402401785]
}
