{
	"input_file":	"../../instances/J100_M50_G3_I2_L50_seed5.json",
	"method":	"Hit and Run",
	"convergence_threshold":	0.001,
	"iterations_made":	12,
	"max_iterations":	10000,
	"time_taken":	2.571758,
	"ground_truth_matrix":	[[0.1092869023075165, 0.89071309769248352], [0.084514668368276855, 0.91548533163172319], [0.41466565027429875, 0.585334349725701]],
	"estimated_matrix":	[[0.101382460337884, 0.89861753966211655], [0.0864301476062769, 0.913569852393723], [0.3860750751331809, 0.613924924866819]],
	"log_likelihood":	[-67.082798581215457, -47.7592837787785, -37.516208680858334, -32.095116723832859, -29.232017060988518, -27.7267738954882, -26.94408535151808, -26.546049799188708, -26.35183384005612, -26.264308143042978, -26.231342352901368, -26.2251346309887, -26.231058144522368]
}
