{
	"input_file":	"../../instances/J100_M50_G3_I2_L50_seed15.json",
	"method":	"Hit and Run",
	"convergence_threshold":	0.001,
	"iterations_made":	13,
	"max_iterations":	10000,
	"time_taken":	2.599452,
	"ground_truth_matrix":	[[0.905527300001945, 0.0944726999980548], [0.11077641301954382, 0.889223586980456], [0.29906126152703688, 0.70093873847296317]],
	"estimated_matrix":	[[0.89386408755951363, 0.10613591244048812], [0.10796691943216385, 0.89203308056783526], [0.31534765601040032, 0.68465234398959929]],
	"log_likelihood":	[-194.53431561719373, -124.22494492091531, -84.596834730609146, -60.585178096983839, -45.704805356500174, -36.56087698356027, -31.04466120681753, -27.803187428255466, -25.965340234503131, -24.974893060160976, -24.482857055599649, -24.274802522520261, -24.2217911291542, -24.248042651410213]
}
