{
	"input_file":	"../../instances/J100_M50_G3_I2_L50_seed14.json",
	"method":	"Hit and Run",
	"convergence_threshold":	0.001,
	"iterations_made":	19,
	"max_iterations":	10000,
	"time_taken":	2.759048,
	"ground_truth_matrix":	[[0.32718470976908715, 0.6728152902309128], [0.99606184581514945, 0.0039381541848506141], [0.104967871470104, 0.895032128529896]],
	"estimated_matrix":	[[0.33679587172523556, 0.66320412827476372], [0.97998779683019466, 0.0200122031698051], [0.10905995714496802, 0.89094004285503159]],
	"log_likelihood":	[-219.48353586981554, -149.61915093023867, -107.05665067868145, -79.1098959504193, -60.255897784364713, -47.326344853157046, -38.346377999467563, -32.074130669401974, -27.684270176738629, -24.611123050012313, -22.466524620532045, -20.982520073663885, -19.9706820941058, -19.295962983653887, -18.860610121535345, -18.593847071668531, -18.44470719912448, -18.3767628515707, -18.364171812224477, -18.388724312318516]
}
