{
	"input_file":	"../../instances/J100_M50_G3_I2_L50_seed13.json",
	"method":	"Hit and Run",
	"convergence_threshold":	0.001,
	"iterations_made":	12,
	"max_iterations":	10000,
	"time_taken":	2.592674,
	"ground_truth_matrix":	[[0.84720269601591158, 0.15279730398408845], [0.34009172295595952, 0.65990827704404054], [0.856207255811948, 0.14379274418805191]],
	"estimated_matrix":	[[0.87245208619879722, 0.12754791380120409], [0.29133543827474612, 0.708664561725255], [0.84930555232216765, 0.15069444767783385]],
	"log_likelihood":	[-132.34080673419177, -84.6990568237578, -57.641091464923839, -41.725380218239486, -32.3438813254364, -26.9061906240583, -23.840155982284355, -22.175296244981354, -21.317862170807665, -20.9113394966596, -20.746774932955883, -20.705142316081531, -20.720856846727056]
}
