{
	"input_file":	"../../instances/J100_M50_G3_I2_L50_seed17.json",
	"method":	"Hit and Run",
	"convergence_threshold":	0.001,
	"iterations_made":	13,
	"max_iterations":	10000,
	"time_taken":	2.623520188,
	"ground_truth_matrix":	[[0.315810458607232, 0.684189541392768], [0.751461243773324, 0.24853875622667579], [0.59147354310544265, 0.40852645689455724]],
	"estimated_matrix":	[[0.30359146858852, 0.696408531411481], [0.7393291411310654, 0.2606708588689346], [0.589277929206525, 0.41072207079347622]],
	"log_likelihood":	[-76.2923844901137, -54.563928056891243, -42.8020607601151, -36.345395440039546, -32.807558094676985, -30.889871884480446, -29.868159158933469, -29.337028523100159, -29.0706725413362, -28.94450644004371, -28.890654344548128, -28.87271152947023, -28.871538475077223, -28.871493740716335]
}
