{
	"input_file":	"../../instances/J100_M50_G3_I2_L50_seed6.json",
	"method":	"Hit and Run",
	"convergence_threshold":	0.001,
	"iterations_made":	14,
	"max_iterations":	10000,
	"time_taken":	2.636202,
	"ground_truth_matrix":	[[0.84701246603789282, 0.15298753396210726], [0.97585881292457777, 0.024141187075422219], [0.11190117762122714, 0.888098822378773]],
	"estimated_matrix":	[[0.84238407115015956, 0.1576159288498408], [0.96221687900530983, 0.0377831209946902], [0.13326596517698666, 0.866734034823013]],
	"log_likelihood":	[-228.25348720610771, -153.69427131256546, -109.505522980775, -81.158173507348934, -62.013512737782044, -48.919634117356367, -40.107817024361324, -34.349633556822759, -30.720848425043759, -28.533052894618237, -27.288958679893121, -26.641012806476123, -26.354930870994785, -26.278668280650212, -26.317196861242032]
}
