{
	"input_file":	"../../instances/J100_M50_G3_I2_L50_seed19.json",
	"method":	"Hit and Run",
	"convergence_threshold":	0.001,
	"iterations_made":	17,
	"max_iterations":	10000,
	"time_taken":	2.653732,
	"ground_truth_matrix":	[[0.0668576111835421, 0.933142388816458], [0.65610367000627345, 0.34389632999372649], [0.82291076733637858, 0.17708923266362139]],
	"estimated_matrix":	[[0.085838663653521829, 0.914161336346479], [0.66058440745102254, 0.33941559254897741], [0.80938552660965235, 0.19061447339034779]],
	"log_likelihood":	[-161.85473993816359, -107.87728297769696, -75.523451846204821, -55.0107327128749, -41.842245511698472, -33.495312099961176, -28.2432093185703, -24.926506182844015, -22.815493032356276, -21.464148066782137, -20.599592690163764, -20.0519503690504, -19.71291481646707, -19.51180152232925, -19.401606113972019, -19.350682016693774, -19.337599115159907, -19.347851551797351]
}
