{
	"input_file":	"../../instances/J100_M50_G3_I2_L50_seed12.json",
	"method":	"Hit and Run",
	"convergence_threshold":	0.001,
	"iterations_made":	13,
	"max_iterations":	10000,
	"time_taken":	2.592004244,
	"ground_truth_matrix":	[[0.11053619287835263, 0.88946380712164752], [0.28597542938972, 0.71402457061028], [0.0058150405982643075, 0.99418495940173579]],
	"estimated_matrix":	[[0.083518954853937233, 0.91648104514606243], [0.30600217662086371, 0.693997823379137], [0.023774627553545258, 0.97622537244645535]],
	"log_likelihood":	[-63.856230495640034, -45.0586989871406, -34.6941182777607, -28.935898308645914, -25.751673382696524, -24.000220816496508, -23.038699848352486, -22.511557490382081, -22.224394015934379, -22.070921623018144, -21.992570739101794, -21.956688551124611, -21.944835649726347, -21.919810558296952]
}
