{
	"input_file":	"../../instances/J100_M50_G3_I3_L50_seed19.json",
	"method":	"Hit and Run",
	"convergence_threshold":	0.001,
	"iterations_made":	11,
	"max_iterations":	10000,
	"time_taken":	2.438888,
	"ground_truth_matrix":	[[0.05643109664837008, 0.78761785528698358, 0.15595104806464638], [0.23302035588171555, 0.63115580747276, 0.13582383664552442], [0.16351092624063165, 0.24100577544256716, 0.595483298316801]],
	"estimated_matrix":	[[0.0544551278170705, 0.7952687515229937, 0.15027612065993581], [0.20974256907850347, 0.638219367014096, 0.15203806390740054], [0.16428107155991659, 0.27902704963792718, 0.5566918788021562]],
	"log_likelihood":	[-137.85888459522542, -103.48324261241744, -83.6339172280491, -72.098261043257438, -65.3788795324971, -61.509536349777257, -59.338846495790662, -58.173751007137966, -57.5937157537031, -57.344440587440467, -57.274116918178414, -57.294104362423589]
}
