{
	"input_file":	"../../instances/J100_M50_G3_I3_L50_seed17.json",
	"method":	"Hit and Run",
	"convergence_threshold":	0.001,
	"iterations_made":	14,
	"max_iterations":	10000,
	"time_taken":	2.653318,
	"ground_truth_matrix":	[[0.26486681729550876, 0.573822371351404, 0.16131081135308734], [0.026190298800185041, 0.575982674279107, 0.397827026920708], [0.53082469934270038, 0.44833211672477563, 0.020843183932523809]],
	"estimated_matrix":	[[0.26342398409731677, 0.5970169991183607, 0.13955901678432223], [0.056291492905525757, 0.5432754858851766, 0.40043302120929752], [0.49235488039169, 0.48020144774773837, 0.027443671860571315]],
	"log_likelihood":	[-129.5780379430831, -95.831368405087844, -76.318874078385278, -64.316776445236954, -56.567065145026582, -51.415851531028487, -47.978103731251338, -45.7229842063168, -44.2937171600264, -43.43291829288, -42.950769873758539, -42.710565036003473, -42.618382194595867, -42.612798046743038, -42.6552970537345]
}
