{
	"input_file":	"../../instances/J100_M50_G3_I3_L50_seed11.json",
	"method":	"Hit and Run",
	"convergence_threshold":	0.001,
	"iterations_made":	16,
	"max_iterations":	10000,
	"time_taken":	2.641162238,
	"ground_truth_matrix":	[[0.23647057945119962, 0.02339651959646144, 0.740132900952339], [0.516247965232227, 0.218010359126032, 0.265741675641741], [0.0036490791266723327, 0.1895586707975162, 0.80679225007581146]],
	"estimated_matrix":	[[0.19295061377842607, 0.02765350895285499, 0.77939587726871951], [0.517234844991871, 0.233182395866309, 0.24958275914182004], [0.022779513282964865, 0.18628161751201258, 0.79093886920502265]],
	"log_likelihood":	[-181.3568923750218, -128.13852244591942, -98.1864195062263, -80.5423754968759, -70.028320201749878, -63.755596763275669, -60.0271989013954, -57.825222437967838, -56.5238428192295, -55.747562063643841, -55.27862150622758, -54.992545450922634, -54.817756061405589, -54.7123116680534, -54.651011031277733, -54.618294490632472, -54.549631343492337]
}
