{
	"input_file":	"../../instances/J100_M50_G3_I3_L50_seed6.json",
	"method":	"Hit and Run",
	"convergence_threshold":	0.001,
	"iterations_made":	18,
	"max_iterations":	10000,
	"time_taken":	2.71564838,
	"ground_truth_matrix":	[[0.51245014925241528, 0.092558832078787248, 0.39499101866879749], [0.040161431888498515, 0.10740706609794944, 0.852431502013552], [0.44236998957946888, 0.31811750394858568, 0.23951250647194552]],
	"estimated_matrix":	[[0.51428683191572, 0.065150585860440077, 0.42056258222383947], [0.032882561886047, 0.1271152586140134, 0.84000217949993927], [0.43564824846879169, 0.29034695896409957, 0.2740047925671088]],
	"log_likelihood":	[-161.61223897260851, -115.34521155169642, -89.316728457550767, -73.806702786935645, -64.317416847157759, -58.43409030741735, -54.737745513648029, -52.384549079829888, -50.868987831943954, -49.883073280891544, -49.236564650394, -48.810552992199057, -48.529538416092016, -48.344656450496927, -48.2237146260938, -48.1452416199538, -48.094834377980163, -48.062829353534255, -48.017293075065169]
}
