{
	"input_file":	"../../instances/J100_M50_G3_I3_L50_seed8.json",
	"method":	"Hit and Run",
	"convergence_threshold":	0.001,
	"iterations_made":	18,
	"max_iterations":	10000,
	"time_taken":	2.702941643,
	"ground_truth_matrix":	[[0.27340463300715134, 0.457544000038453, 0.26905136695439574], [0.73250839185554451, 0.25639597500319711, 0.011095633141258382], [0.30977655129027537, 0.28325875669197409, 0.40696469201775065]],
	"estimated_matrix":	[[0.2766636208804461, 0.468678766843194, 0.25465761227635964], [0.7413085668110464, 0.23990541478302357, 0.018786018405930322], [0.311569789487929, 0.31010299727462565, 0.378327213237445]],
	"log_likelihood":	[-137.23727811102631, -101.847175983779, -80.958692352738851, -68.5434439220406, -61.242937033614275, -56.9330610814656, -54.338291547399713, -52.731166153522757, -51.703767990861977, -51.025524079757, -50.563576094429131, -50.239617316875417, -50.006400045963325, -49.834721265276876, -49.706067874945589, -49.608383379701181, -49.533590695586852, -49.47611966340385, -49.3941752610568]
}
