{
	"input_file":	"../../instances/J100_M50_G3_I3_L50_seed1.json",
	"method":	"Hit and Run",
	"convergence_threshold":	0.001,
	"iterations_made":	16,
	"max_iterations":	10000,
	"time_taken":	2.668677,
	"ground_truth_matrix":	[[0.29749272785290543, 0.70244421200198748, 6.3060145107194e-05], [0.58481013050579844, 0.25781025207282132, 0.15737961742138015], [0.181511853553677, 0.373368719881009, 0.445119426565314]],
	"estimated_matrix":	[[0.29288193498769755, 0.6978357576297336, 0.00928230738256946], [0.593151603168334, 0.25177835926119868, 0.15507003757046772], [0.17699051649183725, 0.3887660248559679, 0.43424345865219488]],
	"log_likelihood":	[-159.90676201914221, -111.45371785331643, -85.112113428955368, -70.507424087886, -62.23369015311966, -57.480670877642943, -54.743551402348864, -53.16634665404758, -52.250580337392975, -51.710528720203286, -51.3865415756227, -51.190663197802216, -51.074087884487234, -51.0088668435019, -50.978131293729184, -50.971038002005358, -50.98019470881966]
}
