{
	"input_file":	"../../instances/J100_M50_G3_I3_L50_seed13.json",
	"method":	"Hit and Run",
	"convergence_threshold":	0.001,
	"iterations_made":	14,
	"max_iterations":	10000,
	"time_taken":	2.6567790000000007,
	"ground_truth_matrix":	[[0.42795213106645874, 0.0771833377876456, 0.49486453114589557], [0.44539345432817962, 0.47485814852501324, 0.0797483971468072], [0.27148763699248735, 0.431879006667955, 0.29663335633955767]],
	"estimated_matrix":	[[0.44632277775854762, 0.078573504264786861, 0.47510371797666545], [0.40774657267733172, 0.49018605072246085, 0.10206737660020719], [0.28878082285022838, 0.43171126025945517, 0.27950791689031623]],
	"log_likelihood":	[-121.3103412538363, -89.779482370459533, -72.41286617730303, -62.447023322288132, -56.527098334281455, -52.928018965475658, -50.7199728675098, -49.368410355754378, -48.550995537395565, -48.068173488098438, -47.794674528993376, -47.651243264677362, -47.587530309467127, -47.571528172771423, -47.5829552699426]
}
