{
	"input_file":	"../../instances/J100_M50_G3_I3_L50_seed4.json",
	"method":	"Hit and Run",
	"convergence_threshold":	0.001,
	"iterations_made":	14,
	"max_iterations":	10000,
	"time_taken":	2.577494601,
	"ground_truth_matrix":	[[0.43718503692497424, 0.10152387292062479, 0.461291090154401], [0.46562077068857344, 0.4440250450179633, 0.0903541842934631], [0.92624227863670883, 0.0015473037448547695, 0.072210417618436565]],
	"estimated_matrix":	[[0.42745845882245975, 0.12144267905982582, 0.45109886211771533], [0.48522634634171663, 0.398682777288337, 0.11609087636994654], [0.90878496776726481, 0.016113766719851735, 0.075101265512883472]],
	"log_likelihood":	[-174.12285558778541, -113.34677473903312, -81.686957875111048, -65.1576746312337, -56.486613492922459, -51.91666417331934, -49.463585032301765, -48.102962230391739, -47.3164928486649, -46.84144808804708, -46.542004620664486, -46.345754973184, -46.212665365603513, -46.119733098941467, -46.018838347684884]
}
