{
	"input_file":	"../../instances/J100_M50_G3_I3_L50_seed9.json",
	"method":	"Hit and Run",
	"convergence_threshold":	0.001,
	"iterations_made":	19,
	"max_iterations":	10000,
	"time_taken":	2.759030332,
	"ground_truth_matrix":	[[0.0074912953861159658, 0.50062704625065, 0.491881658363234], [0.26431498514720508, 0.28198911632292084, 0.45369589852987391], [0.5924477648098716, 0.31160369262214915, 0.095948542567979231]],
	"estimated_matrix":	[[0.017457829204882751, 0.496259527065696, 0.48628264372942154], [0.257602185773171, 0.30009601916384532, 0.442301795062984], [0.60447897729872635, 0.28647390084581931, 0.10904712185545416]],
	"log_likelihood":	[-171.11115234490978, -125.86107549426838, -99.1073226657604, -82.409279061276024, -71.78075652801256, -65.114415443389, -61.0032382333218, -58.469159603931452, -56.8873689352376, -55.8809918709697, -55.226816213194212, -54.792410431027413, -54.498371716592736, -54.296334616734377, -54.1562420193305, -54.0589697038969, -53.992029940899556, -53.94704498743225, -53.9182414301789, -53.857494439564633]
}
