{
	"input_file":	"../../instances/J100_M50_G3_I3_L50_seed16.json",
	"method":	"Hit and Run",
	"convergence_threshold":	0.001,
	"iterations_made":	14,
	"max_iterations":	10000,
	"time_taken":	2.532327,
	"ground_truth_matrix":	[[0.14090457732224396, 0.41296232609275713, 0.44613309658499889], [0.062522697791787138, 0.599349633264765, 0.3381276689434477], [0.82257953957974517, 0.12602514504674908, 0.0513953153735057]],
	"estimated_matrix":	[[0.1509159434531277, 0.38844357155758424, 0.460640484989288], [0.0674364929090161, 0.608662075648163, 0.32390143144282074], [0.82393728086537765, 0.12458645197385074, 0.051476267160772075]],
	"log_likelihood":	[-240.30974456414967, -162.94049698679387, -118.28425260666445, -91.0525550676364, -74.152830327727344, -63.732833782873, -57.50113107351595, -53.938624658047544, -52.007373785710826, -51.0248702253598, -50.564078565200887, -50.373478318418421, -50.314019347276165, -50.313172516806482, -50.335130163692781]
}
