{
	"input_file":	"../../instances/J100_M50_G3_I4_L50_seed4.json",
	"method":	"Hit and Run",
	"convergence_threshold":	0.001,
	"iterations_made":	11,
	"max_iterations":	10000,
	"time_taken":	2.690982614,
	"ground_truth_matrix":	[[0.37664033529374275, 0.0874640765523398, 0.39740799933549775, 0.1384875888184196], [0.23064419241874784, 0.046933541478898853, 0.72121745986295, 0.0012048062394032465], [0.11244721555034376, 0.21997027355988638, 0.58266717542103574, 0.084915335468733921]],
	"estimated_matrix":	[[0.37059539706813149, 0.0911537619631316, 0.40472876361, 0.13352207735873728], [0.23422091381918841, 0.052584192004776077, 0.6951226011861984, 0.018072292989837667], [0.12516553414640855, 0.20017878496909, 0.59528110878145857, 0.0793745721030433]],
	"log_likelihood":	[-117.55009907008143, -93.8171940524597, -81.161277720738, -74.312660181473859, -70.657982170773, -68.725777049358427, -67.704108581077648, -67.1598765950554, -66.866652683477355, -66.7068424813275, -66.6190866964025, -66.5447846780456]
}
