{
	"input_file":	"../../instances/J100_M50_G3_I4_L50_seed18.json",
	"method":	"Hit and Run",
	"convergence_threshold":	0.001,
	"iterations_made":	12,
	"max_iterations":	10000,
	"time_taken":	2.666141,
	"ground_truth_matrix":	[[0.25856144603859232, 0.17324016215639787, 0.5188187471563106, 0.049379644648699164], [0.21703835825592904, 0.15741561912449081, 0.12450764575610422, 0.501038376863476], [0.092386911183075723, 0.00893155724049351, 0.31410714573850357, 0.584574385837927]],
	"estimated_matrix":	[[0.24437312136871484, 0.19490009591524796, 0.505474222680474, 0.055252560035563], [0.25647947104698982, 0.12451215841366867, 0.14326045506753191, 0.47574791547180934], [0.071972585778769457, 0.0194263495121806, 0.3195518426254616, 0.58904922208358867]],
	"log_likelihood":	[-182.13337922217659, -134.72846000976477, -107.5214295906959, -91.1247326921381, -81.0253547014933, -74.582932824190863, -70.414987046780169, -67.8020960280748, -66.279894871464549, -65.491711289393436, -65.1620376157806, -65.1015203517385, -65.1919395565666]
}
