{
	"input_file":	"../../instances/J100_M50_G3_I4_L50_seed14.json",
	"method":	"Hit and Run",
	"convergence_threshold":	0.001,
	"iterations_made":	15,
	"max_iterations":	10000,
	"time_taken":	3.78711184,
	"ground_truth_matrix":	[[0.16948671322645967, 0.34852867125185555, 0.48008648579103436, 0.0018981297306503366], [0.079987281299932059, 0.68202951659915934, 0.15530687378570474, 0.0826763283152038], [0.25105168191104937, 0.081029441322241033, 0.532172679173297, 0.13574619759341275]],
	"estimated_matrix":	[[0.16459071853135609, 0.35717641009105616, 0.47174431346691553, 0.0064885579106720766], [0.0716511210376135, 0.670307562445573, 0.18628454268826847, 0.0717567738285446], [0.23905120884083858, 0.11040663145426279, 0.50245895043594047, 0.14808320926895813]],
	"log_likelihood":	[-179.75195414270436, -136.92571954548151, -112.6384223346065, -98.148849823328447, -89.4423492159926, -84.366243646938159, -81.46468564119715, -79.817191722949374, -78.882067580767341, -78.349594140263036, -78.045647951601936, -77.873040650723951, -77.777291748784052, -77.7274487496275, -77.7055855203517, -77.6672580683089]
}
