{
	"input_file":	"../../instances/J100_M50_G3_I4_L50_seed8.json",
	"method":	"Hit and Run",
	"convergence_threshold":	0.001,
	"iterations_made":	14,
	"max_iterations":	10000,
	"time_taken":	2.813422888,
	"ground_truth_matrix":	[[0.248524592823477, 0.41590713024020765, 0.2445674774618472, 0.0910007994744682], [0.195642639627116, 0.0084665094920574734, 0.41573970330401455, 0.380151147576812], [0.24777481565370346, 0.21805134881656238, 0.27153704946869556, 0.26263678606103863]],
	"estimated_matrix":	[[0.2288378821954081, 0.425095618457608, 0.2455295416420584, 0.10053695770492523], [0.18031344485058581, 0.031130183104389062, 0.41933847078294084, 0.36921790126208481], [0.27730684680608564, 0.23546335926588172, 0.23628798423176256, 0.25094180969627]],
	"log_likelihood":	[-150.4086772516203, -116.36709949320179, -97.2824230506567, -86.222121198264858, -79.668431271378026, -75.733666681849073, -73.3564552721774, -71.9154524902021, -71.0365717527191, -70.494342986528466, -70.154337020049752, -69.9369904453499, -69.795176891095053, -69.700757774290537, -69.6138575557387]
}
