{
	"input_file":	"../../instances/J100_M50_G3_I4_L50_seed13.json",
	"method":	"Hit and Run",
	"convergence_threshold":	0.001,
	"iterations_made":	10,
	"max_iterations":	10000,
	"time_taken":	2.712166,
	"ground_truth_matrix":	[[0.218317657192871, 0.0393746969740127, 0.25245268623476663, 0.48985495959834957], [0.542201209301642, 0.091058092837147178, 0.14155571116247334, 0.22518498669873749], [0.380550442114957, 0.4747687767594026, 0.013226562056458096, 0.13145421906918225]],
	"estimated_matrix":	[[0.23866921660274906, 0.051759517810454014, 0.232766470154945, 0.47680479543185172], [0.53112832881173477, 0.10837244822477288, 0.13663444312134329, 0.22386477984214886], [0.367272566112584, 0.466671623484364, 0.021607153812776177, 0.14444865659027561]],
	"log_likelihood":	[-201.98406737306306, -148.30064293654013, -119.47571081526095, -103.80147020782866, -95.2447928789336, -90.6142740063258, -88.217159275118021, -87.1003016018773, -86.6950745561353, -86.662788324140735, -86.809786267575376]
}
