{
	"input_file":	"../../instances/J100_M50_G3_I4_L50_seed19.json",
	"method":	"Hit and Run",
	"convergence_threshold":	0.001,
	"iterations_made":	10,
	"max_iterations":	10000,
	"time_taken":	2.578239,
	"ground_truth_matrix":	[[0.052166889316142627, 0.72810163049277654, 0.144166630569279, 0.075564849621801933], [0.12400640059949905, 0.026686001932657091, 0.343301206964579, 0.506006390503265], [0.664535329822959, 0.16528278438434141, 0.039819720179869643, 0.1303621656128299]],
	"estimated_matrix":	[[0.070171665198517363, 0.71984825650397122, 0.13626411365346, 0.0737159646440514], [0.10318757393908772, 0.050137283982203927, 0.344481994126697, 0.50219314795201131], [0.64981379981526355, 0.16679534880062577, 0.050126110640735771, 0.13326474074337494]],
	"log_likelihood":	[-355.227246628764, -245.48824312720771, -181.45553286111877, -141.53459038943018, -116.94526815330639, -104.08397498432267, -97.942067573588432, -95.0479219754083, -93.749925176573726, -93.337326002007046, -93.472846449379929]
}
