{
	"input_file":	"../../instances/J100_M50_G3_I4_L50_seed11.json",
	"method":	"Hit and Run",
	"convergence_threshold":	0.001,
	"iterations_made":	12,
	"max_iterations":	10000,
	"time_taken":	2.7463810000000008,
	"ground_truth_matrix":	[[0.093264539298993046, 0.00922764103013564, 0.2919101149392348, 0.60559770473163632], [0.28831523205269738, 0.351439138882518, 0.0068038927321034627, 0.35344173633268122], [0.46088254985022259, 0.308299510147119, 0.21216300284705122, 0.018654937155607145]],
	"estimated_matrix":	[[0.10136053326171, 0.028087462261951662, 0.300643696054057, 0.56990830842228135], [0.25037676143626186, 0.37115798763863833, 0.029389432693786653, 0.34907581823131351], [0.46699854006319458, 0.27473258111318616, 0.20212260100978424, 0.056146277813835063]],
	"log_likelihood":	[-243.52389307375361, -177.4462845892389, -138.82963400069028, -115.19583381260408, -100.23835331159762, -90.960214979311445, -85.353338721470763, -82.0426399645697, -80.1696054934314, -79.184062973872045, -78.7271471163138, -78.573584903494861, -78.588025863256831]
}
