{
	"input_file":	"../../instances/J100_M50_G3_I4_L50_seed2.json",
	"method":	"Hit and Run",
	"convergence_threshold":	0.001,
	"iterations_made":	12,
	"max_iterations":	10000,
	"time_taken":	2.772949,
	"ground_truth_matrix":	[[0.29096972519164355, 0.013346201755036091, 0.4053198048712896, 0.29036426818203082], [0.25472546786309014, 0.1872870721984784, 0.10694707564706017, 0.45104038429137128], [0.14900963765748226, 0.12984582418451729, 0.40604164441947943, 0.315102893738521]],
	"estimated_matrix":	[[0.30210302069778483, 0.013285532914323534, 0.40378787867541371, 0.280823567712478], [0.25909094647539282, 0.18117529616551276, 0.10542348102950957, 0.45431027632958509], [0.15086339561658577, 0.14283514257717642, 0.41485938468061073, 0.291442077125627]],
	"log_likelihood":	[-129.38884884399073, -105.680135305015, -92.1799073304531, -84.1688017818857, -79.26344172773257, -76.234249569223564, -74.386126878889968, -73.297801726604135, -72.6958280674111, -72.397224246961571, -72.281587937765551, -72.272430384438323, -72.322731323768423]
}
