{
	"input_file":	"../../instances/J100_M50_G3_I4_L50_seed16.json",
	"method":	"Hit and Run",
	"convergence_threshold":	0.001,
	"iterations_made":	11,
	"max_iterations":	10000,
	"time_taken":	2.858587,
	"ground_truth_matrix":	[[0.13733033971538156, 0.402486971039085, 0.43481631950235439, 0.025366369743179053], [0.21871205928257512, 0.12338807712654326, 0.57049577727443768, 0.087404086316444057], [0.019119524157554624, 0.74212676605831351, 0.217462744278536, 0.02129096550559572]],
	"estimated_matrix":	[[0.12640992536713466, 0.40647624017366657, 0.440443753546002, 0.026670080913196982], [0.21866167855827648, 0.14594086979743023, 0.55112163083289634, 0.0842758208113973], [0.0316151509495331, 0.713942463326131, 0.2267988351272259, 0.027643550597110083]],
	"log_likelihood":	[-169.40030398678115, -132.9405761884673, -111.92521377256521, -99.2418274349271, -91.622812010092431, -87.179416405338728, -84.693015256187451, -83.3773513117669, -82.738640961839963, -82.474694967891338, -82.4070589296377, -82.434913552666771]
}
