{
	"input_file":	"../../instances/J100_M50_G3_I4_L50_seed1.json",
	"method":	"Hit and Run",
	"convergence_threshold":	0.001,
	"iterations_made":	12,
	"max_iterations":	10000,
	"time_taken":	2.64397,
	"ground_truth_matrix":	[[0.24822494433396575, 0.58611239568895857, 5.2616751750196278e-05, 0.16561004322532558], [0.179194262029625, 0.10938868480049078, 0.23271787507579811, 0.478699178094086], [0.16969288050778514, 0.25983737889369862, 0.18241242309601466, 0.38805731750250161]],
	"estimated_matrix":	[[0.24688830140810022, 0.56820400311829455, 0.0262294451472962, 0.15867825032630919], [0.18917890801723594, 0.12066290423217106, 0.20757950148959012, 0.48257868626100314], [0.14464208623817226, 0.28353793480099454, 0.16889745135805595, 0.40292252760277736]],
	"log_likelihood":	[-163.23122591207039, -127.11640595235808, -106.64062689526043, -95.233842295716741, -88.912857071029663, -85.4225273607507, -83.5126220409302, -82.48444953875196, -81.9475758749278, -81.683978238433, -81.571601368337923, -81.541782381351652, -81.555702955392434]
}
