{
	"input_file":	"../../instances/J100_M50_G3_I4_L50_seed7.json",
	"method":	"Hit and Run",
	"convergence_threshold":	0.001,
	"iterations_made":	11,
	"max_iterations":	10000,
	"time_taken":	2.622708,
	"ground_truth_matrix":	[[0.022970939991479138, 0.43806769354602731, 0.16697318978046674, 0.37198817668202688], [0.712028237377669, 0.14427461235209513, 0.12974505029533678, 0.0139520999748993], [0.0828928445429555, 0.18375599268884832, 0.30153350005390939, 0.43181766271428679]],
	"estimated_matrix":	[[0.054473378386896684, 0.44444439837919586, 0.15518630980507991, 0.34589591342882758], [0.69698447528639162, 0.14454908125007571, 0.11162572839645368, 0.0468407150670787], [0.073432603332276955, 0.20762968472049564, 0.309951439043987, 0.40898627290324041]],
	"log_likelihood":	[-255.46847208190968, -179.07912263452093, -134.67221608120693, -107.98891537651664, -92.39763654587513, -83.518048724587757, -78.5763117298642, -75.8238018193239, -74.2996058910043, -73.5135338633881, -73.206884805809366, -73.2210672759474]
}
