{
	"input_file":	"../../instances/J100_M50_G3_I4_L50_seed5.json",
	"method":	"Hit and Run",
	"convergence_threshold":	0.001,
	"iterations_made":	10,
	"max_iterations":	10000,
	"time_taken":	2.600903,
	"ground_truth_matrix":	[[0.04983539454067374, 0.40616979444752377, 0.04597554104672593, 0.49801926996507662], [0.17642180632607257, 0.24903375337454553, 0.38221213978536139, 0.19233230051402056], [0.17736032732383658, 0.10472522126556412, 0.042405367741133453, 0.675509083669466]],
	"estimated_matrix":	[[0.057721646306690619, 0.38578639227603068, 0.0462826685268234, 0.51020929289045547], [0.17133290648216756, 0.2271998048510418, 0.381330638796455, 0.22013664987033549], [0.1664314347475476, 0.12898872252065738, 0.02890230271685754, 0.67567754001493774]],
	"log_likelihood":	[-183.57959073958946, -135.13675622049493, -107.60327946094463, -91.8588710886699, -83.13893222031183, -78.493060887882024, -76.108675747002366, -74.9738957048313, -74.526943747950668, -74.450247189618551, -74.5615986710621]
}
