{
	"input_file":	"../../instances/J100_M50_G3_I4_L50_seed9.json",
	"method":	"Hit and Run",
	"convergence_threshold":	0.001,
	"iterations_made":	11,
	"max_iterations":	10000,
	"time_taken":	2.682206,
	"ground_truth_matrix":	[[0.0067904575313161844, 0.453791570266173, 0.445864345135731, 0.093553627066779749], [0.12490196468201752, 0.20095636964109462, 0.44178206861140756, 0.23235959706548037], [0.031330988253750372, 0.15125306603020736, 0.065104505715419259, 0.75231144000062322]],
	"estimated_matrix":	[[0.01793658078853479, 0.42541428259076042, 0.45471524025298476, 0.10193389636771986], [0.10912338599860433, 0.24281140398547343, 0.43868587824928457, 0.20937933176663726], [0.027731590861892239, 0.14092634606295912, 0.0818292013312093, 0.74951286174393927]],
	"log_likelihood":	[-228.05777220466413, -171.113255108076, -138.33231094334676, -118.03166503328781, -105.71081089000104, -98.657267163044551, -94.8483178162574, -92.9315804826041, -92.0670535288865, -91.7491295594427, -91.6895979020227, -91.735477686923247]
}
