{
	"input_file":	"../../instances/J100_M50_G3_I5_L50_seed3.json",
	"method":	"Hit and Run",
	"convergence_threshold":	0.001,
	"iterations_made":	8,
	"max_iterations":	10000,
	"time_taken":	3.186174,
	"ground_truth_matrix":	[[0.15028701708190306, 0.2312679172167543, 0.064556558588510629, 0.13427919500392829, 0.41960931210890373], [0.69371710750865156, 0.041081001690991485, 0.0710920028043775, 0.016174863536975309, 0.17793502445900408], [0.0096528152078873657, 0.19423600165890281, 0.33332108255790721, 0.10387615586913534, 0.35891394470616728]],
	"estimated_matrix":	[[0.14184244568578108, 0.22419454433247069, 0.080026212832048235, 0.13792805365522215, 0.41600874349447825], [0.64868765370474557, 0.070537021186163451, 0.0732699983796896, 0.0191588752847414, 0.18834645144466045], [0.045672361483667712, 0.18105602746913207, 0.33475987369201288, 0.097296193035090572, 0.34121554432009721]],
	"log_likelihood":	[-286.75508532559081, -216.41788862503486, -176.33776283620335, -153.93753635898995, -141.02459666594405, -133.96204338688426, -130.73411711078816, -129.73503466944516, -129.90021075472268]
}
