{
	"input_file":	"../../instances/J100_M50_G3_I5_L50_seed8.json",
	"method":	"Hit and Run",
	"convergence_threshold":	0.001,
	"iterations_made":	9,
	"max_iterations":	10000,
	"time_taken":	2.750133,
	"ground_truth_matrix":	[[0.2408528232864513, 0.40306838613139045, 0.23701786113606288, 0.088191672404500154, 0.030869257041595231], [0.0046235208136498141, 0.22703348683302479, 0.20759874477234228, 0.29826212688429032, 0.26248212069669274], [0.15472836613195357, 0.14965678117547959, 0.27316305159423143, 0.23789096581818792, 0.18456083528014738]],
	"estimated_matrix":	[[0.22845650699485143, 0.408405636262776, 0.24741591824666345, 0.061608782604204826, 0.0541131558915045], [0.026064664512507385, 0.24496305158664564, 0.17659275584498207, 0.3192148208519327, 0.2331647072039322], [0.13782867903317614, 0.1672228178491, 0.29605412875133952, 0.22588915570931811, 0.17300521865706653]],
	"log_likelihood":	[-173.52393715473525, -142.81977154018179, -124.23210512700638, -113.14673568653512, -107.04547105667824, -103.85692646431505, -102.29752159922916, -101.65866960866273, -101.54740241997725, -101.73672306338393]
}
