{
	"input_file":	"../../instances/J100_M50_G3_I5_L50_seed15.json",
	"method":	"Hit and Run",
	"convergence_threshold":	0.001,
	"iterations_made":	8,
	"max_iterations":	10000,
	"time_taken":	2.702591,
	"ground_truth_matrix":	[[0.64854204216829081, 0.06766170140398764, 0.0191880471746618, 0.15402614754092744, 0.1105820617121324], [0.39962760023412636, 0.1932796691291607, 0.19217922484338035, 0.062716975103724426, 0.15219653068960812], [0.32331925157997, 0.0397230933730216, 0.16383271065462152, 0.2600236369715952, 0.21310130742079147]],
	"estimated_matrix":	[[0.61853588812812121, 0.056354573729504025, 0.03460578492905643, 0.15487425124040224, 0.13562950197291618], [0.43699241101267711, 0.19070620705864566, 0.18552476150182995, 0.0536500964364945, 0.13312652399035274], [0.31100047414063714, 0.0589149092206757, 0.15135602000887888, 0.2788198427455692, 0.1999087538842389]],
	"log_likelihood":	[-149.39809110497487, -123.31508905959745, -109.1583977628394, -101.456076128894, -97.466795312941557, -95.6059950847921, -94.9348466842804, -94.910888542466267, -95.2223532133192]
}
