{
	"input_file":	"../../instances/J100_M50_G3_I5_L50_seed14.json",
	"method":	"Hit and Run",
	"convergence_threshold":	0.001,
	"iterations_made":	8,
	"max_iterations":	10000,
	"time_taken":	2.788465,
	"ground_truth_matrix":	[[0.15590939304920856, 0.32060857491831252, 0.44162749507565729, 0.0017460734744377071, 0.080108463482383763], [0.59766213007816038, 0.13609533714227331, 0.072449225855054339, 0.14650677874371171, 0.047286528180800258], [0.41478598240157316, 0.10580328928860022, 0.19550423839535092, 0.0014878074903490689, 0.28241868242412665]],
	"estimated_matrix":	[[0.16690632354528895, 0.31937976314931565, 0.4115416279727111, 0.0066851023723463248, 0.0954871829603383], [0.56151204176722, 0.16314465444410853, 0.0721924814693163, 0.14529397916044134, 0.057856843158914], [0.42075656378408555, 0.10349094060577355, 0.20432654530460539, 0.01119770929878125, 0.26022824100675451]],
	"log_likelihood":	[-222.76945550477248, -165.8176431148778, -134.25752612615543, -117.71846100224862, -109.43531652150956, -105.05702956144214, -103.13400285321585, -102.66277648341793, -102.86900246632037]
}
