{
	"input_file":	"../../instances/J100_M50_G3_I5_L50_seed12.json",
	"method":	"Hit and Run",
	"convergence_threshold":	0.001,
	"iterations_made":	9,
	"max_iterations":	10000,
	"time_taken":	2.879604,
	"ground_truth_matrix":	[[0.0644455938402166, 0.51858148681146043, 0.11762784906370648, 0.29369367360951, 0.0056513966751065665], [0.308115663974515, 0.28351387469299938, 0.0041724687997965176, 0.386082738833395, 0.018115253699294016], [0.055000586872240034, 0.15348701412423124, 0.47555007013414252, 0.3155896909089051, 0.00037263796048121083]],
	"estimated_matrix":	[[0.0608735527074161, 0.558935677724513, 0.11747713792469326, 0.25621197806836332, 0.0065016535750143751], [0.32400768550205816, 0.28034627709757864, 0.028489835174479571, 0.35103975815596572, 0.016116444069918169], [0.0536589203315912, 0.12574056794825766, 0.45378713435781043, 0.36603912536695216, 0.000774251995388881]],
	"log_likelihood":	[-227.82983624550519, -163.71754132571743, -129.42322824835986, -112.1612325453434, -103.2715685075503, -98.6096201866473, -96.223229162073537, -95.134191229854068, -94.8260618945061, -94.984760156242658]
}
