{
	"input_file":	"../../instances/J100_M50_G3_I5_L50_seed17.json",
	"method":	"Hit and Run",
	"convergence_threshold":	0.001,
	"iterations_made":	8,
	"max_iterations":	10000,
	"time_taken":	2.735673,
	"ground_truth_matrix":	[[0.11895137105452967, 0.25770294108928515, 0.0724444925653346, 0.023960336247350313, 0.52694085904350019], [0.31206054417870038, 0.29648936342259824, 0.25041356224424272, 0.011641851525571994, 0.12939467862888676], [0.409075625543571, 0.0086961370341577856, 0.280225064237081, 0.294623242274094, 0.0073799309110963163]],
	"estimated_matrix":	[[0.16627264202917377, 0.21781295815897384, 0.0793175239316959, 0.026506052153166256, 0.51009082372699055], [0.282516363433384, 0.27877342112862274, 0.27917597156552576, 0.033837758303613658, 0.12569648556885393], [0.38180327642755985, 0.045629244906557148, 0.25964686215147131, 0.277105322472309, 0.035815294042102486]],
	"log_likelihood":	[-298.03142005522028, -214.86464294797887, -172.14121047779727, -149.48262323158536, -137.34644734805252, -131.65277172396458, -129.44833186504485, -128.88090767563614, -128.98802115843634]
}
