{
	"input_file":	"../../instances/J100_M50_G3_I5_L50_seed18.json",
	"method":	"Hit and Run",
	"convergence_threshold":	0.001,
	"iterations_made":	7,
	"max_iterations":	10000,
	"time_taken":	2.711939,
	"ground_truth_matrix":	[[0.17583738578154742, 0.11781376416577459, 0.35282805535055234, 0.033581138096485837, 0.31993965660563983], [0.19198564982437369, 0.15185075922920055, 0.611071372104512, 0.041117190992067849, 0.0039750278498458178], [0.23155809514120673, 0.4309450870170965, 0.30554024270356456, 0.0048214909585465749, 0.027135084179585732]],
	"estimated_matrix":	[[0.18244694097434408, 0.138948137834063, 0.351624360812411, 0.047519208962816743, 0.27946135141636547], [0.20603841742786019, 0.18015139654490292, 0.57587816005316139, 0.014123276478218531, 0.023808749495857394], [0.22174922558711793, 0.39755082765911687, 0.348649653667435, 0.0097264009374362949, 0.02232389214889385]],
	"log_likelihood":	[-188.84155105235268, -145.0581911503948, -123.38877746397456, -113.16784932867725, -108.80177608131162, -107.15731059640555, -106.69300258961644, -106.72422755492649]
}
