{
	"input_file":	"../../instances/J100_M50_G3_I5_L50_seed9.json",
	"method":	"Hit and Run",
	"convergence_threshold":	0.001,
	"iterations_made":	7,
	"max_iterations":	10000,
	"time_taken":	2.6727390000000009,
	"ground_truth_matrix":	[[0.0061742133612349686, 0.4126093070211917, 0.40540148941948045, 0.085063495583889731, 0.090751494614203052], [0.15553306732402988, 0.34192357446845528, 0.17983804603115919, 0.055375461920108081, 0.26732985025624767], [0.027870328380781784, 0.32205400604816126, 0.460581980701258, 0.0060366687454068944, 0.18345701612439208]],
	"estimated_matrix":	[[0.024072582388037538, 0.388961594628176, 0.418688861293402, 0.0841809658660048, 0.0840959958243797], [0.13928163281422012, 0.35514394190541715, 0.21304137026236533, 0.049966656047205189, 0.24256639897079216], [0.01601468509035946, 0.34365592132364664, 0.43212433341455991, 0.00858362360649433, 0.19962143656493941]],
	"log_likelihood":	[-142.54371169869381, -122.69530356624472, -111.867005076725, -105.93740743601933, -102.82447084275506, -101.37059404137965, -100.93844980376279, -101.15324146281623]
}
