{
	"input_file":	"../../instances/J100_M50_G3_I5_L50_seed1.json",
	"method":	"Hit and Run",
	"convergence_threshold":	0.001,
	"iterations_made":	7,
	"max_iterations":	10000,
	"time_taken":	2.646782,
	"ground_truth_matrix":	[[0.23133554027621162, 0.546232885994193, 4.9036670050913147e-05, 0.15434181656277288, 0.068040720496771734], [0.048287721645296849, 0.10272923560641152, 0.21131337949440179, 0.25192172053433709, 0.38574794271955271], [0.13381390465004245, 0.284670660044346, 0.056330366829679117, 0.518345950749748, 0.0068391177261846641]],
	"estimated_matrix":	[[0.22679857609064763, 0.53112204409646968, 0.01551208653457198, 0.15938691892088511, 0.0671803743574258], [0.05150729095145988, 0.10205110079663743, 0.21012209231004816, 0.274561750603604, 0.36175776533825044], [0.13804043307190167, 0.28887041766912563, 0.048559947014704917, 0.49576467326351675, 0.028764528980750912]],
	"log_likelihood":	[-272.4462570202196, -198.9845006006455, -160.01410410391318, -138.75036598258146, -127.002154578545, -121.26810082278138, -120.0698100660092, -121.68014621223224]
}
