{
	"input_file":	"../../instances/J100_M50_G3_I5_L50_seed4.json",
	"method":	"Hit and Run",
	"convergence_threshold":	0.001,
	"iterations_made":	8,
	"max_iterations":	10000,
	"time_taken":	2.7259800000000007,
	"ground_truth_matrix":	[[0.33270219763982, 0.077260685478113045, 0.351047145907638, 0.12233189286483045, 0.1166580781095984], [0.050165543415490517, 0.77088292625501365, 0.0012877732599235222, 0.0600985069713388, 0.11756525009823347], [0.18899528973896992, 0.027543337100804529, 0.24857010990663789, 0.512514609975885, 0.022376653277702586]],
	"estimated_matrix":	[[0.30766290513711853, 0.10524836775934715, 0.34301095754370858, 0.12163817076119775, 0.12243959879862837], [0.069015986763401052, 0.720057590533411, 0.041750616972702936, 0.047568099947036688, 0.12160770578344864], [0.20226343801603416, 0.03730313462955754, 0.21216783442858766, 0.51820511024541283, 0.03006048268040791]],
	"log_likelihood":	[-353.35043086204064, -247.39591909826223, -188.4326116034523, -154.28059948428489, -134.85934954274879, -124.90187613405416, -120.52376792236502, -119.52977798316329, -120.9122357171232]
}
