{
	"input_file":	"../../instances/J100_M50_G3_I5_L50_seed20.json",
	"method":	"Hit and Run",
	"convergence_threshold":	0.001,
	"iterations_made":	8,
	"max_iterations":	10000,
	"time_taken":	2.691464,
	"ground_truth_matrix":	[[0.12464155160427713, 0.320365700211782, 0.31211881819805165, 0.23773827434383188, 0.0051356556420572141], [0.32050330871114646, 0.129607407316133, 0.19904243955549125, 0.29216240134150717, 0.058684443075721966], [0.048862291507300849, 0.19490249288206324, 0.23484758945089862, 0.29193992606900426, 0.22944770009073309]],
	"estimated_matrix":	[[0.15241954156362292, 0.31602724932016724, 0.28132109880426737, 0.2186026543295515, 0.031629455982391384], [0.281570792946875, 0.16055362991403485, 0.2327910019539382, 0.27775038439318162, 0.0473341907919708], [0.0446760917894516, 0.16890309133169087, 0.23284913329565615, 0.32934587495187673, 0.22422580863132494]],
	"log_likelihood":	[-152.55836287921414, -126.825387985468, -112.74640945400616, -104.624506639893, -100.10575161168414, -97.990503680477076, -97.2016967143119, -97.050514642342, -97.2293101857656]
}
