{
	"input_file":	"../../instances/J100_M50_G4_I10_L50_seed10.json",
	"method":	"Hit and Run",
	"convergence_threshold":	0.001,
	"iterations_made":	2,
	"max_iterations":	10000,
	"time_taken":	3.927674,
	"ground_truth_matrix":	[[0.21843127705125, 0.00310455594308142, 0.14866145756024521, 0.20452786828098479, 0.10217584773651123, 0.037696783123583662, 0.032677328835812119, 0.21160574168951965, 0.027426722860244761, 0.013692416918767124], [0.089337698565748663, 0.23688004378999766, 0.000305646789730184, 0.055459840205091121, 0.12938125590902735, 0.0732507112687405, 0.0988351780171504, 0.026665214833852879, 0.19301748277755362, 0.0968669278431076], [0.10672896050204253, 0.020927421351082318, 0.063779059262355456, 0.153018180528831, 0.0795746549692582, 0.0776761725567312, 0.13124552522321278, 0.098226905335430229, 0.14342301595160181, 0.12540010431945453], [0.1919861357043022, 0.0865406000475947, 0.28084304616379091, 0.045128827850497613, 0.011127371584026975, 0.041976099394574959, 0.014202749869359089, 0.20704656332915794, 0.0056368930526053875, 0.11551171300409022]],
	"estimated_matrix":	[[0.25487371219972188, 0.039725278680889334, 0.13627735788595807, 0.14139755909407184, 0.0761403141692119, 0.049536245284835821, 0.025835255394142866, 0.18735480328299184, 0.047338752910574676, 0.041520721097601014], [0.12209470526036685, 0.19402008936229312, 0.062031729109944866, 0.057191179670726913, 0.11402792499940449, 0.062839457703111765, 0.0865586979004012, 0.0705380680072164, 0.14169890822851888, 0.088999239758015047], [0.10941160403240219, 0.0362865544481024, 0.1048188675560701, 0.13740209880149376, 0.069468421550806972, 0.0813944311512685, 0.11237623135176034, 0.10919612807718265, 0.11608040380488426, 0.12356525922602821], [0.15746412316505315, 0.10367038968632361, 0.23703325488322244, 0.071897963080084851, 0.035498312077229262, 0.038211746662988842, 0.048065383558758869, 0.1945224688975922, 0.02845171579663975, 0.0851846421921067]],
	"log_likelihood":	[-440.3898420499961, -401.80324158880472, -418.67161982180426]
}
