{
	"input_file":	"../../instances/J100_M50_G4_I10_L50_seed9.json",
	"method":	"Hit and Run",
	"convergence_threshold":	0.001,
	"iterations_made":	2,
	"max_iterations":	10000,
	"time_taken":	3.70868,
	"ground_truth_matrix":	[[0.0031845878535814529, 0.21281910917822938, 0.20910140020993273, 0.043874767354241673, 0.046808571478480061, 0.075310909771104, 0.16556334873637976, 0.0870796615220599, 0.026813439019434428, 0.12944420487655667], [0.0142710070749783, 0.16490781651527461, 0.23584109291398292, 0.0030910774066948976, 0.093939200833778158, 0.066516745753404521, 0.17855868802116745, 0.085985088518246378, 0.0620822392605847, 0.0948070437018881], [0.029749867779614324, 0.072198273449989248, 0.10609433568271461, 0.038165718905451625, 0.17185928702530912, 0.099157362908030441, 0.24942287516209627, 0.011319994990374232, 0.044833360092397113, 0.177198924004023], [0.0752028946487588, 0.14144413173079354, 0.25355459418123122, 0.014719976569851292, 0.0199782340187023, 0.14823323769446353, 0.1697994559674898, 0.10184511376430988, 0.030556255175655311, 0.044666106248744418]],
	"estimated_matrix":	[[0.00812012873300291, 0.19439568342706162, 0.21632052114574019, 0.037075998698739614, 0.0626120716505033, 0.0919666694769821, 0.17459459834634228, 0.073815767788956141, 0.03060479040083677, 0.11049377033183472], [0.021598618935827686, 0.15907298218533711, 0.24576055464191596, 0.010390618564056053, 0.095819793389474, 0.078413480449762957, 0.16019915546802357, 0.080658794651645077, 0.067169378398525437, 0.080916623315432076], [0.027550084330059191, 0.0797211065011065, 0.13426379054138823, 0.03910830780159532, 0.11472475732387848, 0.093836328976149727, 0.27280640772559756, 0.041403628776586515, 0.047964669124965512, 0.14862091889867232], [0.057209711333270588, 0.15715063581030791, 0.24209637503718154, 0.021399993327014224, 0.049221953447018657, 0.12543707374393209, 0.16518478275509027, 0.0713178120536357, 0.042279842158484446, 0.0687018203340644]],
	"log_likelihood":	[-357.9239884858257, -346.81379822031124, -359.15774219476612]
}
