{
	"input_file":	"../../instances/J100_M50_G4_I10_L50_seed6.json",
	"method":	"Hit and Run",
	"convergence_threshold":	0.001,
	"iterations_made":	3,
	"max_iterations":	10000,
	"time_taken":	4.377693,
	"ground_truth_matrix":	[[0.2757785884142302, 0.049811174985890418, 0.21256714574811184, 0.0052585713872016051, 0.0140634359385901, 0.11161384679915949, 0.093172468949395029, 0.067002269496367034, 0.0504463957726052, 0.12028610250844927], [0.037829281177702068, 0.087361551550571126, 0.047893920136897319, 0.056745822878612753, 0.0680224331729206, 0.30367179058157329, 0.11247047241485471, 0.0349793289128446, 0.13711825271796652, 0.11390714645605694], [0.005413509600190102, 0.12255642412443131, 0.15659858686385889, 0.12886126867449413, 0.11934533866161898, 0.07524458775695847, 0.012885711406898518, 0.30556443953072565, 0.049894633529748239, 0.023635499851075638], [0.090164733028354122, 0.36765682516296033, 0.021069090239579279, 0.079412694323611074, 0.065221546149441673, 0.0901789470722112, 0.19771721902747164, 0.030945402439308864, 0.020879499661255487, 0.0367540428958064]],
	"estimated_matrix":	[[0.22357107968168666, 0.0856124002866743, 0.17812462672247312, 0.02328730013039847, 0.040206437856754415, 0.12930366444966718, 0.084427518651665076, 0.060429659438164821, 0.059425859606053025, 0.11561145317646318], [0.0447447056110656, 0.13184222344976307, 0.0487595812597944, 0.0684592446999363, 0.0658164162427871, 0.25635565308699265, 0.1010497638308214, 0.053304857400308, 0.11955806500977449, 0.110109489408757], [0.032409591522908614, 0.14874633068132115, 0.121868092074827, 0.10952912361904735, 0.0853633826814789, 0.0861720305844147, 0.045229508140483932, 0.281388920666888, 0.049970625036538444, 0.039322394992091815], [0.10949209681174739, 0.25406857546252287, 0.049441807432040775, 0.0635888139727657, 0.0566400570096243, 0.10893606371775466, 0.19907664798396135, 0.0728965094546655, 0.037410225332796823, 0.048449202822121167]],
	"log_likelihood":	[-479.417089456633, -424.53399615850981, -404.68456349858485, -411.13035725277172]
}
