{
	"input_file":	"../../instances/J100_M50_G4_I10_L50_seed15.json",
	"method":	"Hit and Run",
	"convergence_threshold":	0.001,
	"iterations_made":	3,
	"max_iterations":	10000,
	"time_taken":	4.228617,
	"ground_truth_matrix":	[[0.39339948770115563, 0.041042950092062262, 0.011639288492786368, 0.093430808791668, 0.067078035960545859, 0.157217266005475, 0.0760380442620253, 0.0756051191039522, 0.02467344936176653, 0.059875550228563078], [0.2953606482247047, 0.036288091571448439, 0.14966549434619961, 0.23753843791970947, 0.19467365456822786, 0.027970400863696843, 0.021652015798033372, 0.00565896413313319, 0.00475841081323897, 0.0264338817616074], [0.4551716897329145, 0.032506860223525939, 0.099599876553778, 0.044701146428546813, 0.049670784992480038, 0.20217060418700536, 0.00807758594348576, 0.043600597580280752, 0.010636544040331203, 0.053864310317651654], [0.052571421830119418, 0.11419191992446751, 0.16211882632878732, 0.067048666787579, 0.144369323587347, 0.1523146549010575, 0.08060745680876423, 0.0763970285101682, 0.0732510321786754, 0.077129669143034332]],
	"estimated_matrix":	[[0.40438014245009513, 0.044484014980590972, 0.035388469051390745, 0.076602540185972373, 0.0706115702132139, 0.12606245197414431, 0.079125943840746754, 0.0822106152339838, 0.028930532389430177, 0.052203719680431714], [0.29289790996264026, 0.036658230155000651, 0.12944666557754789, 0.20996060779568834, 0.15201117076834944, 0.0755704444707316, 0.032714377260741938, 0.025363816508721045, 0.011049027805025063, 0.03432774969555405], [0.35835741339129773, 0.046680717793464478, 0.14160159677043957, 0.0718410676045637, 0.0827680651923235, 0.16663302213171083, 0.011917231552644892, 0.037414911491099483, 0.023376056964686014, 0.05940991710776955], [0.12872348354171337, 0.092253468196088664, 0.15295136924092509, 0.0655781453820894, 0.1587502156588261, 0.15738419621419725, 0.052199364819432326, 0.058973477345574156, 0.045470847344787318, 0.087715432256366049]],
	"log_likelihood":	[-419.864989106842, -386.53837244543251, -379.66568204192765, -390.5883270462902]
}
