{
	"input_file":	"../../instances/J100_M50_G4_I10_L50_seed3.json",
	"method":	"Hit and Run",
	"convergence_threshold":	0.001,
	"iterations_made":	3,
	"max_iterations":	10000,
	"time_taken":	4.264059,
	"ground_truth_matrix":	[[0.0931453723690264, 0.14333597595076422, 0.040011072182719966, 0.0832239927500704, 0.26006681338677834, 0.26376288024201622, 0.01561968590937181, 0.027030371918026031, 0.0061499544235774336, 0.06765388086764923], [0.00530734356503633, 0.10679549657807895, 0.18326772703150396, 0.057113539992176665, 0.1973392812162813, 0.156378119637341, 0.00424742361571192, 0.143197917396384, 0.052509906307626246, 0.093843244659859673], [0.0395463488169282, 0.1401219686035122, 0.0688690139110761, 0.02023877259293767, 0.0933097362495889, 0.17976208999999529, 0.043388781861188462, 0.029768361144874161, 0.058235178169727869, 0.3267597486501711], [0.30577533984047445, 0.091491465069962336, 0.19114167175880473, 0.15325095051847379, 0.038928389250341831, 0.0079323384323611, 0.086875804637829054, 0.066909239758589, 0.036790914047388532, 0.02090388668577518]],
	"estimated_matrix":	[[0.080952866809913121, 0.15503192990985185, 0.063866769208963628, 0.0912653109296119, 0.20334371878831431, 0.24489437486840956, 0.023580300560960669, 0.037618368844908719, 0.017265328808589678, 0.082181031270476532], [0.033709307167896732, 0.11943632047760389, 0.1504299557346396, 0.0627014201658145, 0.23946609318565423, 0.13601084974759006, 0.013377395859647609, 0.0949414538071666, 0.059281478585417775, 0.090645725268568969], [0.053051545365252285, 0.1062496614511525, 0.12065126428308275, 0.0386654938677628, 0.10981149310725406, 0.1607646432649748, 0.03051398038770672, 0.042908078410769039, 0.0488537150111647, 0.28853012485088064], [0.25576598164066727, 0.096788899312435936, 0.17563083327582113, 0.11620768283185434, 0.055942853534371048, 0.058832433012055527, 0.064593945022824, 0.0781970247866625, 0.047447769499934, 0.050592577083374529]],
	"log_likelihood":	[-466.1758736234666, -412.97290733619849, -412.09334955394723, -438.67192775166342]
}
