{
	"input_file":	"../../instances/J100_M50_G4_I10_L50_seed20.json",
	"method":	"Hit and Run",
	"convergence_threshold":	0.001,
	"iterations_made":	2,
	"max_iterations":	10000,
	"time_taken":	3.671825,
	"ground_truth_matrix":	[[0.082219907057948835, 0.21132951055997232, 0.20588944772410889, 0.15682425779427028, 0.0033877396753867507, 0.10908302458583818, 0.0441117692532601, 0.06774392256656836, 0.099437221215447555, 0.019973199567198632], [0.036851563522719288, 0.14699395741819674, 0.17712024127059539, 0.22017884136159249, 0.17304768634872764, 0.0043302193415076231, 0.01438446802344439, 0.16130282000057855, 0.031695152369169713, 0.034095050343468228], [0.15918532554909737, 0.24428049725138792, 0.067357448039370771, 0.01608475063339752, 0.12010770984818865, 0.055369517882249544, 0.0814706996585495, 0.14939832088464047, 0.050476971643638679, 0.056268758609479635], [0.17512236761584526, 0.1619564906034287, 0.048192968371954921, 0.010729382754040132, 0.22721335331152778, 0.10095756647924056, 0.061467597720307812, 0.11001516460228818, 0.047109106956295665, 0.057236001585070841]],
	"estimated_matrix":	[[0.10061072095492025, 0.20613491939015827, 0.20193166413741462, 0.12111323092066903, 0.049345798009335431, 0.083208871304112447, 0.054274341255524085, 0.073979980267693174, 0.07985831632216514, 0.029542157438007553], [0.064648709804796478, 0.16509898653513375, 0.13557515183140234, 0.17981623771072688, 0.15962993364954381, 0.0375319497645367, 0.026313292710398888, 0.14738102916638887, 0.0437730461669109, 0.040231662660161961], [0.13873740444220684, 0.207025921457233, 0.0544699028856162, 0.046317253673184088, 0.1219004184556083, 0.0796212479161345, 0.0728455085895389, 0.17264897581010177, 0.052265674808424159, 0.054167691961952459], [0.144873986022184, 0.16647671949764736, 0.0846356074548748, 0.0510411623857643, 0.19736067368659624, 0.0892475929698817, 0.0473557877589436, 0.12607336417006007, 0.04164181630246825, 0.051293289751579769]],
	"log_likelihood":	[-367.34262074574053, -334.913936211325, -336.01459653585283]
}
