{
	"input_file":	"../../instances/J100_M50_G4_I10_L50_seed17.json",
	"method":	"Hit and Run",
	"convergence_threshold":	0.001,
	"iterations_made":	3,
	"max_iterations":	10000,
	"time_taken":	4.218191,
	"ground_truth_matrix":	[[0.054910088458876, 0.1189603042476769, 0.033441678392234289, 0.011060521380987629, 0.24324536090811941, 0.16800779444181613, 0.15962455027817882, 0.13481816614048331, 0.006267763850691715, 0.069663771900935742], [0.26764821479172474, 0.0056896705827529951, 0.18334443193306962, 0.19276480901552057, 0.0048285089853900686, 0.0970980434545545, 0.0737276519453078, 0.083622163902498159, 0.060710408957484467, 0.03056609643169713], [0.061293315400922067, 0.14297314709892539, 0.0874505158885679, 0.269583459149985, 0.0940159576003571, 0.026945286382059955, 0.028369706465992364, 0.00985493121997195, 0.21955082091383865, 0.059962859879379625], [0.027978576920902727, 0.22472698094290286, 0.10596298174908114, 0.010848437656095965, 0.0994163500487766, 0.021855755802098156, 0.14258293056171176, 0.015920005850525783, 0.074333627491735846, 0.27637435297616914]],
	"estimated_matrix":	[[0.057132285086763934, 0.10459296426201928, 0.045042823110944818, 0.062818439709306964, 0.21859822772215695, 0.14917552708837933, 0.1463798026635546, 0.10124204135124944, 0.031482120508647633, 0.083535768496977067], [0.218203082712035, 0.04129674872952064, 0.16364532808715107, 0.1390623284686405, 0.039938347299848236, 0.097588817815357373, 0.11922828570981196, 0.072431016399028658, 0.06239194495979003, 0.046214099818816343], [0.076803230001054032, 0.14640575679125345, 0.0763721136905021, 0.25546612973954153, 0.074762924314548257, 0.040886042488725, 0.044305390876937675, 0.0335738302931777, 0.18201562268530824, 0.069408959118951563], [0.055859365528854232, 0.1894402859318782, 0.1142504673421719, 0.058646426861955321, 0.0736686132803396, 0.048188032616383061, 0.11082964049021836, 0.028636943800462868, 0.0914061903580129, 0.22907403378972355]],
	"log_likelihood":	[-482.76772499786688, -411.70859902801, -399.29707791416018, -411.2453785463432]
}
