{
	"input_file":	"../../instances/J100_M50_G4_I10_L50_seed12.json",
	"method":	"Hit and Run",
	"convergence_threshold":	0.001,
	"iterations_made":	3,
	"max_iterations":	10000,
	"time_taken":	4.2642,
	"ground_truth_matrix":	[[0.015582156525603087, 0.12538666210153721, 0.028440975506022707, 0.0710115388820721, 0.0013664386086365743, 0.2336170641797074, 0.21496368670652949, 0.0031636168665235879, 0.29273265374842722, 0.013735206874940618], [0.033685472240404149, 0.094004134275044657, 0.29125377741216613, 0.19328498797955979, 0.00022822457699712571, 0.074318804422831147, 0.0810309053295545, 0.067032982095265731, 0.14748154604349473, 0.017679165624682143], [0.20048479434601485, 0.0029150704700110059, 0.020137011718670491, 0.017134292221539584, 0.051415898857770453, 0.15429323352817573, 0.088328200571823071, 0.23478377805692366, 0.047395008217637064, 0.18311271201143423], [0.0857547781576633, 0.0280620670905269, 0.028810319901014445, 0.2700700037876394, 0.069276535430054548, 0.21227562261024174, 0.10315021172868229, 0.12325061444742259, 0.03690785596159827, 0.042441990885156468]],
	"estimated_matrix":	[[0.047804027279985242, 0.0979977750967201, 0.0450899716804125, 0.0831423234809567, 0.0159223112222578, 0.20121936635474008, 0.19889982049921748, 0.0444230273739698, 0.24168261325747947, 0.023818763754260622], [0.050441493539888249, 0.0761742139142313, 0.27277709426903268, 0.16567419614875284, 0.010648368940542965, 0.10445759529725365, 0.092050776320861449, 0.065303935755847364, 0.13800883652920953, 0.024463489284380049], [0.182973254606812, 0.029534940328074022, 0.037820869818171357, 0.054082702234882665, 0.037768805637641269, 0.18703933214753596, 0.0768005130571931, 0.19219617055050126, 0.0672467501773876, 0.134536661441801], [0.057997534184361432, 0.0353929028654044, 0.043509535534550246, 0.22612955771017459, 0.053320351063303677, 0.20569086059124858, 0.12733438542661174, 0.12220131157440238, 0.068785164117299152, 0.059638396932643743]],
	"log_likelihood":	[-531.24361961768852, -455.67636431139641, -429.15402618876652, -461.515623448325]
}
