{
	"input_file":	"../../instances/J100_M50_G4_I10_L50_seed4.json",
	"method":	"Hit and Run",
	"convergence_threshold":	0.001,
	"iterations_made":	2,
	"max_iterations":	10000,
	"time_taken":	4.366783,
	"ground_truth_matrix":	[[0.22583551318107506, 0.052443917345447011, 0.23828791306220862, 0.0830378819242122, 0.079186543171321358, 0.016113585473482447, 0.24761394129387149, 0.00041364337115573342, 0.019304135128980132, 0.037762926048245667], [0.12006391970874336, 0.017497584298260781, 0.15791029373823773, 0.32558754806371482, 0.014215320954268749, 0.072264894734091964, 0.00071710695160031874, 0.038822962732027649, 0.0035880152585265278, 0.249332353560528], [0.055515405364858314, 0.28830098826938388, 0.1495248801034782, 0.19495435552022833, 0.018424095092939071, 0.00754847271122037, 0.0889614160291074, 0.017817431884025, 0.12808472611908472, 0.0508682289056748], [0.0866995985623684, 0.3203931365668275, 0.0851894114973985, 0.013226544553905954, 0.019895455387539254, 0.0910104426573138, 0.0858452373772756, 0.11724633796272703, 0.0592935471165809, 0.12120028831806316]],
	"estimated_matrix":	[[0.21829267029999425, 0.0886073285739176, 0.20518416485217167, 0.091688634892301529, 0.0759440464688652, 0.021744045918272784, 0.17066576193397381, 0.016987444720057206, 0.033995327863069184, 0.076890574477377224], [0.09017299355927, 0.070187836767847761, 0.18312740988713, 0.2595275349067146, 0.0204051010481426, 0.0704375223519426, 0.050737510331138949, 0.038938304942005848, 0.029211764334740223, 0.187254021871068], [0.080893770937134651, 0.25035501578533881, 0.12844138738333669, 0.17718589968009577, 0.028308651806145339, 0.025423819726006394, 0.0884968472132099, 0.023113592433650122, 0.11843766353505994, 0.079343351500022863], [0.0984488150351778, 0.25992392542786236, 0.13032726684054349, 0.062751631315165035, 0.015245082334231465, 0.064062321244299947, 0.11641307622454236, 0.090678563694646261, 0.04717633387675265, 0.11497298400677905]],
	"log_likelihood":	[-490.35757651296353, -452.902807728635, -456.13856421866211]
}
