{
	"input_file":	"../../instances/J100_M50_G4_I2_L50_seed14.json",
	"method":	"Hit and Run",
	"convergence_threshold":	0.001,
	"iterations_made":	18,
	"max_iterations":	10000,
	"time_taken":	2.7596260000000008,
	"ground_truth_matrix":	[[0.32718470976908715, 0.6728152902309128], [0.99606184581514945, 0.0039381541848506141], [0.104967871470104, 0.895032128529896], [0.65259594969166024, 0.34740405030833971]],
	"estimated_matrix":	[[0.36479104333848233, 0.63520895666151733], [0.96165756984900941, 0.038342430150990023], [0.082385728613239326, 0.917614271386761], [0.66123997649231481, 0.33876002350768569]],
	"log_likelihood":	[-187.47493186207853, -128.48176197664657, -93.376863474804736, -70.649914380798336, -55.477253055940253, -45.312028880987526, -38.533955467427582, -34.00931057325306, -30.964217872947646, -28.895978432210455, -27.484783678103415, -26.5250788705692, -25.880757504804432, -25.458479623261308, -25.1923795469444, -25.03520049181521, -24.9528562905837, -24.920829557966435, -24.921626416293631]
}
