{
	"input_file":	"../../instances/J100_M50_G4_I2_L50_seed13.json",
	"method":	"Hit and Run",
	"convergence_threshold":	0.001,
	"iterations_made":	13,
	"max_iterations":	10000,
	"time_taken":	2.630846,
	"ground_truth_matrix":	[[0.84720269601591158, 0.15279730398408845], [0.34009172295595952, 0.65990827704404054], [0.856207255811948, 0.14379274418805191], [0.38598309919790691, 0.614016900802093]],
	"estimated_matrix":	[[0.87476193431653337, 0.12523806568346604], [0.32488734947401116, 0.675112650525989], [0.84281794554955, 0.15718205445044969], [0.37112695469250673, 0.628873045307494]],
	"log_likelihood":	[-125.10800056922537, -85.070698172157023, -61.512747265063929, -47.335845456696887, -38.815312605932647, -33.786849037022343, -30.89507988848047, -29.278544947463221, -28.405159285727077, -27.956204445526748, -27.744655858258692, -27.662298983751757, -27.647326770108052, -27.665006579129919]
}
