{
	"input_file":	"../../instances/J100_M50_G4_I2_L50_seed18.json",
	"method":	"Hit and Run",
	"convergence_threshold":	0.001,
	"iterations_made":	16,
	"max_iterations":	10000,
	"time_taken":	2.708081,
	"ground_truth_matrix":	[[0.598796857472177, 0.40120314252782313], [0.913094360419019, 0.086905639580980923], [0.57961290670290522, 0.42038709329709484], [0.19903834610714546, 0.80096165389285456]],
	"estimated_matrix":	[[0.61047288682207257, 0.3895271131779276], [0.94105390707712033, 0.058946092922879736], [0.57719845550320537, 0.42280154449679475], [0.21784654845621668, 0.78215345154378368]],
	"log_likelihood":	[-124.72430950645676, -85.276549188966, -62.383173518020868, -48.359589862122583, -39.563859682120977, -34.004337473969748, -30.492658559557285, -28.285964756103549, -26.911112441355044, -26.064687408054155, -25.551937824456981, -25.248339415417743, -25.0747690113778, -24.981265553741917, -24.936447768622045, -24.920692567261447, -24.921784781424574]
}
