{
	"input_file":	"../../instances/J100_M50_G4_I2_L50_seed3.json",
	"method":	"Hit and Run",
	"convergence_threshold":	0.001,
	"iterations_made":	8,
	"max_iterations":	10000,
	"time_taken":	2.524625093,
	"ground_truth_matrix":	[[0.39388041818446978, 0.60611958181553], [0.32467278858124587, 0.675327211418754], [0.49647207203009674, 0.50352792796990342], [0.3662289503236717, 0.63377104967632825]],
	"estimated_matrix":	[[0.40867360577927336, 0.59132639422072653], [0.35919414557924867, 0.64080585442075122], [0.44485944900615215, 0.55514055099384718], [0.38082824706137675, 0.619171752938623]],
	"log_likelihood":	[-27.855081874596163, -27.1476572531267, -26.743659388485444, -26.513416025377918, -26.382692270421924, -26.308872852637787, -26.267492839955814, -26.244527810614638, -26.226968034117569]
}
