{
	"input_file":	"../../instances/J100_M50_G4_I2_L50_seed9.json",
	"method":	"Hit and Run",
	"convergence_threshold":	0.001,
	"iterations_made":	18,
	"max_iterations":	10000,
	"time_taken":	2.826157,
	"ground_truth_matrix":	[[0.014743209941968996, 0.985256790058031], [0.82656560980942351, 0.17343439019057644], [0.38330142741774459, 0.61669857258225547], [0.65532526930793666, 0.34467473069206339]],
	"estimated_matrix":	[[0.0246678048015588, 0.97533219519844083], [0.8159133096163832, 0.18408669038361675], [0.378442006998247, 0.621557993001753], [0.66760557902256434, 0.33239442097743538]],
	"log_likelihood":	[-158.87231735456658, -104.74758953905884, -74.066457972341226, -55.405129414581438, -43.535965339639816, -35.841721533161312, -30.791857144324354, -27.447173217856815, -25.216630101054431, -23.7228082197372, -22.721346329695976, -22.051859046171622, -21.608048488369931, -21.318818584954872, -21.136170985632415, -21.027423363308571, -20.97013986662542, -20.948780436525649, -20.952472654407064]
}
