{
	"input_file":	"../../instances/J100_M50_G4_I2_L50_seed6.json",
	"method":	"Hit and Run",
	"convergence_threshold":	0.001,
	"iterations_made":	17,
	"max_iterations":	10000,
	"time_taken":	2.747824831,
	"ground_truth_matrix":	[[0.84701246603789282, 0.15298753396210726], [0.97585881292457777, 0.024141187075422219], [0.11190117762122714, 0.888098822378773], [0.58169265549289373, 0.41830734450710627]],
	"estimated_matrix":	[[0.81381423613595, 0.1861857638640502], [0.971578684636332, 0.028421315363668192], [0.11279446422397878, 0.887205535776021], [0.57663312522628463, 0.42336687477371554]],
	"log_likelihood":	[-200.1201077226641, -130.47488386673794, -91.2726156435751, -67.701535569646239, -53.128028861242264, -43.991812689930519, -38.3003069817219, -34.8346683301212, -32.787378713229188, -31.6109331165272, -30.94714980637001, -30.57497090958514, -30.364822682980957, -30.2435069038742, -30.170671960390823, -30.124422228044438, -30.092992285473315, -30.052352148040889]
}
