{
	"input_file":	"../../instances/J100_M50_G4_I2_L50_seed15.json",
	"method":	"Hit and Run",
	"convergence_threshold":	0.001,
	"iterations_made":	14,
	"max_iterations":	10000,
	"time_taken":	2.8352,
	"ground_truth_matrix":	[[0.905527300001945, 0.0944726999980548], [0.11077641301954382, 0.889223586980456], [0.29906126152703688, 0.70093873847296317], [0.501427447002765, 0.498572552997235]],
	"estimated_matrix":	[[0.89721176466311336, 0.1027882353368874], [0.097857032627270135, 0.90214296737273036], [0.2986912652269717, 0.70130873477302846], [0.529651841605754, 0.47034815839424665]],
	"log_likelihood":	[-155.41147369440694, -104.02773901833685, -73.7443458143015, -55.247688041035865, -43.732139322937918, -36.47779485502506, -31.908972491386049, -29.055778590065312, -27.307616425274208, -26.27301317275678, -25.696433149094037, -25.409245457692851, -25.299930583226917, -25.295273922722846, -25.347999593642477]
}
