{
	"input_file":	"../../instances/J100_M50_G4_I2_L50_seed7.json",
	"method":	"Hit and Run",
	"convergence_threshold":	0.001,
	"iterations_made":	15,
	"max_iterations":	10000,
	"time_taken":	2.770708,
	"ground_truth_matrix":	[[0.049824327768858021, 0.950175672231142], [0.30980548916967027, 0.69019451083032979], [0.831514501677034, 0.16848549832296594], [0.90290621666010051, 0.0970937833398996]],
	"estimated_matrix":	[[0.049633288525188078, 0.95036671147481167], [0.362776380727519, 0.63722361927248117], [0.82663527977946483, 0.17336472022053517], [0.88228729738199851, 0.11771270261800104]],
	"log_likelihood":	[-198.35977795205719, -130.28671834062294, -90.4656065082144, -65.434877535905841, -49.0170739457229, -38.2351019535865, -31.2890820450489, -26.907058044316177, -24.192649534062284, -22.547731897748434, -21.5844144744984, -21.052236236904474, -20.788978626431529, -20.689598034755058, -20.686525416807413, -20.736848260578686]
}
