{
	"input_file":	"../../instances/J100_M50_G4_I3_L50_seed11.json",
	"method":	"Hit and Run",
	"convergence_threshold":	0.001,
	"iterations_made":	12,
	"max_iterations":	10000,
	"time_taken":	2.763273,
	"ground_truth_matrix":	[[0.23647057945119962, 0.02339651959646144, 0.740132900952339], [0.516247965232227, 0.218010359126032, 0.265741675641741], [0.0036490791266723327, 0.1895586707975162, 0.80679225007581146], [0.571859638491515, 0.3935376285596176, 0.03460273294886753]],
	"estimated_matrix":	[[0.22365559414363739, 0.041258313729276172, 0.73508609212708653], [0.48307207875528146, 0.21838143378730343, 0.29854648745741519], [0.036492251212868039, 0.21541277817784435, 0.748094970609288], [0.551704954865368, 0.36065851462701276, 0.087636530507619534]],
	"log_likelihood":	[-224.59113411667806, -164.95836159844086, -130.14150911412341, -107.70907489427739, -92.642254388239024, -82.5702493124797, -76.006461787099965, -71.9536360404757, -69.597564597352559, -68.3490689749234, -67.795165618630747, -67.638179998197757, -67.685081557976972]
}
