{
	"input_file":	"../../instances/J100_M50_G4_I3_L50_seed5.json",
	"method":	"Hit and Run",
	"convergence_threshold":	0.001,
	"iterations_made":	10,
	"max_iterations":	10000,
	"time_taken":	2.588405,
	"ground_truth_matrix":	[[0.099277505208629477, 0.80913423592827161, 0.0915882588630989], [0.608148478297384, 0.16248736605778868, 0.22936415564482709], [0.57283457335997, 0.28825508098764524, 0.13891034565238466], [0.12730387889618566, 0.0515479245040332, 0.82114819659978122]],
	"estimated_matrix":	[[0.12842337235282009, 0.793512615961716, 0.0780640116854638], [0.572136082330668, 0.15872451362555648, 0.26913940404377562], [0.56435116069303459, 0.32204060817352831, 0.11360823113343718], [0.12868981092519322, 0.053337982826182344, 0.817972206248624]],
	"log_likelihood":	[-273.19834305727221, -178.88595870412681, -124.74938502776489, -92.611676712322932, -73.905553015191231, -63.4514558413402, -57.625104519883962, -54.506824809018163, -53.06020879955183, -52.6057129419633, -52.695841824642351]
}
