{
	"input_file":	"../../instances/J100_M50_G4_I3_L50_seed6.json",
	"method":	"Hit and Run",
	"convergence_threshold":	0.001,
	"iterations_made":	13,
	"max_iterations":	10000,
	"time_taken":	2.740912,
	"ground_truth_matrix":	[[0.51245014925241528, 0.092558832078787248, 0.39499101866879749], [0.040161431888498515, 0.10740706609794944, 0.852431502013552], [0.44236998957946888, 0.31811750394858568, 0.23951250647194552], [0.33802985598643381, 0.20002946033186392, 0.46194068368170238]],
	"estimated_matrix":	[[0.55407942578246, 0.0826175901479551, 0.36330298406958583], [0.044408336355409549, 0.10833241742203291, 0.84725924622255844], [0.40576908759314712, 0.34118298961069365, 0.25304792279615979], [0.306547098545405, 0.16559977431398426, 0.52785312714061072]],
	"log_likelihood":	[-145.59087421527104, -103.54514264363856, -80.780599737648373, -68.185892605033956, -61.054460377176255, -56.850106257441283, -54.30695753165034, -52.772366269159022, -51.8671736495367, -51.354668424866084, -51.0856957658757, -50.966565352038387, -50.9381296564555, -50.962842223690473]
}
