{
	"input_file":	"../../instances/J100_M50_G4_I3_L50_seed3.json",
	"method":	"Hit and Run",
	"convergence_threshold":	0.001,
	"iterations_made":	14,
	"max_iterations":	10000,
	"time_taken":	2.850586,
	"ground_truth_matrix":	[[0.33688219083814136, 0.518408337162583, 0.1447094719992755], [0.13709494665374614, 0.42840825980005576, 0.43449679354619813], [0.32007545057654463, 0.55390092484015363, 0.12602362458330174], [0.475692357133093, 0.024822571764609672, 0.49948507110229734]],
	"estimated_matrix":	[[0.293871967914458, 0.559118952195962, 0.1470090798895802], [0.17680299964220811, 0.437961776209571, 0.38523522414822126], [0.3108430260006611, 0.52394291351673861, 0.16521406048260057], [0.48759195842749381, 0.040546642382026474, 0.47186139919048]],
	"log_likelihood":	[-136.37227653235743, -99.842552214702067, -79.1635913865131, -67.176716382641757, -60.153605250223983, -55.942190746246148, -53.352755391666967, -51.730375468045878, -50.703660547527853, -50.056676138460062, -49.661634663888762, -49.44105346515655, -49.345591568903643, -49.341067925370346, -49.401426831691033]
}
