{
	"input_file":	"../../instances/J100_M50_G4_I3_L50_seed8.json",
	"method":	"Hit and Run",
	"convergence_threshold":	0.001,
	"iterations_made":	14,
	"max_iterations":	10000,
	"time_taken":	2.8858349999999993,
	"ground_truth_matrix":	[[0.27340463300715134, 0.457544000038453, 0.26905136695439574], [0.73250839185554451, 0.25639597500319711, 0.011095633141258382], [0.30977655129027537, 0.28325875669197409, 0.40696469201775065], [0.289875097715659, 0.3609784079546185, 0.34914649432972239]],
	"estimated_matrix":	[[0.25628791883142077, 0.47264306103690745, 0.27106902013167156], [0.73339786085986525, 0.24479344454492857, 0.0218086945952068], [0.33048897439581243, 0.26906105296328653, 0.40044997264090115], [0.30951040188578932, 0.37093971610298315, 0.31954988201122769]],
	"log_likelihood":	[-122.65340903955114, -89.8381457629533, -71.055350777326169, -60.299750861882167, -54.343362070544373, -51.051742815492673, -49.177425912454865, -48.0708573473302, -47.400092415763979, -46.98981595432673, -46.74317694584564, -46.6042108662802, -46.539131008446262, -46.526632602381788, -46.552677701936489]
}
