{
	"input_file":	"../../instances/J100_M50_G4_I3_L50_seed19.json",
	"method":	"Hit and Run",
	"convergence_threshold":	0.001,
	"iterations_made":	11,
	"max_iterations":	10000,
	"time_taken":	2.604275,
	"ground_truth_matrix":	[[0.05643109664837008, 0.78761785528698358, 0.15595104806464638], [0.23302035588171555, 0.63115580747276, 0.13582383664552442], [0.16351092624063165, 0.24100577544256716, 0.595483298316801], [0.49269803671758838, 0.11870019027295735, 0.38860177300945425]],
	"estimated_matrix":	[[0.064428545243567156, 0.79506778256414534, 0.14050367219228721], [0.2163412304079709, 0.644184455836833, 0.13947431375519589], [0.13046390407576872, 0.26678846304442028, 0.60274763287981126], [0.50627327183524, 0.095239573419970455, 0.39848715474478968]],
	"log_likelihood":	[-211.13916164490442, -149.1217563548449, -113.48215034514116, -92.4129374361873, -79.8151981817141, -72.2207751861076, -67.582134885044042, -64.8503817778625, -63.383900709133783, -62.706665022105341, -62.477413207278069, -62.477548450288083]
}
