{
	"input_file":	"../../instances/J100_M50_G4_I3_L50_seed20.json",
	"method":	"Hit and Run",
	"convergence_threshold":	0.001,
	"iterations_made":	14,
	"max_iterations":	10000,
	"time_taken":	2.825449332,
	"ground_truth_matrix":	[[0.16462456721633445, 0.42313389130268786, 0.41224154148097764], [0.582351120333567, 0.012580030813523983, 0.405068848852909], [0.20877069949759983, 0.3206161607287713, 0.47061313977362884], [0.11962298431176888, 0.17647027434518489, 0.70390674134304621]],
	"estimated_matrix":	[[0.19097422196302807, 0.37588761529871312, 0.43313816273825889], [0.51903123058358, 0.0396616778354386, 0.44130709158098125], [0.24565389980004507, 0.286924837436513, 0.46742126276344259], [0.0945864271816966, 0.21326567432377561, 0.692147898494528]],
	"log_likelihood":	[-128.65184084414153, -96.398055423776668, -79.3957528620063, -70.280262520666255, -65.408652661765572, -62.770458630662553, -61.313221470984047, -60.492921011733, -60.0241331469274, -59.753925917782524, -59.598335847371239, -59.5100660514812, -59.461809907218189, -59.437454288485519, -59.407489912201086]
}
