{
	"input_file":	"../../instances/J100_M50_G4_I3_L50_seed7.json",
	"method":	"Hit and Run",
	"convergence_threshold":	0.001,
	"iterations_made":	13,
	"max_iterations":	10000,
	"time_taken":	3.300871,
	"ground_truth_matrix":	[[0.036577241285230634, 0.697546888897068, 0.26587586981770139], [0.21879765890019268, 0.6495810753685386, 0.13162126573126864], [0.64224846952680181, 0.069064020825201869, 0.28868750964799622], [0.20036480098911963, 0.32878764303571356, 0.47084755597516686]],
	"estimated_matrix":	[[0.064057060670838828, 0.70047179003289, 0.23547114929627155], [0.25191907636953548, 0.61487986488203372, 0.13320105874843111], [0.56659252185627174, 0.099564673221494732, 0.33384280492223378], [0.2385104665527652, 0.31326413962292615, 0.44822539382430848]],
	"log_likelihood":	[-152.58168999164587, -107.44150667863502, -80.5606754786644, -64.449091888815047, -54.849619118991633, -49.156228108473748, -45.8035447028815, -43.8569803090831, -42.760601106151654, -42.1734038099238, -41.883505167589185, -41.761558753116645, -41.7310210790427, -41.747994029824973]
}
