{
	"input_file":	"../../instances/J100_M50_G4_I3_L50_seed10.json",
	"method":	"Hit and Run",
	"convergence_threshold":	0.001,
	"iterations_made":	11,
	"max_iterations":	10000,
	"time_taken":	2.842774,
	"ground_truth_matrix":	[[0.590040182963056, 0.00838622005696103, 0.401573596979983], [0.59386635266519261, 0.296677408979759, 0.10945623835504842], [0.12026555402602122, 0.77879320819781883, 0.1009412377761599], [0.021434925155496692, 0.26798895440852949, 0.710576120435974]],
	"estimated_matrix":	[[0.55273393208833155, 0.038579048542082918, 0.40868701936958551], [0.59921392029361165, 0.28869121694325633, 0.11209486276313237], [0.16310209485770447, 0.71298523038854267, 0.12391267475375344], [0.042533732440916738, 0.28013098722801633, 0.677335280331067]],
	"log_likelihood":	[-249.13744756290893, -167.93187069593409, -121.77572978718108, -94.085924628655846, -77.462092561393447, -67.966383376208768, -62.596531126292824, -59.4766748464344, -57.677031352933923, -56.798308615403911, -56.577191787662244, -56.759093214839559]
}
