{
	"input_file":	"../../instances/J100_M50_G4_I3_L50_seed16.json",
	"method":	"Hit and Run",
	"convergence_threshold":	0.001,
	"iterations_made":	10,
	"max_iterations":	10000,
	"time_taken":	2.622061,
	"ground_truth_matrix":	[[0.14090457732224396, 0.41296232609275713, 0.44613309658499889], [0.062522697791787138, 0.599349633264765, 0.3381276689434477], [0.82257953957974517, 0.12602514504674908, 0.0513953153735057], [0.7565924537553117, 0.22170157285653438, 0.021705973388153763]],
	"estimated_matrix":	[[0.16622715984816955, 0.37520805467963614, 0.45856478547219465], [0.075600152995183, 0.62913844013642217, 0.2952614068683948], [0.81415484351937417, 0.14296636555681372, 0.042878790923811951], [0.71930276460488418, 0.22845233046839006, 0.052244904926726031]],
	"log_likelihood":	[-245.9233288655663, -174.55818953411682, -132.63278112261577, -106.04483353430017, -88.626058661419549, -77.919571154870425, -71.602746521657835, -68.112485484642065, -66.586486470924456, -66.358487131113577, -66.856704730132961]
}
