{
	"input_file":	"../../instances/J100_M50_G4_I3_L50_seed13.json",
	"method":	"Hit and Run",
	"convergence_threshold":	0.001,
	"iterations_made":	12,
	"max_iterations":	10000,
	"time_taken":	2.717779999999999,
	"ground_truth_matrix":	[[0.42795213106645874, 0.0771833377876456, 0.49486453114589557], [0.44539345432817962, 0.47485814852501324, 0.0797483971468072], [0.27148763699248735, 0.431879006667955, 0.29663335633955767], [0.76643654146817553, 0.0213521212310118, 0.2122113373008129]],
	"estimated_matrix":	[[0.45261901385561215, 0.0781821175749869, 0.4691988685694008], [0.46249653168118354, 0.438743966045523, 0.098759502273293373], [0.25274551642071025, 0.43215968869132931, 0.31509479488795977], [0.75261893792099865, 0.054075657351803169, 0.19330540472719848]],
	"log_likelihood":	[-163.81229178068443, -117.8576626106273, -92.160096976332568, -78.035166050859573, -70.283813491399854, -65.862745505642977, -63.24509881811673, -61.6752554739312, -60.750213297563228, -60.236335950807963, -59.989516450827217, -59.91675650737, -59.9559948889823]
}
