{
	"input_file":	"../../instances/J100_M50_G4_I4_L50_seed19.json",
	"method":	"Hit and Run",
	"convergence_threshold":	0.001,
	"iterations_made":	7,
	"max_iterations":	10000,
	"time_taken":	2.797967,
	"ground_truth_matrix":	[[0.052166889316142627, 0.72810163049277654, 0.144166630569279, 0.075564849621801933], [0.12400640059949905, 0.026686001932657091, 0.343301206964579, 0.506006390503265], [0.664535329822959, 0.16528278438434141, 0.039819720179869643, 0.1303621656128299], [0.422084773790076, 0.14271573291742995, 0.064610803438190062, 0.3705886898543041]],
	"estimated_matrix":	[[0.1118845135128512, 0.668366989846789, 0.119119920782231, 0.10062857585812869], [0.10468150521185733, 0.065883717254310165, 0.33808088676507653, 0.49135389076875619], [0.64239825738279, 0.17541021429014478, 0.05314619479701365, 0.1290453335300516], [0.41912731237067374, 0.14630377746895162, 0.0631634673301556, 0.37140544283021909]],
	"log_likelihood":	[-328.31629786954363, -231.20563742273441, -175.747141141802, -147.14275972277235, -134.22122498349276, -128.950746815711, -127.70371100993819, -128.09638921615226]
}
