{
	"input_file":	"../../instances/J100_M50_G4_I4_L50_seed1.json",
	"method":	"Hit and Run",
	"convergence_threshold":	0.001,
	"iterations_made":	7,
	"max_iterations":	10000,
	"time_taken":	2.7501629999999992,
	"ground_truth_matrix":	[[0.24822494433396575, 0.58611239568895857, 5.2616751750196278e-05, 0.16561004322532558], [0.179194262029625, 0.10938868480049078, 0.23271787507579811, 0.478699178094086], [0.16969288050778514, 0.25983737889369862, 0.18241242309601466, 0.38805731750250161], [0.065890667913256137, 0.60631880861527865, 0.00799984200845411, 0.31979068146301121]],
	"estimated_matrix":	[[0.25207856205377371, 0.54523342503205818, 0.023265446397049142, 0.17942256651711913], [0.14200844908729615, 0.17044793446325521, 0.2093174247218286, 0.47822619172762026], [0.18344706170181832, 0.3035866842823759, 0.13825135459308116, 0.37471489942272451], [0.0717774453704186, 0.56235935771460277, 0.025970101736584449, 0.33989309517839417]],
	"log_likelihood":	[-159.85452789011509, -125.15113158728391, -105.32155138317063, -94.965972984755524, -90.342891297581943, -88.40848612294603, -87.7617949161689, -87.7936417403359]
}
