{
	"input_file":	"../../instances/J100_M50_G4_I4_L50_seed8.json",
	"method":	"Hit and Run",
	"convergence_threshold":	0.001,
	"iterations_made":	14,
	"max_iterations":	10000,
	"time_taken":	3.543027,
	"ground_truth_matrix":	[[0.248524592823477, 0.41590713024020765, 0.2445674774618472, 0.0910007994744682], [0.195642639627116, 0.0084665094920574734, 0.41573970330401455, 0.380151147576812], [0.24777481565370346, 0.21805134881656238, 0.27153704946869556, 0.26263678606103863], [0.34076211243970533, 0.29676132101110025, 0.23023370011666558, 0.13224286643252883]],
	"estimated_matrix":	[[0.28015923878288518, 0.408132395189033, 0.21061257655173685, 0.10109578947634534], [0.18193984026574123, 0.053587602361586821, 0.41538521585622823, 0.34908734151644411], [0.24740516686353559, 0.18925825236212127, 0.272967743956264, 0.290368836818079], [0.3409930882469806, 0.31367061123292933, 0.2539037294804572, 0.091432571039632746]],
	"log_likelihood":	[-152.36168066351206, -124.04266418925772, -109.15539336144072, -100.93501632041315, -96.243884363361872, -93.590064820369548, -92.117747900240076, -91.314501382816431, -90.8842132581341, -90.6603714079895, -90.550022354959523, -90.5010467226566, -90.4840309381449, -90.482370202557149, -90.486821570594728]
}
