{
	"input_file":	"../../instances/J100_M50_G4_I4_L50_seed17.json",
	"method":	"Hit and Run",
	"convergence_threshold":	0.001,
	"iterations_made":	8,
	"max_iterations":	10000,
	"time_taken":	2.785989,
	"ground_truth_matrix":	[[0.251451374164373, 0.54475840075349535, 0.15314045600906431, 0.0506497690730673], [0.3446886550413053, 0.23807393689403214, 0.22619453600901995, 0.19104287205564249], [0.011524386006546622, 0.12808909480050026, 0.84247712525239948, 0.01790939394055354], [0.3835370373281905, 0.40324346352626877, 0.010100726874787774, 0.203118772270753]],
	"estimated_matrix":	[[0.19044169980302011, 0.61874057962829354, 0.1443876711636157, 0.046430049405070645], [0.336941120824894, 0.24210579528486051, 0.26458161611605546, 0.15637146777418992], [0.0495966984525398, 0.12676280638572412, 0.79496139488918383, 0.028679100272552], [0.38813679306877119, 0.35677166844322566, 0.0407034230341377, 0.21438811545386563]],
	"log_likelihood":	[-263.010355941758, -185.05754459070221, -140.57594244640359, -116.42338461381642, -103.54361272758393, -96.8916195772917, -93.9915198969124, -93.656081430000071, -95.0389243276595]
}
