{
	"input_file":	"../../instances/J100_M50_G4_I4_L50_seed9.json",
	"method":	"Hit and Run",
	"convergence_threshold":	0.001,
	"iterations_made":	7,
	"max_iterations":	10000,
	"time_taken":	2.699865,
	"ground_truth_matrix":	[[0.0067904575313161844, 0.453791570266173, 0.445864345135731, 0.093553627066779749], [0.12490196468201752, 0.20095636964109462, 0.44178206861140756, 0.23235959706548037], [0.031330988253750372, 0.15125306603020736, 0.065104505715419259, 0.75231144000062322], [0.59050603392987744, 0.0077395327397986, 0.23520780127629609, 0.16654663205402792]],
	"estimated_matrix":	[[0.063809738324585433, 0.39812375910902775, 0.42324479790890857, 0.114821704657479], [0.12038639297498625, 0.18768416490028358, 0.45896563014199848, 0.23296381198273147], [0.036119949197996964, 0.17144002515754656, 0.10449069302532971, 0.687949332619126], [0.53644012812611375, 0.039778698736546277, 0.24100729892539, 0.18277387421195004]],
	"log_likelihood":	[-284.63410228445349, -196.19731077304871, -152.62302779029579, -130.12371389314171, -118.60347953176834, -112.86740779590782, -111.05839963261309, -112.27981939731816]
}
