{
	"input_file":	"../../instances/J100_M50_G4_I4_L50_seed10.json",
	"method":	"Hit and Run",
	"convergence_threshold":	0.001,
	"iterations_made":	7,
	"max_iterations":	10000,
	"time_taken":	2.680646,
	"ground_truth_matrix":	[[0.380062145693794, 0.0054018097091338329, 0.25866530336247168, 0.35587074123460055], [0.26597509126643765, 0.0981289174874491, 0.0850627199283102, 0.550833271317803], [0.041167866022291, 0.020552495028497372, 0.25695642103798533, 0.68132321791122641], [0.001182855267320227, 0.214629979163991, 0.500706387852455, 0.283480777716234]],
	"estimated_matrix":	[[0.35388977053195131, 0.033716358510237354, 0.26750162936901911, 0.344892241588792], [0.26756451334511971, 0.0699946704589579, 0.11029908099309027, 0.552141735202832], [0.073814049446544544, 0.034593031756293177, 0.26415116888694129, 0.627441749910221], [0.034620836381743979, 0.20837539373086464, 0.47357784269226627, 0.28342592719512477]],
	"log_likelihood":	[-201.62384912056658, -150.51220833466482, -122.87349567201171, -109.14723526889857, -102.6712753503211, -99.6765972246798, -98.612253705032344, -98.7470316753379]
}
