{
	"input_file":	"../../instances/J100_M50_G4_I5_L50_seed9.json",
	"method":	"Hit and Run",
	"convergence_threshold":	0.001,
	"iterations_made":	4,
	"max_iterations":	10000,
	"time_taken":	2.704964,
	"ground_truth_matrix":	[[0.0061742133612349686, 0.4126093070211917, 0.40540148941948045, 0.085063495583889731, 0.090751494614203052], [0.15553306732402988, 0.34192357446845528, 0.17983804603115919, 0.055375461920108081, 0.26732985025624767], [0.027870328380781784, 0.32205400604816126, 0.460581980701258, 0.0060366687454068944, 0.18345701612439208], [0.13631882836515025, 0.36593659039938975, 0.17621707723248239, 0.12723079011806104, 0.19429671388491665]],
	"estimated_matrix":	[[0.024758296871349821, 0.401108852771764, 0.39125610758053653, 0.0717671176121083, 0.11110962516424214], [0.13903740591790639, 0.36305063882000566, 0.23031759061906223, 0.0573496229940045, 0.21024474164902149], [0.033655703246257031, 0.33067475032482624, 0.420308643879389, 0.021627296027704055, 0.19373360652182406], [0.12751300149187977, 0.3739222595342247, 0.19219916681578911, 0.11572629805489175, 0.190639274103215]],
	"log_likelihood":	[-175.48216977592605, -154.2380342133329, -145.71154048756378, -143.32393779606622, -143.57001972348672]
}
