{
	"input_file":	"../../instances/J100_M50_G4_I5_L50_seed10.json",
	"method":	"Hit and Run",
	"convergence_threshold":	0.001,
	"iterations_made":	5,
	"max_iterations":	10000,
	"time_taken":	4.006081,
	"ground_truth_matrix":	[[0.32269308943329617, 0.0045864253604871313, 0.21962067734703034, 0.302153293162828, 0.1509465146963585], [0.11667254894123515, 0.10113720407829543, 0.65492541293454032, 0.084886438578035225, 0.0423783954678938], [0.17470454273021377, 0.46323131664050771, 0.00059770828546104832, 0.10845461858176728, 0.25301181376205034], [0.1499086927966258, 0.20226769245305082, 0.054570767022571375, 0.39501320914034888, 0.19823963858740321]],
	"estimated_matrix":	[[0.33019500315399869, 0.037630511211484335, 0.18865190253635616, 0.303788323476517, 0.13973425962164363], [0.11707599564811562, 0.13576537041039394, 0.579155258876852, 0.0959717228671673, 0.072031652197471652], [0.20242997268879409, 0.391625807112107, 0.055005508014029661, 0.11620704861654081, 0.23473166356852848], [0.16683765675485285, 0.2080509840225124, 0.098643316835641329, 0.373744835458947, 0.15272320692804664]],
	"log_likelihood":	[-277.7529712643659, -206.21449275301623, -170.503428281466, -153.17448543999, -148.65649578993384, -150.20925298602052]
}
