{
	"input_file":	"../../instances/J100_M50_G4_I5_L50_seed19.json",
	"method":	"Hit and Run",
	"convergence_threshold":	0.001,
	"iterations_made":	5,
	"max_iterations":	10000,
	"time_taken":	2.756736,
	"ground_truth_matrix":	[[0.0433037419557625, 0.604397263048471, 0.11967273975203206, 0.06272639200543513, 0.16989986323829925], [0.010949408191273125, 0.14085830680435835, 0.2076171069384817, 0.51298571330785936, 0.12758946475802732], [0.10978458920334491, 0.35941379635053472, 0.355956869140207, 0.12035649855401814, 0.054488246751895043], [0.21154166390255172, 0.050406673790910683, 0.23240301820301118, 0.14950739990065737, 0.356141244202869]],
	"estimated_matrix":	[[0.054134441383831437, 0.60370086113994681, 0.14242400005718137, 0.077894562914851737, 0.12184613450418914], [0.0381949435449738, 0.149292365231129, 0.18353699598926454, 0.51052174476794521, 0.11845395046668777], [0.0926936333210811, 0.34077392423965774, 0.35104526670809028, 0.12131821679813995, 0.094168958933031358], [0.17837576787249559, 0.091012548088384479, 0.223924137465317, 0.14717632634054448, 0.35951122023325827]],
	"log_likelihood":	[-267.17852640598488, -194.3615091055853, -160.4658637186638, -144.924494757479, -139.64585926831427, -140.89693609999318]
}
