{
	"input_file":	"../../instances/J100_M50_G4_I5_L50_seed12.json",
	"method":	"Hit and Run",
	"convergence_threshold":	0.001,
	"iterations_made":	6,
	"max_iterations":	10000,
	"time_taken":	2.984945,
	"ground_truth_matrix":	[[0.0644455938402166, 0.51858148681146043, 0.11762784906370648, 0.29369367360951, 0.0056513966751065665], [0.308115663974515, 0.28351387469299938, 0.0041724687997965176, 0.386082738833395, 0.018115253699294016], [0.055000586872240034, 0.15348701412423124, 0.47555007013414252, 0.3155896909089051, 0.00037263796048121083], [0.19176898316060689, 0.20908859393408555, 0.1729689667973614, 0.38055491257373758, 0.0456185435342085]],
	"estimated_matrix":	[[0.072473504585802873, 0.48283655053302565, 0.14648674058121919, 0.28408676220059759, 0.014116442099355144], [0.32404695387679028, 0.28609936082943022, 0.068183748472790642, 0.30635448914927849, 0.015315447671710728], [0.060737713018684317, 0.17080216349831448, 0.45029621023106947, 0.31177685386801068, 0.0063870593839211853], [0.17490572006348723, 0.21984113247032949, 0.13501494584334031, 0.43001538057150723, 0.040222821051336129]],
	"log_likelihood":	[-206.881131538956, -162.17854022227161, -141.50012380255632, -132.37988884105926, -128.99471707342136, -128.51000239038558, -129.39092155120991]
}
