{
	"input_file":	"../../instances/J100_M50_G4_I5_L50_seed1.json",
	"method":	"Hit and Run",
	"convergence_threshold":	0.001,
	"iterations_made":	5,
	"max_iterations":	10000,
	"time_taken":	3.4215,
	"ground_truth_matrix":	[[0.23133554027621162, 0.546232885994193, 4.9036670050913147e-05, 0.15434181656277288, 0.068040720496771734], [0.048287721645296849, 0.10272923560641152, 0.21131337949440179, 0.25192172053433709, 0.38574794271955271], [0.13381390465004245, 0.284670660044346, 0.056330366829679117, 0.518345950749748, 0.0068391177261846641], [0.39084241309322565, 0.19015784970136257, 0.28800794398615154, 0.053260896093577, 0.077730897125683027]],
	"estimated_matrix":	[[0.19427900063278988, 0.531234612118467, 0.044049249043062476, 0.16012065127689187, 0.0703164869287888], [0.097524984414492061, 0.09833908628154997, 0.19352671325654294, 0.25720836176576645, 0.35340085428164852], [0.12904865931008047, 0.29419725314759154, 0.069215560256887326, 0.46905685760769339, 0.038481669677747847], [0.38104618313464089, 0.21812807799779863, 0.22309495056594381, 0.11193703556450885, 0.065793752737108135]],
	"log_likelihood":	[-321.725135316476, -240.65902734087567, -203.05438605463172, -189.077381301533, -186.26209159881239, -188.30573795474422]
}
