{
	"input_file":	"../../instances/J100_M50_G4_I5_L50_seed2.json",
	"method":	"Hit and Run",
	"convergence_threshold":	0.001,
	"iterations_made":	6,
	"max_iterations":	10000,
	"time_taken":	2.925641,
	"ground_truth_matrix":	[[0.22783917374835463, 0.010450529100728561, 0.317379168519664, 0.2273650803535196, 0.21696604827773336], [0.17725330515516027, 0.10121746478598845, 0.42687622768416966, 0.15745123595039329, 0.1372017664242883], [0.34751781116712555, 0.26968629801752636, 0.0517533038213183, 0.25804238256025486, 0.073000204433774835], [0.25216796778434986, 0.31531367108009073, 0.1117190524356903, 0.30719735559605849, 0.013601953103810769]],
	"estimated_matrix":	[[0.26452772243796158, 0.023332519165607635, 0.3152403500698604, 0.2093748197040089, 0.18752458862256149], [0.20916150481076762, 0.11075402829505483, 0.39114280233285964, 0.15654612604432142, 0.13239553851699659], [0.29463045709463265, 0.29424308917585923, 0.094446758269976228, 0.23460046714233021, 0.0820792283172015], [0.2540635730175656, 0.30732475093430822, 0.095618694678677965, 0.30523195853146329, 0.037761022837985027]],
	"log_likelihood":	[-214.08468771816652, -170.841640667057, -148.7680674494797, -137.70111602496468, -133.07740606694978, -132.31503219973965, -133.69045802554348]
}
