{
	"input_file":	"../../instances/J100_M50_G4_I5_L50_seed8.json",
	"method":	"Hit and Run",
	"convergence_threshold":	0.001,
	"iterations_made":	6,
	"max_iterations":	10000,
	"time_taken":	2.930793,
	"ground_truth_matrix":	[[0.2408528232864513, 0.40306838613139045, 0.23701786113606288, 0.088191672404500154, 0.030869257041595231], [0.0046235208136498141, 0.22703348683302479, 0.20759874477234228, 0.29826212688429032, 0.26248212069669274], [0.15472836613195357, 0.14965678117547959, 0.27316305159423143, 0.23789096581818792, 0.18456083528014738], [0.10691664683877969, 0.065693592652813437, 0.70164889803094044, 0.0781969831597336, 0.047543879317732969]],
	"estimated_matrix":	[[0.2067407938720425, 0.4009807085303867, 0.23485171059561571, 0.11163675399532982, 0.045790033006626034], [0.041115282040160177, 0.24327554612828289, 0.21550248501262664, 0.28359186445008511, 0.21651482236884534], [0.16547418738029609, 0.1325890842495803, 0.29665401857870977, 0.23213916479254582, 0.17314354499886844], [0.092086289500507137, 0.0842478885798298, 0.68411060003615376, 0.087794068465191236, 0.051761153418319154]],
	"log_likelihood":	[-246.54077778570235, -188.86186392065161, -162.282205966045, -150.80861702408683, -147.16777297825305, -146.96618951229712, -148.26452192225747]
}
