{
	"input_file":	"../../instances/J100_M50_G4_I5_L50_seed20.json",
	"method":	"Hit and Run",
	"convergence_threshold":	0.001,
	"iterations_made":	6,
	"max_iterations":	10000,
	"time_taken":	2.925582,
	"ground_truth_matrix":	[[0.12464155160427713, 0.320365700211782, 0.31211881819805165, 0.23773827434383188, 0.0051356556420572141], [0.32050330871114646, 0.129607407316133, 0.19904243955549125, 0.29216240134150717, 0.058684443075721966], [0.048862291507300849, 0.19490249288206324, 0.23484758945089862, 0.29193992606900426, 0.22944770009073309], [0.017616287707698772, 0.05851918973115218, 0.65621546187173374, 0.1289428731063417, 0.13870618758307368]],
	"estimated_matrix":	[[0.12587664001814583, 0.2898071778227696, 0.31307634544225277, 0.24599660627738679, 0.025243230439445177], [0.28024344152781122, 0.1322564335499801, 0.23769444207838375, 0.27234817386407689, 0.077457508979748221], [0.07179220076155915, 0.18962969244131808, 0.2224413739714371, 0.30872933271973563, 0.20740740010595049], [0.02672908159901324, 0.0855799325935658, 0.5944380171827115, 0.142360068678643, 0.15089289994606689]],
	"log_likelihood":	[-226.75562508912512, -180.48259594887858, -158.46872301874137, -149.89971633005783, -147.39884860712283, -147.27428718467877, -148.18515707545635]
}
