{
	"input_file":	"../../instances/J100_M50_G4_I5_L50_seed4.json",
	"method":	"Hit and Run",
	"convergence_threshold":	0.001,
	"iterations_made":	5,
	"max_iterations":	10000,
	"time_taken":	3.426066,
	"ground_truth_matrix":	[[0.33270219763982, 0.077260685478113045, 0.351047145907638, 0.12233189286483045, 0.1166580781095984], [0.050165543415490517, 0.77088292625501365, 0.0012877732599235222, 0.0600985069713388, 0.11756525009823347], [0.18899528973896992, 0.027543337100804529, 0.24857010990663789, 0.512514609975885, 0.022376653277702586], [0.19813511195609393, 0.0019661561351834679, 0.1064443820984169, 0.0098375816856057, 0.6836167681247]],
	"estimated_matrix":	[[0.34847808549818748, 0.086852865160672768, 0.33170495779180154, 0.12073043705533386, 0.11223365449400478], [0.0764103642935652, 0.682785458877111, 0.056816913110840778, 0.072422391488478122, 0.11156487223000508], [0.17234536466518191, 0.0765442746490142, 0.18646011561131828, 0.47767192440956935, 0.0869783206649164], [0.17528908313929131, 0.042546511146779813, 0.097443194665036842, 0.037842626549810035, 0.64687858449908231]],
	"log_likelihood":	[-437.80772569172609, -299.34699413392883, -227.94276438566, -196.30739711544317, -189.5639832526262, -198.6214035990927]
}
