{
	"input_file":	"../../instances/J100_M50_G4_I5_L50_seed18.json",
	"method":	"Hit and Run",
	"convergence_threshold":	0.001,
	"iterations_made":	5,
	"max_iterations":	10000,
	"time_taken":	2.950637,
	"ground_truth_matrix":	[[0.17583738578154742, 0.11781376416577459, 0.35282805535055234, 0.033581138096485837, 0.31993965660563983], [0.19198564982437369, 0.15185075922920055, 0.611071372104512, 0.041117190992067849, 0.0039750278498458178], [0.23155809514120673, 0.4309450870170965, 0.30554024270356456, 0.0048214909585465749, 0.027135084179585732], [0.0738664498887953, 0.24274418629645989, 0.4133587578967442, 0.046280476115563726, 0.22375012980243691]],
	"estimated_matrix":	[[0.16580724047699272, 0.13782550351587805, 0.38689056834552338, 0.046940822550132849, 0.26253586511147337], [0.21271937648405145, 0.14473378085965533, 0.579459881873559, 0.029877993254899878, 0.033208967527834726], [0.20935624223795729, 0.404756920906188, 0.31425016347085866, 0.00783730716560552, 0.0637993662193913], [0.081582381025877129, 0.29213068300546258, 0.428265586338849, 0.032120163975642643, 0.16590118565416931]],
	"log_likelihood":	[-194.78682207425953, -162.51443087577931, -146.20261042766907, -138.43391260555632, -135.62350860221861, -135.67902374537294]
}
