{
	"input_file":	"../../instances/J100_M50_G4_I5_L50_seed5.json",
	"method":	"Hit and Run",
	"convergence_threshold":	0.001,
	"iterations_made":	5,
	"max_iterations":	10000,
	"time_taken":	2.834716,
	"ground_truth_matrix":	[[0.043982912303551426, 0.358470733786538, 0.040576345559300911, 0.43953375062527472, 0.11743625772533485], [0.256473892537231, 0.39363112002854944, 0.198078425534879, 0.095454145901107262, 0.05636241599823328], [0.019580703375263634, 0.31191671477471344, 0.13540090275600683, 0.040084305930368942, 0.493017373163647], [0.1045326451941551, 0.17453523184552874, 0.11457266309294029, 0.32339075752304669, 0.28296870234432914]],
	"estimated_matrix":	[[0.062478686536507573, 0.34404787644127643, 0.066282429062804377, 0.386902197401364, 0.14028881055804793], [0.20850243243215247, 0.37467568006216678, 0.20458950806159695, 0.13818086239114333, 0.074051517052940372], [0.030117973123202177, 0.29461985834835175, 0.13471195265012506, 0.0925901400525066, 0.4479600758258146], [0.12219645633982293, 0.1655710221813895, 0.1040765808683627, 0.30539639086452691, 0.30275954974589769]],
	"log_likelihood":	[-242.87948199943332, -192.87021482412757, -169.03932997128362, -159.7784123999904, -157.83966394088054, -160.36720750844509]
}
