{
	"input_file":	"../../instances/J100_M50_G4_I5_L50_seed3.json",
	"method":	"Hit and Run",
	"convergence_threshold":	0.001,
	"iterations_made":	6,
	"max_iterations":	10000,
	"time_taken":	2.906264,
	"ground_truth_matrix":	[[0.15028701708190306, 0.2312679172167543, 0.064556558588510629, 0.13427919500392829, 0.41960931210890373], [0.69371710750865156, 0.041081001690991485, 0.0710920028043775, 0.016174863536975309, 0.17793502445900408], [0.0096528152078873657, 0.19423600165890281, 0.33332108255790721, 0.10387615586913534, 0.35891394470616728], [0.34737059989782576, 0.00943501618277375, 0.31809275226905409, 0.11664290181363193, 0.20845872983671451]],
	"estimated_matrix":	[[0.14617702198868382, 0.21622348917534287, 0.10057468869356152, 0.1283466615076056, 0.40867813863480629], [0.65308774474056663, 0.054410358990554526, 0.056230105627283276, 0.029475014344887113, 0.20679677629670859], [0.076253278050556761, 0.16066726159469721, 0.33378472257484687, 0.0946795100055745, 0.33461522777432473], [0.32236385415165369, 0.0404176008180337, 0.28891182251842817, 0.11227309643782128, 0.23603362607406347]],
	"log_likelihood":	[-261.15377740494114, -204.86234654541559, -176.51100170317508, -159.58209434154969, -151.84641917055478, -150.66444652576857, -152.704216973434]
}
