{
	"input_file":	"../../instances/J100_M50_G4_I5_L50_seed13.json",
	"method":	"Hit and Run",
	"convergence_threshold":	0.001,
	"iterations_made":	7,
	"max_iterations":	10000,
	"time_taken":	3.077317,
	"ground_truth_matrix":	[[0.14341670775059129, 0.0258659307785686, 0.16584060853400148, 0.321794336217292, 0.34308241671954659], [0.11305586418501984, 0.17575267345451986, 0.27958507014032441, 0.19203123202957184, 0.23957516019056416], [0.01246011878013732, 0.1238368048144796, 0.021064693941961567, 0.679632988071014, 0.16300539439240769], [0.4919351849660189, 0.1278863842528718, 0.18445794191947654, 0.00408478470734505, 0.1916357041542876]],
	"estimated_matrix":	[[0.15366006843860516, 0.036654275014248644, 0.19649149993222045, 0.29164318232983077, 0.32155097428509466], [0.1445124712805157, 0.14455661969990605, 0.2430410819874412, 0.24666372161407116, 0.22122610541806567], [0.0504717513405722, 0.11997354049883166, 0.0422355666498801, 0.61432711689305375, 0.17299202461766214], [0.41737765708213675, 0.14058184890523917, 0.1870166917373465, 0.049378355440020463, 0.20564544683525751]],
	"log_likelihood":	[-264.19312106572579, -200.28569064426432, -168.99581938701868, -156.23365556255393, -152.28577277640193, -151.04130155976227, -150.69450936871189, -151.53353041962291]
}
