{
	"input_file":	"../../instances/J100_M50_G4_I5_L50_seed7.json",
	"method":	"Hit and Run",
	"convergence_threshold":	0.001,
	"iterations_made":	6,
	"max_iterations":	10000,
	"time_taken":	2.95366,
	"ground_truth_matrix":	[[0.010915758563635679, 0.20816915542206624, 0.0793454263047044, 0.176768261407425, 0.52480139830216865], [0.30336933090138923, 0.27281770821747647, 0.029337380742531057, 0.12263021012911926, 0.271845370009484], [0.3112604723649372, 0.445747386767779, 0.13127742314124657, 0.018672572575976328, 0.093042145150061], [0.40414208490409764, 0.040359198958406881, 0.1011778397934792, 0.450081026098011, 0.0042398502460051727]],
	"estimated_matrix":	[[0.0840951255027506, 0.18348806825966382, 0.089030198015245157, 0.17503646659736144, 0.468350141624979], [0.31578083527705331, 0.27967790036942569, 0.036802273085947544, 0.13850413096030528, 0.22923486030726831], [0.27780974672140113, 0.4372196069368528, 0.11175453021333379, 0.064079626911265342, 0.10913648921714719], [0.36917041295872466, 0.0954736012869015, 0.10323572753270159, 0.383513338526154, 0.048606919695518259]],
	"log_likelihood":	[-261.78783670715023, -198.11408773449918, -165.35455859899059, -149.35302104558076, -142.71877939381795, -140.7145220156014, -140.85903566704491]
}
