{
	"input_file":	"../../instances/J100_M50_G4_I5_L50_seed16.json",
	"method":	"Hit and Run",
	"convergence_threshold":	0.001,
	"iterations_made":	6,
	"max_iterations":	10000,
	"time_taken":	2.905778,
	"ground_truth_matrix":	[[0.11046832303046365, 0.32375992679000548, 0.34976560708473542, 0.020404670466171049, 0.19560147262862432], [0.056072838761014418, 0.259257770101578, 0.039720168700331022, 0.016198597480567022, 0.62875062495650935], [0.31255056034065565, 0.030600658614167615, 0.48328435407656345, 0.065010843405680863, 0.1085535835629325], [0.11586259596294285, 0.39777834656095723, 0.2081420243919308, 0.0807572776280516, 0.19745975545611746]],
	"estimated_matrix":	[[0.0876069896009508, 0.31102105680496467, 0.35473744582279582, 0.024982750635869994, 0.22165175713541913], [0.066137971088036554, 0.23095934766754481, 0.082819377816955142, 0.020506320531399225, 0.59957698289606454], [0.31795605917253, 0.0788090580507989, 0.43739457875963178, 0.051493973259375068, 0.11434633075766454], [0.12195393525152387, 0.36089032831110168, 0.21923178854897943, 0.10073816423511459, 0.1971857836532809]],
	"log_likelihood":	[-253.181200107655, -199.32304668938031, -170.84342972550135, -155.19900884422484, -148.51501596329658, -146.10462766862437, -146.99719535667057]
}
