{
	"input_file":	"../../instances/J100_M50_G2_I2_L50_seed20.json",
	"method":	"Exact",
	"convergence_threshold":	0.001,
	"iterations_made":	12,
	"max_iterations":	10000,
	"time_taken":	0.048920871,
	"ground_truth_matrix":	[[0.28008881000392533, 0.71991118999607473], [0.56763625027584241, 0.43236374972415759]],
	"estimated_matrix":	[[0.291632318639804, 0.708367681360196], [0.542168109993279, 0.45783189000672114]],
	"log_likelihood":	[-48.5639533527175, -38.542815923068815, -32.91242725280793, -29.747198385212219, -27.9799549974329, -27.005384960024784, -26.477544438912808, -26.19892757900562, -26.057428710435385, -25.989973093254992, -25.961470847075709, -25.952677346658028, -25.94643389569989]
}
