{
	"input_file":	"../../instances/J100_M50_G2_I2_L50_seed8.json",
	"method":	"Exact",
	"convergence_threshold":	0.001,
	"iterations_made":	12,
	"max_iterations":	10000,
	"time_taken":	0.058143000000000014,
	"ground_truth_matrix":	[[0.37404082947384554, 0.62595917052615457], [0.728815845450914, 0.27118415454908579]],
	"estimated_matrix":	[[0.36833404412657283, 0.63166595587342722], [0.742365180782752, 0.2576348192172479]],
	"log_likelihood":	[-75.144019573133065, -52.399660257829126, -39.8311271079863, -32.8224390016469, -28.937382006069917, -26.816491094339181, -25.68501174948312, -25.100634654684917, -24.812967991976294, -24.6822120748043, -24.6316479701075, -24.620036011238554, -24.625775594204057]
}
