{
	"input_file":	"../../instances/J100_M50_G2_I2_L50_seed16.json",
	"method":	"Exact",
	"convergence_threshold":	0.001,
	"iterations_made":	14,
	"max_iterations":	10000,
	"time_taken":	0.056207,
	"ground_truth_matrix":	[[0.25440151136213868, 0.74559848863786138], [0.944877609836287, 0.055122390163713141]],
	"estimated_matrix":	[[0.269134162579114, 0.730865837420886], [0.930995326351904, 0.0690046736480958]],
	"log_likelihood":	[-190.54972570801553, -123.20734974049709, -83.6594092614873, -59.179863626556724, -43.739810628437446, -34.002755356386238, -27.9360459628315, -24.234392279121234, -22.041383084195346, -20.794348828566275, -20.127355063593019, -19.806254986760766, -19.684132151810129, -19.6708208902045, -19.71237865648644]
}
