{
	"input_file":	"../../instances/J100_M50_G2_I2_L50_seed15.json",
	"method":	"Exact",
	"convergence_threshold":	0.001,
	"iterations_made":	13,
	"max_iterations":	10000,
	"time_taken":	0.052768,
	"ground_truth_matrix":	[[0.905527300001945, 0.0944726999980548], [0.11077641301954382, 0.889223586980456]],
	"estimated_matrix":	[[0.89519481432536652, 0.10480518567463357], [0.11498101463488115, 0.885018985365119]],
	"log_likelihood":	[-252.03697715535074, -165.97533118070695, -114.74432655985193, -81.8970394271712, -60.2065783440933, -45.849585455451248, -36.511063206315477, -30.640773219585419, -27.132832722445727, -25.180659455564939, -24.20417142780726, -23.802423032549164, -23.713135981048524, -23.775373933525984]
}
