{
	"input_file":	"../../instances/J100_M50_G2_I2_L50_seed18.json",
	"method":	"Exact",
	"convergence_threshold":	0.001,
	"iterations_made":	12,
	"max_iterations":	10000,
	"time_taken":	0.041996470999999938,
	"ground_truth_matrix":	[[0.598796857472177, 0.40120314252782313], [0.913094360419019, 0.086905639580980923]],
	"estimated_matrix":	[[0.61603450409251848, 0.38396549590748158], [0.9142040315294313, 0.0857959684705689]],
	"log_likelihood":	[-61.067065197390285, -40.085584666404117, -28.793891290559667, -22.605929994218254, -19.180886639278889, -17.278339818051091, -16.224635833214577, -15.647466791213684, -15.338401951854184, -15.179688229671546, -15.104440130649545, -15.074612164043304, -15.048752969506713]
}
