{
	"input_file":	"../../instances/J100_M50_G2_I2_L50_seed2.json",
	"method":	"Exact",
	"convergence_threshold":	0.001,
	"iterations_made":	15,
	"max_iterations":	10000,
	"time_taken":	0.045608418,
	"ground_truth_matrix":	[[0.956143597579845, 0.043856402420155059], [0.582620503431051, 0.417379496568949]],
	"estimated_matrix":	[[0.95419792821360339, 0.045802071786396531], [0.59951832810631067, 0.40048167189368933]],
	"log_likelihood":	[-98.150611928190443, -69.8995139121312, -53.878830509579132, -44.530570950204087, -38.961986830402331, -35.593339481160932, -33.532901082957842, -32.264329132660862, -31.482184440764723, -31.002372549390792, -30.712087827150185, -30.541207505665959, -30.445611064759145, -30.39726916841169, -30.378250543001347, -30.349274110012825]
}
