{
	"input_file":	"../../instances/J100_M50_G2_I2_L50_seed14.json",
	"method":	"Exact",
	"convergence_threshold":	0.001,
	"iterations_made":	18,
	"max_iterations":	10000,
	"time_taken":	0.06755,
	"ground_truth_matrix":	[[0.32718470976908715, 0.6728152902309128], [0.99606184581514945, 0.0039381541848506141]],
	"estimated_matrix":	[[0.33991120300891653, 0.66008879699108336], [0.975797506033503, 0.024202493966496853]],
	"log_likelihood":	[-201.26652685551383, -137.00307123855467, -99.3396544326659, -76.000780171487548, -61.107334775139677, -51.444588805718652, -45.111906025723819, -40.934401050493385, -38.167347114268345, -36.3315399782873, -35.115391418795674, -34.314519658309763, -33.793741238617145, -33.462893878289478, -33.261339686486714, -33.147963680756156, -33.094672272988127, -33.082133746506365, -33.096964089090065]
}
