{
	"input_file":	"../../instances/J100_M50_G2_I2_L50_seed12.json",
	"method":	"Exact",
	"convergence_threshold":	0.001,
	"iterations_made":	10,
	"max_iterations":	10000,
	"time_taken":	0.032832923,
	"ground_truth_matrix":	[[0.11053619287835263, 0.88946380712164752], [0.28597542938972, 0.71402457061028]],
	"estimated_matrix":	[[0.11162232108177195, 0.888377678918228], [0.27771054950096341, 0.72228945049903648]],
	"log_likelihood":	[-42.399912669371673, -35.006864188781741, -30.9934704744905, -28.801297752203919, -27.601879909510139, -26.947767856228644, -26.594371524212239, -26.406821827731573, -26.310337594796042, -26.2633577748181, -26.227362435483144]
}
