{
	"input_file":	"../../instances/J100_M50_G2_I2_L50_seed17.json",
	"method":	"Exact",
	"convergence_threshold":	0.001,
	"iterations_made":	12,
	"max_iterations":	10000,
	"time_taken":	0.051657,
	"ground_truth_matrix":	[[0.315810458607232, 0.684189541392768], [0.751461243773324, 0.24853875622667579]],
	"estimated_matrix":	[[0.29803341344521866, 0.70196658655478139], [0.75473194538032951, 0.24526805461967047]],
	"log_likelihood":	[-96.7029825751108, -64.4656532772624, -46.104666403853216, -35.46459822971, -29.316202941237751, -25.815588622036643, -23.868800568317742, -22.820551738688547, -22.281021806442791, -22.021930496901113, -21.912295746508018, -21.878714629657345, -21.881162297181344]
}
