{
	"input_file":	"../../instances/J100_M50_G2_I2_L50_seed9.json",
	"method":	"Exact",
	"convergence_threshold":	0.001,
	"iterations_made":	15,
	"max_iterations":	10000,
	"time_taken":	0.058359,
	"ground_truth_matrix":	[[0.014743209941968996, 0.985256790058031], [0.82656560980942351, 0.17343439019057644]],
	"estimated_matrix":	[[0.032459699667279185, 0.967540300332721], [0.80936182203061158, 0.19063817796938851]],
	"log_likelihood":	[-252.966820547808, -167.82785477816961, -116.75826049869571, -83.72536363342995, -61.591034981617348, -46.5647504405896, -36.3728219587701, -29.531020852036573, -25.0181255805836, -22.11321945421011, -20.30436965103695, -19.23034170469672, -18.6394295255216, -18.358870178019657, -18.271934167296163, -18.301001841645093]
}
