{
    "log_likelihood_mean_(last_iteration_value)": -24.761528185615724,
    "time_taken_mean": 0.0016343865500000002,
    "iterations_made_mean": 11.05,
    "MAE": 0.011882992911778394
}