{
    "log_likelihood_mean_(last_iteration_value)": -71.1768327899077,
    "time_taken_mean": 0.0036832573,
    "iterations_made_mean": 11.85,
    "MAE": 0.011200415182930011
}