{
    "log_likelihood_mean_(last_iteration_value)": -102.1838091633244,
    "time_taken_mean": 0.00322422115,
    "iterations_made_mean": 10.5,
    "MAE": 0.008454604339191126
}