{
    "log_likelihood_mean_(last_iteration_value)": -231.63928447019666,
    "time_taken_mean": 0.006185474799999998,
    "time_from_paper": 0.08,
    "percentage_improvement(%)": 1193.3526137718648,
    "iterations_made_mean": 11.35,
    "MAE": 0.008950718791889765
}