{
    "log_likelihood_mean_(last_iteration_value)": -49.02636159455762,
    "time_taken_mean": 0.0040299298,
    "time_from_paper": 0.03,
    "percentage_improvement(%)": 644.4298409366833,
    "iterations_made_mean": 16.3,
    "MAE": 0.014003685713918527
}