{
    "log_likelihood_mean_(last_iteration_value)": -49.026361594557635,
    "time_taken_mean": 0.00512030685,
    "iterations_made_mean": 16.3,
    "MAE": 0.014003685713918529
}