{
    "log_likelihood_mean_(last_iteration_value)": -72.21759256351416,
    "time_taken_mean": 0.003701605150000001,
    "time_from_paper": 0.05,
    "percentage_improvement(%)": 1250.765356483254,
    "iterations_made_mean": 14.3,
    "MAE": 0.01258287713925974
}