{
    "log_likelihood_mean_(last_iteration_value)": -93.26124107451844,
    "time_taken_mean": 0.00533606895,
    "iterations_made_mean": 12.7,
    "MAE": 0.01363265266067466
}