{
    "log_likelihood_mean_(last_iteration_value)": -93.2612410745185,
    "time_taken_mean": 0.0039410967499999994,
    "time_from_paper": 0.04,
    "percentage_improvement(%)": 914.9459030661963,
    "iterations_made_mean": 12.7,
    "MAE": 0.01363265266067466
}