{
    "log_likelihood_mean_(last_iteration_value)": -73.11760565871187,
    "time_taken_mean": 0.00731944465,
    "iterations_made_mean": 15.0,
    "MAE": 0.016076747171346585
}