{
    "log_likelihood_mean_(last_iteration_value)": -210.71294229865853,
    "time_taken_mean": 0.00034333365,
    "time_from_paper": 0.0008,
    "percentage_improvement(%)": 133.00949382619504,
    "iterations_made_mean": 12.7,
    "MAE": 0.005820722696139432
}