{
    "log_likelihood_mean_(last_iteration_value)": -64.04192388740391,
    "time_taken_mean": 0.00020211154999999996,
    "time_from_paper": 0.0009,
    "percentage_improvement(%)": 345.29864819699816,
    "iterations_made_mean": 15.0,
    "MAE": 0.010947268952506495
}