{
    "log_likelihood_mean_(last_iteration_value)": -37.84848254140095,
    "time_taken_mean": 0.00028098485,
    "time_from_paper": 0.0011,
    "percentage_improvement(%)": 291.48018122685266,
    "iterations_made_mean": 20.3,
    "MAE": 0.013956688896213995
}