{
	"input_file":	"../../instances/J100_M50_G2_I3_L50_seed9.json",
	"method":	"Hit and Run",
	"convergence_threshold":	0.001,
	"iterations_made":	14,
	"max_iterations":	10000,
	"time_taken":	3.774972358,
	"ground_truth_matrix":	[[0.0074912953861159658, 0.50062704625065, 0.491881658363234], [0.26431498514720508, 0.28198911632292084, 0.45369589852987391]],
	"estimated_matrix":	[[0.019907356188854339, 0.49193315855606756, 0.48815948525507841], [0.25668206357705609, 0.29711098370405115, 0.44620695271889249]],
	"log_likelihood":	[-92.651440352548747, -72.6373657029323, -61.164116067616945, -54.388107182303735, -50.272269384651366, -47.701070991875028, -46.049806943924786, -44.96149283126487, -44.2273955436207, -43.722317631455446, -43.369142727802974, -43.1190963348466, -42.940533925968019, -42.8124285904995, -42.653169229189324]
}
