{
	"input_file":	"../../instances/J100_M50_G2_I3_L50_seed13.json",
	"method":	"Hit and Run",
	"convergence_threshold":	0.001,
	"iterations_made":	14,
	"max_iterations":	10000,
	"time_taken":	3.99333,
	"ground_truth_matrix":	[[0.42795213106645874, 0.0771833377876456, 0.49486453114589557], [0.44539345432817962, 0.47485814852501324, 0.0797483971468072]],
	"estimated_matrix":	[[0.43890837808877448, 0.0703230085700913, 0.49076861334113375], [0.432286324268169, 0.488811782449012, 0.0789018932828193]],
	"log_likelihood":	[-157.59577630326581, -111.69241796065116, -85.294200621562268, -69.425777574715525, -59.76169411024447, -53.819698966028767, -50.14015297910008, -47.865845011093256, -46.479508571288022, -45.657790334468963, -45.193257947350148, -44.951325833696842, -44.844784664111287, -44.8176924167082, -44.83473892168962]
}
