{
	"input_file":	"../../instances/J100_M50_G2_I10_L50_seed16.json",
	"method":	"MVN CDF",
	"convergence_threshold":	0.001,
	"iterations_made":	1,
	"max_iterations":	10000,
	"time_taken":	0.022444,
	"ground_truth_matrix":	[[0.037220072406000837, 0.10908437447685727, 0.11784646370736214, 0.0068749419864193783, 0.0659039693392477, 0.03718022718294757, 0.17190609579094332, 0.026337259333659491, 0.010740806916152435, 0.41690578886040985], [0.14673895330909076, 0.014366663143133332, 0.22689653856502881, 0.03052185574293443, 0.050964679802890864, 0.061466417499061822, 0.21102591149970712, 0.11042169790901495, 0.042842649101018683, 0.10475463342811923]],
	"estimated_matrix":	[[0.0723949357785656, 0.082615980278149967, 0.14625225489372987, 0.010464791310202951, 0.0613702733545863, 0.045324285205166133, 0.19551147428765486, 0.059819039060099957, 0.019286598853268742, 0.30696036697857565], [0.10245347527135712, 0.051948399373667742, 0.17963942178086315, 0.02327343269257149, 0.060233533529194354, 0.052637565558080787, 0.19950951904537326, 0.0842858058986397, 0.037017305767674764, 0.20900154108257762]],
	"log_likelihood":	[-22.142565178644233, -23.430965849481257]
}
