{
	"input_file":	"../../instances/J100_M50_G2_I10_L50_seed3.json",
	"method":	"MVN CDF",
	"convergence_threshold":	0.001,
	"iterations_made":	2,
	"max_iterations":	10000,
	"time_taken":	0.022265,
	"ground_truth_matrix":	[[0.0931453723690264, 0.14333597595076422, 0.040011072182719966, 0.0832239927500704, 0.26006681338677834, 0.26376288024201622, 0.01561968590937181, 0.027030371918026031, 0.0061499544235774336, 0.06765388086764923], [0.00530734356503633, 0.10679549657807895, 0.18326772703150396, 0.057113539992176665, 0.1973392812162813, 0.156378119637341, 0.00424742361571192, 0.143197917396384, 0.052509906307626246, 0.093843244659859673]],
	"estimated_matrix":	[[0.0629728104121297, 0.1280374821826481, 0.0861323379414189, 0.08031429364008065, 0.23994689785584963, 0.22294420003052262, 0.015438618476104766, 0.065510086438786627, 0.017029882940235247, 0.081673390082223671], [0.026235060652532987, 0.11607089654494696, 0.1415773145986409, 0.0694708360768683, 0.22265864646094227, 0.18744651597836315, 0.0056111383645080825, 0.10735665812032853, 0.040413934565352111, 0.083158998637516773]],
	"log_likelihood":	[-36.79009220961234, -27.735615800260508, -35.602788249574552]
}
