{
	"input_file":	"../../instances/J100_M50_G2_I10_L50_seed7.json",
	"method":	"MVN CDF",
	"convergence_threshold":	0.001,
	"iterations_made":	1,
	"max_iterations":	10000,
	"time_taken":	0.005005,
	"ground_truth_matrix":	[[0.00808261828816172, 0.15413970663026186, 0.058751646987581382, 0.13088878561109682, 0.38859135211187357, 0.078738263100063072, 0.07080871498828735, 0.0076143966059739766, 0.0318281670743481, 0.070556348602352159], [0.11844066583086636, 0.16961555343026474, 0.0499536137283108, 0.0071052771714643923, 0.03540434652102236, 0.25035815833408864, 0.025001738498636041, 0.0626777031670133, 0.278816438584351, 0.002626504733982544]],
	"estimated_matrix":	[[0.042090323042992012, 0.17279315107385282, 0.052143426887176, 0.090479532714349928, 0.25373079492398271, 0.13931625793752742, 0.05302507489860362, 0.025573548691765428, 0.125421926360137, 0.045425963469613029], [0.0749616872739543, 0.1784951515927081, 0.049269019397961952, 0.0530989646001799, 0.16368361675352194, 0.18464831300099943, 0.03561826129463027, 0.043239728614020971, 0.191921312353209, 0.025063945118814168]],
	"log_likelihood":	[-7.4126267044382885, -7.5033647350713935]
}
