{
	"input_file":	"../../instances/J100_M50_G2_I10_L50_seed13.json",
	"method":	"MVN CDF",
	"convergence_threshold":	0.001,
	"iterations_made":	1,
	"max_iterations":	10000,
	"time_taken":	0.00585,
	"ground_truth_matrix":	[[0.095000606641782351, 0.017133841334523565, 0.109854414200967, 0.213159663431239, 0.22726109271150324, 0.038166572341381357, 0.059332412112789071, 0.0943852305406974, 0.064827896915340855, 0.080878269769776023], [0.0068883355213543232, 0.0684607808726845, 0.011645208371382151, 0.37572194421425487, 0.090114377573631624, 0.21997833859893373, 0.057186871760991957, 0.082483938626239872, 0.001826590536552423, 0.085693613923974427]],
	"estimated_matrix":	[[0.067278605181094658, 0.0291870402978979, 0.078474972515145069, 0.273758961067525, 0.18230794859164576, 0.10155443597877419, 0.0588447437042939, 0.087552069328269741, 0.0401525117360037, 0.080888711599350044], [0.034013525191719483, 0.046471686615526128, 0.0458018792192989, 0.319355641511229, 0.143391237064686, 0.16067703109968146, 0.055412152251217088, 0.088680189965864464, 0.019017660133321256, 0.087178996947456122]],
	"log_likelihood":	[-8.98267224890041, -9.0915842618398042]
}
