{
	"input_file":	"../../instances/J100_M50_G2_I10_L50_seed14.json",
	"method":	"MVN CDF",
	"convergence_threshold":	0.001,
	"iterations_made":	2,
	"max_iterations":	10000,
	"time_taken":	0.011426,
	"ground_truth_matrix":	[[0.072756559579671962, 0.1496149553698512, 0.20608955322757225, 0.00081482132852198129, 0.037383355051305023, 0.318757571955605, 0.0725851899237404, 0.038640124848800833, 0.07813803605270303, 0.025219832662228388], [0.16106647274809777, 0.04108471195722066, 0.075916688175726, 0.000577733854966009, 0.10966663037368535, 0.023120032174088642, 0.26444084160278358, 0.04597428467004392, 0.13690581024077314, 0.141246794202615]],
	"estimated_matrix":	[[0.091668211067503877, 0.10640299047564192, 0.14807455865179914, 0.083380144331237832, 0.057064918918888936, 0.19896111594112775, 0.12315778665123882, 0.039356208164236066, 0.088233595505925272, 0.0637004702924003], [0.11909797334717089, 0.0694482416145839, 0.11092422193124488, 0.064410712316676458, 0.0816621722873521, 0.11889064103370328, 0.18216342486582404, 0.044340186664528179, 0.10890456136111483, 0.10015786457780139]],
	"log_likelihood":	[-3178.1766698075617, -8.6009130823673772, -8.62483396560901]
}
