{
	"input_file":	"../../instances/J100_M50_G2_I10_L50_seed11.json",
	"method":	"MVN CDF",
	"convergence_threshold":	0.001,
	"iterations_made":	2,
	"max_iterations":	10000,
	"time_taken":	0.007427,
	"ground_truth_matrix":	[[0.022670189430670222, 0.0022430000911789036, 0.07095577431831715, 0.14720508768109594, 0.062164378732414968, 0.075774684449878463, 0.0014670045756580005, 0.076206469567349347, 0.32434701506348212, 0.21696639608995485], [0.17475220147373904, 0.015365503375000471, 0.29945062630790814, 0.2597506605011623, 0.024083428701327351, 0.1335574362557338, 0.0027625429341148482, 0.0165692122202841, 0.050767037043357562, 0.022941351187372273]],
	"estimated_matrix":	[[0.0662786191426508, 0.011191479145364081, 0.138422275031847, 0.17853663552387405, 0.0433100292620752, 0.097838123907863853, 0.010762738200172, 0.0675696008164054, 0.2317074512740116, 0.15438304769573605], [0.12309963368805105, 0.012233958926522216, 0.21558346074658183, 0.22296300406217176, 0.030452909148187251, 0.11697504195103026, 0.0038314110631186074, 0.036759278003136463, 0.14485037890263444, 0.0932509235085661]],
	"log_likelihood":	[-721.39528133685258, -32.458515269702779, -92.9731103224412]
}
