{
	"input_file":	"../../instances/J100_M50_G2_I10_L50_seed6.json",
	"method":	"MVN CDF",
	"convergence_threshold":	0.001,
	"iterations_made":	1,
	"max_iterations":	10000,
	"time_taken":	0.003909,
	"ground_truth_matrix":	[[0.2757785884142302, 0.049811174985890418, 0.21256714574811184, 0.0052585713872016051, 0.0140634359385901, 0.11161384679915949, 0.093172468949395029, 0.067002269496367034, 0.0504463957726052, 0.12028610250844927], [0.037829281177702068, 0.087361551550571126, 0.047893920136897319, 0.056745822878612753, 0.0680224331729206, 0.30367179058157329, 0.11247047241485471, 0.0349793289128446, 0.13711825271796652, 0.11390714645605694]],
	"estimated_matrix":	[[0.1867500155532123, 0.0673691030473963, 0.1454655437003676, 0.018622431743796911, 0.0230914189786341, 0.180551369683796, 0.10518658998361816, 0.052956964948286424, 0.094060525841872231, 0.12594603651901995], [0.12765670477241536, 0.076268930362307627, 0.0960765178258876, 0.037222536664118136, 0.044123987617210647, 0.22617087670200442, 0.10915663362944485, 0.04582815616720113, 0.1148280355654057, 0.12266762069400459]],
	"log_likelihood":	[-8.4019685404713265, -8.68909328894298]
}
