{
	"input_file":	"../../instances/J100_M50_G2_I10_L50_seed6.json",
	"method":	"MVN CDF",
	"convergence_threshold":	0.001,
	"iterations_made":	1,
	"max_iterations":	10000,
	"time_taken":	0.006158,
	"ground_truth_matrix":	[[0.2757785884142302, 0.049811174985890418, 0.21256714574811184, 0.0052585713872016051, 0.0140634359385901, 0.11161384679915949, 0.093172468949395029, 0.067002269496367034, 0.0504463957726052, 0.12028610250844927], [0.037829281177702068, 0.087361551550571126, 0.047893920136897319, 0.056745822878612753, 0.0680224331729206, 0.30367179058157329, 0.11247047241485471, 0.0349793289128446, 0.13711825271796652, 0.11390714645605694]],
	"estimated_matrix":	[[0.18675001555321216, 0.0673691030473963, 0.14546554370036757, 0.018622431743796908, 0.0230914189786341, 0.180551369683796, 0.10518658998361811, 0.052956964948286445, 0.0940605258418723, 0.12594603651902], [0.12765670477241536, 0.076268930362307627, 0.096076517825887636, 0.037222536664118136, 0.044123987617210647, 0.22617087670200456, 0.1091566336294448, 0.0458281561672011, 0.11482803556540563, 0.12266762069400453]],
	"log_likelihood":	[-8.4019685404713265, -8.68909328894279]
}
