{
	"input_file":	"../../instances/J100_M50_G2_I10_L50_seed10.json",
	"method":	"MVN CDF",
	"convergence_threshold":	0.001,
	"iterations_made":	29,
	"max_iterations":	10000,
	"time_taken":	0.24683500000000008,
	"ground_truth_matrix":	[[0.21843127705125, 0.00310455594308142, 0.14866145756024521, 0.20452786828098479, 0.10217584773651123, 0.037696783123583662, 0.032677328835812119, 0.21160574168951965, 0.027426722860244761, 0.013692416918767124], [0.089337698565748663, 0.23688004378999766, 0.000305646789730184, 0.055459840205091121, 0.12938125590902735, 0.0732507112687405, 0.0988351780171504, 0.026665214833852879, 0.19301748277755362, 0.0968669278431076]],
	"estimated_matrix":	[[0.20528256786087024, 0.0496687893391409, 0.1252198427963388, 0.163957834692399, 0.0984400082310828, 0.046090465062179, 0.0402958956624286, 0.17316522995405037, 0.0512478362247803, 0.04663153017673], [0.12672200796568223, 0.19464489921767866, 0.02270915342801872, 0.0799117035048399, 0.13185603954270006, 0.063293982963909562, 0.096121419641254244, 0.0610867930233397, 0.14850091391562639, 0.075153086796950555]],
	"log_likelihood":	[-4.6960921607007231, -4.6547448986781559, -4.6159633026964464, -4.57942404564445, -4.5449079881915777, -4.5122696128590816, -4.4814135331797029, -4.45227712006523, -4.4248180767494478, -4.3990058234200768, -4.3748157030760426, -4.3522252115159032, -4.331211641233792, -4.311750690038707, -4.2938157138752251, -4.2773774008765022, -4.2624037147801364, -4.2488600060737731, -4.2367092238278561, -4.22591218442451, -4.2164278687587951, -4.20821372949389, -4.20122599634114, -4.19541997150284, -4.19075031005118, -4.1871712818314, -4.1846370126880954, -4.18310170374581, -4.1825198281669778, -4.1828463053876881]
}
