{
	"input_file":	"../../instances/J100_M50_G2_I10_L50_seed20.json",
	"method":	"MVN CDF",
	"convergence_threshold":	0.001,
	"iterations_made":	1,
	"max_iterations":	10000,
	"time_taken":	0.012976,
	"ground_truth_matrix":	[[0.082219907057948835, 0.21132951055997232, 0.20588944772410889, 0.15682425779427028, 0.0033877396753867507, 0.10908302458583818, 0.0441117692532601, 0.06774392256656836, 0.099437221215447555, 0.019973199567198632], [0.036851563522719288, 0.14699395741819674, 0.17712024127059539, 0.22017884136159249, 0.17304768634872764, 0.0043302193415076231, 0.01438446802344439, 0.16130282000057855, 0.031695152369169713, 0.034095050343468228]],
	"estimated_matrix":	[[0.065430219332921966, 0.18290559450912314, 0.1985524764294829, 0.16930178664641041, 0.066825132224748951, 0.0776779080322027, 0.037009439610439565, 0.10681324278798472, 0.070478215530067, 0.02500598489661875], [0.047326581736616288, 0.17144004917775632, 0.19128893884644019, 0.19010523739421029, 0.11009631923534209, 0.0413951077176126, 0.023315326788194979, 0.1387814090618486, 0.05421581247654747, 0.0320352175654312]],
	"log_likelihood":	[-7.80435052184345, -7.9112980472150083]
}
