{
	"input_file":	"../../instances/J100_M50_G2_I10_L50_seed17.json",
	"method":	"MVN CDF",
	"convergence_threshold":	0.001,
	"iterations_made":	1,
	"max_iterations":	10000,
	"time_taken":	0.013765,
	"ground_truth_matrix":	[[0.054910088458876, 0.1189603042476769, 0.033441678392234289, 0.011060521380987629, 0.24324536090811941, 0.16800779444181613, 0.15962455027817882, 0.13481816614048331, 0.006267763850691715, 0.069663771900935742], [0.26764821479172474, 0.0056896705827529951, 0.18334443193306962, 0.19276480901552057, 0.0048285089853900686, 0.0970980434545545, 0.0737276519453078, 0.083622163902498159, 0.060710408957484467, 0.03056609643169713]],
	"estimated_matrix":	[[0.13030684263480563, 0.0748553746639245, 0.083439752593725061, 0.0714984508927768, 0.15265171540849637, 0.15881065485975676, 0.13953791757909567, 0.11622485521641965, 0.018128416228905677, 0.054546019922093868], [0.19547112297413624, 0.038112228977776656, 0.12783205892427341, 0.12303327230274183, 0.091778123783405566, 0.12848200160357282, 0.11074873098489298, 0.0991749301591852, 0.0434136413184786, 0.041953888971536644]],
	"log_likelihood":	[-7.4273954494865286, -7.52479057305377]
}
