{
	"input_file":	"../../instances/J100_M50_G2_I10_L50_seed8.json",
	"method":	"MVN CDF",
	"convergence_threshold":	0.001,
	"iterations_made":	1,
	"max_iterations":	10000,
	"time_taken":	0.014393,
	"ground_truth_matrix":	[[0.18686245439528151, 0.31271523785328015, 0.1838871500988386, 0.068422334178453253, 0.023949501846988717, 0.0010364237832000416, 0.050892580529086434, 0.0465360241937968, 0.066859429077963328, 0.058838864043111186], [0.077693951352584556, 0.0751473499456211, 0.13716371065268357, 0.11945249334395132, 0.092673767042944846, 0.053230454927533574, 0.032706785389616029, 0.34932904412825921, 0.038931832512760181, 0.023670610704045591]],
	"estimated_matrix":	[[0.14994458619291973, 0.22580015256071553, 0.18232399428920712, 0.0948523157098119, 0.047200480193378531, 0.012305655064452633, 0.043671940640085623, 0.1467480509551565, 0.054090602050977189, 0.043062222343295174], [0.11856710524624763, 0.15912786166830686, 0.16353374629000922, 0.11149614491295846, 0.067985252097937529, 0.0303219487044593, 0.0312938045855747, 0.24061467259863573, 0.042562551674923753, 0.034496912220946821]],
	"log_likelihood":	[-10.182340387261295, -10.843471990753487]
}
