{
	"input_file":	"../../instances/J100_M50_G2_I10_L50_seed5.json",
	"method":	"MVN CDF",
	"convergence_threshold":	0.001,
	"iterations_made":	1,
	"max_iterations":	10000,
	"time_taken":	0.011539,
	"ground_truth_matrix":	[[0.026715474938408819, 0.21773719390232371, 0.024646306624725028, 0.26697533847630672, 0.071331461147205, 0.10069016905056917, 0.15453730446846922, 0.0777644459444631, 0.037474746424589631, 0.022127559022939464], [0.011432530344489289, 0.1821179371482772, 0.079056145214111834, 0.02340391124384544, 0.28785667046947466, 0.043499462919321719, 0.072629835700401, 0.047677443735614625, 0.13457350322664272, 0.11775255999782144]],
	"estimated_matrix":	[[0.019466475590819363, 0.202042649502973, 0.037838670599998951, 0.18557591224742179, 0.14496106204110684, 0.086453220824507973, 0.12935886055138276, 0.065534230755063358, 0.072921435931696, 0.055847481955030025], [0.00994742102477711, 0.192097829094379, 0.059576991548020229, 0.10129172941594293, 0.22051647847662625, 0.065383017514751451, 0.1035796509717683, 0.062266317977820375, 0.10405033893778551, 0.0812902250381288]],
	"log_likelihood":	[-11.692474194261484, -14.239662910154911]
}
