{
	"input_file":	"../../instances/J100_M50_G2_I10_L50_seed13.json",
	"method":	"MVN CDF",
	"convergence_threshold":	0.001,
	"iterations_made":	1,
	"max_iterations":	10000,
	"time_taken":	0.006114,
	"ground_truth_matrix":	[[0.095000606641782351, 0.017133841334523565, 0.109854414200967, 0.213159663431239, 0.22726109271150324, 0.038166572341381357, 0.059332412112789071, 0.0943852305406974, 0.064827896915340855, 0.080878269769776023], [0.0068883355213543232, 0.0684607808726845, 0.011645208371382151, 0.37572194421425487, 0.090114377573631624, 0.21997833859893373, 0.057186871760991957, 0.082483938626239872, 0.001826590536552423, 0.085693613923974427]],
	"estimated_matrix":	[[0.0672786051810947, 0.029187040297897916, 0.078474972515145153, 0.273758961067525, 0.18230794859164559, 0.10155443597877421, 0.058844743704293843, 0.087552069328269727, 0.040152511736003683, 0.080888711599350072], [0.034013525191719463, 0.046471686615526135, 0.045801879219298916, 0.31935564151122919, 0.14339123706468596, 0.16067703109968157, 0.055412152251217067, 0.0886801899658644, 0.019017660133321242, 0.0871789969474561]],
	"log_likelihood":	[-8.98267224890041, -9.09158426183973]
}
