{
	"input_file":	"../../instances/J100_M50_G2_I2_L50_seed4.json",
	"method":	"MVN CDF",
	"convergence_threshold":	0.001,
	"iterations_made":	0,
	"max_iterations":	10000,
	"time_taken":	0.000223427,
	"ground_truth_matrix":	[[0.81154224282326637, 0.1884577571767336], [0.74157729251795246, 0.25842270748204754]],
	"estimated_matrix":	[[0.7811208632440283, 0.21887913675597165], [0.76998836734626053, 0.23001163265373936]],
	"log_likelihood":	[-0.054377072381955459]
}
