{
	"input_file":	"../../instances/J100_M50_G2_I2_L50_seed3.json",
	"method":	"MVN CDF",
	"convergence_threshold":	0.001,
	"iterations_made":	0,
	"max_iterations":	10000,
	"time_taken":	0.000120833,
	"ground_truth_matrix":	[[0.39388041818446978, 0.60611958181553], [0.32467278858124587, 0.675327211418754]],
	"estimated_matrix":	[[0.3751464555689773, 0.6248535444310227], [0.35231249540562154, 0.64768750459437852]],
	"log_likelihood":	[-0.057968201003970217]
}
