{
	"input_file":	"../../instances/J100_M50_G2_I2_L50_seed12.json",
	"method":	"MVN CDF",
	"convergence_threshold":	0.001,
	"iterations_made":	14,
	"max_iterations":	10000,
	"time_taken":	0.004421313,
	"ground_truth_matrix":	[[0.11053619287835263, 0.88946380712164752], [0.28597542938972, 0.71402457061028]],
	"estimated_matrix":	[[0.15498486748799284, 0.84501513251200733], [0.22853322442993657, 0.77146677557006338]],
	"log_likelihood":	[-0.18134314353054684, -0.17946750207656728, -0.17764342692668678, -0.175870384407422, -0.17414779142281347, -0.17247501919471589, -0.17085139705287439, -0.16927621622302491, -0.1677487335688799, -0.16626817525695237, -0.16483374031550604, -0.16344460406539293, -0.16209992140601881, -0.16079882995472233, -0.14650810957991164]
}
