{
	"input_file":	"../../instances/J100_M50_G2_I2_L50_seed5.json",
	"method":	"MVN CDF",
	"convergence_threshold":	0.001,
	"iterations_made":	0,
	"max_iterations":	10000,
	"time_taken":	0.000116591,
	"ground_truth_matrix":	[[0.1092869023075165, 0.89071309769248352], [0.084514668368276855, 0.91548533163172319]],
	"estimated_matrix":	[[0.095624531149846273, 0.90437546885015352], [0.0947607821558007, 0.90523921784419925]],
	"log_likelihood":	[-0.42843209412976724]
}
