{
	"input_file":	"../../instances/J100_M50_G2_I2_L50_seed16.json",
	"method":	"MVN CDF",
	"convergence_threshold":	0.001,
	"iterations_made":	113,
	"max_iterations":	10000,
	"time_taken":	0.01634667,
	"ground_truth_matrix":	[[0.25440151136213868, 0.74559848863786138], [0.944877609836287, 0.055122390163713141]],
	"estimated_matrix":	[[0.32015161220989313, 0.679848387790107], [0.89245232048596956, 0.10754767951403051]],
	"log_likelihood":	[-0.35516366870954147, -0.35032429492017358, -0.34559769920659711, -0.34097971697372709, -0.33646638466431639, -0.33205392843930548, -0.32773875362051086, -0.32351743485928341, -0.31938670695550914, -0.315343456280488, -0.31138471277643559, -0.30750764245519174, -0.30370954039901832, -0.29998782419069214, -0.2963400277675905, -0.292763795654039, -0.28925687755435608, -0.28581712327031872, -0.28244247793477956, -0.27913097752182942, -0.275880744636092, -0.272689984535687, -0.26955698139788448, -0.2664800947931002, -0.26345775636513485, -0.26048846669657, -0.257570792345163, -0.254703363052038, -0.25188486909583963, -0.24911405879247536, -0.246389736125012, -0.2437107585016256, -0.24107603463104563, -0.23848452249795235, -0.23593522745285025, -0.23342720038512252, -0.23095953599319846, -0.22853137113695984, -0.22614188325972936, -0.22379028889399885, -0.2214758422286324, -0.21919783374009189, -0.21695558888418331, -0.21474846684253457, -0.21257585931966247, -0.21043718938980813, -0.20833191038783105, -0.20625950483999347, -0.20421948343918, -0.20221138404998065, -0.2002347707494152, -0.19828923290295386, -0.19637438426323717, -0.19448986209965324, -0.19263532635287323, -0.19081045880938555, -0.18901496230440806, -0.18724855993473383, -0.18551099429899789, -0.18380202674659291, -0.18212143665272004, -0.18046902069532067, -0.1788445921557546, -0.17724798022585, -0.17567902932934243, -0.17413759845123186, -0.17262356047553667, -0.171136801540431, -0.16967722038971181, -0.16824472774167487, -0.16683924565826166, -0.16546070692877235, -0.16410905444922513, -0.16278424061945473, -0.16148622673725677, -0.16021498240511933, -0.1589704849317585, -0.157752718754718, -0.15656167485591513, -0.15539735018404888, -0.15425974709016305, -0.153148872757708, -0.15206473865078776, -0.15100735995410014, -0.14997675503186936, -0.14897294488784632, -0.14799595262570389, -0.147045802930132, -0.14612252154158129, -0.14522613474676271, -0.1443566688757541, -0.143514149804111, -0.14269860246881311, -0.1419100503885504, -0.14114851519838092, -0.14041401619100086, -0.139706569869393, -0.13902618951041523, -0.13837288474475443, -0.13774666114040193, -0.13714751980297921, -0.13657545699255552, -0.13603046374484368, -0.13551252551889148, -0.1350216218438888, -0.13455772599354304, -0.13412080466998, -0.1337108177001517, -0.13332771775716812, -0.13297145008627947, -0.13264195225636516, -0.13233915392471565, -0.13206297661736141, -0.11615662906925765]
}
