{
	"input_file":	"../../instances/J100_M50_G2_I2_L50_seed15.json",
	"method":	"MVN CDF",
	"convergence_threshold":	0.001,
	"iterations_made":	115,
	"max_iterations":	10000,
	"time_taken":	0.028239000000000018,
	"ground_truth_matrix":	[[0.905527300001945, 0.0944726999980548], [0.11077641301954382, 0.889223586980456]],
	"estimated_matrix":	[[0.85579441237691667, 0.14420558762308325], [0.15528329264384269, 0.84471670735615734]],
	"log_likelihood":	[-0.4385358278066786, -0.43303553819397145, -0.42767796790820684, -0.42245751534234816, -0.41736885401647611, -0.4124069160833741, -0.40756687701854089, -0.40284414138800267, -0.39823432961326954, -0.393733265652304, -0.38933696552618652, -0.3850416266273835, -0.3808436177441038, -0.3767394697545588, -0.37272586693773324, -0.368799638849165, -0.36495775273755249, -0.36119730643989545, -0.35751552174080575, -0.35390973815637866, -0.35037740710638487, -0.346916086461975, -0.34352343542966318, -0.34019720975924589, -0.33693525724962, -0.33373551353064712, -0.33059599811174423, -0.32751481067046717, -0.32449012757090051, -0.32152019859860581, -0.31860334389614253, -0.31573795108981112, -0.31292247259309158, -0.31015542307771865, -0.30743537710723884, -0.30476096691093968, -0.30213088031028679, -0.29954385876930961, -0.2969986955730618, -0.29449423412922349, -0.292029366375936, -0.28960303130380588, -0.28721421357319338, -0.28486194222800543, -0.28254528950872054, -0.28026336974249438, -0.27801533831959063, -0.275800390753473, -0.27361776180413877, -0.2714667246890124, -0.26934659034135483, -0.26725670675542712, -0.26519645837212347, -0.263165265541086, -0.26116258402253811, -0.2591879045552134, -0.25724075246628481, -0.25532068733072938, -0.25342730267617647, -0.25156022572955683, -0.2497191172037761, -0.24790367112124642, -0.24611361467086709, -0.24434870810115134, -0.24260874463652835, -0.24089355042978575, -0.23920298452661759, -0.23753693886573682, -0.23589533828407092, -0.23427814055160484, -0.23268533640633265, -0.23111694960971435, -0.229573037006197, -0.22805368858013969, -0.22655902752473006, -0.22508921029850956, -0.22364442668109669, -0.2222248998147125, -0.22083088623548766, -0.21946267588370141, -0.21812059209401291, -0.21680499155871832, -0.21551626426217077, -0.2142548333757196, -0.21302115511715572, -0.21181571856432765, -0.21063904542157688, -0.20949168972675195, -0.20837423750390846, -0.20728730635257084, -0.20623154496358007, -0.20520763256085983, -0.20421627827000174, -0.20325822039274263, -0.20233422559961037, -0.20144508802352112, -0.20059162825412963, -0.19977469223017261, -0.19899515001918025, -0.19825389448867614, -0.19755183985660379, -0.19688992012104187, -0.19626908736918661, -0.19569030995550746, -0.19515457055131952, -0.19466286406595187, -0.19421619543160765, -0.19381557725896631, -0.19346202735556822, -0.19315656611582149, -0.1929002137802911, -0.192693987566064, -0.19253889867095833, -0.19243594916366683, -0.19238612875814012, -0.19239041147076483]
}
