{
	"input_file":	"../../instances/J100_M50_G2_I2_L50_seed14.json",
	"method":	"MVN CDF",
	"convergence_threshold":	0.001,
	"iterations_made":	104,
	"max_iterations":	10000,
	"time_taken":	0.021094,
	"ground_truth_matrix":	[[0.32718470976908715, 0.6728152902309128], [0.99606184581514945, 0.0039381541848506141]],
	"estimated_matrix":	[[0.40109838690656552, 0.59890161309343448], [0.93625794550784958, 0.0637420544921503]],
	"log_likelihood":	[-0.42635616850426361, -0.42146000638719588, -0.416686187584486, -0.41203016817642368, -0.40748762605287686, -0.40305444832575615, -0.39872671961180534, -0.3945007111348281, -0.39037287056066239, -0.38633981252402622, -0.38239830978958689, -0.37854528499914047, -0.37477780295659457, -0.37109306342038245, -0.367488394355622, -0.36396124561660442, -0.360509183034509, -0.35712988286033437, -0.35382112657163256, -0.3505807959808287, -0.347406868650922, -0.34429741357733257, -0.3412505871362278, -0.338264629265242, -0.3353378598614149, -0.3324686753987881, -0.32965554572429984, -0.32689701103960755, -0.32419167904993, -0.32153822226258527, -0.31893537543494155, -0.31638193315434565, -0.31387674754537909, -0.31141872608678028, -0.30900682954594727, -0.306640070008101, -0.30431750899840443, -0.30203825569479448, -0.29980146521777734, -0.2976063369969425, -0.29545211320720427, -0.29333807726939215, -0.291263552406733, -0.28922790026235623, -0.28723051956185686, -0.285270844828502, -0.2833483451378197, -0.28146252291355633, -0.279612912754756, -0.27779908031550643, -0.27602062118791543, -0.27427715983490664, -0.27256834854488532, -0.270893866403727, -0.269253418296399, -0.26764673392452154, -0.26607356684455818, -0.26453369352309941, -0.26302691240789688, -0.26155304301304971, -0.26011192501742014, -0.2587034173778312, -0.25732739745185867, -0.255983760133745, -0.25467241699452042, -0.253393295445524, -0.25214633789834079, -0.25093150093971212, -0.24974875451726469, -0.248598081130426, -0.24747947503366105, -0.24639294144949822, -0.24533849578374342, -0.24431616286248928, -0.24332597616644749, -0.24236797708694005, -0.24144221417869535, -0.24054874243750382, -0.23968762257876233, -0.23885892033482312, -0.23806270575787991, -0.23729905253957981, -0.23656803734511833, -0.23586973915325529, -0.23520423862506895, -0.23457161746743355, -0.23397195782990277, -0.23340534170615113, -0.23287185035708025, -0.2323715637476805, -0.23190456000004081, -0.23147091486933424, -0.23107070123032611, -0.23070398858688568, -0.23037084259962159, -0.2300713246290092, -0.22980549130421896, -0.22957339410283076, -0.229375078956528, -0.22921058587659229, -0.22907994859200523, -0.22898319421627109, -0.22892034292869237, -0.2288914076797095, -0.22889639390962244]
}
