{
	"input_file":	"../../instances/J100_M50_G2_I2_L50_seed9.json",
	"method":	"MVN CDF",
	"convergence_threshold":	0.001,
	"iterations_made":	121,
	"max_iterations":	10000,
	"time_taken":	0.029378,
	"ground_truth_matrix":	[[0.014743209941968996, 0.985256790058031], [0.82656560980942351, 0.17343439019057644]],
	"estimated_matrix":	[[0.065064182259819928, 0.9349358177401802], [0.76374237692494751, 0.23625762307505246]],
	"log_likelihood":	[-0.46189890901989761, -0.45635330792290468, -0.45095356779883061, -0.44569389220932337, -0.44056876791076049, -0.43557294768534149, -0.430701434398893, -0.42594946619078233, -0.42131250270284321, -0.41678621227411167, -0.41236645999894173, -0.40804929662473, -0.40383094817833948, -0.39970780630096253, -0.39567641922112, -0.39173348331615976, -0.38787583524427582, -0.38410044455980868, -0.38040440683250148, -0.3767849371878193, -0.37323936426739962, -0.36976512457501814, -0.36635975716709063, -0.36302089869212512, -0.35974627872976589, -0.356533715426271, -0.35338111139833056, -0.350286449895176, -0.34724779120004562, -0.34426326925543688, -0.34133108849696581, -0.33844952088980984, -0.33561690315205717, -0.33283163414747313, -0.3300921724570392, -0.32739703409552212, -0.32474479038521659, -0.322134065965649, -0.31956353693819278, -0.31703192914140488, -0.31453801653880864, -0.31208061972983769, -0.30965860455928057, -0.30727088084641158, -0.30491640119317825, -0.30259415990741428, -0.300303191999243, -0.29804257227769632, -0.29581141451780191, -0.293608870718657, -0.29143413043223926, -0.28928642015824535, -0.28716500282577789, -0.28506917732309145, -0.282998278107739, -0.28095167486649364, -0.27892877224163215, -0.27692900961377442, -0.27495186093283452, -0.272996834607142, -0.27106347343850073, -0.2691513546110984, -0.2672600897122302, -0.26538932480863, -0.2635387405555748, -0.261708052347866, -0.25989701050106179, -0.25810540047142355, -0.25633304309705651, -0.25457979488183219, -0.25284554828772632, -0.25113023205614859, -0.24943381155750036, -0.24775628913466924, -0.24609770448575183, -0.24445813503725117, -0.24283769633321012, -0.24123654242353065, -0.23965486625860016, -0.23809290007091674, -0.2365509157558576, -0.23502922523939879, -0.23352818082852811, -0.23204817554451138, -0.230589643436326, -0.22915305985203721, -0.22773894170163372, -0.22634784765719718, -0.22498037833628717, -0.22363717642112482, -0.22231892673740805, -0.22102635628348166, -0.21976023418388668, -0.21852137159853205, -0.21731062155591929, -0.21612887870753869, -0.21497707901751645, -0.21385619936767444, -0.21276725707320868, -0.211711309317165, -0.21068945248438009, -0.20970282140866631, -0.20875258851522022, -0.2078399628612328, -0.206966189073829, -0.20613254617517984, -0.20534034631242384, -0.20459093335647671, -0.20388568140387206, -0.20322599315841894, -0.20261329820096555, -0.20204905114742572, -0.20153472968714781, -0.20107183251369826, -0.20066187714353714, -0.20030639762703853, -0.20000694214606737, -0.199765070516345, -0.199582351585959, -0.19946036053081351, -0.199400676072988, -0.1994048775963706]
}
