{
	"input_file":	"../../instances/J100_M50_G2_I2_L50_seed16.json",
	"method":	"MVN CDF",
	"convergence_threshold":	0.001,
	"iterations_made":	113,
	"max_iterations":	10000,
	"time_taken":	0.051212493,
	"ground_truth_matrix":	[[0.25440151136213868, 0.74559848863786138], [0.944877609836287, 0.055122390163713141]],
	"estimated_matrix":	[[0.32015161220989391, 0.679848387790106], [0.892452320485969, 0.10754767951403106]],
	"log_likelihood":	[-0.35516366870955152, -0.350324294920536, -0.34559769920668, -0.34097971697323187, -0.336466384664685, -0.33205392843935871, -0.327738753619945, -0.32351743485964324, -0.3193867069551144, -0.3153434562810048, -0.31138471277603214, -0.3075076424552794, -0.30370954039886017, -0.2999878241902792, -0.29634002776746071, -0.29276379565404587, -0.28925687755419138, -0.28581712326996372, -0.28244247793437, -0.27913097752232752, -0.27588074463692736, -0.27268998453589877, -0.26955698139777118, -0.26648009479305473, -0.263457756365598, -0.26048846669641562, -0.257570792345439, -0.25470336305155, -0.25188486909552432, -0.24911405879250828, -0.2463897361248682, -0.24371075850186111, -0.24107603463108679, -0.23848452249811777, -0.23593522745275669, -0.23342720038574824, -0.23095953599364347, -0.22853137113704719, -0.22614188325945012, -0.2237902888940573, -0.22147584222891481, -0.21919783374026894, -0.21695558888401359, -0.21474846684275239, -0.21257585932003026, -0.21043718938971873, -0.20833191038733, -0.20625950483980476, -0.20421948343904464, -0.20221138404956832, -0.20023477074928042, -0.19828923290325209, -0.19637438426285139, -0.19448986209955368, -0.19263532635240119, -0.19081045880955691, -0.18901496230385023, -0.18724855993494177, -0.18551099429883522, -0.18380202674698176, -0.18212143665297525, -0.18046902069446605, -0.17884459215541956, -0.17724798022662078, -0.17567902932921281, -0.17413759845132934, -0.17262356047547722, -0.17113680154061739, -0.16967722039005176, -0.16824472774166324, -0.16683924565820646, -0.16546070692890433, -0.16410905444914439, -0.16278424061978231, -0.16148622673804691, -0.16021498240473028, -0.15897048493141627, -0.15775271875479868, -0.15656167485565722, -0.15539735018454978, -0.15425974708964, -0.15314887275834391, -0.15206473865025869, -0.15100735995384384, -0.14997675503243041, -0.14897294488775567, -0.14799595262587595, -0.14704580293012182, -0.14612252154124189, -0.1452261347461031, -0.14435666887584886, -0.14351414980495814, -0.14269860246890123, -0.14191005038903615, -0.14114851519908089, -0.14041401619116661, -0.13970656986950872, -0.13902618950986678, -0.13837288474519818, -0.13774666114025358, -0.13714751980317824, -0.1365754569922234, -0.1360304637448696, -0.13551252551830062, -0.13502162184333236, -0.13455772599414484, -0.13412080466991175, -0.13371081770053875, -0.13332771775788066, -0.13297145008583788, -0.13264195225643005, -0.1323391539247277, -0.13206297661708394, -0.11615662906944486]
}
