{
	"input_file":	"../../instances/J100_M50_G2_I2_L50_seed1.json",
	"method":	"MVN CDF",
	"convergence_threshold":	0.001,
	"iterations_made":	32,
	"max_iterations":	10000,
	"time_taken":	0.004857,
	"ground_truth_matrix":	[[0.297511488970571, 0.702488511029429], [0.00031761382895504226, 0.99968238617104477]],
	"estimated_matrix":	[[0.23177376251446163, 0.76822623748553842], [0.040630947231257937, 0.95936905276874218]],
	"log_likelihood":	[-0.64598857453368019, -0.63900864695117254, -0.632153568227866, -0.625428770207468, -0.61884015176099239, -0.61239407179962069, -0.6060973337027975, -0.59995716119412723, -0.59398116582278948, -0.588177306361776, -0.58255384058593562, -0.5771192700590082, -0.57188227865956032, -0.566851665737029, -0.562036274914857, -0.55744491960633624, -0.55308630643725043, -0.54896895777360444, -0.545101134598062, -0.54149076094310356, -0.53814535108395833, -0.53507194058724172, -0.53227702225282447, -0.529766487847953, -0.52754557641158173, -0.52561882975340746, -0.5239900556158853, -0.52266229881364146, -0.52163782048279062, -0.52091808544756535, -0.520503757544587, -0.52039470260515819, -0.52058999870832745]
}
