{
	"input_file":	"../../instances/J100_M50_G2_I2_L50_seed12.json",
	"method":	"MVN CDF",
	"convergence_threshold":	0.001,
	"iterations_made":	14,
	"max_iterations":	10000,
	"time_taken":	0.006514197,
	"ground_truth_matrix":	[[0.11053619287835263, 0.88946380712164752], [0.28597542938972, 0.71402457061028]],
	"estimated_matrix":	[[0.15498486748799264, 0.84501513251200744], [0.22853322442993629, 0.7714667755700636]],
	"log_likelihood":	[-0.18134314353056369, -0.17946750207708329, -0.17764342692653889, -0.17587038440747646, -0.17414779142266817, -0.17247501919482885, -0.17085139705281344, -0.1692762162227654, -0.167748733568231, -0.16626817525712528, -0.16483374031545509, -0.16344460406536754, -0.16209992140661914, -0.16079882995453465, -0.14650810958020791]
}
