{
	"input_file":	"../../instances/J100_M50_G2_I2_L50_seed11.json",
	"method":	"MVN CDF",
	"convergence_threshold":	0.001,
	"iterations_made":	89,
	"max_iterations":	10000,
	"time_taken":	0.016398689,
	"ground_truth_matrix":	[[0.90996736531017963, 0.0900326346898204], [0.3252452051574129, 0.674754794842587]],
	"estimated_matrix":	[[0.85032758402740238, 0.14967241597259789], [0.41286006076848208, 0.587139939231518]],
	"log_likelihood":	[-0.2897937201861307, -0.28563869591915941, -0.28157975254662437, -0.27761372909029824, -0.27373761557960918, -0.269948544724253, -0.2662437841310783, -0.262620729017322, -0.2590768953783113, -0.25560991358093377, -0.25221752235663147, -0.24889756315076467, -0.24564797481799927, -0.24246678862911394, -0.23935212357163851, -0.23630218192368804, -0.23331524508005771, -0.23038966961001092, -0.22752388354586581, -0.22471638286572077, -0.22196572817428861, -0.21927054155867773, -0.21662950361708233, -0.21404135063587357, -0.2115048719198418, -0.20901890725430305, -0.20658234450275911, -0.20419411731597911, -0.20185320296190562, -0.19955862025615309, -0.19730942759648146, -0.19510472108832375, -0.19294363276145529, -0.19082532886440612, -0.18874900824542246, -0.18671390080138175, -0.18471926599851535, -0.18276439145752185, -0.18084859160291178, -0.17897120637726752, -0.17713159999415093, -0.17532915976502622, -0.17356329496482495, -0.1718334357443248, -0.17013903209376025, -0.16847955285013413, -0.16685448473724535, -0.16526333145627009, -0.1637056128086625, -0.16218086384800828, -0.1606886340843898, -0.15922848670417153, -0.15779999782603432, -0.15640275579622, -0.15503636049854488, -0.15370042270677933, -0.15239456344954, -0.15111841341682192, -0.1498716123744884, -0.1486538086193657, -0.1474646584457952, -0.14630382563913993, -0.14517098099105558, -0.14406580183836418, -0.14298797161510943, -0.14193717943257261, -0.14091311967294093, -0.13991549160643593, -0.13894399901751833, -0.13799834986172643, -0.13707825592957187, -0.13618343252994575, -0.13531359818975644, -0.13446847437066775, -0.13364778519892387, -0.13285125721122529, -0.13207861911700977, -0.13132960156390244, -0.1306039369370661, -0.12990135915227885, -0.12922160347299758, -0.12856440633504515, -0.12792950518487214, -0.12731663833164622, -0.12672554480949619, -0.1261559642464064, -0.1256076367526584, -0.12508030281175622, -0.12457370318409217, -0.1105593268956878]
}
