{
	"input_file":	"../../instances/J100_M50_G2_I2_L50_seed2.json",
	"method":	"MVN CDF",
	"convergence_threshold":	0.001,
	"iterations_made":	51,
	"max_iterations":	10000,
	"time_taken":	0.00873233,
	"ground_truth_matrix":	[[0.956143597579845, 0.043856402420155059], [0.582620503431051, 0.417379496568949]],
	"estimated_matrix":	[[0.906468390580977, 0.093531609419022971], [0.66596026076100034, 0.33403973923899966]],
	"log_likelihood":	[-0.33844886799815871, -0.33423867407066815, -0.33013324521348131, -0.32613075973530159, -0.32222946906192945, -0.318427693039366, -0.31472381541440508, -0.31111627947710435, -0.30760358387703191, -0.30418427860981517, -0.30085696116441712, -0.297620272839544, -0.29447289522304337, -0.29141354683604437, -0.28844097994113943, -0.28555397750768713, -0.28275135034543719, -0.2800319343889382, -0.27739458814627016, -0.27483819029978446, -0.27236163746570824, -0.2699638420998276, -0.26764373055717244, -0.265400241295108, -0.26323232322269435, -0.26113893418838069, -0.25911903960422528, -0.25717161120447435, -0.25529562592825, -0.25349006493227161, -0.25175391271806763, -0.25008615637774434, -0.24848578494278284, -0.24695178884675142, -0.2454831594800419, -0.24407888883640461, -0.24273796926026731, -0.24145939326110258, -0.24024215341390218, -0.23908524233255052, -0.23798765270622516, -0.23694837739485833, -0.23596640958487788, -0.23504074299508967, -0.23417037212082517, -0.23335429252759934, -0.23259150117334595, -0.23188099676673241, -0.23122178014499584, -0.23061285468295747, -0.23005322671056408, -0.20988243632531023]
}
