{
	"input_file":	"../../instances/J100_M50_G2_I2_L50_seed17.json",
	"method":	"MVN CDF",
	"convergence_threshold":	0.001,
	"iterations_made":	66,
	"max_iterations":	10000,
	"time_taken":	0.068736462,
	"ground_truth_matrix":	[[0.315810458607232, 0.684189541392768], [0.751461243773324, 0.24853875622667579]],
	"estimated_matrix":	[[0.3759888538040756, 0.62401114619592446], [0.67854084676599169, 0.32145915323400825]],
	"log_likelihood":	[-0.16389219188024706, -0.16151944693950987, -0.15919780869313505, -0.15692587773981706, -0.15470230872249058, -0.15252580777030011, -0.150395130073052, -0.1483090775901956, -0.14626649688209764, -0.144266277061334, -0.14230734784457441, -0.14038867770898489, -0.13850927215158171, -0.13666817202737905, -0.13486445197543526, -0.133097218934206, -0.1313656107149925, -0.12966879466292369, -0.12800596636833753, -0.1263763484590035, -0.12477918943461051, -0.12321376256779276, -0.12167936485482672, -0.12017531601681529, -0.11870095754830257, -0.11725565180669528, -0.11583878115417763, -0.11444974712865758, -0.11308796965547763, -0.11175288630247007, -0.11044395155961771, -0.10916063615565108, -0.10790242640622057, -0.10666882358735, -0.10545934334287638, -0.10427351511069148, -0.10311088158032061, -0.10197099817121172, -0.10085343253516728, -0.0997577640769166, -0.098683583501496128, -0.0976304923761834, -0.0965981027126909, -0.095586036565905946, -0.094593925653229161, -0.0936214109867162, -0.092668142521679, -0.0917337788180055, -0.090817986721366442, -0.0899204410525248, -0.089040824310871639, -0.088178826392317139, -0.0873341443141539, -0.086506481958457171, -0.0856955498196468, -0.084901064765083661, -0.0841227498067758, -0.0833603338813711, -0.0826135516376472, -0.081882143234753874, -0.0811658541507253, -0.080464434992730455, -0.079777641322203524, -0.079105233481694071, -0.078446976434613472, -0.077802639603711754, -0.066267245655577248]
}
