{
	"input_file":	"../../instances/J100_M50_G2_I2_L50_seed8.json",
	"method":	"MVN CDF",
	"convergence_threshold":	0.001,
	"iterations_made":	46,
	"max_iterations":	10000,
	"time_taken":	0.014735919,
	"ground_truth_matrix":	[[0.37404082947384554, 0.62595917052615457], [0.728815845450914, 0.27118415454908579]],
	"estimated_matrix":	[[0.44871908318458659, 0.55128091681541336], [0.66459661711575679, 0.3354033828842431]],
	"log_likelihood":	[-0.12923199606554372, -0.1274941102785131, -0.12579489460938317, -0.12413336267848965, -0.12250856231935295, -0.12091957405641844, -0.11936550966553902, -0.11784551080300597, -0.11635874770950429, -0.11490441797789297, -0.1134817453762401, -0.11208997874202516, -0.11072839091823368, -0.10939627774915014, -0.10809295712251715, -0.10681776805933474, -0.1055700698472556, -0.10434924121029818, -0.10315467952917606, -0.10198580008471239, -0.10084203535095758, -0.0997228343073273, -0.0986276617927017, -0.097555997888380944, -0.096507337318672864, -0.095481188898505667, -0.094477074984686, -0.0934945309671101, -0.0925331047785729, -0.09159235642010187, -0.0906718575191958, -0.0897711908959638, -0.088889950159855374, -0.088027739310233541, -0.087184172369704674, -0.0863588730207053, -0.085551474264061761, -0.084761618093769961, -0.083988955180477678, -0.0832331445708491, -0.0824938534014651, -0.081770756623382429, -0.0810635367381378, -0.0803718835447325, -0.07969549389855933, -0.079034071478214868, -0.068149789842149]
}
