{
	"input_file":	"../../instances/J100_M50_G2_I3_L50_seed20.json",
	"method":	"MVN CDF",
	"convergence_threshold":	0.001,
	"iterations_made":	48,
	"max_iterations":	10000,
	"time_taken":	0.079366395,
	"ground_truth_matrix":	[[0.16462456721633445, 0.42313389130268786, 0.41224154148097764], [0.582351120333567, 0.012580030813523983, 0.405068848852909]],
	"estimated_matrix":	[[0.25911925987642054, 0.31192747852578034, 0.428953261597799], [0.46515670443973611, 0.10503574079971981, 0.429807554760544]],
	"log_likelihood":	[-0.29167952600952946, -0.28865754611387917, -0.28570035460544529, -0.28280637836510664, -0.279974105727545, -0.27720208354356063, -0.27448891439205236, -0.27183325394121172, -0.2692338084494364, -0.26668933239046827, -0.26419862620021911, -0.26176053414169831, -0.25937394226713534, -0.25703777649001031, -0.254751000741419, -0.25251261522640417, -0.25032165475340712, -0.24817718714787776, -0.24607831174218736, -0.24402415793341384, -0.24201388380699765, -0.24004667482716407, -0.23812174258589644, -0.23623832360844449, -0.234395678214055, -0.2325930894272005, -0.230829861939777, -0.22910532111849649, -0.22741881205580528, -0.2257696986688412, -0.22415736282960508, -0.22258120354323316, -0.221040636159168, -0.21953509161606952, -0.2180640157261656, -0.21662686848421481, -0.21522312341706459, -0.21385226695393719, -0.21251379783328175, -0.21120722653034124, -0.2099320747169344, -0.20868787474259781, -0.20747416914136318, -0.20629051016068256, -0.20513645931903449, -0.20401158697371855, -0.20291547191956566, -0.20184770100287952, -0.17907269836028211]
}
