{
	"input_file":	"../../instances/J100_M50_G2_I3_L50_seed16.json",
	"method":	"MVN CDF",
	"convergence_threshold":	0.001,
	"iterations_made":	10,
	"max_iterations":	10000,
	"time_taken":	0.020357953,
	"ground_truth_matrix":	[[0.14090457732224396, 0.41296232609275713, 0.44613309658499889], [0.062522697791787138, 0.599349633264765, 0.3381276689434477]],
	"estimated_matrix":	[[0.12219225054190505, 0.45851040073328481, 0.41929734872481], [0.0884913122244397, 0.53491777320651979, 0.37659091456904042]],
	"log_likelihood":	[-0.37003523786978365, -0.36859832049207375, -0.36714252267685049, -0.36567322697374033, -0.36419628888397509, -0.362717725622669, -0.36124347774249882, -0.35977923291797864, -0.35833030159740709, -0.35690153501621658, -0.34129026779594146]
}
