{
	"input_file":	"../../instances/J100_M50_G2_I3_L50_seed7.json",
	"method":	"MVN CDF",
	"convergence_threshold":	0.001,
	"iterations_made":	23,
	"max_iterations":	10000,
	"time_taken":	0.048312509,
	"ground_truth_matrix":	[[0.036577241285230634, 0.697546888897068, 0.26587586981770139], [0.21879765890019268, 0.6495810753685386, 0.13162126573126864]],
	"estimated_matrix":	[[0.06879856126187596, 0.7153799454152745, 0.21582149332284956], [0.17112486658131648, 0.65646034792651131, 0.17241478549217226]],
	"log_likelihood":	[-0.43704913168647092, -0.43026471217056528, -0.42357640899222, -0.41699778559624173, -0.410541024466116, -0.40421696137971114, -0.3980351296473546, -0.39200381200647771, -0.38613009819908634, -0.38041994659717276, -0.37487824852043738, -0.36950889410724419, -0.364314838825213, -0.35929816985240265, -0.3544601717129125, -0.34980139066022986, -0.34532169739754948, -0.34102034781791835, -0.33689604149194868, -0.332946977712255, -0.32917090894503465, -0.32556519156258085, -0.32212683381089691, -0.29421861050314146]
}
