{
	"input_file":	"../../instances/J100_M50_G2_I3_L50_seed10.json",
	"method":	"MVN CDF",
	"convergence_threshold":	0.001,
	"iterations_made":	39,
	"max_iterations":	10000,
	"time_taken":	0.063361533,
	"ground_truth_matrix":	[[0.590040182963056, 0.00838622005696103, 0.401573596979983], [0.59386635266519261, 0.296677408979759, 0.10945623835504842]],
	"estimated_matrix":	[[0.591471226088304, 0.0608982099646765, 0.34763056394701947], [0.618884497665088, 0.21126424293602891, 0.16985125939888321]],
	"log_likelihood":	[-0.38380513796651233, -0.38039864056448741, -0.37697135055692521, -0.37352630912287843, -0.37006662387289646, -0.3665954569595461, -0.36311601295991769, -0.35963152660563219, -0.35614525043271011, -0.35266044240045069, -0.34918035359290228, -0.345708216041255, -0.34224723077883878, -0.33880055618818328, -0.33537129672643551, -0.33196249209932788, -0.32857710695585812, -0.32521802117160747, -0.32188802077289186, -0.3185897895695593, -0.31532590152365647, -0.3120988139061997, -0.30891086126512762, -0.30576425022535786, -0.302661055134426, -0.299603214555732, -0.2965925286040782, -0.29363065711637931, -0.29071911862654443, -0.28785929012273015, -0.28505240756007361, -0.28229956706805176, -0.27960172683913986, -0.2769597096216, -0.274374205783432, -0.27184577688363271, -0.26937485970426067, -0.26696177067901816, -0.26460671067010433, -0.23323969527704322]
}
