{
	"input_file":	"../../instances/J100_M50_G2_I3_L50_seed9.json",
	"method":	"MVN CDF",
	"convergence_threshold":	0.001,
	"iterations_made":	33,
	"max_iterations":	10000,
	"time_taken":	0.065950533,
	"ground_truth_matrix":	[[0.0074912953861159658, 0.50062704625065, 0.491881658363234], [0.26431498514720508, 0.28198911632292084, 0.45369589852987391]],
	"estimated_matrix":	[[0.0532163049997061, 0.45452130838798838, 0.49226238661230548], [0.2058272817086067, 0.34250627956801555, 0.45166643872337775]],
	"log_likelihood":	[-0.52276171402537575, -0.51530126325039083, -0.507926457387935, -0.50064543305767761, -0.49346578465752611, -0.48639457901198418, -0.47943836913311022, -0.47260320704661035, -0.46589465570917643, -0.459317800132009, -0.45287725783917687, -0.446577188858389, -0.44042130542408431, -0.43441288160788322, -0.4285547630426737, -0.42284937693421659, -0.41729874250770976, -0.41190448200896274, -0.40666783236969173, -0.40158965759138343, -0.39667046190377331, -0.39191040368374058, -0.38730931014902981, -0.38286669274238888, -0.37858176318800374, -0.37445345010597519, -0.37048041610434118, -0.36666107524099939, -0.36299361074019482, -0.35947599284872034, -0.356105996709442, -0.35288122014529166, -0.34979910123928631, -0.315920987573485]
}
