{
	"input_file":	"../../instances/J100_M50_G2_I3_L50_seed7.json",
	"method":	"MVN CDF",
	"convergence_threshold":	0.001,
	"iterations_made":	23,
	"max_iterations":	10000,
	"time_taken":	0.051259608,
	"ground_truth_matrix":	[[0.036577241285230634, 0.697546888897068, 0.26587586981770139], [0.21879765890019268, 0.6495810753685386, 0.13162126573126864]],
	"estimated_matrix":	[[0.068798561261876029, 0.715379945415274, 0.21582149332284983], [0.17112486658131665, 0.6564603479265112, 0.17241478549217221]],
	"log_likelihood":	[-0.43704913168647092, -0.43026471217050355, -0.42357640899233617, -0.41699778559618134, -0.41054102446670038, -0.40421696137977631, -0.39803512964756071, -0.39200381200653578, -0.386130098199106, -0.38041994659722733, -0.37487824852069629, -0.36950889410754667, -0.364314838825404, -0.35929816985230723, -0.35446017171348354, -0.34980139065958255, -0.345321697397443, -0.34102034781784529, -0.33689604149161156, -0.33294697771194487, -0.32917090894494438, -0.32556519156173624, -0.32212683381093843, -0.29421861050302134]
}
