{
	"input_file":	"../../instances/J100_M50_G2_I3_L50_seed18.json",
	"method":	"MVN CDF",
	"convergence_threshold":	0.001,
	"iterations_made":	50,
	"max_iterations":	10000,
	"time_taken":	0.050888021,
	"ground_truth_matrix":	[[0.2719923306744691, 0.18223906229356635, 0.54576860703196461], [0.0573478133834925, 0.54637337389464335, 0.39627881272186422]],
	"estimated_matrix":	[[0.24045962740338236, 0.25428009222607223, 0.50526028037054538], [0.0811986242390518, 0.48733372296671734, 0.43146765279423088]],
	"log_likelihood":	[-0.38765942621790822, -0.38285634471631685, -0.37818603461446082, -0.3736479899444331, -0.36924153730179643, -0.36496584471315019, -0.36081993052990557, -0.35680267230727619, -0.3529128156114531, -0.34914898273128042, -0.34550968125862574, -0.34199331251513437, -0.33859817981139151, -0.33532249651291929, -0.33216439391375124, -0.32912192889093961, -0.32619309134152591, -0.323375811389515, -0.320667966357321, -0.31806738749058955, -0.31557186643388729, -0.31317916145762276, -0.310887003420823, -0.30869310147809914, -0.30659514851828984, -0.304590826340403, -0.30267781056325666, -0.30085377526942614, -0.29911639738287332, -0.29746336078356767, -0.2958923601590252, -0.29440110460301927, -0.292987320956745, -0.29164875690165543, -0.29038318380658984, -0.28918839934744539, -0.28806222988246549, -0.28700253261614278, -0.28600719754286724, -0.28507414918345036, -0.28420134812109421, -0.283386792351962, -0.28262851845563475, -0.28192460258134544, -0.28127316128885282, -0.280672352220182, -0.28012037463760564, -0.27961546982099478, -0.27915592133489964, -0.278740055186704, -0.26293487466146342]
}
