{
	"input_file":	"../../instances/J100_M50_G2_I3_L50_seed17.json",
	"method":	"MVN CDF",
	"convergence_threshold":	0.001,
	"iterations_made":	33,
	"max_iterations":	10000,
	"time_taken":	0.04068117,
	"ground_truth_matrix":	[[0.26486681729550876, 0.573822371351404, 0.16131081135308734], [0.026190298800185041, 0.575982674279107, 0.397827026920708]],
	"estimated_matrix":	[[0.21366147797035731, 0.578973789894814, 0.20736473213482862], [0.054520750777642027, 0.595620553697831, 0.349858695524527]],
	"log_likelihood":	[-0.621452328105966, -0.61407744263147424, -0.606856017536979, -0.5997929156569084, -0.59289266007497154, -0.586159432562498, -0.57959707053999776, -0.57320906299397234, -0.56699854578769127, -0.560968296786417, -0.5551207312082016, -0.54945789757188934, -0.54398147458392565, -0.538692769249126, -0.53359271646314943, -0.52868188027166629, -0.52396045693020254, -0.51942827986691875, -0.51508482657879651, -0.5109292274375, -0.50696027637655838, -0.50317644333000522, -0.49957588832364114, -0.49615647704291632, -0.4929157976978718, -0.48985117899998681, -0.48695970902308738, -0.48423825475750215, -0.4816834821276284, -0.47929187626938458, -0.477059761873991, -0.47498332339522154, -0.47305862496332912, -0.43878156502984433]
}
