{
	"input_file":	"../../instances/J100_M50_G2_I3_L50_seed15.json",
	"method":	"MVN CDF",
	"convergence_threshold":	0.001,
	"iterations_made":	93,
	"max_iterations":	10000,
	"time_taken":	0.349957283,
	"ground_truth_matrix":	[[0.88190002979169, 0.0920076920293921, 0.026092278178917974], [0.294060845578166, 0.21111905408272336, 0.49482010033911067]],
	"estimated_matrix":	[[0.82860441434760257, 0.099778485980971679, 0.071617099671425821], [0.363518416175163, 0.19380453272096296, 0.442677051103874]],
	"log_likelihood":	[-0.40267963251293187, -0.39795516286173327, -0.39333590611700464, -0.38881828202477009, -0.3843988888843764, -0.38007449300703255, -0.37584201882811724, -0.37169853965317745, -0.367641268989624, -0.36366755243119625, -0.35977486006318415, -0.35596077935865233, -0.35222300852738275, -0.348559350299089, -0.34496770609877642, -0.34144607060641069, -0.33799252665022245, -0.33460524044319129, -0.33128245710575516, -0.32802249648220211, -0.32482374921292412, -0.32168467305411014, -0.31860378942276218, -0.31557968015687138, -0.31261098446329916, -0.30969639606038085, -0.30683466047789049, -0.30402457252722354, -0.30126497390652085, -0.29855475094961409, -0.29589283250186565, -0.293278187910701, -0.2907098251284182, -0.28818678891745431, -0.2857081591507849, -0.28327304920242163, -0.2808806044186648, -0.27853000066934169, -0.27622044297231269, -0.27395116418026344, -0.27172142373903735, -0.2695305064999, -0.267377721588474, -0.265262401326825, -0.263183900205769, -0.26114159389972319, -0.259134878329333, -0.25716316876283779, -0.25522589895495362, -0.2533225203264019, -0.25145250117352042, -0.249615325913318, -0.24781049435839428, -0.24603752102275184, -0.24429593445319431, -0.24258527658947621, -0.240905102149887, -0.23925497803944373, -0.23763448278220756, -0.23604320597624984, -0.234480747769286, -0.23294671835325931, -0.23144073748390256, -0.22996243400948374, -0.22851144542864582, -0.22708741745745079, -0.22569000361550087, -0.22431886483064842, -0.22297366905825716, -0.22165409091416127, -0.22035981132089033, -0.219090517173468, -0.21784590101834336, -0.21662566073722617, -0.2154294992550678, -0.21425712425433049, -0.21310824790437327, -0.21198258659903643, -0.21087986071154624, -0.20979979435704338, -0.20874211516519672, -0.20770655406832708, -0.20669284509357322, -0.20570072517319973, -0.20472993395735717, -0.20378021363938581, -0.20285130879537178, -0.20194296622362568, -0.20105493480204087, -0.200186965347938, -0.1993388104897266, -0.19851022454864947, -0.19770096342073931, -0.1816541730453681]
}
