{
	"input_file":	"../../instances/J100_M50_G2_I3_L50_seed6.json",
	"method":	"MVN CDF",
	"convergence_threshold":	0.001,
	"iterations_made":	72,
	"max_iterations":	10000,
	"time_taken":	0.127980369,
	"ground_truth_matrix":	[[0.51245014925241528, 0.092558832078787248, 0.39499101866879749], [0.040161431888498515, 0.10740706609794944, 0.852431502013552]],
	"estimated_matrix":	[[0.441937271061769, 0.094163229979931359, 0.46389949895829963], [0.090637449935271439, 0.092994033281831076, 0.81636851678289757]],
	"log_likelihood":	[-0.74298884141200738, -0.73911058771344429, -0.73521548862337782, -0.73129958496646819, -0.727362597257777, -0.723406955784611, -0.719436998900566, -0.7154583246430537, -0.711477277710899, -0.70750055284776436, -0.7035348960458897, -0.69958688633975119, -0.69566278270051662, -0.691768422574912, -0.68790916063177876, -0.684089838152191, -0.6803147752859855, -0.67658777986237539, -0.67291216777479923, -0.6692907910556728, -0.66572607064083256, -0.66222003157103, -0.658774338970249, -0.65539033358654519, -0.652069066071779, -0.64881132942973063, -0.645617689302947, -0.64248851190759759, -0.639423989545386, -0.63642416372084121, -0.63348894593509819, -0.63061813626795238, -0.62781143989761423, -0.62506848169945428, -0.622388819095257, -0.61977195329560641, -0.617217339104506, -0.61472439342062069, -0.61229250257959267, -0.60992102865900366, -0.60760931487303, -0.60535669015234628, -0.6031624730160996, -0.601025974823209, -0.59894650247491155, -0.596923360648867, -0.59495585362328718, -0.59304328674541917, -0.591184967600613, -0.589380206923575, -0.58762831928086867, -0.58592862358207642, -0.58428044342211038, -0.58268310730177353, -0.581135948738145, -0.57963830629394053, -0.57818952352895758, -0.576788948906163, -0.575435935649905, -0.57412984157701019, -0.57287002890604122, -0.571655864053125, -0.57048671742189283, -0.56936196319068677, -0.56828097910850839, -0.5672431462919727, -0.56624784903752734, -0.565294474643471, -0.56438241325022, -0.56351105769455334, -0.56267980337959378, -0.56188804816474458, -0.54261394711639321]
}
