{
	"input_file":	"../../instances/J100_M50_G2_I3_L50_seed12.json",
	"method":	"MVN CDF",
	"convergence_threshold":	0.001,
	"iterations_made":	96,
	"max_iterations":	10000,
	"time_taken":	0.18510299999999993,
	"ground_truth_matrix":	[[0.0919790771562763, 0.74013821186145934, 0.16788271098226437], [0.23206761290778644, 0.004465558007663243, 0.76346682908455032]],
	"estimated_matrix":	[[0.0729660716059508, 0.675043065767683, 0.25199086262636633], [0.23499341942562746, 0.051883561980505671, 0.713123018593867]],
	"log_likelihood":	[-0.65180485709841018, -0.64484321528444577, -0.63809825864198066, -0.6315648960846566, -0.62523802904210635, -0.619112550402844, -0.613183345496744, -0.607445294704693, -0.60189327733021558, -0.59652217644192651, -0.591326884413633, -0.58630230896077273, -0.581443379482258, -0.57674505356497829, -0.57220232351926237, -0.56781022284964167, -0.56356383258255671, -0.55945828738055725, -0.5554887813948165, -0.55165057382399341, -0.5479389941523054, -0.54434944704204768, -0.5408774168795597, -0.53751847197327, -0.534268268394648, -0.531122553480083, -0.52807716900166224, -0.52512805401582863, -0.52227124740428121, -0.5195028901365798, -0.516819227255684, -0.51421660961516924, -0.511691495384015, -0.50924045134448237, -0.506860153988281, -0.50454739044199437, -0.50229905924048723, -0.50011217094844, -0.49798384866739914, -0.49591132843198754, -0.49389195950484754, -0.49192320459344269, -0.490002639995008, -0.48812795567347478, -0.48629695529115219, -0.48450755617886127, -0.4827577892848, -0.48104579906424388, -0.479369843353003, -0.47772829319475141, -0.47611963264435841, -0.4745424585340009, -0.4729954802043429, -0.471477519196831, -0.46998750890316, -0.468524494171222, -0.46708763085218125, -0.46567618528641841, -0.46428953372986537, -0.46292716169900339, -0.46158866322996533, -0.46027374005575916, -0.45898220067399, -0.457713959306515, -0.45646903474402512, -0.45524754906319187, -0.45404972620491962, -0.45287589041348453, -0.45172646452314047, -0.45060196808867942, -0.44950301535229686, -0.44843031303664255, -0.44738465797536647, -0.44636693455723087, -0.4453781119931266, -0.44441924141152167, -0.44349145276029572, -0.44259595154473752, -0.44173401537585444, -0.4409069903571925, -0.440116287296651, -0.4393633777655499, -0.43864978999546128, -0.43797710463753237, -0.43734695038357363, -0.43676099946171659, -0.436220963026918, -0.43572858644247342, -0.43528564448252388, -0.43489393645963248, -0.43455528129553173, -0.43427151254858015, -0.43404447341769081, -0.43387601172873419, -0.43376797493195185, -0.43372220511254017, -0.43374053404217311]
}
