{
	"input_file":	"../../instances/J100_M50_G2_I4_L50_seed1.json",
	"method":	"MVN CDF",
	"convergence_threshold":	0.001,
	"iterations_made":	53,
	"max_iterations":	10000,
	"time_taken":	0.182574,
	"ground_truth_matrix":	[[0.24822494433396575, 0.58611239568895857, 5.2616751750196278e-05, 0.16561004322532558], [0.179194262029625, 0.10938868480049078, 0.23271787507579811, 0.478699178094086]],
	"estimated_matrix":	[[0.22560171982663554, 0.489485519671509, 0.023350278278083461, 0.261562482223772], [0.18899112042916352, 0.21243745299218056, 0.18773202648935439, 0.41083940008930164]],
	"log_likelihood":	[-0.65106445628772081, -0.64423565242867376, -0.63747461169954867, -0.630788119504714, -0.624182945455195, -0.61766580578750618, -0.61124332750697064, -0.604922013803005, -0.59870821048990053, -0.59260807340445465, -0.58662753684509061, -0.5807722832254345, -0.575047714220301, -0.569458923702043, -0.56401067280272121, -0.55870736743653526, -0.55355303858277949, -0.54855132560043274, -0.54370546279880627, -0.53901826940535846, -0.534492143040297, -0.53012905670899269, -0.52593055927681054, -0.5218977793138968, -0.51803143215157332, -0.514331829926075, -0.510798894364248, -0.5074321720092364, -0.504230851576339, -0.50119378310855967, -0.49831949859873348, -0.49560623373247931, -0.4930519504481482, -0.490654359980347, -0.48841094611281044, -0.48631898837698811, -0.48437558493718924, -0.48257767497986348, -0.48092206040158181, -0.47940542665882313, -0.47802436264905435, -0.47677537952753091, -0.47565492838959189, -0.47465941677476636, -0.47378522395456257, -0.4730287150096068, -0.47238625369756615, -0.47185421412939665, -0.47142899130026034, -0.47110701050532228, -0.47088473569732431, -0.47075867683994133, -0.47072539631712212, -0.47078151445701139]
}
