{
	"input_file":	"../../instances/J100_M50_G2_I4_L50_seed7.json",
	"method":	"MVN CDF",
	"convergence_threshold":	0.001,
	"iterations_made":	112,
	"max_iterations":	10000,
	"time_taken":	0.163132683,
	"ground_truth_matrix":	[[0.022970939991479138, 0.43806769354602731, 0.16697318978046674, 0.37198817668202688], [0.712028237377669, 0.14427461235209513, 0.12974505029533678, 0.0139520999748993]],
	"estimated_matrix":	[[0.0686696234650935, 0.46345160663649726, 0.15704124401754493, 0.31083752588086416], [0.640624053836721, 0.15730543312330364, 0.13271011679414951, 0.069360396245825642]],
	"log_likelihood":	[-0.54989861791014172, -0.54336918737819773, -0.53701979773470176, -0.53084287744740222, -0.52483127984238942, -0.51897825231149519, -0.51327740825698265, -0.507722701498628, -0.50230840291727641, -0.4970290790976139, -0.49187957279746886, -0.48685498505893227, -0.48195065880477089, -0.4771621637828995, -0.47248528272978718, -0.46791599864316824, -0.46345048305302611, -0.45908508521003688, -0.45481632210347411, -0.45064086922716962, -0.446555552043497, -0.44255733806522679, -0.43864332951682866, -0.43481075651371509, -0.43105697072571358, -0.42737943947519369, -0.423775740237208, -0.42024355551306064, -0.41678066803743485, -0.41338495630091437, -0.41005439035767516, -0.40678702789825455, -0.403581010565118, -0.400434560495014, -0.39734597706748165, -0.394313633843396, -0.391335975683884, -0.3884115160326031, -0.385538834345693, -0.382716573668738, -0.3799434383356794, -0.37721819179333921, -0.37453965453719518, -0.371906702143216, -0.36931826340413942, -0.366773318545601, -0.36427089752724218, -0.36181007841732, -0.359389985837185, -0.357009789469862, -0.3546687026225761, -0.35236598085066728, -0.350100920623152, -0.34787285803828211, -0.34568116757875111, -0.34352526090403568, -0.3414045856781171, -0.339318624429443, -0.33726689343256983, -0.33524894162703545, -0.33326434954512785, -0.33131272827516633, -0.32939371843105325, -0.327506989143629, -0.325652237068639, -0.32382918540385974, -0.32203758292041545, -0.32027720300640156, -0.31854784271283587, -0.31684932181729836, -0.31518148188721029, -0.31354418535376249, -0.31193731459237189, -0.31036077100764581, -0.308814474119031, -0.307298360663558, -0.30581238369096075, -0.30435651166950045, -0.30293072759682266, -0.30153502811749638, -0.30016942263811458, -0.29883393246086642, -0.297528589912586, -0.29625343748370914, -0.2950085269789956, -0.29379391866848908, -0.29260968045477465, -0.29145588704284581, -0.29033261912682323, -0.2892399625797889, -0.28817800766235924, -0.28714684824151943, -0.28614658102053725, -0.2851773047855507, -0.28423911966883475, -0.28333212642269323, -0.28245642571777735, -0.28161211744947129, -0.28079930007454668, -0.2800180699575599, -0.2792685207379984, -0.2785507427266708, -0.277864822311901, -0.277210841397129, -0.276588876853902, -0.275999000005605, -0.27544127612823349, -0.27491576397591344, -0.27442251533710327, -0.273961574606168, -0.27353297838757651, -0.27313675512150354, -0.25218062372001943]
}
