{
	"input_file":	"../../instances/J100_M50_G2_I4_L50_seed15.json",
	"method":	"MVN CDF",
	"convergence_threshold":	0.001,
	"iterations_made":	54,
	"max_iterations":	10000,
	"time_taken":	0.20393400000000012,
	"ground_truth_matrix":	[[0.729175806164576, 0.076074136231428655, 0.021573712816720172, 0.17317634478727548], [0.178428232666503, 0.41819946747570369, 0.20226194250932708, 0.2011103573484663]],
	"estimated_matrix":	[[0.61831651762481366, 0.13956097443056084, 0.055664262571784716, 0.18645824537284078], [0.28220687797549066, 0.3668174204109852, 0.16106762906374991, 0.18990807254977424]],
	"log_likelihood":	[-0.436557665388729, -0.43411668458613289, -0.43175095870292551, -0.42945775260529312, -0.42723473337765711, -0.42507989506938509, -0.42299149540198744, -0.4209680029056409, -0.4190080530761835, -0.41711041227162027, -0.4152739482255553, -0.4134976061551649, -0.41178038959131619, -0.41012134515370946, -0.40851955061497786, -0.40697410567025172, -0.40548412493501923, -0.40404873275011782, -0.40266705945687647, -0.401338238826224, -0.40006140643198534, -0.39883569873085661, -0.39766025270913752, -0.39653420594694921, -0.39545669698845359, -0.39442686593719278, -0.39344385519524344, -0.39250681029683937, -0.39161488078424433, -0.39076722110146678, -0.389962991470685, -0.38920135873388811, -0.38848149715177654, -0.38780258914227145, -0.38716382595621018, -0.38656440828981253, -0.38600354682230426, -0.385480462694202, -0.38499438791312013, -0.38454456569963069, -0.384130250771055, -0.38375070956950186, -0.38340522043357539, -0.38309307372601842, -0.38281357190930532, -0.38256602958568953, -0.38234977349583182, -0.3821641424869055, -0.38200848744426164, -0.381882171200699, -0.38178456842276248, -0.38171506547027179, -0.38167306024186315, -0.38165796200206448, -0.38166919119755732]
}
