{
	"input_file":	"../../instances/J100_M50_G2_I4_L50_seed9.json",
	"method":	"MVN CDF",
	"convergence_threshold":	0.001,
	"iterations_made":	1,
	"max_iterations":	10000,
	"time_taken":	0.002113,
	"ground_truth_matrix":	[[0.0067904575313161844, 0.453791570266173, 0.445864345135731, 0.093553627066779749], [0.12490196468201752, 0.20095636964109462, 0.44178206861140756, 0.23235959706548037]],
	"estimated_matrix":	[[0.042217771963116213, 0.36586400479070974, 0.45236749498052314, 0.13955072826565093], [0.080322915976921858, 0.29722710551941933, 0.44513451119170261, 0.17731546731195619]],
	"log_likelihood":	[-1.7134779280718604, -1.7208908735474495]
}
