{
	"input_file":	"../../instances/J100_M50_G2_I4_L50_seed6.json",
	"method":	"MVN CDF",
	"convergence_threshold":	0.001,
	"iterations_made":	65,
	"max_iterations":	10000,
	"time_taken":	0.142255108,
	"ground_truth_matrix":	[[0.507491225944653, 0.091663150517557662, 0.39116873435159927, 0.00967688918619004], [0.049198308552667672, 0.39046023301512889, 0.32594651093818944, 0.23439494749401418]],
	"estimated_matrix":	[[0.4268232366681351, 0.11495039116897347, 0.384507560796382, 0.073718811366509443], [0.10913572927128684, 0.34419920840141516, 0.34293770837363341, 0.20372735395366465]],
	"log_likelihood":	[-0.4814009139763688, -0.47523099294065418, -0.46922463690229244, -0.46337619792738377, -0.45768033856647228, -0.45213201129288288, -0.44672643948998914, -0.44145909985746717, -0.4363257061029493, -0.4313221938152409, -0.42644470640300153, -0.42168958202788281, -0.41705334143244749, -0.41253267659503168, -0.40812444014958643, -0.403825635498997, -0.39963340757929616, -0.39554503421363912, -0.39155791802261, -0.3876695788353911, -0.38387764658328472, -0.380179854621868, -0.376574033467255, -0.37305810490966118, -0.36963007647793927, -0.36628803623877931, -0.363030147904261, -0.35985464622282409, -0.35675983264713784, -0.353744071256627, -0.350805784913266, -0.347943451649633, -0.34515560126166878, -0.34244081210881477, -0.33979770809614662, -0.33722495584036932, -0.33472126200120922, -0.33228537077258685, -0.32991606152678266, -0.32761214660270443, -0.32537246922670943, -0.32319590156599787, -0.321081342904713, -0.31902771793130513, -0.31703397514518, -0.31509908536072539, -0.31322204031502321, -0.31140185136903858, -0.30963754829809459, -0.30792817817269236, -0.30627280431145515, -0.30467050532037171, -0.30312037419820975, -0.30162151751358, -0.30017305465061311, -0.29877411710785329, -0.29742384786434362, -0.29612140079882926, -0.29486594015499673, -0.29365664006356734, -0.29249268410697121, -0.29137326492645443, -0.29029758387075166, -0.28926485068219659, -0.28827428321903925, -0.2641229172609299]
}
