{
	"input_file":	"../../instances/J100_M50_G2_I4_L50_seed18.json",
	"method":	"MVN CDF",
	"convergence_threshold":	0.001,
	"iterations_made":	44,
	"max_iterations":	10000,
	"time_taken":	0.096770135,
	"ground_truth_matrix":	[[0.25856144603859232, 0.17324016215639787, 0.5188187471563106, 0.049379644648699164], [0.21703835825592904, 0.15741561912449081, 0.12450764575610422, 0.501038376863476]],
	"estimated_matrix":	[[0.25259888054072227, 0.16062415773776093, 0.41425912560342909, 0.17251783611808763], [0.23089596214674676, 0.16276043842873447, 0.23101051079153431, 0.37533308863298448]],
	"log_likelihood":	[-0.28199789910429718, -0.28087959444501159, -0.2797734699727451, -0.27867899431521409, -0.277595738140523, -0.27652335871222872, -0.27546158638274154, -0.274410212815644, -0.27336908074790145, -0.27233807512332775, -0.271317115433587, -0.27030614911965456, -0.26930514592715782, -0.268314093068395, -0.2673329911170248, -0.26636185052611167, -0.26540068869501027, -0.26444952751227485, -0.2635083913081141, -0.26257730516610556, -0.26165629353672876, -0.26074537911615758, -0.25984458194935967, -0.25895391872576129, -0.25807340223798653, -0.25720304097598784, -0.256342838842528, -0.2554927949623193, -0.25465290357269016, -0.25382315398613775, -0.253003530601329, -0.25219401296575344, -0.25139457587217773, -0.25060518948173677, -0.24982581947459734, -0.24905642721423452, -0.24829696992517686, -0.24754740087938568, -0.24680766959149447, -0.246077722010577, -0.24535750072130522, -0.24464694513492216, -0.24394599168700584, -0.24325457402461112, -0.22906774771458174]
}
