{
	"input_file":	"../../instances/J100_M50_G2_I4_L50_seed2.json",
	"method":	"MVN CDF",
	"convergence_threshold":	0.001,
	"iterations_made":	29,
	"max_iterations":	10000,
	"time_taken":	0.046247,
	"ground_truth_matrix":	[[0.29096972519164355, 0.013346201755036091, 0.4053198048712896, 0.29036426818203082], [0.25472546786309014, 0.1872870721984784, 0.10694707564706017, 0.45104038429137128]],
	"estimated_matrix":	[[0.2826148194524114, 0.040564594315236416, 0.33592027669943419, 0.340900309532918], [0.27875742617802557, 0.15562766432742409, 0.1793727310058971, 0.38624217848865328]],
	"log_likelihood":	[-0.82603046796516144, -0.81749800197861777, -0.80920144225079349, -0.801162798272028, -0.793402123746222, -0.78593743721813447, -0.778784663857908, -0.77195759817958232, -0.76546788764136142, -0.759325036988811, -0.75353643302020956, -0.74810738915932973, -0.743041208878688, -0.7383392666274402, -0.734001104593177, -0.73002454329409028, -0.72640580376747721, -0.723139638929623, -0.72021947161921662, -0.71763753680420239, -0.715385025527851, -0.71345222828522736, -0.71182867575183473, -0.710503274987173, -0.70946443954674765, -0.708700212198693, -0.70819837922893725, -0.70794657562182228, -0.70793238064696051, -0.70814340363986639]
}
