{
	"input_file":	"../../instances/J100_M50_G2_I4_L50_seed11.json",
	"method":	"MVN CDF",
	"convergence_threshold":	0.001,
	"iterations_made":	47,
	"max_iterations":	10000,
	"time_taken":	0.110385792,
	"ground_truth_matrix":	[[0.093264539298993046, 0.00922764103013564, 0.2919101149392348, 0.60559770473163632], [0.28831523205269738, 0.351439138882518, 0.0068038927321034627, 0.35344173633268122]],
	"estimated_matrix":	[[0.11787379408654776, 0.0453983431347733, 0.24772896683027179, 0.58899889594840726], [0.25287498074963338, 0.29039107939344661, 0.038805974417156282, 0.41792796543976368]],
	"log_likelihood":	[-1.10239522510408, -1.0881253570529832, -1.0742984875958421, -1.06089337228369, -1.0478905280070872, -1.0352720866661604, -1.023021663539609, -1.0111242384128896, -0.99956604777412317, -0.98833448661118, -0.97741801857054522, -0.966806093385167, -0.95648907064431132, -0.94645814910990922, -0.936705300881687, -0.92722320984352535, -0.918005213879936, -0.90904525045233375, -0.90033780518663964, -0.891877863175203, -0.88366086276386457, -0.87568265163367931, -0.8679394450187814, -0.86042778595698333, -0.853144507476274, -0.846086696661739, -0.839251660557964, -0.8326368938812132, -0.82624004853265731, -0.82005890489884059, -0.814091344951128, -0.808335327136097, -0.802788863074184, -0.79744999605677425, -0.792316781344179, -0.78738726826382976, -0.78265948408555874, -0.778131419657971, -0.7738010167778433, -0.76966615725916132, -0.76572465364281039, -0.761974241512212, -0.75841257333852, -0.755037213796561, -0.75184563646995828, -0.74883522186946649, -0.74600325667326983, -0.67704112860885934]
}
