{
	"input_file":	"../../instances/J100_M50_G2_I4_L50_seed8.json",
	"method":	"MVN CDF",
	"convergence_threshold":	0.001,
	"iterations_made":	54,
	"max_iterations":	10000,
	"time_taken":	0.223122744,
	"ground_truth_matrix":	[[0.248524592823477, 0.41590713024020765, 0.2445674774618472, 0.0910007994744682], [0.195642639627116, 0.0084665094920574734, 0.41573970330401455, 0.380151147576812]],
	"estimated_matrix":	[[0.23555679271743, 0.338007507736781, 0.25735596102049768, 0.16907973852529148], [0.20455030004858471, 0.0763550360783645, 0.41310932556288432, 0.30598533831016655]],
	"log_likelihood":	[-0.472260453943081, -0.46685104485642709, -0.46155155731953151, -0.45635850458084481, -0.451268649530083, -0.44627898745895683, -0.44138672998345752, -0.43658929001277658, -0.431884267684328, -0.42726943716666282, -0.42274273426725478, -0.41830224477106187, -0.41394619345603356, -0.40967293372887981, -0.40548093783903461, -0.401368787626615, -0.39733516577482891, -0.3933788475238052, -0.38949869283127958, -0.38569363894922265, -0.3819626933894289, -0.3783049272761575, -0.374719469049727, -0.37120549851839069, -0.36776224124828033, -0.36438896326594988, -0.36108496607888751, -0.35784958199357669, -0.35468216973131267, -0.35158211032366643, -0.348548803287801, -0.34558166307533639, -0.34268011577660923, -0.33984359608558068, -0.337071544515072, -0.33436340484676791, -0.33171862182143624, -0.32913663905033347, -0.32661689714918118, -0.32415883207782981, -0.3217618736871693, -0.31942544445617244, -0.31714895841161345, -0.31493182023332944, -0.31277342451273071, -0.310673155180324, -0.30863038507715185, -0.30664447566443281, -0.3047147768660633, -0.30284062702788112, -0.30102135299332977, -0.29925627027530322, -0.297544683324589, -0.29588588588341136, -0.26905710998434]
}
