{
	"input_file":	"../../instances/J100_M50_G2_I4_L50_seed14.json",
	"method":	"MVN CDF",
	"convergence_threshold":	0.001,
	"iterations_made":	29,
	"max_iterations":	10000,
	"time_taken":	0.073443606,
	"ground_truth_matrix":	[[0.16948671322645967, 0.34852867125185555, 0.48008648579103436, 0.0018981297306503366], [0.079987281299932059, 0.68202951659915934, 0.15530687378570474, 0.0826763283152038]],
	"estimated_matrix":	[[0.14059019857113245, 0.45081610792234916, 0.37355533762261456, 0.035038355883903867], [0.095721787399671673, 0.5881211809072896, 0.26254932689575738, 0.0536077047972813]],
	"log_likelihood":	[-0.26364411853914743, -0.262255610194413, -0.26090580535797014, -0.25959189084630113, -0.25831180251028846, -0.25706405810485888, -0.25584761819326735, -0.25466177183065358, -0.25350604382049113, -0.25238012049062075, -0.251283791187215, -0.25021690293480792, -0.24917932601252077, -0.248170928476351, -0.247191557921877, -0.24624102904987885, -0.24531911580635729, -0.244425547089958, -0.2435600051763129, -0.24272212619085665, -0.24191150205585712, -0.241127683490482, -0.240370183681436, -0.239638482390753, -0.23893203024742474, -0.2382502530909478, -0.23759255623408659, -0.23695832856290028, -0.2363469464211502, -0.225527248130933]
}
