{
	"input_file":	"../../instances/J100_M50_G2_I4_L50_seed20.json",
	"method":	"MVN CDF",
	"convergence_threshold":	0.001,
	"iterations_made":	16,
	"max_iterations":	10000,
	"time_taken":	0.024762,
	"ground_truth_matrix":	[[0.12528497207799447, 0.32201948137817415, 0.31373002758429769, 0.23896551895953352], [0.015101828534048147, 0.48626910303626614, 0.19664095811027157, 0.301988110319414]],
	"estimated_matrix":	[[0.10243962887949355, 0.3701635707004764, 0.26839898803373174, 0.25899781238629821], [0.024534120949435974, 0.43391233204504071, 0.24065433991865312, 0.30089920708687018]],
	"log_likelihood":	[-1.5345524615034514, -1.5322954273802287, -1.5288842016140987, -1.5246312447820873, -1.5198271554127682, -1.5147356902829163, -1.5095906607668543, -1.504594370685546, -1.4999173050623389, -1.4956988214564415, -1.4920486301881468, -1.4890488757978937, -1.4867566515242625, -1.485206794432633, -1.4844148240038515, -1.48437990328967, -1.485087720124791]
}
