{
	"input_file":	"../../instances/J100_M50_G2_I5_L50_seed17.json",
	"method":	"MVN CDF",
	"convergence_threshold":	0.001,
	"iterations_made":	1,
	"max_iterations":	10000,
	"time_taken":	0.004166,
	"ground_truth_matrix":	[[0.11895137105452967, 0.25770294108928515, 0.0724444925653346, 0.023960336247350313, 0.52694085904350019], [0.31206054417870038, 0.29648936342259824, 0.25041356224424272, 0.011641851525571994, 0.12939467862888676]],
	"estimated_matrix":	[[0.19228756124474905, 0.25729266201820639, 0.13804924615396086, 0.0148746533136428, 0.39749587726944091], [0.23910501987294577, 0.27333995874399364, 0.19699922431353437, 0.01412291604699314, 0.27643288102253311]],
	"log_likelihood":	[-8.473958295329453, -10.561027023561193]
}
