{
	"input_file":	"../../instances/J100_M50_G2_I5_L50_seed3.json",
	"method":	"MVN CDF",
	"convergence_threshold":	0.001,
	"iterations_made":	7,
	"max_iterations":	10000,
	"time_taken":	0.027214,
	"ground_truth_matrix":	[[0.15028701708190306, 0.2312679172167543, 0.064556558588510629, 0.13427919500392829, 0.41960931210890373], [0.69371710750865156, 0.041081001690991485, 0.0710920028043775, 0.016174863536975309, 0.17793502445900408]],
	"estimated_matrix":	[[0.32028438313357033, 0.17495349252858283, 0.063834868222954533, 0.10381674934199973, 0.33711050677289256], [0.51943305243459, 0.10299439294772952, 0.0748612692342611, 0.04560282951385447, 0.25710845586956466]],
	"log_likelihood":	[-1.6988754152880559, -1.6952390652864973, -1.6922258916888915, -1.6898695417309566, -1.688197576188661, -1.6872313614273891, -1.686986149038578, -1.6874712975924033]
}
