{
	"input_file":	"../../instances/J100_M50_G2_I5_L50_seed9.json",
	"method":	"MVN CDF",
	"convergence_threshold":	0.001,
	"iterations_made":	10,
	"max_iterations":	10000,
	"time_taken":	0.017786,
	"ground_truth_matrix":	[[0.0061742133612349686, 0.4126093070211917, 0.40540148941948045, 0.085063495583889731, 0.090751494614203052], [0.15553306732402988, 0.34192357446845528, 0.17983804603115919, 0.055375461920108081, 0.26732985025624767]],
	"estimated_matrix":	[[0.038452663918509059, 0.404273429223284, 0.33033298645502146, 0.07659309990352646, 0.15034782049965914], [0.11084564154008664, 0.37054677856421353, 0.26139982631011077, 0.055874782614995525, 0.20133297097059352]],
	"log_likelihood":	[-1.561855179062934, -1.5594880984062529, -1.5568823270942793, -1.554179946296927, -1.551522272469654, -1.5490449666712238, -1.5468741360542331, -1.5451233902530797, -1.5438917826786624, -1.5432625485482612, -1.5433025426453009]
}
