{
	"input_file":	"../../instances/J100_M50_G2_I5_L50_seed9.json",
	"method":	"MVN CDF",
	"convergence_threshold":	0.001,
	"iterations_made":	10,
	"max_iterations":	10000,
	"time_taken":	0.032323,
	"ground_truth_matrix":	[[0.0061742133612349686, 0.4126093070211917, 0.40540148941948045, 0.085063495583889731, 0.090751494614203052], [0.15553306732402988, 0.34192357446845528, 0.17983804603115919, 0.055375461920108081, 0.26732985025624767]],
	"estimated_matrix":	[[0.038452663918509121, 0.4042734292232838, 0.330332986455021, 0.076593099903526557, 0.15034782049965953], [0.11084564154008648, 0.37054677856421359, 0.26139982631011127, 0.0558747826149955, 0.20133297097059319]],
	"log_likelihood":	[-1.561855179062934, -1.5594880984063644, -1.5568823270941714, -1.5541799462971613, -1.5515222724696649, -1.5490449666713424, -1.5468741360537961, -1.5451233902530035, -1.54389178267868, -1.5432625485481, -1.5433025426454767]
}
