{
	"input_file":	"../../instances/J100_M50_G2_I5_L50_seed6.json",
	"method":	"MVN CDF",
	"convergence_threshold":	0.001,
	"iterations_made":	1,
	"max_iterations":	10000,
	"time_taken":	0.00266,
	"ground_truth_matrix":	[[0.4946888218813566, 0.0893507781441119, 0.38130078011302954, 0.0094327717727180245, 0.025226848088783976], [0.252222664533469, 0.2105492199535523, 0.15141034402812581, 0.11399772270882993, 0.27182004877602278]],
	"estimated_matrix":	[[0.40109110443355434, 0.1295872618495981, 0.30243780129544251, 0.0453887432806749, 0.12149508914073016], [0.331638167187626, 0.15449004864164964, 0.23729210070915824, 0.0752374736099772, 0.201342209851589]],
	"log_likelihood":	[-1.2125777317133215, -1.2240710929257883]
}
