{
	"input_file":	"../../instances/J100_M50_G2_I5_L50_seed8.json",
	"method":	"MVN CDF",
	"convergence_threshold":	0.001,
	"iterations_made":	30,
	"max_iterations":	10000,
	"time_taken":	0.096062858999999945,
	"ground_truth_matrix":	[[0.2408528232864513, 0.40306838613139045, 0.23701786113606288, 0.088191672404500154, 0.030869257041595231], [0.0046235208136498141, 0.22703348683302479, 0.20759874477234228, 0.29826212688429032, 0.26248212069669274]],
	"estimated_matrix":	[[0.18557423183864941, 0.35185910185460956, 0.22437300261270871, 0.1381182100030113, 0.10007545369102089], [0.040639295754496214, 0.29041520595611936, 0.23748186684587563, 0.23327375474358963, 0.19818987669991925]],
	"log_likelihood":	[-0.82885780235015338, -0.8204376634788445, -0.812231554061955, -0.80424981424816733, -0.79650227960384834, -0.78899825744057128, -0.78174649864394741, -0.77475516615731732, -0.76803180135870064, -0.76158328966904831, -0.75541582671673679, -0.74953488635974841, -0.74394519177617824, -0.738650690710426, -0.73365453581961859, -0.72895907086499, -0.72456582333476771, -0.72047550383992, -0.71668801247315139, -0.71320245208257083, -0.71001714826648854, -0.70712967571568475, -0.70453689039692569, -0.70223496695854426, -0.700219440656061, -0.698485253028347, -0.6970268005401915, -0.69583798536723618, -0.69491226756159419, -0.69424271781928959, -0.64598437076642878]
}
