{
	"input_file":	"../../instances/J100_M50_G2_I5_L50_seed8.json",
	"method":	"MVN CDF",
	"convergence_threshold":	0.001,
	"iterations_made":	30,
	"max_iterations":	10000,
	"time_taken":	0.077934625,
	"ground_truth_matrix":	[[0.2408528232864513, 0.40306838613139045, 0.23701786113606288, 0.088191672404500154, 0.030869257041595231], [0.0046235208136498141, 0.22703348683302479, 0.20759874477234228, 0.29826212688429032, 0.26248212069669274]],
	"estimated_matrix":	[[0.18557423183864882, 0.35185910185460983, 0.22437300261270962, 0.138118210003011, 0.10007545369102068], [0.040639295754496332, 0.29041520595611769, 0.23748186684587558, 0.23327375474359, 0.1981898766999203]],
	"log_likelihood":	[-0.82885780235015338, -0.82043766347894564, -0.81223155406219083, -0.804249814248093, -0.79650227960412068, -0.78899825744066032, -0.781746498643896, -0.7747551661573443, -0.768031801358912, -0.76158328966895017, -0.755415826716549, -0.74953488635997678, -0.74394519177607743, -0.738650690710927, -0.73365453581925444, -0.728959070865605, -0.72456582333453834, -0.72047550383977776, -0.716688012472876, -0.71320245208219746, -0.710017148266317, -0.70712967571589, -0.704536890396764, -0.7022349669584772, -0.70021944065572739, -0.698485253029027, -0.69702680054032418, -0.695837985367234, -0.694912267561229, -0.69424271781932445, -0.64598437076670945]
}
