{
	"input_file":	"../../instances/J100_M50_G2_I5_L50_seed4.json",
	"method":	"MVN CDF",
	"convergence_threshold":	0.001,
	"iterations_made":	69,
	"max_iterations":	10000,
	"time_taken":	0.217921,
	"ground_truth_matrix":	[[0.33270219763982, 0.077260685478113045, 0.351047145907638, 0.12233189286483045, 0.1166580781095984], [0.050165543415490517, 0.77088292625501365, 0.0012877732599235222, 0.0600985069713388, 0.11756525009823347]],
	"estimated_matrix":	[[0.30796381224741881, 0.17232843047584673, 0.290439570229487, 0.11927486130798121, 0.10999332573926625], [0.0730090025953658, 0.68551295463427431, 0.0376679847387935, 0.055374751869525271, 0.148435306162041]],
	"log_likelihood":	[-1.0336140857759657, -1.0241121491958995, -1.0148821600673741, -1.0059131618878732, -0.99719573182725563, -0.98872166368766878, -0.98048371314090554, -0.97247539467088751, -0.96469082100614334, -0.957124577148214, -0.94977162232613332, -0.94262721429274832, -0.93568685135351559, -0.9289462283609955, -0.922401203596416, -0.91604777408592752, -0.909882057374023, -0.90390027819780761, -0.89809875883051182, -0.892473912149953, -0.887022236673299, -0.88174031300866951, -0.87662480127780762, -0.87167243920608839, -0.86688004061430823, -0.86224449416883031, -0.85776276223593872, -0.85343187978145729, -0.84924895323993976, -0.84521115932285573, -0.84131574375116325, -0.837560019896519, -0.833941367336935, -0.83045723031965424, -0.827105116161562, -0.82388259357529758, -0.82078729094776726, -0.817816894574102, -0.81496914687023247, -0.81224184456475934, -0.809632836890903, -0.8071400237791474, -0.80476135406945459, -0.802494823748694, -0.80033847421381232, -0.798290390581733, -0.796348700035643, -0.79451157022561381, -0.792777207718737, -0.791143856507206, -0.78960979657513841, -0.788173342524664, -0.786832842264038, -0.78558667575741881, -0.784433253837393, -0.78337101707771317, -0.782398434726895, -0.781514003700821, -0.78071624763140823, -0.78000371597101659, -0.77937498314599851, -0.77882864776659433, -0.77836333187277618, -0.77797768023261937, -0.777670359675487, -0.777440058459888, -0.77728548568104, -0.777205370699453, -0.77719846259943837, -0.7772635296714937]
}
