{
	"input_file":	"../../instances/J100_M50_G2_I5_L50_seed2.json",
	"method":	"MVN CDF",
	"convergence_threshold":	0.001,
	"iterations_made":	1,
	"max_iterations":	10000,
	"time_taken":	0.006785,
	"ground_truth_matrix":	[[0.22783917374835463, 0.010450529100728561, 0.317379168519664, 0.2273650803535196, 0.21696604827773336], [0.17725330515516027, 0.10121746478598845, 0.42687622768416966, 0.15745123595039329, 0.1372017664242883]],
	"estimated_matrix":	[[0.21816330725412686, 0.040760236067535621, 0.36488652358085033, 0.19596780128992586, 0.18022213180756136], [0.19791537027509745, 0.069436895622743, 0.39852930861540137, 0.172031786243291, 0.16208663924346717]],
	"log_likelihood":	[-1.8821438818982354, -1.9018922735986536]
}
