{
	"input_file":	"../../instances/J100_M50_G2_I5_L50_seed16.json",
	"method":	"MVN CDF",
	"convergence_threshold":	0.001,
	"iterations_made":	1,
	"max_iterations":	10000,
	"time_taken":	0.002137,
	"ground_truth_matrix":	[[0.11046832303046365, 0.32375992679000548, 0.34976560708473542, 0.020404670466171049, 0.19560147262862432], [0.056072838761014418, 0.259257770101578, 0.039720168700331022, 0.016198597480567022, 0.62875062495650935]],
	"estimated_matrix":	[[0.0925644919936889, 0.29870283016086979, 0.24057418750483142, 0.017446525579097753, 0.35071196476151212], [0.078008784151384875, 0.26809403258040215, 0.15777004203840708, 0.01334657161876864, 0.48278056961103716]],
	"log_likelihood":	[-8.40434113754043, -10.047713572554493]
}
