{
	"input_file":	"../../instances/J100_M50_G2_I5_L50_seed15.json",
	"method":	"MVN CDF",
	"convergence_threshold":	0.001,
	"iterations_made":	27,
	"max_iterations":	10000,
	"time_taken":	0.026663,
	"ground_truth_matrix":	[[0.64854204216829081, 0.06766170140398764, 0.0191880471746618, 0.15402614754092744, 0.1105820617121324], [0.39962760023412636, 0.1932796691291607, 0.19217922484338035, 0.062716975103724426, 0.15219653068960812]],
	"estimated_matrix":	[[0.59080958403564277, 0.086005966256488153, 0.040066094394547717, 0.15785715058621641, 0.12526120472710486], [0.46980917412322876, 0.17160323498402227, 0.15520088771338894, 0.0559182565176886, 0.14746844666167142]],
	"log_likelihood":	[-1.226602829911924, -1.2109322642051148, -1.1963026972725925, -1.1826462726769233, -1.1699037756990651, -1.1580233029700457, -1.146959147982975, -1.13667085964041, -1.1271224410549034, -1.1182816633369523, -1.1101194748229242, -1.1026094904971921, -1.095727549656383, -1.08945133236208, -1.0837600271269925, -1.0786340437415705, -1.0740547662260178, -1.0700043417211458, -1.0664655017501783, -1.0634214127191224, -1.0608555528873822, -1.0587516132549761, -1.0570934200109066, -1.0558648763235077, -1.0550499213566209, -1.0546325044932687, -1.0545965728315381, -1.0549260701010414]
}
