{
	"input_file":	"../../instances/J100_M50_G2_I5_L50_seed14.json",
	"method":	"MVN CDF",
	"convergence_threshold":	0.001,
	"iterations_made":	24,
	"max_iterations":	10000,
	"time_taken":	0.116254,
	"ground_truth_matrix":	[[0.15590939304920856, 0.32060857491831252, 0.44162749507565729, 0.0017460734744377071, 0.080108463482383763], [0.59766213007816038, 0.13609533714227331, 0.072449225855054339, 0.14650677874371171, 0.047286528180800258]],
	"estimated_matrix":	[[0.27228733594180682, 0.27584217663674471, 0.35330121608981324, 0.020377079061178055, 0.078192192270457178], [0.4798357341253231, 0.18719534135810126, 0.15839900739529847, 0.12187542530441053, 0.0526944918168666]],
	"log_likelihood":	[-1.4339051351389316, -1.4191705842099662, -1.4050330262298245, -1.3914693219061527, -1.3784678634122691, -1.3660273225678015, -1.3541552290149275, -1.3428663873747324, -1.33218116154704, -1.3221236715449156, -1.3127199618760534, -1.3039962091300343, -1.2959770391408969, -1.2886840205203169, -1.2821343919348165, -1.2763400661665627, -1.2713069365134479, -1.2670344922061585, -1.2635157312703704, -1.2607373433156974, -1.2586801223663358, -1.2573195617754949, -1.2566265796471723, -1.25656832368634, -1.25710900827086]
}
