{
	"input_file":	"../../instances/J100_M50_G2_I5_L50_seed4.json",
	"method":	"MVN CDF",
	"convergence_threshold":	0.001,
	"iterations_made":	69,
	"max_iterations":	10000,
	"time_taken":	0.113522,
	"ground_truth_matrix":	[[0.33270219763982, 0.077260685478113045, 0.351047145907638, 0.12233189286483045, 0.1166580781095984], [0.050165543415490517, 0.77088292625501365, 0.0012877732599235222, 0.0600985069713388, 0.11756525009823347]],
	"estimated_matrix":	[[0.30796381224741842, 0.17232843047584581, 0.2904395702294878, 0.11927486130798134, 0.10999332573926666], [0.0730090025953654, 0.685512954634276, 0.037667984738793236, 0.0553747518695251, 0.1484353061620404]],
	"log_likelihood":	[-1.0336140857759657, -1.0241121491958127, -1.0148821600675224, -1.0059131618874186, -0.99719573182698373, -0.98872166368764458, -0.980483713140836, -0.97247539467122746, -0.9646908210059153, -0.957124577148114, -0.949771622326806, -0.94262721429232244, -0.93568685135381968, -0.928946228360675, -0.9224012035961402, -0.91604777408608562, -0.909882057374595, -0.90390027819794072, -0.89809875883055956, -0.8924739121498042, -0.88702223667399238, -0.881740313008131, -0.87662480127805131, -0.871672439205795, -0.86688004061499069, -0.86224449416883464, -0.857762762235372, -0.85343187978146828, -0.84924895324032, -0.845211159322686, -0.8413157437508213, -0.83756001989693718, -0.83394136733635982, -0.83045723031926155, -0.8271051161614944, -0.82388259357551, -0.820787290947537, -0.81781689457417772, -0.81496914686985067, -0.81224184456522674, -0.80963283689100052, -0.80714002377905458, -0.80476135406978944, -0.802494823748424, -0.80033847421402, -0.79829039058165674, -0.796348700035626, -0.794511570225269, -0.792777207718587, -0.79114385650671348, -0.78960979657533947, -0.78817334252498128, -0.78683284226397165, -0.785586675757388, -0.784433253837724, -0.78337101707774481, -0.782398434726922, -0.78151400370090673, -0.78071624763124681, -0.78000371597089524, -0.77937498314615561, -0.778828647766447, -0.778363331873217, -0.77797768023259628, -0.77767035967534148, -0.77744005845982178, -0.77728548568118971, -0.77720537069972617, -0.77719846259918535, -0.777263529671853]
}
