{
	"input_file":	"../../instances/J100_M50_G2_I5_L50_seed5.json",
	"method":	"MVN CDF",
	"convergence_threshold":	0.001,
	"iterations_made":	50,
	"max_iterations":	10000,
	"time_taken":	0.215366335,
	"ground_truth_matrix":	[[0.043982912303551426, 0.358470733786538, 0.040576345559300911, 0.43953375062527472, 0.11743625772533485], [0.256473892537231, 0.39363112002854944, 0.198078425534879, 0.095454145901107262, 0.05636241599823328]],
	"estimated_matrix":	[[0.056760356040541526, 0.38170584829711063, 0.053282134197395428, 0.39923546927895215, 0.10901619218600028], [0.21566269460751389, 0.3807915521437803, 0.19582408139635379, 0.13889162851196976, 0.0688300433403822]],
	"log_likelihood":	[-0.91253591280849522, -0.89373178891291349, -0.87553663510365154, -0.857938232832847, -0.84092507145250039, -0.824486196679117, -0.80861107700288859, -0.793289486830047, -0.778511405280265, -0.7642669296249065, -0.75054620240697045, -0.73733935132030071, -0.72463644092297563, -0.71242743527006624, -0.700702170558166, -0.68945033685629542, -0.67866146801848937, -0.66832493886022848, -0.658429968706171, -0.64896563043375322, -0.63992086416498872, -0.63128449478661919, -0.62304525253620924, -0.61519179592278983, -0.607712736320865, -0.60059666362066644, -0.593832172383202, -0.58740788801819332, -0.581312492549427, -0.57553474961309059, -0.57006352836720642, -0.56488782608475918, -0.55999678921535745, -0.55537973278660946, -0.55102615802902954, -0.54692576818088356, -0.54306848243328432, -0.53944444803570846, -0.53604405058725924, -0.53285792256757059, -0.52987695019559822, -0.52709227867825337, -0.52449531597183119, -0.52207773514987876, -0.51983147548056363, -0.51774874234329527, -0.51582200608081374, -0.514043999904162, -0.51240771695674658, -0.51090640664213638, -0.48455136536596238]
}
