{
	"input_file":	"../../instances/J100_M50_G3_I10_L50_seed16.json",
	"method":	"MVN CDF",
	"convergence_threshold":	0.001,
	"iterations_made":	1,
	"max_iterations":	10000,
	"time_taken":	0.034342,
	"ground_truth_matrix":	[[0.037220072406000837, 0.10908437447685727, 0.11784646370736214, 0.0068749419864193783, 0.0659039693392477, 0.03718022718294757, 0.17190609579094332, 0.026337259333659491, 0.010740806916152435, 0.41690578886040985], [0.14673895330909076, 0.014366663143133332, 0.22689653856502881, 0.03052185574293443, 0.050964679802890864, 0.061466417499061822, 0.21102591149970712, 0.11042169790901495, 0.042842649101018683, 0.10475463342811923], [0.013250987302843993, 0.256850768624498, 0.0859595215094735, 0.065692664325043046, 0.038848493972169149, 0.00454383432734067, 0.14359733763946944, 0.0806029761315524, 0.149913861489711, 0.16073955467789863]],
	"estimated_matrix":	[[0.050712017935257529, 0.1263836935345091, 0.13321584070841236, 0.023613437959521, 0.064841770548778432, 0.034789221491226388, 0.17271254195768429, 0.0593662222029938, 0.054045056243340446, 0.28032019741827674], [0.086869611802445457, 0.095380435949996067, 0.16131342894453879, 0.031575618535323757, 0.052630710610682127, 0.048276322659049416, 0.17666151009893882, 0.0883310450863111, 0.0661859609211922, 0.1927753553915223], [0.044157042380039216, 0.165615830029689, 0.11760751635369972, 0.039504294770603, 0.056636894784877621, 0.022340963563581888, 0.15932725658462135, 0.0816641241899826, 0.101596105565905, 0.21154997177700058]],
	"log_likelihood":	[-9.9570950198409758, -10.165362298506022]
}
