{
	"input_file":	"../../instances/J100_M50_G3_I10_L50_seed19.json",
	"method":	"MVN CDF",
	"convergence_threshold":	0.001,
	"iterations_made":	1,
	"max_iterations":	10000,
	"time_taken":	0.019132,
	"ground_truth_matrix":	[[0.00997967157152297, 0.13928787470867682, 0.027579478928395351, 0.014455766703033052, 0.039154695612610146, 0.00842603508963501, 0.10839645532130762, 0.15977019010638813, 0.394764314683101, 0.098185517275330023], [0.044314691186619112, 0.14507784297469581, 0.14368244984263659, 0.048582056046547389, 0.021994251157037275, 0.12615259812409607, 0.030059954829732515, 0.13859323982483718, 0.089158544885675553, 0.2123843711281225], [0.042098920851732474, 0.26356125129739461, 0.1355079862150774, 0.084486126625485977, 0.086158010636071036, 0.0929118015992064, 0.028201901225743359, 0.12510976961175574, 0.03049321518503639, 0.11147101675249657]],
	"estimated_matrix":	[[0.015888269684925228, 0.1725849327674753, 0.0809670703319122, 0.038358234507217877, 0.044529713525692433, 0.0637315382185133, 0.0664744359958688, 0.16442061302415983, 0.232544684524843, 0.12050050741939208], [0.0334152861295167, 0.17172406623730857, 0.10944060334183574, 0.046616503687716686, 0.040213560021807385, 0.10342440571824914, 0.047160936457226778, 0.15440033420999935, 0.14600760243404914, 0.14759670176229053], [0.029618972287487819, 0.21176463281447266, 0.11328080150217747, 0.049778971361212544, 0.05908417646480528, 0.082494082419502957, 0.0458375627923752, 0.15079844168123607, 0.13230445918243641, 0.12503789949429356]],
	"log_likelihood":	[-8.4953484393548031, -8.7163853910748053]
}
