{
	"input_file":	"../../instances/J100_M50_G3_I10_L50_seed17.json",
	"method":	"MVN CDF",
	"convergence_threshold":	0.001,
	"iterations_made":	24,
	"max_iterations":	10000,
	"time_taken":	0.224767,
	"ground_truth_matrix":	[[0.054910088458876, 0.1189603042476769, 0.033441678392234289, 0.011060521380987629, 0.24324536090811941, 0.16800779444181613, 0.15962455027817882, 0.13481816614048331, 0.006267763850691715, 0.069663771900935742], [0.26764821479172474, 0.0056896705827529951, 0.18334443193306962, 0.19276480901552057, 0.0048285089853900686, 0.0970980434545545, 0.0737276519453078, 0.083622163902498159, 0.060710408957484467, 0.03056609643169713], [0.061293315400922067, 0.14297314709892539, 0.0874505158885679, 0.269583459149985, 0.0940159576003571, 0.026945286382059955, 0.028369706465992364, 0.00985493121997195, 0.21955082091383865, 0.059962859879379625]],
	"estimated_matrix":	[[0.080741137333064941, 0.0967373232743428, 0.046577677274877771, 0.0775073989195047, 0.19956380536853813, 0.15447932695700861, 0.14577596188185835, 0.11170030592483558, 0.026205367203080806, 0.060711695862888319], [0.201723698686139, 0.038698453257524454, 0.15950868327279152, 0.16565567034676307, 0.040297638629467662, 0.11439435101346797, 0.087290760569731951, 0.076364919316327079, 0.0635939851903374, 0.052471839717449884], [0.098914036102504155, 0.113542187217967, 0.0825220372404981, 0.22709547090295748, 0.088544832154878045, 0.0599961302633296, 0.047165372688035612, 0.032117117495464143, 0.17940881753140864, 0.070693998402957231]],
	"log_likelihood":	[-4.5907358927031652, -4.50679854712105, -4.4301826668563322, -4.3601933625792562, -4.2962401627223157, -4.2378174095538421, -4.1844890513527577, -4.1358766814868053, -4.09165000779346, -4.05151916361616, -4.0152284306779586, -3.9825510563644126, -3.9532849286562093, -3.9272489306279792, -3.9042798396527036, -3.8842296686059883, -3.8669633705462045, -3.8523568466175293, -3.8402952108158988, -3.830671275835237, -3.8233842321978084, -3.818338498921495, -3.8154427284390811, -3.8146089517358748, -3.815751851976751]
}
