{
	"input_file":	"../../instances/J100_M50_G3_I10_L50_seed1.json",
	"method":	"MVN CDF",
	"convergence_threshold":	0.001,
	"iterations_made":	1,
	"max_iterations":	10000,
	"time_taken":	0.017620999999999939,
	"ground_truth_matrix":	[[0.12436308318824252, 0.2936479442801595, 2.6361498408479558e-05, 0.0829722235922016, 0.036577837427075648, 0.0223288485003637, 0.047503287797740747, 0.0977139586640639, 0.11649176519617498, 0.17837468985556892], [0.078737587506692047, 0.16750337765308135, 0.033145413394336042, 0.3050005136808091, 0.0040242128188571836, 0.16086639690315654, 0.078266859223934074, 0.11854087140099424, 0.021921593367001047, 0.031993174051138537], [0.12057861540422678, 0.25789235616624362, 0.028107564516233675, 0.0881039432937717, 0.15626627010132041, 0.16818376689753073, 0.0066434326979972836, 0.0029777413570878652, 0.013912210833154727, 0.15733409873243309]],
	"estimated_matrix":	[[0.10939604036988487, 0.24865179440663454, 0.00944127856506447, 0.1427440608933363, 0.0532881233848497, 0.098152294152003772, 0.0498980549801377, 0.0819418881381517, 0.066662287066953832, 0.13982417804298308], [0.0949509634248741, 0.22973781848707742, 0.029152658020252274, 0.19743316252928275, 0.042161420848803512, 0.13191116075951584, 0.0514580258896625, 0.083969226853972553, 0.038619422042968136, 0.10060614114359095], [0.10776920935968191, 0.250077005368957, 0.022029410875776621, 0.13897733708630108, 0.0898404121052489, 0.13808701418425764, 0.027019462109491115, 0.053416807933748672, 0.036332941554604689, 0.13645039942193232]],
	"log_likelihood":	[-14.403049124769018, -14.946155282812244]
}
