{
	"input_file":	"../../instances/J100_M50_G3_I10_L50_seed20.json",
	"method":	"MVN CDF",
	"convergence_threshold":	0.001,
	"iterations_made":	10,
	"max_iterations":	10000,
	"time_taken":	0.101274,
	"ground_truth_matrix":	[[0.082219907057948835, 0.21132951055997232, 0.20588944772410889, 0.15682425779427028, 0.0033877396753867507, 0.10908302458583818, 0.0441117692532601, 0.06774392256656836, 0.099437221215447555, 0.019973199567198632], [0.036851563522719288, 0.14699395741819674, 0.17712024127059539, 0.22017884136159249, 0.17304768634872764, 0.0043302193415076231, 0.01438446802344439, 0.16130282000057855, 0.031695152369169713, 0.034095050343468228], [0.15918532554909737, 0.24428049725138792, 0.067357448039370771, 0.01608475063339752, 0.12010770984818865, 0.055369517882249544, 0.0814706996585495, 0.14939832088464047, 0.050476971643638679, 0.056268758609479635]],
	"estimated_matrix":	[[0.096427961493011471, 0.19624283662715464, 0.17818694387999326, 0.13362685134295368, 0.050243480052633981, 0.081642512217534657, 0.042195648206520747, 0.11191629061822989, 0.075244111782880749, 0.034273363779086942], [0.068181397555507145, 0.18602798469814263, 0.16341524721901887, 0.16285861655980266, 0.12608821559278194, 0.0237135062355449, 0.030508435843345939, 0.15710457640778414, 0.040509494971186548, 0.041592524916885275], [0.1078066503613342, 0.21911285008969461, 0.11872506404724896, 0.085219300573112, 0.109342926337989, 0.058728480507732883, 0.070991766144990739, 0.13874046309213961, 0.047260251097353011, 0.044072247748404937]],
	"log_likelihood":	[-4.7417961675306231, -4.72658022124217, -4.71318445958005, -4.70159934943862, -4.6918169860603456, -4.6838218245031822, -4.6775867794106976, -4.67307253637445, -4.6702285577578, -4.6689948071343466, -4.66930362670878]
}
