{
	"input_file":	"../../instances/J100_M50_G3_I10_L50_seed17.json",
	"method":	"MVN CDF",
	"convergence_threshold":	0.001,
	"iterations_made":	24,
	"max_iterations":	10000,
	"time_taken":	0.288636,
	"ground_truth_matrix":	[[0.054910088458876, 0.1189603042476769, 0.033441678392234289, 0.011060521380987629, 0.24324536090811941, 0.16800779444181613, 0.15962455027817882, 0.13481816614048331, 0.006267763850691715, 0.069663771900935742], [0.26764821479172474, 0.0056896705827529951, 0.18334443193306962, 0.19276480901552057, 0.0048285089853900686, 0.0970980434545545, 0.0737276519453078, 0.083622163902498159, 0.060710408957484467, 0.03056609643169713], [0.061293315400922067, 0.14297314709892539, 0.0874505158885679, 0.269583459149985, 0.0940159576003571, 0.026945286382059955, 0.028369706465992364, 0.00985493121997195, 0.21955082091383865, 0.059962859879379625]],
	"estimated_matrix":	[[0.080741137333065024, 0.096737323274342826, 0.046577677274877445, 0.0775073989195048, 0.19956380536853766, 0.15447932695700881, 0.1457759618818586, 0.11170030592483554, 0.026205367203080861, 0.060711695862888458], [0.20172369868613821, 0.038698453257524461, 0.15950868327279222, 0.16565567034676287, 0.0402976386294678, 0.1143943510134678, 0.087290760569732062, 0.076364919316327232, 0.063593985190337474, 0.0524718397174499], [0.098914036102504738, 0.1135421872179669, 0.0825220372404981, 0.22709547090295693, 0.0885448321548782, 0.059996130263329513, 0.0471653726880356, 0.032117117495464122, 0.1794088175314088, 0.070693998402957134]],
	"log_likelihood":	[-4.5907358927030764, -4.50679854712115, -4.4301826668561333, -4.3601933625796159, -4.2962401627223779, -4.237817409553827, -4.18448905135284, -4.1358766814864563, -4.0916500077937039, -4.0515191636161427, -4.01522843067781, -3.98255105636449, -3.9532849286562843, -3.9272489306279357, -3.9042798396524829, -3.8842296686058857, -3.866963370546717, -3.85235684661715, -3.84029521081605, -3.8306712758353227, -3.8233842321979186, -3.8183384989215914, -3.8154427284386432, -3.81460895173581, -3.8157518519766]
}
