{
	"input_file":	"../../instances/J100_M50_G3_I10_L50_seed12.json",
	"method":	"MVN CDF",
	"convergence_threshold":	0.001,
	"iterations_made":	1,
	"max_iterations":	10000,
	"time_taken":	0.020261,
	"ground_truth_matrix":	[[0.015582156525603087, 0.12538666210153721, 0.028440975506022707, 0.0710115388820721, 0.0013664386086365743, 0.2336170641797074, 0.21496368670652949, 0.0031636168665235879, 0.29273265374842722, 0.013735206874940618], [0.033685472240404149, 0.094004134275044657, 0.29125377741216613, 0.19328498797955979, 0.00022822457699712571, 0.074318804422831147, 0.0810309053295545, 0.067032982095265731, 0.14748154604349473, 0.017679165624682143], [0.20048479434601485, 0.0029150704700110059, 0.020137011718670491, 0.017134292221539584, 0.051415898857770453, 0.15429323352817573, 0.088328200571823071, 0.23478377805692366, 0.047395008217637064, 0.18311271201143423]],
	"estimated_matrix":	[[0.058014098213472615, 0.0812359487995911, 0.10964343792931384, 0.0808683232720336, 0.0072771924907047, 0.1835653065801566, 0.15396013617654469, 0.069543840207972135, 0.20103865549630723, 0.054853060833903518], [0.0619420195103797, 0.0744697540159757, 0.18073560563596813, 0.1221650182117958, 0.00862652462370576, 0.14401958798782574, 0.10997413172587826, 0.087762463492300158, 0.15177396610962135, 0.058530928686549438], [0.12275318292183388, 0.043202096713806315, 0.09656003369062, 0.0612112451796853, 0.032238450993601314, 0.15731023776216127, 0.11637459390408142, 0.13739690120551226, 0.13104780491446727, 0.1019054527142309]],
	"log_likelihood":	[-18.429143517806843, -18.593944839644166]
}
