{
	"input_file":	"../../instances/J100_M50_G3_I10_L50_seed13.json",
	"method":	"MVN CDF",
	"convergence_threshold":	0.001,
	"iterations_made":	1,
	"max_iterations":	10000,
	"time_taken":	0.016396,
	"ground_truth_matrix":	[[0.095000606641782351, 0.017133841334523565, 0.109854414200967, 0.213159663431239, 0.22726109271150324, 0.038166572341381357, 0.059332412112789071, 0.0943852305406974, 0.064827896915340855, 0.080878269769776023], [0.0068883355213543232, 0.0684607808726845, 0.011645208371382151, 0.37572194421425487, 0.090114377573631624, 0.21997833859893373, 0.057186871760991957, 0.082483938626239872, 0.001826590536552423, 0.085693613923974427], [0.27956318930356217, 0.023073793909949909, 0.036123216791498255, 0.23454490768563666, 0.0030440371355612453, 0.006318257987249565, 0.0933001577690485, 0.19433754783255683, 0.00082184714507826516, 0.12887304443985828]],
	"estimated_matrix":	[[0.11597172792126906, 0.027644399633148631, 0.074099707996451852, 0.25412520816680961, 0.14665029999611046, 0.071243530991319678, 0.068736961482814274, 0.10620407464996018, 0.041855835090034287, 0.0934682540720819], [0.095019075321884847, 0.0461787453666566, 0.041455346091541286, 0.30419750570116749, 0.0965650759778465, 0.12749611850278972, 0.068858095706262043, 0.10915317147843606, 0.010373943012029036, 0.10070292284138639], [0.17060504419999753, 0.031553205877420339, 0.047667545551096757, 0.26316980980598575, 0.0738703961734456, 0.066940507741282448, 0.083138138691220859, 0.14577302160554109, 0.01193590045078094, 0.10534642990322871]],
	"log_likelihood":	[-15.153856567933786, -15.454664195336949]
}
