{
	"input_file":	"../../instances/J100_M50_G3_I10_L50_seed10.json",
	"method":	"MVN CDF",
	"convergence_threshold":	0.001,
	"iterations_made":	26,
	"max_iterations":	10000,
	"time_taken":	0.163771,
	"ground_truth_matrix":	[[0.21843127705125, 0.00310455594308142, 0.14866145756024521, 0.20452786828098479, 0.10217584773651123, 0.037696783123583662, 0.032677328835812119, 0.21160574168951965, 0.027426722860244761, 0.013692416918767124], [0.089337698565748663, 0.23688004378999766, 0.000305646789730184, 0.055459840205091121, 0.12938125590902735, 0.0732507112687405, 0.0988351780171504, 0.026665214833852879, 0.19301748277755362, 0.0968669278431076], [0.10672896050204253, 0.020927421351082318, 0.063779059262355456, 0.153018180528831, 0.0795746549692582, 0.0776761725567312, 0.13124552522321278, 0.098226905335430229, 0.14342301595160181, 0.12540010431945453]],
	"estimated_matrix":	[[0.19493822435688646, 0.033778048482864427, 0.137755900251864, 0.15845271408499212, 0.10067004700488062, 0.028083966370118958, 0.0401165091219019, 0.19056883101674923, 0.05645880265478103, 0.05917695665496122], [0.13030647229654604, 0.18787699872508296, 0.019305556743298424, 0.06308035530571, 0.11126941703307616, 0.08662230176568024, 0.0977290671096161, 0.062156262232640272, 0.14932710009249409, 0.0923264686958557], [0.129850166128745, 0.027338557427396583, 0.052835121065799247, 0.16885763205291587, 0.097979917802465732, 0.066619544275041367, 0.12019914987027779, 0.10718071419861884, 0.12630262716539778, 0.10283657001334184]],
	"log_likelihood":	[-4.6263583485853959, -4.5512865846780253, -4.48195549337044, -4.4178814657768539, -4.35866790856028, -4.3039838686404117, -4.25354792567024, -4.2071160787627671, -4.1644726460307844, -4.1254234324417229, -4.08979060783332, -4.05740887963755, -4.0281226516100848, -4.0017839382798117, -3.9782508616174423, -3.9573865972427518, -3.9390586668005874, -3.9231384944898564, -3.9095011615959834, -3.89802530511895, -3.8885931164364052, -3.8810904041687655, -3.8754066925082249, -3.8714353324925779, -3.8690736091822293, -3.86822283246453, -3.8687884033141433]
}
