{
	"input_file":	"../../instances/J100_M50_G3_I10_L50_seed14.json",
	"method":	"MVN CDF",
	"convergence_threshold":	0.001,
	"iterations_made":	1,
	"max_iterations":	10000,
	"time_taken":	0.023086,
	"ground_truth_matrix":	[[0.072756559579671962, 0.1496149553698512, 0.20608955322757225, 0.00081482132852198129, 0.037383355051305023, 0.318757571955605, 0.0725851899237404, 0.038640124848800833, 0.07813803605270303, 0.025219832662228388], [0.16106647274809777, 0.04108471195722066, 0.075916688175726, 0.000577733854966009, 0.10966663037368535, 0.023120032174088642, 0.26444084160278358, 0.04597428467004392, 0.13690581024077314, 0.141246794202615], [0.27457020663254578, 0.015670213003462923, 0.047928096851870335, 0.086529298626726064, 0.15012209735757456, 0.040009698419252678, 0.16224042461034441, 0.14373135909456444, 0.02698626539329689, 0.05221234001036193]],
	"estimated_matrix":	[[0.141040891306266, 0.0928801053804849, 0.1373862531266252, 0.016492800583002145, 0.091449660691973134, 0.18495768353242045, 0.13339007152248611, 0.058169625537571983, 0.075409970338365, 0.0688229379808051], [0.16787296110401231, 0.056397697025114074, 0.1001039303843938, 0.019477877254116656, 0.10760364144072702, 0.0989713391172325, 0.19206188285264872, 0.07039195555630684, 0.090112520268527035, 0.097006194996921022], [0.19456502695097194, 0.047049563640617333, 0.085647315183099551, 0.045062997626067559, 0.12546600913319469, 0.0955831933561183, 0.16208110584659743, 0.10409846624806711, 0.067153568610104936, 0.073292753405161074]],
	"log_likelihood":	[-8.99991983680962, -9.11128173474676]
}
