{
	"input_file":	"../../instances/J100_M50_G3_I10_L50_seed11.json",
	"method":	"MVN CDF",
	"convergence_threshold":	0.001,
	"iterations_made":	1,
	"max_iterations":	10000,
	"time_taken":	0.035903,
	"ground_truth_matrix":	[[0.022670189430670222, 0.0022430000911789036, 0.07095577431831715, 0.14720508768109594, 0.062164378732414968, 0.075774684449878463, 0.0014670045756580005, 0.076206469567349347, 0.32434701506348212, 0.21696639608995485], [0.17475220147373904, 0.015365503375000471, 0.29945062630790814, 0.2597506605011623, 0.024083428701327351, 0.1335574362557338, 0.0027625429341148482, 0.0165692122202841, 0.050767037043357562, 0.022941351187372273], [0.20286311633434817, 0.24312411956007066, 0.060243706866737655, 0.05473336022465846, 0.016880923775346772, 0.012501891955236983, 0.17783373523956272, 0.1304755028070759, 0.00816706959117638, 0.093176573645786145]],
	"estimated_matrix":	[[0.093121352486776471, 0.0604833145619958, 0.11711706530150377, 0.158616348979938, 0.041742046913599444, 0.077548165363776456, 0.0376693569012574, 0.084031248237691258, 0.182826039802354, 0.14684506145110737], [0.1389256513014562, 0.0648571893417012, 0.18427942329376126, 0.18942152877239371, 0.032768322502680379, 0.091344098453728345, 0.046209837195792844, 0.0650401517486496, 0.096349076126061278, 0.090804721263775243], [0.15470014107295973, 0.13264967395854643, 0.12309122367659457, 0.12451631575321652, 0.026874419834146068, 0.056531907115715853, 0.088520811183611534, 0.09242360323833, 0.089899351413743028, 0.11079255275313622]],
	"log_likelihood":	[-8.1586782783463772, -8.18035256799159]
}
