{
	"input_file":	"../../instances/J100_M50_G3_I10_L50_seed4.json",
	"method":	"MVN CDF",
	"convergence_threshold":	0.001,
	"iterations_made":	1,
	"max_iterations":	10000,
	"time_taken":	0.028283,
	"ground_truth_matrix":	[[0.22583551318107506, 0.052443917345447011, 0.23828791306220862, 0.0830378819242122, 0.079186543171321358, 0.016113585473482447, 0.24761394129387149, 0.00041364337115573342, 0.019304135128980132, 0.037762926048245667], [0.12006391970874336, 0.017497584298260781, 0.15791029373823773, 0.32558754806371482, 0.014215320954268749, 0.072264894734091964, 0.00071710695160031874, 0.038822962732027649, 0.0035880152585265278, 0.249332353560528], [0.055515405364858314, 0.28830098826938388, 0.1495248801034782, 0.19495435552022833, 0.018424095092939071, 0.00754847271122037, 0.0889614160291074, 0.017817431884025, 0.12808472611908472, 0.0508682289056748]],
	"estimated_matrix":	[[0.1681792414674928, 0.0901467483727798, 0.20581360054539133, 0.16408864576409918, 0.0558944911040417, 0.023049177907882676, 0.13667067914973563, 0.012566626799071837, 0.048424128548120664, 0.095166660341384351], [0.12944316169953382, 0.089349711179937952, 0.18343173956865386, 0.22658087537966093, 0.02869638161292588, 0.051523563800224728, 0.080771825303817046, 0.025707840277416218, 0.029434646974843864, 0.15506025420298566], [0.1127702713428599, 0.15830256430190409, 0.18644108916278448, 0.1917745200063217, 0.028990959743441985, 0.023186163780852836, 0.10332873282194421, 0.019759148668527241, 0.0737820879835572, 0.10166446218780636]],
	"log_likelihood":	[-13.604811630077792, -14.31262084747871]
}
