{
	"input_file":	"../../instances/J100_M50_G3_I10_L50_seed2.json",
	"method":	"MVN CDF",
	"convergence_threshold":	0.001,
	"iterations_made":	1,
	"max_iterations":	10000,
	"time_taken":	0.021408,
	"ground_truth_matrix":	[[0.11991661550111644, 0.0055003363088887832, 0.16704342406662817, 0.11966709003802448, 0.11419385771146613, 0.083961110968791053, 0.047944554745746416, 0.2022021665049108, 0.074581293038413141, 0.0649895511160146], [0.10911846334865041, 0.0846798451193815, 0.016250220290096911, 0.0810237270119616, 0.022921616895543978, 0.17298877101751881, 0.21630711039323489, 0.0766399545108728, 0.21073926823981, 0.0093310231729288751], [0.19966258193982236, 0.019156405580939437, 0.15855947193431905, 0.028802863437738628, 0.038588756331956124, 0.25768408299196249, 0.0726925031860041, 0.03209262146888716, 0.0706085005185904, 0.12215221260978017]],
	"estimated_matrix":	[[0.135883849886544, 0.021056188294993117, 0.14032454205540293, 0.089483800560472865, 0.077102797226213271, 0.14797265688393685, 0.0918637791038815, 0.12556676711986328, 0.10808687387366292, 0.062658744995029325], [0.12952140460623274, 0.053464675762047185, 0.089795450381627367, 0.0886121833852315, 0.042775667176914223, 0.177200052833985, 0.13742393332179176, 0.0856765883352795, 0.15025113750099467, 0.04527890669589623], [0.16239434094743016, 0.026637598460512578, 0.13045288460379426, 0.069687588542601639, 0.054297025262470815, 0.20404154772053423, 0.0995931953646509, 0.075141010670568276, 0.099242712091723639, 0.0785120963357135]],
	"log_likelihood":	[-7.320321240850757, -7.3917865004262646]
}
