{
	"input_file":	"../../instances/J100_M50_G3_I2_L50_seed18.json",
	"method":	"MVN CDF",
	"convergence_threshold":	0.001,
	"iterations_made":	57,
	"max_iterations":	10000,
	"time_taken":	0.015460902,
	"ground_truth_matrix":	[[0.598796857472177, 0.40120314252782313], [0.913094360419019, 0.086905639580980923], [0.57961290670290522, 0.42038709329709484]],
	"estimated_matrix":	[[0.650883249564082, 0.34911675043591833], [0.849782556392224, 0.15021744360777614], [0.64958777003777635, 0.35041222996222382]],
	"log_likelihood":	[-0.13275180385375374, -0.13092026867109061, -0.12911954859882804, -0.12734909564664251, -0.12560837732597971, -0.12389687597669151, -0.12221408814087631, -0.12055952396024962, -0.11893270661501804, -0.11733317178771825, -0.11576046715265216, -0.11421415189212807, -0.11269379623493984, -0.11119898101384453, -0.10972929724739276, -0.10828434573613757, -0.1068637366738892, -0.10546708928333515, -0.10409403146146247, -0.1027441994364392, -0.10141723744477327, -0.10011279741929492, -0.098830538690070829, -0.0975701276909256, -0.096331237693704524, -0.095113548530383826, -0.093916746349288427, -0.0927405233664451, -0.091584577631942859, -0.090448612805193, -0.0893323379413513, -0.0882354672840121, -0.0871577200696118, -0.086098820336419676, -0.085058496747117962, -0.084036482415126859, -0.083032514738876059, -0.0820463352477932, -0.081077689451557022, -0.0801263266953246, -0.079192000027635434, -0.0782744660698737, -0.0773734848949419, -0.0764888199079309, -0.0756202377403791, -0.074767508144274741, -0.0739304038914636, -0.07310870068259484, -0.072302177060073233, -0.071510614321078525, -0.070733796443894673, -0.0699715100122087, -0.0692235441454823, -0.0684896904373854, -0.0677697428895616, -0.067063497860241655, -0.066370754009478533, -0.057591270627317288]
}
