{
	"input_file":	"../../instances/J100_M50_G3_I2_L50_seed19.json",
	"method":	"MVN CDF",
	"convergence_threshold":	0.001,
	"iterations_made":	133,
	"max_iterations":	10000,
	"time_taken":	0.031093603,
	"ground_truth_matrix":	[[0.0668576111835421, 0.933142388816458], [0.65610367000627345, 0.34389632999372649], [0.82291076733637858, 0.17708923266362139]],
	"estimated_matrix":	[[0.13673616004697531, 0.86326383995302458], [0.63772797416294169, 0.36227202583705831], [0.77510456801743755, 0.22489543198256237]],
	"log_likelihood":	[-0.27504717934875872, -0.27141791946501587, -0.26787388381811067, -0.26441206745691181, -0.26102960195292058, -0.25772374789784092, -0.25449188789547461, -0.25133152000856662, -0.24824025163215838, -0.24521579375311819, -0.24225595557841631, -0.23935863949294758, -0.23652183633594637, -0.23374362096206069, -0.23102214807809279, -0.22835564832246144, -0.22574242458509672, -0.22318084854206927, -0.22066935739286392, -0.21820645078814352, -0.215790687929183, -0.21342068484239424, -0.21109511179468779, -0.20881269086694462, -0.2065721936496058, -0.20437243907258235, -0.20221229135219668, -0.20009065804677892, -0.19800648821505545, -0.195958770680999, -0.19394653237739168, -0.19196883678302723, -0.190024782440732, -0.18811350154928261, -0.18623415862585252, -0.18438594923930152, -0.18256809880266706, -0.18077986142490807, -0.17902051882400974, -0.17728937928591154, -0.17558577667842451, -0.17390906950661922, -0.17225864001874092, -0.1706338933472728, -0.16903425669334252, -0.1674591785474904, -0.16590812794153334, -0.16438059374029515, -0.16287608395414857, -0.16139412509262216, -0.159934261535748, -0.15849605493703037, -0.15707908364608675, -0.15568294216087739, -0.15430724059363674, -0.15295160416618406, -0.15161567271592569, -0.15029910022589327, -0.14900155436882673, -0.14772271606996171, -0.14646227908233547, -0.14521994957792128, -0.14399544575190865, -0.14278849743943794, -0.14159884574399426, -0.14042624267951687, -0.139270450817121, -0.138131242947494, -0.13700840175073009, -0.13590171947487462, -0.13481099762007753, -0.13373604663427, -0.13267668561553159, -0.1316327420171626, -0.1306040513657665, -0.1295904569768806, -0.12859180968627509, -0.12760796757665643, -0.12663879571518308, -0.12568416589526391, -0.12474395638116521, -0.12381805165560406, -0.1229063421755951, -0.12200872412740528, -0.1211250991867992, -0.12025537428432466, -0.11939946137163844, -0.11855727719186517, -0.1177287430493259, -0.11691378459228879, -0.11611233158414998, -0.11532431768972876, -0.11454968025822562, -0.11378836010883357, -0.11304030132071533, -0.11230545102420603, -0.11158375919861195, -0.11087517846415793, -0.11017966388545752, -0.1094971727729947, -0.10882766448738324, -0.10817110024897174, -0.10752744294630774, -0.10689665695267425, -0.10627870794042572, -0.10567356270153541, -0.10508118896902241, -0.10450155524662942, -0.10393463063367626, -0.1033803846602525, -0.1028387871248948, -0.10230980793023367, -0.101793416930604, -0.10128958377961125, -0.10079827777940589, -0.10031946773655998, -0.0998531218245581, -0.099399207444449272, -0.098957691096247274, -0.0985285382488388, -0.0981117132218456, -0.097707179062084232, -0.097314897436819758, -0.096934828520303232, -0.096566930894696174, -0.0962111614498754, -0.0958674752896318, -0.095535825645763364, -0.0952161637940559, -0.094908438976095633, -0.094612598330513928, -0.094328586821032359, -0.0940563471780357, -0.0841746424202564]
}
