{
	"input_file":	"../../instances/J100_M50_G3_I2_L50_seed14.json",
	"method":	"MVN CDF",
	"convergence_threshold":	0.001,
	"iterations_made":	142,
	"max_iterations":	10000,
	"time_taken":	0.00717574,
	"ground_truth_matrix":	[[0.32718470976908715, 0.6728152902309128], [0.99606184581514945, 0.0039381541848506141], [0.104967871470104, 0.895032128529896]],
	"estimated_matrix":	[[0.346418549568478, 0.653581450431522], [0.940342224257812, 0.059657775742187724], [0.14847267723713847, 0.85152732276286147]],
	"log_likelihood":	[-0.375591083169103, -0.37116728999390552, -0.36686498480209945, -0.362679551784871, -0.35860659877765566, -0.35464194373645375, -0.35078160217185667, -0.34702177547166624, -0.34335884003514489, -0.3397893371595504, -0.33630996360855142, -0.33291756282587631, -0.32960911672127574, -0.32638173801107156, -0.32323266304837073, -0.3201592451181558, -0.317158948167744, -0.314229340919988, -0.3113680913675721, -0.30857296160469716, -0.30584180297175884, -0.30317255150151984, -0.300563223637504, -0.298011912210647, -0.2955167826470193, -0.29307606941262837, -0.29068807265059943, -0.288351155023084, -0.28606373873066232, -0.28382430270370224, -0.28163137995376852, -0.27948355507154438, -0.27737946186866691, -0.27531778114878452, -0.27329723860309163, -0.27131660282573838, -0.26937468343354742, -0.267470329291964, -0.26560242683895841, -0.263769898502435, -0.26197170119922669, -0.26020682492234987, -0.25847429140352474, -0.256773152848393, -0.25510249074544838, -0.25346141473640849, -0.25184906155408776, -0.25026459401890766, -0.24870720008965935, -0.24717609197293033, -0.24567050528496454, -0.24418969825453415, -0.2427329509863338, -0.241299564757992, -0.23988886136708326, -0.23850018251678451, -0.23713288924246109, -0.23578636137464232, -0.23445999704265591, -0.23315321220816862, -0.23186544023526862, -0.23059613149557093, -0.22934475299549131, -0.22811078804796739, -0.22689373595607379, -0.22569311174195783, -0.22450844588687885, -0.22333928410700332, -0.22218518714968444, -0.221045730616577, -0.21992050480441827, -0.21880911457344496, -0.21771117923175196, -0.21662633244385021, -0.21555422215465672, -0.21449451053478857, -0.2134468739385797, -0.21241100288368356, -0.21138660204326173, -0.21037339024823268, -0.20937110051252644, -0.20837948006263454, -0.207398290377186, -0.20642730724547742, -0.20546632082683686, -0.2045151357181606, -0.203573571034096, -0.20264146048831608, -0.20171865247705154, -0.20080501017125227, -0.199900411607093, -0.19900474977515625, -0.19811793271442169, -0.19723988359794412, -0.19637054081904148, -0.19550985806912649, -0.19465780441411021, -0.19381436435585633, -0.19297953789039785, -0.19215334055348954, -0.19133580345149731, -0.190526973285347, -0.18972691234442127, -0.18893569850853681, -0.18815342520450087, -0.18738020136469016, -0.18661615135115941, -0.18586141486899793, -0.18511614684494729, -0.18438051729065377, -0.18365471113472853, -0.18293892803431649, -0.18223338215116244, -0.18153830190427325, -0.18085392969284289, -0.18018052158893438, -0.17951834699738542, -0.17886768828723096, -0.178228840390102, -0.17760211036968576, -0.17698781695425214, -0.17638629004271084, -0.17579787017587881, -0.17522290797672618, -0.17466176356197985, -0.17411480592134157, -0.17358241226824528, -0.17306496736083726, -0.172562862798957, -0.17207649628959676, -0.17160627089260441, -0.17115259423973361, -0.17071587773302782, -0.17029653572282, -0.16989498467037767, -0.16951164228812746, -0.16914692667156611, -0.16880125541889232, -0.16847504473824615, -0.16816870854943944, -0.1678826575827071, -0.16761729847085435, -0.14794812853080672]
}
