{
	"input_file":	"../../instances/J100_M50_G3_I2_L50_seed6.json",
	"method":	"MVN CDF",
	"convergence_threshold":	0.001,
	"iterations_made":	106,
	"max_iterations":	10000,
	"time_taken":	0.032129,
	"ground_truth_matrix":	[[0.84701246603789282, 0.15298753396210726], [0.97585881292457777, 0.024141187075422219], [0.11190117762122714, 0.888098822378773]],
	"estimated_matrix":	[[0.819319417807769, 0.18068058219223115], [0.92574913775710777, 0.0742508622428923], [0.20976791354326993, 0.79023208645673]],
	"log_likelihood":	[-0.45916535531492686, -0.4528603199878995, -0.44673523532459775, -0.440782645494479, -0.43499550626975836, -0.42936715713868417, -0.42389129567459349, -0.41856195395920776, -0.41337347685739068, -0.408320501994755, -0.40339794126007011, -0.39860096373025883, -0.39392497986459174, -0.38936562688041426, -0.38491875519247032, -0.380580415848673, -0.3763468488541204, -0.3722144723353652, -0.36817987245945849, -0.36423979405718, -0.360391131892891, -0.35663092252904216, -0.352956336743987, -0.34936467245272079, -0.34585334810810642, -0.34241989652933857, -0.33906195913880982, -0.335777280577125, -0.33256370365850885, -0.329419164658659, -0.32634168890234488, -0.32332938662985933, -0.32038044912511116, -0.31749314509541687, -0.3146658172689758, -0.31189687921585768, -0.309184812365034, -0.30652816320769816, -0.30392554067903427, -0.30137561370223342, -0.29887710889127, -0.29642880839523855, -0.29402954788112484, -0.2916782146477242, -0.28937374585869385, -0.28711512688995672, -0.28490138978723345, -0.28273161182614659, -0.28060491416507716, -0.27852046059380225, -0.27647745636704446, -0.27447514711797766, -0.27251281785123921, -0.27058979200872785, -0.26870543060628355, -0.2668591314319676, -0.26505032831060515, -0.26327849042592188, -0.26154312169985583, -0.25984376022106082, -0.2581799777280841, -0.25655137913467552, -0.25495760210317875, -0.253398316658238, -0.25187322484089991, -0.25038206039372329, -0.24892458848883914, -0.24750060547921307, -0.24610993868384443, -0.24475244619814562, -0.2434280167281771, -0.2421365694468216, -0.24087805386654579, -0.239652449735707, -0.23845976693914581, -0.23730004541902516, -0.2361733550961389, -0.23507979580712743, -0.23401949723313734, -0.232992618839444, -0.23199934980339268, -0.23103990894703305, -0.23011454464739642, -0.22922353474982307, -0.22836718645258944, -0.22754583618352428, -0.22675984944703281, -0.2260096206548334, -0.22529557291228691, -0.22461815779282962, -0.22397785505766038, -0.22337517234637033, -0.22281064482121926, -0.22228483475961106, -0.22179833110312167, -0.22135174894428267, -0.22094572895641659, -0.22058093676458418, -0.22025806224264019, -0.21997781874441857, -0.21974094226121005, -0.21954819049905538, -0.21940034187919716, -0.21929819444561413, -0.21924256469912071, -0.21923428632806932, -0.21927420885257745]
}
