{
	"input_file":	"../../instances/J100_M50_G3_I2_L50_seed19.json",
	"method":	"MVN CDF",
	"convergence_threshold":	0.001,
	"iterations_made":	133,
	"max_iterations":	10000,
	"time_taken":	0.049249935,
	"ground_truth_matrix":	[[0.0668576111835421, 0.933142388816458], [0.65610367000627345, 0.34389632999372649], [0.82291076733637858, 0.17708923266362139]],
	"estimated_matrix":	[[0.13673616004697586, 0.863263839953024], [0.63772797416294136, 0.36227202583705853], [0.77510456801743755, 0.22489543198256243]],
	"log_likelihood":	[-0.27504717934879636, -0.27141791946456173, -0.2678738838178753, -0.26441206745721135, -0.26102960195305958, -0.25772374789788532, -0.254491887895508, -0.25133152000863762, -0.24824025163208766, -0.2452157937534552, -0.242255955578237, -0.23935863949263575, -0.23652183633581489, -0.23374362096240492, -0.23102214807780189, -0.22835564832195443, -0.22574242458556909, -0.22318084854229539, -0.22066935739364657, -0.21820645078755055, -0.21579068792900438, -0.21342068484198046, -0.2110951117944227, -0.20881269086661725, -0.20657219364916515, -0.20437243907270877, -0.20221229135243943, -0.200090658046416, -0.19800648821537206, -0.1959587706813038, -0.1939465323779011, -0.19196883678332358, -0.19002478244067056, -0.18811350154947989, -0.18623415862590256, -0.1843859492394804, -0.18256809880264818, -0.18077986142484426, -0.17902051882409412, -0.1772893792861758, -0.17558577667852615, -0.17390906950655535, -0.1722586400186529, -0.17063389334698248, -0.16903425669307914, -0.16745917854755354, -0.16590812794180146, -0.16438059373982949, -0.16287608395368725, -0.161394125092563, -0.15993426153610479, -0.15849605493730431, -0.15707908364618983, -0.15568294216048625, -0.15430724059351966, -0.15295160416640269, -0.15161567271605741, -0.15029910022616264, -0.149001554368872, -0.14772271607022824, -0.14646227908235249, -0.1452199495782065, -0.14399544575189324, -0.14278849743950631, -0.14159884574480275, -0.1404262426796927, -0.13927045081720568, -0.13813124294767659, -0.137008401751095, -0.135901719474995, -0.13481099761999427, -0.13373604663444066, -0.13267668561536713, -0.131632742017314, -0.13060405136553965, -0.129590456976628, -0.12859180968627026, -0.12760796757615864, -0.12663879571471742, -0.12568416589535919, -0.12474395638125332, -0.12381805165579, -0.12290634217552932, -0.12200872412709234, -0.12112509918632361, -0.12025537428432964, -0.11939946137147089, -0.118557277191833, -0.11772874304996686, -0.11691378459249537, -0.11611233158391977, -0.11532431769008294, -0.11454968025794438, -0.1137883601085023, -0.11304030132055909, -0.11230545102467855, -0.11158375919857864, -0.11087517846446369, -0.11017966388593653, -0.109497172773238, -0.10882766448703123, -0.10817110024859523, -0.10752744294596052, -0.10689665695300382, -0.10627870794029623, -0.10567356270149766, -0.10508118896925772, -0.10450155524707987, -0.10393463063355662, -0.10338038466030396, -0.10283878712465969, -0.10230980792997338, -0.1017934169303196, -0.10128958377955891, -0.10079827777936429, -0.10031946773676248, -0.099853121824555, -0.0993992074450792, -0.098957691096129, -0.0985285382496219, -0.0981117132217069, -0.0977071790620793, -0.097314897436669254, -0.096934828520423, -0.09656693089503364, -0.096211161449787932, -0.095867475289742779, -0.0955358256452178, -0.095216163794228967, -0.0949084389764487, -0.094612598330513428, -0.094328586821046931, -0.09405634717765167, -0.084174642420358839]
}
