{
	"input_file":	"../../instances/J100_M50_G3_I2_L50_seed8.json",
	"method":	"MVN CDF",
	"convergence_threshold":	0.001,
	"iterations_made":	103,
	"max_iterations":	10000,
	"time_taken":	0.028779502,
	"ground_truth_matrix":	[[0.37404082947384554, 0.62595917052615457], [0.728815845450914, 0.27118415454908579], [0.9585196963066358, 0.041480303693364189]],
	"estimated_matrix":	[[0.42590890172130058, 0.57409109827869953], [0.75470336345820155, 0.24529663654179842], [0.89944907475851965, 0.10055092524148031]],
	"log_likelihood":	[-0.26176984928920238, -0.25763276139323427, -0.25359780617942562, -0.2496615346780702, -0.24582066528305041, -0.24207207393850269, -0.2384127849986937, -0.23483996270498331, -0.23135090323093951, -0.2279430272522687, -0.22461387300431865, -0.22136108978440375, -0.21818243187009578, -0.21507575281885366, -0.21203900012681851, -0.20907021021038871, -0.20616750370078119, -0.203329081019882, -0.20055321821286171, -0.19783826304204868, -0.19518263129449251, -0.19258480330659786, -0.1900433206956805, -0.18755678326432215, -0.18512384608824825, -0.18274321675888724, -0.1804136527837111, -0.17813395912274474, -0.17590298586217246, -0.17371962600999508, -0.17158281340913165, -0.169491520762584, -0.16744475775698373, -0.16544156928957793, -0.16348103377794457, -0.16156226156476894, -0.159684393399295, -0.15784659899252926, -0.15604807564863021, -0.154288046963066, -0.15256576158684354, -0.15088049204674925, -0.14923153362570762, -0.14761820330227862, -0.14603983873350476, -0.14449579729114481, -0.14298545514444763, -0.14150820638927, -0.14006346221001659, -0.13865065009069913, -0.13726921306247974, -0.135918608981928, -0.13459830984766838, -0.13330780114953031, -0.132046581247282, -0.13081416077905647, -0.12961006210004053, -0.12843381874518092, -0.12728497492065585, -0.12616308501546181, -0.12506771314229617, -0.12399843269568617, -0.12295482593594088, -0.1219364835875598, -0.12094300446531155, -0.11997399511119386, -0.11902906945448531, -0.11810784848674681, -0.1172099599543466, -0.11633503806495828, -0.11548272321144108, -0.11465266170782369, -0.11384450554200029, -0.11305791213633336, -0.11229254412881166, -0.1115480691579912, -0.11082415966607394, -0.1101204927086641, -0.10943674977799997, -0.10877261663420772, -0.1081277831482081, -0.10750194315244156, -0.10689479430043693, -0.10630603793757028, -0.10573537897487981, -0.10518252577535747, -0.10464719004543271, -0.10412908673379513, -0.10362793393737436, -0.10314345281284105, -0.10267536749386919, -0.102223405018156, -0.10178729525404095, -0.10136677083568163, -0.100961567102815, -0.10057142204813524, -0.10019607626009987, -0.099835272882461246, -0.099488757566767158, -0.099156278436363668, -0.098837586047656, -0.098532433364867958, -0.098240575720093676, -0.090597274063913463]
}
