{
	"input_file":	"../../instances/J100_M50_G3_I2_L50_seed6.json",
	"method":	"MVN CDF",
	"convergence_threshold":	0.001,
	"iterations_made":	106,
	"max_iterations":	10000,
	"time_taken":	0.0237,
	"ground_truth_matrix":	[[0.84701246603789282, 0.15298753396210726], [0.97585881292457777, 0.024141187075422219], [0.11190117762122714, 0.888098822378773]],
	"estimated_matrix":	[[0.819319417807769, 0.18068058219223124], [0.92574913775710832, 0.074250862242891652], [0.20976791354326929, 0.79023208645673071]],
	"log_likelihood":	[-0.45916535531488462, -0.45286031998736087, -0.44673523532464743, -0.44078264549432045, -0.43499550626983879, -0.42936715713826173, -0.423891295674359, -0.418561953959343, -0.41337347685777126, -0.40832050199512582, -0.40339794125963124, -0.39860096372981224, -0.39392497986428859, -0.389365626880512, -0.38491875519273033, -0.38058041584833158, -0.37634684885388281, -0.37221447233580451, -0.36817987245945621, -0.3642397940570381, -0.36039113189275174, -0.3566309225289625, -0.35295633674394167, -0.34936467245284747, -0.3458533481081989, -0.342419896529268, -0.33906195913885939, -0.33577728057704065, -0.33256370365844934, -0.32941916465867116, -0.32634168890246, -0.32332938662997668, -0.320380449125, -0.317493145094674, -0.31466581726889387, -0.31189687921544329, -0.3091848123647421, -0.30652816320751325, -0.30392554067893679, -0.30137561370190041, -0.29887710889111, -0.29642880839487984, -0.294029547880729, -0.29167821464768579, -0.28937374585868114, -0.28711512689015534, -0.28490138978749135, -0.28273161182604617, -0.28060491416559291, -0.278520460594045, -0.27647745636697368, -0.27447514711804638, -0.27251281785151354, -0.27058979200902, -0.268705430606481, -0.26685913143211926, -0.26505032831050424, -0.26327849042639256, -0.2615431216997699, -0.25984376022182576, -0.25817997772806323, -0.25655137913470982, -0.25495760210304175, -0.25339831665854412, -0.251873224840809, -0.250382060394011, -0.24892458848896046, -0.24750060547870623, -0.24610993868405617, -0.2447524461983441, -0.243428016728598, -0.24213656944620165, -0.24087805386696434, -0.23965244973574046, -0.23845976693938645, -0.23730004541866, -0.23617335509615942, -0.23507979580690033, -0.23401949723293894, -0.23299261883933881, -0.23199934980359782, -0.23103990894673693, -0.23011454464762651, -0.229223534749415, -0.22836718645271578, -0.22754583618343252, -0.22675984944782449, -0.22600962065444655, -0.22529557291237245, -0.22461815779236244, -0.22397785505819426, -0.22337517234702345, -0.22281064482119853, -0.22228483475969266, -0.22179833110376954, -0.22135174894401938, -0.2209457289562998, -0.22058093676467122, -0.2202580622432144, -0.2199778187446223, -0.21974094226138138, -0.21954819049958463, -0.219400341878477, -0.21929819444562332, -0.21924256469909714, -0.2192342863276546, -0.21927420885245147]
}
