{
	"input_file":	"../../instances/J100_M50_G3_I2_L50_seed1.json",
	"method":	"MVN CDF",
	"convergence_threshold":	0.001,
	"iterations_made":	84,
	"max_iterations":	10000,
	"time_taken":	0.007550426,
	"ground_truth_matrix":	[[0.297511488970571, 0.702488511029429], [0.00031761382895504226, 0.99968238617104477], [0.620945430067681, 0.3790545699323189]],
	"estimated_matrix":	[[0.28923642225353569, 0.71076357774646437], [0.0893773117884218, 0.91062268821157821], [0.516692106153036, 0.483307893846964]],
	"log_likelihood":	[-0.27416556818664478, -0.270459818866053, -0.266844943502504, -0.26331768180388426, -0.25987493078724, -0.2565137359392155, -0.253231282965731, -0.250024890082567, -0.24689200080847462, -0.2438301772256474, -0.24083709365913186, -0.2379105307604866, -0.23504836995095252, -0.232248588209797, -0.22950925317055368, -0.22682851851566432, -0.224204619635153, -0.2216358695436205, -0.21912065502586756, -0.21665743300403373, -0.21424472710263881, -0.21188112440983084, -0.20956527240666575, -0.20729587606876979, -0.20507169511476123, -0.2028915414025324, -0.20075427645832561, -0.19865880913159673, -0.19660409336972232, -0.19458912609889564, -0.19261294521330263, -0.19067462766024415, -0.18877328761710344, -0.1869080747513864, -0.18507817256998996, -0.183282796834257, -0.1815211940606643, -0.17979264007586293, -0.17809643864666214, -0.17643192016974693, -0.17479844041402642, -0.17319537932416454, -0.17162213987392846, -0.17007814696949339, -0.1685628464010846, -0.16707570383815915, -0.16561620386991, -0.16418384908490305, -0.16277815919281685, -0.1613986701792369, -0.16004493350381546, -0.15871651532460326, -0.15741299576301182, -0.15613396819511347, -0.15487903857972654, -0.15364782480665731, -0.15243995608669805, -0.15125507235489605, -0.15009282371049726, -0.14895286987748793, -0.14783487969267664, -0.14673853061295261, -0.14566350825087354, -0.144609505927728, -0.14357622425272987, -0.14256337071712977, -0.14157065931345272, -0.14059781017183534, -0.13964454921196759, -0.13871060782070857, -0.1377957225385304, -0.13689963476764078, -0.13602209049635566, -0.13516284003505452, -0.1343216377736498, -0.13349824194529231, -0.1326924144122765, -0.13190392045853405, -0.13113252860091559, -0.13037801040763841, -0.12964014033201854, -0.12891869555428739, -0.12821345584031127, -0.12752420340467138, -0.1151978142507116]
}
