{
	"input_file":	"../../instances/J100_M50_G3_I2_L50_seed7.json",
	"method":	"MVN CDF",
	"convergence_threshold":	0.001,
	"iterations_made":	132,
	"max_iterations":	10000,
	"time_taken":	0.020639859,
	"ground_truth_matrix":	[[0.049824327768858021, 0.950175672231142], [0.30980548916967027, 0.69019451083032979], [0.831514501677034, 0.16848549832296594]],
	"estimated_matrix":	[[0.10581124925844024, 0.89418875074155968], [0.32160769693454772, 0.67839230306545217], [0.756619279641133, 0.24338072035886715]],
	"log_likelihood":	[-0.287779513155202, -0.283720227619291, -0.27975573947289917, -0.27588259356401068, -0.2720974980602387, -0.26839731520743959, -0.264779052722883, -0.26123985575379788, -0.25777699937776072, -0.25438788159200765, -0.2510700167547289, -0.2478210294506121, -0.24463864874568908, -0.24152070280212712, -0.238465113831658, -0.23546989335486593, -0.23253313775422979, -0.22965302409305877, -0.22682780618837142, -0.22405581091071811, -0.22133543470605058, -0.2186651403180602, -0.21604345369672809, -0.21346896108913815, -0.210940306285032, -0.20845618802707547, -0.20601535755479586, -0.20361661628917058, -0.20125881364217629, -0.1989408449375597, -0.19666164945471509, -0.19442020856220718, -0.192215543955235, -0.1900467159853878, -0.18791282207132881, -0.18581299519158273, -0.18374640245227422, -0.18171224372675945, -0.17970975035781567, -0.17773818392848093, -0.17579683508340477, -0.17388502241566758, -0.17200209139304787, -0.17014741334458866, -0.16832038448597217, -0.16652042499114739, -0.16474697810369782, -0.16299950928716114, -0.16127750541090025, -0.15958047397006983, -0.15790794233909769, -0.1562594570490192, -0.15463458310799155, -0.153032903328488, -0.15145401769751765, -0.14989754275836406, -0.1483631110250519, -0.14685037040490248, -0.14535898365936023, -0.14388862786300485, -0.1424389938958559, -0.14100978594618813, -0.1396007210280408, -0.138211528518597, -0.13684194970395666, -0.135491737339625, -0.13416065522832696, -0.13284847780344727, -0.1315549897252071, -0.13027998549110473, -0.12902326905080652, -0.12778465343583487, -0.12656396039312728, -0.12536102003098348, -0.12417567047296829, -0.12300775751642153, -0.12185713430041038, -0.12072366098286397, -0.11960720441810457, -0.1185076378494731, -0.11742484059731582, -0.11635869776638608, -0.11530909994674185, -0.11427594292401394, -0.113259127399615, -0.112258558710626, -0.11127414655597354, -0.11030580473112504, -0.10935345085913516, -0.108417006139331, -0.10749639508648441, -0.10659154528799561, -0.105702387153852, -0.10482885368206669, -0.10397088021677947, -0.10312840422556728, -0.10230136506524133, -0.10148970376834285, -0.10069336281961887, -0.0999122859492122, -0.099146417921062643, -0.098395704334091963, -0.097660091423257128, -0.0969395258664571, -0.096233954597555474, -0.0955433246239265, -0.0948675828480513, -0.094206675897451367, -0.093560549955852973, -0.092929150602639343, -0.092312422655814338, -0.0917103100253088, -0.091122755562588753, -0.090549700924610163, -0.08999108644031667, -0.08944685098374297, -0.088916931850535563, -0.0884012646428905, -0.087899783159674033, -0.087412419294644, -0.086939102936567564, -0.0864797618789077, -0.086034321734165239, -0.085602705854482347, -0.085184835260749353, -0.084780628573515, -0.0843900019547016, -0.084012869051338743, -0.0836491409499213, -0.083298726132293943, -0.082961530443396, -0.082637457057572972, -0.0734843513383166]
}
