{
	"input_file":	"../../instances/J100_M50_G3_I2_L50_seed15.json",
	"method":	"MVN CDF",
	"convergence_threshold":	0.001,
	"iterations_made":	125,
	"max_iterations":	10000,
	"time_taken":	0.021254,
	"ground_truth_matrix":	[[0.905527300001945, 0.0944726999980548], [0.11077641301954382, 0.889223586980456], [0.29906126152703688, 0.70093873847296317]],
	"estimated_matrix":	[[0.857597117733682, 0.14240288226631811], [0.13799171101954957, 0.86200828898045045], [0.32076383655253166, 0.67923616344746829]],
	"log_likelihood":	[-0.34050854914723061, -0.33569900533620323, -0.33101838493243024, -0.326461535138918, -0.32202356864240522, -0.31769984703531756, -0.313485965470613, -0.3093777384624572, -0.30537118672133173, -0.30146252494791859, -0.29764815049342747, -0.29392463283370523, -0.29028870376935878, -0.286737248314, -0.28326729620491781, -0.27987601398666939, -0.27656069763468627, -0.273318765658201, -0.27014775267087654, -0.26704530337266524, -0.2640091669226225, -0.261037191671837, -0.25812732023457685, -0.25527758486435909, -0.25248610312171438, -0.24975107380896286, -0.2470707731536412, -0.24444355122452391, -0.24186782856340239, -0.23934209301732723, -0.23686489675815953, -0.23443485347948648, -0.23205063575486146, -0.22971097254584893, -0.22741464685735743, -0.22516049352175527, -0.22294739711169095, -0.22077428995861945, -0.21864015029571815, -0.21654400048610919, -0.21448490535840389, -0.21246197061670877, -0.21047434135356047, -0.20852120061694049, -0.20660176806751232, -0.20471529869196181, -0.20286108158718028, -0.20103843879605252, -0.19924672420165468, -0.197485322473651, -0.19575364805530063, -0.19405114420177988, -0.19237728205441665, -0.19073155975614936, -0.18911350159563522, -0.18752265719017189, -0.18595860069346856, -0.18442093003442794, -0.18290926617488817, -0.18142325239507584, -0.17996255359681693, -0.17852685562855916, -0.17711586461840143, -0.1757293063333373, -0.17436692554365646, -0.17302848540165541, -0.17171376682919973, -0.17042256791533744, -0.16915470332077057, -0.16791000368820788, -0.16668831505624046, -0.16548949827936044, -0.16431342845045765, -0.16315999432405617, -0.16202909773971208, -0.16092065305133707, -0.15983458654955768, -0.15877083588504431, -0.15772934949524722, -0.15671008602070244, -0.1557130137293726, -0.15473810992876144, -0.15378536038243076, -0.15285475872099269, -0.151946305853034, -0.15106000936665545, -0.15019588293785477, -0.14935394572981733, -0.14853422179228365, -0.14773673946066879, -0.14696153075385754, -0.14620863076742541, -0.1454780770692034, -0.14476990910171972, -0.14408416757361636, -0.14342089386294485, -0.1427801294182019, -0.14216191516628643, -0.14156629092373149, -0.140993294809637, -0.14044296267645445, -0.13991532753176533, -0.1394104189837666, -0.13892826269240241, -0.13846887982294875, -0.13803228652408062, -0.13761849341439761, -0.137227505076233, -0.13685931957698363, -0.13651392799931453, -0.13619131399142129, -0.13589145333445579, -0.1356143135332136, -0.13535985342353443, -0.13512802280525377, -0.13491876209430059, -0.13473200200457766, -0.13456766324454908, -0.13442565625053124, -0.13430588093650217, -0.13420822647651987, -0.134132571110412, -0.134078781981914, -0.13404671499815357, -0.13403621472535313, -0.13404711430349481]
}
