{
	"input_file":	"../../instances/J100_M50_G3_I2_L50_seed3.json",
	"method":	"MVN CDF",
	"convergence_threshold":	0.001,
	"iterations_made":	0,
	"max_iterations":	10000,
	"time_taken":	0.000466394,
	"ground_truth_matrix":	[[0.39388041818446978, 0.60611958181553], [0.32467278858124587, 0.675327211418754], [0.49647207203009674, 0.50352792796990342]],
	"estimated_matrix":	[[0.41063078399419245, 0.58936921600580761], [0.38785408289371764, 0.6121459171062823], [0.43441329031384446, 0.56558670968615554]],
	"log_likelihood":	[-0.050463103311565123]
}
