{
	"input_file":	"../../instances/J100_M50_G3_I2_L50_seed2.json",
	"method":	"MVN CDF",
	"convergence_threshold":	0.001,
	"iterations_made":	71,
	"max_iterations":	10000,
	"time_taken":	0.025608125,
	"ground_truth_matrix":	[[0.956143597579845, 0.043856402420155059], [0.582620503431051, 0.417379496568949], [0.57628561358826846, 0.42371438641173154]],
	"estimated_matrix":	[[0.89212470186834436, 0.10787529813165564], [0.63293676538059473, 0.3670632346194051], [0.63383242582456756, 0.36616757417543244]],
	"log_likelihood":	[-0.22108227028421973, -0.21900187522162712, -0.2169621018793052, -0.214962081342947, -0.21300097524031705, -0.21107797446578172, -0.20919229796841113, -0.20734319159968564, -0.20552992700849443, -0.203751800588458, -0.20200813247104465, -0.20029826555965968, -0.198621564600734, -0.19697741529780918, -0.19536522345435187, -0.19378441415479752, -0.19223443097144707, -0.19071473520222076, -0.1892248051400138, -0.1877641353646913, -0.18633223605729654, -0.18492863234724505, -0.18355286367449705, -0.18220448317791391, -0.18088305710285127, -0.17958816423108445, -0.17831939533083632, -0.17707635262513685, -0.17585864927370182, -0.17466590888534164, -0.17349776503707465, -0.172353860810589, -0.17123384835566621, -0.1701373884561537, -0.16906415011892942, -0.1680138101811553, -0.16698605292841212, -0.16598056972203545, -0.16499705865587086, -0.16403522421047023, -0.1630947769350842, -0.162175433133954, -0.16127691456676474, -0.16039894816829992, -0.15954126577316066, -0.15870360385880919, -0.15788570329418972, -0.15708730910689314, -0.1563081702598578, -0.15554803943303736, -0.1548066728269018, -0.15408382996764713, -0.153379273526986, -0.15269276915224364, -0.152024085301691, -0.15137299309802482, -0.15073926618028366, -0.15012268057622177, -0.14952301457123218, -0.14894004859793572, -0.148373565123998, -0.14782334855365964, -0.14728918513343778, -0.14677086286841834, -0.14626817144086443, -0.14578090214221065, -0.14530884780136438, -0.14485180273282577, -0.14440956267764071, -0.14398192475699059, -0.14356868743041773, -0.1329275199110829]
}
