{
	"input_file":	"../../instances/J100_M50_G3_I2_L50_seed2.json",
	"method":	"MVN CDF",
	"convergence_threshold":	0.001,
	"iterations_made":	71,
	"max_iterations":	10000,
	"time_taken":	0.019089107,
	"ground_truth_matrix":	[[0.956143597579845, 0.043856402420155059], [0.582620503431051, 0.417379496568949], [0.57628561358826846, 0.42371438641173154]],
	"estimated_matrix":	[[0.89212470186834425, 0.10787529813165579], [0.63293676538059351, 0.36706323461940643], [0.633832425824568, 0.36616757417543178]],
	"log_likelihood":	[-0.22108227028419394, -0.21900187522208947, -0.21696210187930978, -0.214962081343458, -0.21300097524059119, -0.21107797446571971, -0.20919229796850775, -0.20734319159966066, -0.20552992700815464, -0.20375180058849712, -0.20200813247064023, -0.20029826555953645, -0.19862156460071212, -0.19697741529715426, -0.19536522345453811, -0.19378441415488351, -0.19223443097115853, -0.1907147352017371, -0.18922480513990556, -0.18776413536483588, -0.18633223605748528, -0.18492863234749735, -0.18355286367517895, -0.18220448317748392, -0.18088305710288738, -0.17958816423085955, -0.17831939533116609, -0.17707635262478061, -0.17585864927349867, -0.17466590888522326, -0.17349776503641465, -0.17235386081045193, -0.1712338483558144, -0.17013738845562612, -0.169064150118666, -0.16801381018216155, -0.16698605292851579, -0.16598056972253414, -0.16499705865533834, -0.16403522421016345, -0.16309477693544605, -0.16217543313388019, -0.16127691456648019, -0.16039894816842035, -0.15954126577344022, -0.15870360385839111, -0.1578857032942661, -0.15708730910755642, -0.15630817026006305, -0.15554803943331963, -0.15480667282658744, -0.15408382996710343, -0.15337927352732122, -0.15269276915234528, -0.15202408530213607, -0.15137299309865948, -0.15073926618062741, -0.15012268057596292, -0.1495230145710976, -0.14894004859851728, -0.14837356512413225, -0.14782334855344081, -0.14728918513332237, -0.14677086286857841, -0.14626817144153167, -0.145780902141978, -0.14530884780109507, -0.14485180273306572, -0.14440956267768981, -0.14398192475658025, -0.14356868743027829, -0.1329275199109618]
}
