{
	"input_file":	"../../instances/J100_M50_G3_I2_L50_seed1.json",
	"method":	"MVN CDF",
	"convergence_threshold":	0.001,
	"iterations_made":	84,
	"max_iterations":	10000,
	"time_taken":	0.012907742,
	"ground_truth_matrix":	[[0.297511488970571, 0.702488511029429], [0.00031761382895504226, 0.99968238617104477], [0.620945430067681, 0.3790545699323189]],
	"estimated_matrix":	[[0.28923642225353374, 0.71076357774646626], [0.089377311788421149, 0.910622688211579], [0.51669210615303818, 0.48330789384696182]],
	"log_likelihood":	[-0.27416556818662891, -0.27045981886647275, -0.26684494350308391, -0.26331768180402754, -0.25987493078696944, -0.2565137359389516, -0.25323128296598779, -0.250024890082231, -0.24689200080845408, -0.24383017722569572, -0.240837093659376, -0.23791053076079516, -0.23504836995091849, -0.23224858820977623, -0.22950925317097279, -0.22682851851575939, -0.224204619635172, -0.22163586954396777, -0.21912065502640812, -0.21665743300383766, -0.21424472710230258, -0.21188112440960657, -0.20956527240671174, -0.20729587606861669, -0.20507169511465195, -0.20289154140221635, -0.20075427645827834, -0.19865880913187614, -0.19660409336972082, -0.19458912609895687, -0.19261294521318945, -0.19067462766136881, -0.18877328761761605, -0.18690807475165061, -0.1850781725699035, -0.18328279683450435, -0.1815211940606028, -0.17979264007576812, -0.17809643864701433, -0.17643192016943585, -0.1747984404141853, -0.17319537932427992, -0.17162213987380251, -0.17007814696979656, -0.1685628464011871, -0.16707570383823359, -0.165616203869318, -0.16418384908512534, -0.1627781591925172, -0.16139867017938334, -0.16004493350341506, -0.15871651532471817, -0.15741299576291287, -0.1561339681952347, -0.1548790385795385, -0.153647824806712, -0.15243995608695093, -0.1512550723543557, -0.1500928237106062, -0.14895286987780582, -0.14783487969255119, -0.14673853061274217, -0.1456635082504911, -0.14460950592731886, -0.14357622425240976, -0.14256337071710257, -0.14157065931350246, -0.14059781017166229, -0.13964454921205974, -0.13871060782103115, -0.13779572253877462, -0.13689963476774022, -0.13602209049657255, -0.13516284003592813, -0.13432163777351577, -0.13349824194528406, -0.13269241441202179, -0.13190392045885613, -0.13113252860093633, -0.1303780104081699, -0.12964014033201221, -0.12891869555427707, -0.12821345584049787, -0.1275242034048322, -0.1151978142505084]
}
