{
	"input_file":	"../../instances/J100_M50_G3_I3_L50_seed4.json",
	"method":	"MVN CDF",
	"convergence_threshold":	0.001,
	"iterations_made":	82,
	"max_iterations":	10000,
	"time_taken":	0.131982,
	"ground_truth_matrix":	[[0.43718503692497424, 0.10152387292062479, 0.461291090154401], [0.46562077068857344, 0.4440250450179633, 0.0903541842934631], [0.92624227863670883, 0.0015473037448547695, 0.072210417618436565]],
	"estimated_matrix":	[[0.47132577851036878, 0.1231819705692838, 0.4054922509203473], [0.5164452265457673, 0.3384686994183797, 0.145086074035853], [0.86083054390152358, 0.043531995934467653, 0.095637460164008772]],
	"log_likelihood":	[-0.34693797552712285, -0.34196876313139984, -0.337113620589172, -0.33237053217454782, -0.327737556093329, -0.32321281690235121, -0.31879449865783022, -0.314480838734497, -0.31027012226746725, -0.30616067717072265, -0.30215086968815547, -0.29823910043891583, -0.29442380091667369, -0.29070343040937058, -0.28707647330429148, -0.28354143674523719, -0.28009684861469447, -0.27674125581412778, -0.2734732228011259, -0.2702913303828185, -0.267194174720437, -0.26418036652783622, -0.26124853044899382, -0.25839730459023941, -0.255625340181644, -0.25293130136819469, -0.250313865089656, -0.24777172105993586, -0.24530357180671383, -0.24290813278677731, -0.24058413253311481, -0.23833031285235251, -0.23614542904283534, -0.23402825013473719, -0.23197755914157384, -0.22999215331293663, -0.22807084438906081, -0.22621245884485316, -0.22441583812608079, -0.22267983886184745, -0.22100333306815562, -0.21938520832282837, -0.21782436791439605, -0.21631973097515128, -0.2148702325764503, -0.21347482380278715, -0.21213247179889821, -0.21084215978362025, -0.20960288704349211, -0.2084136688928544, -0.20727353661364745, -0.2061815373667423, -0.20513673408010083, -0.20413820531682189, -0.20318504511827232, -0.20227636283366629, -0.201411282924157, -0.20058894475695394, -0.19980850238301368, -0.19906912430196488, -0.19836999321348175, -0.19771030576376011, -0.19708927227933534, -0.19650611649590913, -0.19596007528405246, -0.19545039836914274, -0.19497634804889352, -0.19453719891096652, -0.19413223754887093, -0.19376076228362268, -0.19342208288222806, -0.193115520280631, -0.19284040631560512, -0.19259608345340212, -0.19238190453195594, -0.19219723250249654, -0.19204144018414188, -0.19191391002004365, -0.1918140338441652, -0.19174121265595792, -0.19169485640345654, -0.19167438377183527, -0.1916792219834173]
}
