{
	"input_file":	"../../instances/J100_M50_G3_I3_L50_seed13.json",
	"method":	"MVN CDF",
	"convergence_threshold":	0.001,
	"iterations_made":	67,
	"max_iterations":	10000,
	"time_taken":	0.208097383,
	"ground_truth_matrix":	[[0.42795213106645874, 0.0771833377876456, 0.49486453114589557], [0.44539345432817962, 0.47485814852501324, 0.0797483971468072], [0.27148763699248735, 0.431879006667955, 0.29663335633955767]],
	"estimated_matrix":	[[0.41966728312323187, 0.167705072173704, 0.41262764470306418], [0.39811996195941751, 0.41670121892593109, 0.18517881911465148], [0.32479439862710124, 0.39661605582959031, 0.2785895455433085]],
	"log_likelihood":	[-0.15278613060315627, -0.15173398843407307, -0.15069619416235039, -0.14967247491661467, -0.1486625679639991, -0.14766622029556042, -0.14668318823116389, -0.14571323704479527, -0.14475614059531638, -0.14381168097840583, -0.14287964818662877, -0.14195983978867285, -0.14105206061106543, -0.14015612244297437, -0.13927184374073207, -0.13839904935203823, -0.13753757024333757, -0.13668724324250719, -0.13584791078640568, -0.13501942067922176, -0.13420162586144965, -0.13339438418177743, -0.1325975581822893, -0.131811014887309, -0.13103462560444321, -0.13026826572516276, -0.1295118145411793, -0.128765155060592, -0.12802817383131551, -0.12730076077731561, -0.12658280903082941, -0.12587421477784932, -0.12517487710724048, -0.12448469786274954, -0.12380358150550452, -0.12313143497541931, -0.12246816756593353, -0.12181369079294936, -0.12116791827838194, -0.12053076563394383, -0.11990215034800014, -0.11928199168074435, -0.11867021056053494, -0.11806672948562254, -0.1174714724313452, -0.11688436475780734, -0.11630533312434155, -0.11573430540770918, -0.11517121062251703, -0.11461597884569595, -0.11406854114570837, -0.11352882951321236, -0.11299677679602868, -0.11247231663860364, -0.11195538342287358, -0.11144591221076476, -0.1109438386948471, -0.11044909914731114, -0.10996163037118865, -0.1094813696597817, -0.10900825475248151, -0.1085422237970628, -0.10808321531327111, -0.10763116815859637, -0.10718602149680473, -0.10674771476777355, -0.10631618766256679, -0.096823215738473759]
}
