{
	"input_file":	"../../instances/J100_M50_G3_I3_L50_seed15.json",
	"method":	"MVN CDF",
	"convergence_threshold":	0.001,
	"iterations_made":	100,
	"max_iterations":	10000,
	"time_taken":	0.256015071,
	"ground_truth_matrix":	[[0.88190002979169, 0.0920076920293921, 0.026092278178917974], [0.294060845578166, 0.21111905408272336, 0.49482010033911067], [0.4312585359125406, 0.42880315095830712, 0.13993831312915236]],
	"estimated_matrix":	[[0.80753169654687551, 0.12336035247858743, 0.0691079509745371], [0.35328883289836482, 0.20312618371778748, 0.44358498338384778], [0.46490983117378232, 0.38156143885258265, 0.153528729973635]],
	"log_likelihood":	[-0.28534354762869762, -0.281703221962453, -0.278138653715063, -0.27464791191676968, -0.27122913559328643, -0.26788053021389274, -0.26460036436862444, -0.26138696666990735, -0.25823872285481586, -0.25515407306999049, -0.252131509335638, -0.249169573162245, -0.24626685331502357, -0.24342198372022431, -0.24063364148922783, -0.23790054506493205, -0.235221452476729, -0.23259515968879, -0.23002049905370639, -0.22749633783891257, -0.22502157684442572, -0.22259514908971056, -0.22021601857147435, -0.21788317908457119, -0.21559565310910062, -0.21335249074498536, -0.2111527687034658, -0.20899558935131377, -0.20688007979200709, -0.20480539099756626, -0.20277069697496328, -0.20077519397286875, -0.19881809972375084, -0.19689865271518275, -0.19501611149617087, -0.19316975401054054, -0.19135887695572473, -0.18958279517259624, -0.18784084105181337, -0.18613236397095353, -0.18445672974624222, -0.18281332010828052, -0.18120153219771734, -0.17962077807549, -0.17807048425374089, -0.17655009124194407, -0.17505905310789985, -0.17359683705511619, -0.17216292301166458, -0.17075680323792339, -0.1693779819378238, -0.16802597489476714, -0.16670030910924705, -0.16540052245100442, -0.16412616332383451, -0.16287679034059646, -0.1616519720040743, -0.16045128640531553, -0.15927432092224891, -0.15812067193379387, -0.15698994454409165, -0.15588175230768522, -0.15479571696877412, -0.15373146820801742, -0.15268864339552635, -0.15166688735216666, -0.15066585211873335, -0.149685196729156, -0.14872458699808036, -0.1477836953028541, -0.14686220038853184, -0.14595978716269678, -0.14507614650815748, -0.14421097509688818, -0.14336397521083827, -0.14253485456928375, -0.14172332616048283, -0.140929108078889, -0.14015192337219984, -0.13939149988577279, -0.13864757011929491, -0.13791987108463744, -0.1372081441718167, -0.13651213501518961, -0.13583159336928294, -0.13516627298623815, -0.13451593149821059, -0.1338803303051477, -0.13325923446596019, -0.132652412594425, -0.13205963675907936, -0.13148068238562308, -0.13091532816725257, -0.13036335597232104, -0.12982455076181, -0.12929870050800546, -0.12878559611431337, -0.12828503134356528, -0.12779680274362357, -0.12732070958227518, -0.11657042826361522]
}
