{
	"input_file":	"../../instances/J100_M50_G3_I3_L50_seed16.json",
	"method":	"MVN CDF",
	"convergence_threshold":	0.001,
	"iterations_made":	100,
	"max_iterations":	10000,
	"time_taken":	0.204303,
	"ground_truth_matrix":	[[0.14090457732224396, 0.41296232609275713, 0.44613309658499889], [0.062522697791787138, 0.599349633264765, 0.3381276689434477], [0.82257953957974517, 0.12602514504674908, 0.0513953153735057]],
	"estimated_matrix":	[[0.17790981950297885, 0.39190099863656391, 0.43018918186045729], [0.096024989299099348, 0.580382353900734, 0.32359265680016652], [0.75394140672594234, 0.15773624673467088, 0.0883223465393867]],
	"log_likelihood":	[-0.45060320342152388, -0.44404066054799068, -0.43766699303464179, -0.43147413359464337, -0.42545448911157729, -0.419600906814122, -0.4139066433558109, -0.40836533651030632, -0.40297097922142872, -0.39771789579517963, -0.39260072001532226, -0.38761437501470813, -0.38275405473468838, -0.37801520683158046, -0.37339351689411288, -0.36888489386745532, -0.36448545656250891, -0.360191521173076, -0.35599958970478135, -0.35190633923734538, -0.34790861196427364, -0.34400340592562312, -0.34018786640040144, -0.33645927788551538, -0.33281505662714961, -0.32925274365483, -0.32576999828583086, -0.32236459205333146, -0.319034403038894, -0.31577741056301839, -0.31259169022814987, -0.3094754092632766, -0.30642682216629541, -0.30344426662068813, -0.30052615965127555, -0.29767099402377123, -0.29487733485487877, -0.2921438164222554, -0.2894691391619798, -0.28685206684139625, -0.28429142388705431, -0.28178609286689627, -0.27933501210944639, -0.27693717345427526, -0.27459162011696858, -0.272297444669891, -0.27005378712758643, -0.26785983312212258, -0.265714812174201, -0.26361799604069314, -0.261568697142583, -0.259566267059049, -0.25761009509213123, -0.25569960688551485, -0.253834263100368, -0.25201355814269977, -0.25023701893519867, -0.24850420373046408, -0.24681470096240724, -0.24516812813419328, -0.24356413073391991, -0.24200238117723183, -0.24048257777953283, -0.23900444374132285, -0.23756772616079627, -0.23617219505510692, -0.23481764239878825, -0.23350388117183693, -0.23223074441850936, -0.23099808430821428, -0.22980577120634432, -0.22865369274387509, -0.22754175288883077, -0.2264698710231127, -0.22543798100591508, -0.22444603024264467, -0.2234939787501396, -0.22258179820875226, -0.22170947101706939, -0.220876989333449, -0.22008435411275967, -0.21933157413271417, -0.21861866501681362, -0.21794564824207019, -0.21731255014150888, -0.21671940090164737, -0.21616623354335759, -0.21565308290638846, -0.2151799846127104, -0.21474697404039206, -0.21435408527539049, -0.21400135007344639, -0.2136887968084055, -0.21341644942625179, -0.21318432639389409, -0.2129924396546149, -0.21284079358102931, -0.21272938394304969, -0.21265819687118465, -0.21262720784155839, -0.21263638066575558]
}
