{
	"input_file":	"../../instances/J100_M50_G3_I3_L50_seed1.json",
	"method":	"MVN CDF",
	"convergence_threshold":	0.001,
	"iterations_made":	70,
	"max_iterations":	10000,
	"time_taken":	0.171729343,
	"ground_truth_matrix":	[[0.29749272785290543, 0.70244421200198748, 6.3060145107194e-05], [0.58481013050579844, 0.25781025207282132, 0.15737961742138015], [0.181511853553677, 0.373368719881009, 0.445119426565314]],
	"estimated_matrix":	[[0.30643248238751292, 0.58859704362109566, 0.10497047399139139], [0.51489543809084548, 0.32082002573454033, 0.16428453617461419], [0.23466678754257989, 0.42350478956030957, 0.34182842289711063]],
	"log_likelihood":	[-0.182997367228446, -0.1807111247331174, -0.17847779030723712, -0.17629591623684115, -0.17416410974814628, -0.17208103025438043, -0.17004538676835482, -0.16805593546489148, -0.16611147739444762, -0.16421085631845173, -0.162352956681305, -0.16053670168818945, -0.15876105149756325, -0.15702500151176529, -0.155327580765365, -0.15366785040018083, -0.15204490222459469, -0.15045785734903488, -0.14890586489804783, -0.14738810078899339, -0.14590376657522336, -0.14445208834838222, -0.14303231570264316, -0.1416437207461668, -0.14028559717049427, -0.1389572593572746, -0.13765804154057174, -0.13638729700422436, -0.13514439732153008, -0.13392873163233918, -0.1327397059550052, -0.1315767425315624, -0.13043927920729886, -0.12932676883439836, -0.128238678711493, -0.12717449004229311, -0.12613369742517805, -0.12511580836336614, -0.12412034279959275, -0.12314683267232723, -0.12219482149056723, -0.12126386392816245, -0.12035352544018152, -0.11946338189107227, -0.11859301920429864, -0.1177420330208158, -0.11691002838352449, -0.11609661942481461, -0.11530142907110386, -0.11452408876568129, -0.11376423819391979, -0.11302152502712827, -0.11229560467615918, -0.11158614005328664, -0.11089280134479092, -0.1102152657952801, -0.10955321749883182, -0.10890634719579249, -0.10827435208725009, -0.10765693564542891, -0.10705380743989372, -0.10646468296764086, -0.10588928348968236, -0.10532733587678496, -0.10477857245582493, -0.10424273086839, -0.10371955393196791, -0.10320878950425519, -0.10271019035783778, -0.10222351405210967, -0.0917747757732939]
}
