{
	"input_file":	"../../instances/J100_M50_G3_I3_L50_seed3.json",
	"method":	"MVN CDF",
	"convergence_threshold":	0.001,
	"iterations_made":	35,
	"max_iterations":	10000,
	"time_taken":	0.113163769,
	"ground_truth_matrix":	[[0.33688219083814136, 0.518408337162583, 0.1447094719992755], [0.13709494665374614, 0.42840825980005576, 0.43449679354619813], [0.32007545057654463, 0.55390092484015363, 0.12602362458330174]],
	"estimated_matrix":	[[0.28123716696284545, 0.519131123784997, 0.19963170925215742], [0.19931565346568539, 0.47070291766860572, 0.32998142886570886], [0.300384709194937, 0.51298640086140657, 0.18662888994365653]],
	"log_likelihood":	[-0.14772273106547684, -0.14673344192610346, -0.14576304051615871, -0.14481126973785127, -0.143877872889354, -0.14296259369048442, -0.1420651763284641, -0.14118536551609331, -0.1403229065637252, -0.13947754545599261, -0.13864902894015876, -0.13783710461682752, -0.13704152103150519, -0.13626202777111079, -0.13549837556239205, -0.13475031636502133, -0.13401760346661823, -0.13329999157840763, -0.13259723692407949, -0.13190909732527, -0.13123533229060344, -0.13057570309409228, -0.12992997285192734, -0.12929790659982968, -0.1286792713566548, -0.12807383619742443, -0.1274813723091261, -0.126901653051036, -0.12633445400934484, -0.12577955304439753, -0.12523673033880106, -0.12470576843971524, -0.12418645229582567, -0.12367856929298045, -0.1231819092885013, -0.1151611469635609]
}
