{
	"input_file":	"../../instances/J100_M50_G3_I3_L50_seed11.json",
	"method":	"MVN CDF",
	"convergence_threshold":	0.001,
	"iterations_made":	90,
	"max_iterations":	10000,
	"time_taken":	0.267086,
	"ground_truth_matrix":	[[0.23647057945119962, 0.02339651959646144, 0.740132900952339], [0.516247965232227, 0.218010359126032, 0.265741675641741], [0.0036490791266723327, 0.1895586707975162, 0.80679225007581146]],
	"estimated_matrix":	[[0.19079322570041773, 0.0345079152243881, 0.7746988590751942], [0.46971242356593146, 0.21997090993366539, 0.31031666650040313], [0.050628104560194738, 0.1799224183064061, 0.769449477133399]],
	"log_likelihood":	[-0.73859567832227646, -0.72743715184879076, -0.71659491762329253, -0.70606025517866522, -0.6958248802724788, -0.68588090784638145, -0.676220817803881, -0.6668374234082276, -0.65772384215024948, -0.648873468931194, -0.640279951429919, -0.631937167542828, -0.62383920476702281, -0.61598034143742, -0.608355029704997, -0.60095788016117746, -0.593783648008451, -0.586827220697909, -0.580083606912065, -0.57354792683644717, -0.56721540360662459, -0.561081355847122, -0.55514119122487238, -0.54939040092185543, -0.54382455495089421, -0.53843929823452563, -0.53323034736584163, -0.52819348798225074, -0.5233245726818444, -0.5186195194144243, -0.514074310276198, -0.50968499066784956, -0.505447668742065, -0.50135851510260254, -0.49741376269851928, -0.49360970688069461, -0.489942705575016, -0.48640917954123453, -0.48300561268256509, -0.47972855239010231, -0.4765746098809901, -0.473540460528138, -0.4706228441530535, -0.46781856527167448, -0.46512449328074312, -0.462537562577287, -0.46005477260132721, -0.457673187802987, -0.45538993752145063, -0.45320221578225578, -0.451107281012219, -0.449102455667942, -0.44718512578193531, -0.44535274043703638, -0.44360281115550632, -0.441932911227342, -0.44034067496678059, -0.43882379690795142, -0.43738003094377526, -0.43600718941704375, -0.43470314216297151, -0.43346581550827284, -0.43229319124267973, -0.43118330554933071, -0.430134247921493, -0.42914416004702544, -0.42821123468469691, -0.427333714524214, -0.426509891039219, -0.42573810333545914, -0.42501673699898113, -0.42434422294678431, -0.42371903627927165, -0.42313969514542477, -0.42260475961605981, -0.422112830567702, -0.42166254858525265, -0.42125259287739164, -0.42088168021111877, -0.42054856386385892, -0.42025203259952687, -0.419990909660562, -0.41976405178577014, -0.41957034824756773, -0.41940871991715839, -0.41927811834535117, -0.41917752487554, -0.41910594977342441, -0.41906243138296728, -0.41904603530696649, -0.419055853610405]
}
