{
	"input_file":	"../../instances/J100_M50_G3_I3_L50_seed10.json",
	"method":	"MVN CDF",
	"convergence_threshold":	0.001,
	"iterations_made":	136,
	"max_iterations":	10000,
	"time_taken":	0.20198300000000005,
	"ground_truth_matrix":	[[0.590040182963056, 0.00838622005696103, 0.401573596979983], [0.59386635266519261, 0.296677408979759, 0.10945623835504842], [0.12026555402602122, 0.77879320819781883, 0.1009412377761599]],
	"estimated_matrix":	[[0.53939481134764222, 0.0741651026692227, 0.386440085983135], [0.61744464767914, 0.26342355732157735, 0.1191317949992827], [0.15222996284156928, 0.72137076499669173, 0.12639927216173891]],
	"log_likelihood":	[-0.26987067190411129, -0.26722893111229984, -0.2646473622980744, -0.26212405983471715, -0.25965719743947124, -0.257245024243666, -0.2548858610835566, -0.2525780970131794, -0.25032018601508549, -0.24811064389464, -0.24594804535873813, -0.24383102124727371, -0.24175825592808536, -0.23972848482645462, -0.237740492094258, -0.23579310840265164, -0.233885208857487, -0.23201571101825058, -0.23018357302517367, -0.2283877918285234, -0.226627401499641, -0.22490147163882218, -0.22320910585753184, -0.22154944034332166, -0.21992164249025309, -0.21832490960395232, -0.21675846766655829, -0.21522157016585783, -0.21371349697728045, -0.21223355330607871, -0.21078106867499982, -0.20935539596200212, -0.20795591048925438, -0.20658200914405578, -0.20523310955349722, -0.20390864928914712, -0.20260808511144962, -0.20133089225247408, -0.20007656372494809, -0.19884460966936129, -0.19763455672701707, -0.19644594744309612, -0.19527833969719066, -0.19413130615927629, -0.19300443376704771, -0.1918973232334901, -0.19080958856996186, -0.18974085663164314, -0.18869076668764026, -0.18765897000359569, -0.18664512944911474, -0.18564891911516679, -0.18467002395627544, -0.18370813944209363, -0.18276297122518648, -0.18183423482793523, -0.18092165533663521, -0.18002496711106022, -0.17914391350967115, -0.17827824662110822, -0.17742772701017079, -0.17659212347655595, -0.17577121281695457, -0.17496477960584492, -0.17417261597637751, -0.17339452141874617, -0.17263030258046583, -0.17187977307711957, -0.17114275331018305, -0.17041907029446049, -0.16970855748567307, -0.16901105462220967, -0.16832640756844577, -0.16765446816368867, -0.16699509407765248, -0.16634814867128295, -0.16571350086029785, -0.165091024986567, -0.16448060068752771, -0.16388211277676792, -0.16329545112133637, -0.162720510527887, -0.16215719062665887, -0.1616053957623339, -0.16106503488556126, -0.16053602144385912, -0.16001827328067847, -0.159511712529815, -0.15901626551503714, -0.1585318626512893, -0.15805843834392994, -0.15759593088956958, -0.15714428238049338, -0.15670343860750358, -0.15627334896135353, -0.15585396633668647, -0.15544524703601217, -0.15504715067163755, -0.15465964006863858, -0.154282681167708, -0.1539162429265668, -0.15356029721994707, -0.15321481874041548, -0.15287978489825732, -0.152555175719578, -0.15224097374260137, -0.15193716391474235, -0.15164373348783283, -0.15136067191234612, -0.15108797072745345, -0.15082562345670383, -0.15057362549482251, -0.15033197399770259, -0.15010066777149994, -0.14987970715637547, -0.14966909391445546, -0.14946883111390233, -0.14927892300944043, -0.14909937492811379, -0.14893019314849915, -0.14877138478158625, -0.14862295764880268, -0.14848492016614523, -0.1483572812160241, -0.14824005002935081, -0.14813323606279746, -0.14803684887627291, -0.14795089800853861, -0.14787539285819651, -0.147810342558686, -0.14775575585849182, -0.14771164100066531, -0.14767800559814651, -0.14765485652080959, -0.14764219977267332, -0.14764004037714645, -0.147648382259403]
}
