{
	"input_file":	"../../instances/J100_M50_G3_I4_L50_seed7.json",
	"method":	"MVN CDF",
	"convergence_threshold":	0.001,
	"iterations_made":	101,
	"max_iterations":	10000,
	"time_taken":	0.36325800000000014,
	"ground_truth_matrix":	[[0.022970939991479138, 0.43806769354602731, 0.16697318978046674, 0.37198817668202688], [0.712028237377669, 0.14427461235209513, 0.12974505029533678, 0.0139520999748993], [0.0828928445429555, 0.18375599268884832, 0.30153350005390939, 0.43181766271428679]],
	"estimated_matrix":	[[0.0666381881485673, 0.429129939289496, 0.15710291001047827, 0.34712896255145853], [0.652313610765186, 0.14499130256759982, 0.12097290444972317, 0.0817221822174909], [0.086619512224773668, 0.22458939603270678, 0.298553547823042, 0.39023754391947757]],
	"log_likelihood":	[-0.644886217277079, -0.63465957092775, -0.624744751307287, -0.615126932640991, -0.6057922840156168, -0.59672788877724547, -0.5879216718364273, -0.57936233397091541, -0.57103929234236117, -0.56294262653098637, -0.55506302949174524, -0.54739176290030755, -0.53992061642838163, -0.53264187053482426, -0.52554826241882757, -0.51863295480918448, -0.51188950731946026, -0.505311850101891, -0.49889425959562678, -0.49263133616053, -0.48651798342341046, -0.48054938917743689, -0.474721007697846, -0.46902854334625765, -0.46346793534475977, -0.45803534362582665, -0.452727135664722, -0.44753987420492469, -0.4424703058146483, -0.43751535019219728, -0.432672090176722, -0.4279377623879615, -0.42330974846518782, -0.418785566849388, -0.41436286506588038, -0.41003941247444575, -0.40581309345328775, -0.40168190098012113, -0.39764393058367109, -0.39369737464409338, -0.38984051701071948, -0.38607172792067873, -0.38238945919299588, -0.378792239689443, -0.37527867100561818, -0.371847423402253, -0.36849723193510081, -0.3652268927968752, -0.36203525982933249, -0.35892124122304037, -0.355883796370104, -0.35292193287544971, -0.35003470370862361, -0.34722120449106175, -0.34448057091079659, -0.34181197625436655, -0.33921462905272665, -0.336687770828332, -0.33423067394738021, -0.3318426395591641, -0.32952299562790272, -0.32727109504428464, -0.32508631381859954, -0.32296804934112455, -0.320915718723504, -0.31892875719425973, -0.317006616562605, -0.31514876374406892, -0.313354679335979, -0.31162385624997668, -0.30995579839743526, -0.30835001942062412, -0.3068060414678998, -0.30532339402130432, -0.30390161276005573, -0.30254023846588324, -0.30123881597389873, -0.29999689315437233, -0.29881401993843865, -0.2976897473761233, -0.29662362673159731, -0.29561520861693619, -0.2946640421523456, -0.293769674169744, -0.2929316484431076, -0.29214950495569053, -0.29142277920196225, -0.29075100151756067, -0.290133696448196, -0.289570382148228, -0.28906056981459538, -0.28860376315329039, -0.28819945787998957, -0.28784714125391336, -0.287546291646961, -0.28729637814622372, -0.28709686019155434, -0.2869471872479798, -0.28684679851284345, -0.28679512265703466, -0.286791577604317, -0.28683557034437945]
}
