{
	"input_file":	"../../instances/J100_M50_G3_I4_L50_seed18.json",
	"method":	"MVN CDF",
	"convergence_threshold":	0.001,
	"iterations_made":	74,
	"max_iterations":	10000,
	"time_taken":	0.23621913199999994,
	"ground_truth_matrix":	[[0.25856144603859232, 0.17324016215639787, 0.5188187471563106, 0.049379644648699164], [0.21703835825592904, 0.15741561912449081, 0.12450764575610422, 0.501038376863476], [0.092386911183075723, 0.00893155724049351, 0.31410714573850357, 0.584574385837927]],
	"estimated_matrix":	[[0.23472145764784169, 0.17947615597541691, 0.41477504928178016, 0.17102733709496126], [0.23841701647485969, 0.12266802709766111, 0.19852087587720837, 0.44039408055027079], [0.092876266110672262, 0.020369760856945539, 0.33950463541810089, 0.54724933761428129]],
	"log_likelihood":	[-0.74343996954075431, -0.73444561061488867, -0.72553028774142181, -0.71670984698548168, -0.70799919760997154, -0.69941225021900666, -0.69096187432402445, -0.6826598722794, -0.67451696699969854, -0.66654280130143229, -0.65874594704892631, -0.65113392259035074, -0.64371321721159325, -0.63648932152783744, -0.62946676288271353, -0.622649144934505, -0.616039190703284, -0.609638788415831, -0.60344903953224838, -0.59747030838812254, -0.59170227290640831, -0.58614397589357536, -0.58079387643253866, -0.57564990094403967, -0.570709493525415, -0.565969665189079, -0.56142704169440782, -0.55707790968533832, -0.55291826090051, -0.54894383426051463, -0.54515015567519276, -0.541532575469085, -0.53808630333164031, -0.53480644077042361, -0.5316880110489185, -0.52872598662684844, -0.525915314160256, -0.523250937110875, -0.520727816065309, -0.5183409468529584, -0.51608537657484543, -0.51395621766134825, -0.51194866008391826, -0.51005798184556639, -0.508279557874015, -0.506608867454534, -0.505041500309811, -0.5035731614672, -0.50219967501103357, -0.500916986842359, -0.4997211665446441, -0.49860840845829557, -0.49757503204953013, -0.49661748166560055, -0.49573232575094933, -0.49491625559622027, -0.49416608369169845, -0.4934787417355404, -0.49285127836229053, -0.492280856631609, -0.4917647513263157, -0.49130034609783257, -0.49088513049275073, -0.49051669689369465, -0.49019273739745939, -0.489911040662383, -0.48966948873206922, -0.489466053870936, -0.48929879541034621, -0.48916585663015738, -0.48906546168094861, -0.48899591255725916, -0.48895558613235252, -0.48894293125519012, -0.47676842565951072]
}
