{
	"input_file":	"../../instances/J100_M50_G3_I4_L50_seed13.json",
	"method":	"MVN CDF",
	"convergence_threshold":	0.001,
	"iterations_made":	73,
	"max_iterations":	10000,
	"time_taken":	0.22568000000000005,
	"ground_truth_matrix":	[[0.218317657192871, 0.0393746969740127, 0.25245268623476663, 0.48985495959834957], [0.542201209301642, 0.091058092837147178, 0.14155571116247334, 0.22518498669873749], [0.380550442114957, 0.4747687767594026, 0.013226562056458096, 0.13145421906918225]],
	"estimated_matrix":	[[0.26959943410658266, 0.065995969055328563, 0.2176518718655136, 0.44675272497257523], [0.5000449758432095, 0.13251952544435427, 0.13197945559398536, 0.23545604311845095], [0.37760942134928216, 0.39897061656579613, 0.030502292694436647, 0.192917669390485]],
	"log_likelihood":	[-0.661491367919516, -0.65229888672224468, -0.64339833300975469, -0.6347768886603472, -0.62642278631798731, -0.61832520965206017, -0.61047420366346672, -0.60286059385027557, -0.59547591319917259, -0.588312336114634, -0.5813626185251537, -0.57462004348989, -0.56807837173654574, -0.56173179661475536, -0.555574903034275, -0.549602629990039, -0.54381023634491543, -0.53819326956506119, -0.53274753714861178, -0.52746908050815478, -0.5223541511087757, -0.517399188671761, -0.51260080127732754, -0.50795574722479364, -0.50346091851270935, -0.49911332581569534, -0.49491008485652443, -0.49084840406384, -0.48692557343232346, -0.48313895449192834, -0.479485971313912, -0.47596410247831045, -0.4725708739345808, -0.46930385269092673, -0.46616064127299944, -0.46313887289337863, -0.460236207279534, -0.45745032710954026, -0.45477893500529731, -0.45221975103533679, -0.449770510690528, -0.44742896328271992, -0.44519287073262526, -0.44306000670396239, -0.44102815605337853, -0.43909511456097355, -0.437258688906066, -0.43551669686077688, -0.43386696767596444, -0.432307342627142, -0.43083567569973941, -0.42944983438799122, -0.42814770058947538, -0.426927171573185, -0.4257861610016544, -0.42472259999394663, -0.423734438211642, -0.4228196449568592, -0.42197621026510856, -0.42120214598916911, -0.42049548685981353, -0.4198542915109586, -0.41927664347407961, -0.41876065212140851, -0.41830445356223644, -0.417906211487808, -0.41756411795112192, -0.41727639409348022, -0.4170412908061002, -0.41685708932823079, -0.41672210177898633, -0.41663467162851886, -0.41659317410179214, -0.41659601652223571]
}
