{
	"input_file":	"../../instances/J100_M50_G3_I4_L50_seed3.json",
	"method":	"MVN CDF",
	"convergence_threshold":	0.001,
	"iterations_made":	1,
	"max_iterations":	10000,
	"time_taken":	0.007046,
	"ground_truth_matrix":	[[0.25894112400042968, 0.39846937940559979, 0.11122948719780965, 0.23136000939616086], [0.4590928673412436, 0.46561749041159473, 0.027573246650422822, 0.047716395596738945], [0.041449596854558513, 0.45597510070313158, 0.023793686172073253, 0.47878161627023669]],
	"estimated_matrix":	[[0.24734595926505851, 0.4410964952429845, 0.0770841279693921, 0.23447341752256495], [0.30375865775973132, 0.447199488423189, 0.045368660829227726, 0.20367319298785191], [0.18957716085646761, 0.46125781847660624, 0.0400650907548125, 0.30909992991211366]],
	"log_likelihood":	[-1.717962281087579, -1.7253186627895218]
}
