{
	"input_file":	"../../instances/J100_M50_G3_I4_L50_seed5.json",
	"method":	"MVN CDF",
	"convergence_threshold":	0.001,
	"iterations_made":	61,
	"max_iterations":	10000,
	"time_taken":	0.287818,
	"ground_truth_matrix":	[[0.04983539454067374, 0.40616979444752377, 0.04597554104672593, 0.49801926996507662], [0.17642180632607257, 0.24903375337454553, 0.38221213978536139, 0.19233230051402056], [0.17736032732383658, 0.10472522126556412, 0.042405367741133453, 0.675509083669466]],
	"estimated_matrix":	[[0.0566377600604117, 0.35582257170536663, 0.057502235069334134, 0.53003743316488749], [0.16407536514478815, 0.22488909161764, 0.31914944144666263, 0.29188610179090918], [0.16356946360491234, 0.15732855088668765, 0.050547781925917731, 0.62855420358248237]],
	"log_likelihood":	[-0.88752352194070772, -0.87356883525115336, -0.86000475052050862, -0.846825063335883, -0.83402418751018281, -0.82159701360442139, -0.80953878861786766, -0.79784501402978059, -0.78651135978243647, -0.775533592112309, -0.76490751343414953, -0.75462891272574062, -0.744693525084505, -0.73509699931335448, -0.72583487253916834, -0.71690255100473432, -0.708295296281552, -0.70000821624523968, -0.69203626021411146, -0.6843742177351515, -0.67701672053824347, -0.66995824722102337, -0.66319313027973947, -0.656715565112612, -0.650519620666467, -0.6445992514190283, -0.63894831040555, -0.63356056303403263, -0.628429701446223, -0.623549359206698, -0.61891312611682125, -0.61451456298764151, -0.610347216199749, -0.60640463192165628, -0.60268036986458262, -0.59916801647338247, -0.595861197466945, -0.59275358966288438, -0.58983893203811633, -0.58711103597811531, -0.58456379470277775, -0.58219119184012058, -0.57998730916758356, -0.57794633350428171, -0.57606256278495371, -0.574330411335213, -0.57274441437305534, -0.57129923177118935, -0.569989651115711, -0.56881059010415636, -0.56775709831986654, -0.56682435842910228, -0.566007686838697, -0.56530253386647145, -0.56470448345913749, -0.56420925250094167, -0.56381268976098764, -0.56351077450629983, -0.563299614827945, -0.563175445713161, -0.563134626891581, -0.56317364049734941]
}
