{
	"input_file":	"../../instances/J100_M50_G3_I4_L50_seed15.json",
	"method":	"MVN CDF",
	"convergence_threshold":	0.001,
	"iterations_made":	91,
	"max_iterations":	10000,
	"time_taken":	0.342365,
	"ground_truth_matrix":	[[0.729175806164576, 0.076074136231428655, 0.021573712816720172, 0.17317634478727548], [0.178428232666503, 0.41819946747570369, 0.20226194250932708, 0.2011103573484663], [0.03692154969556357, 0.0895982588773646, 0.77790639491020774, 0.0955737965168639]],
	"estimated_matrix":	[[0.6266388301216782, 0.11288082455977182, 0.0990752823878851, 0.16140506293066487], [0.201426369501966, 0.3951382876543017, 0.21343079419563593, 0.19000454864809638], [0.0855678080346694, 0.0853230817581147, 0.68995116434152837, 0.13915794586568769]],
	"log_likelihood":	[-0.708664228952961, -0.6954036923172946, -0.68260501412762831, -0.67024755891281318, -0.658311982131862, -0.64678012960239128, -0.63563494610932725, -0.62486039224236523, -0.61444136861792631, -0.604363646735601, -0.59461380581225853, -0.585179175000031, -0.57604778047094418, -0.56720829689254648, -0.558650002888638, -0.55036274010691033, -0.54233687555546262, -0.53456326692348477, -0.52703323060025564, -0.519738512164657, -0.51267125912131073, -0.50582399569064052, -0.49918959946830566, -0.492761279808635, -0.48653255777367843, -0.48049724752369838, -0.47464943902605566, -0.46898348198275525, -0.46349397086762456, -0.45817573099327658, -0.45302380551998245, -0.44803344333817419, -0.443200087751813, -0.43851936590272073, -0.433987078884416, -0.42959919248330014, -0.42535182851216757, -0.42124125668094647, -0.417263886978432, -0.4134162625117842, -0.40969505279092244, -0.406097047404598, -0.40261915008018, -0.39925837309040052, -0.39601183197873269, -0.39287674060172334, -0.389850406438335, -0.38693022617611045, -0.38411368154026754, -0.38139833534972456, -0.37878182779735553, -0.37626187292866115, -0.37383625531170245, -0.37150282688679281, -0.3692595039834114, -0.36710426449770872, -0.36503514521483726, -0.36305023927801033, -0.36114769378396322, -0.35932570750720083, -0.35758252874536411, -0.35591645326889565, -0.35432582238515847, -0.35280902109685219, -0.35136447636255513, -0.34999065544144, -0.34868606432626181, -0.34744924626307377, -0.34627878033945025, -0.3451732801567306, -0.34413139256555, -0.343151796472321, -0.34223320170834642, -0.34137434796187421, -0.34057400376530828, -0.33983096554117448, -0.33914405669755215, -0.33851212677666476, -0.33793405064885274, -0.337408727754829, -0.33693508138789913, -0.33651205802253, -0.33613862667094385, -0.33581377829273351, -0.33553652522273136, -0.33530590064440313, -0.33512095808746939, -0.33498077095378653, -0.33488443207510038, -0.33483105329629842, -0.33481976507230682, -0.33484971610222353]
}
