{
	"input_file":	"../../instances/J100_M50_G3_I4_L50_seed19.json",
	"method":	"MVN CDF",
	"convergence_threshold":	0.001,
	"iterations_made":	85,
	"max_iterations":	10000,
	"time_taken":	0.31593600000000016,
	"ground_truth_matrix":	[[0.052166889316142627, 0.72810163049277654, 0.144166630569279, 0.075564849621801933], [0.12400640059949905, 0.026686001932657091, 0.343301206964579, 0.506006390503265], [0.664535329822959, 0.16528278438434141, 0.039819720179869643, 0.1303621656128299]],
	"estimated_matrix":	[[0.087526371248016321, 0.64624789525566939, 0.13544834965411925, 0.13077738384219509], [0.12932762233788153, 0.0887973720003212, 0.33760102355314281, 0.44427398210865438], [0.587180518857036, 0.18832412568165061, 0.06007377692796162, 0.16442157853335165]],
	"log_likelihood":	[-0.780296722657663, -0.768678775097189, -0.75744740285071455, -0.746585054217718, -0.73607529913355862, -0.725902742957187, -0.716052948021579, -0.70651236216004176, -0.69726825348834276, -0.68830865081629533, -0.679622289144804, -0.671198559731826, -0.663027464306757, -0.65509957302736, -0.64740598583065256, -0.639938296867587, -0.63268856173295673, -0.625649267247243, -0.61881330355189645, -0.612173938323005, -0.605724792917369, -0.5994598202813658, -0.593373284476092, -0.58745974168337967, -0.58171402256788973, -0.576131215882806, -0.57070665322434933, -0.565435894835774, -0.56031471638248265, -0.555339096616524, -0.550505205868491, -0.545809395299426, -0.54124818685011433, -0.53681826384364917, -0.53251646218906679, -0.52833976213597045, -0.524285280548048, -0.52035026365349357, -0.51653208023616659, -0.51282821523978, -0.509236263750415, -0.505753925338294, -0.50237899872335956, -0.499109376751426, -0.495943041653621, -0.49287806056904926, -0.48991258131827586, -0.48704482840417251, -0.48427309922538253, -0.481595760491548, -0.479011244826048, -0.47651804753573274, -0.47411472355079665, -0.47179988450461313, -0.469572195966093, -0.46743037479431221, -0.465373186617554, -0.46339944342982353, -0.46150800128731168, -0.45969775811426439, -0.45796765158983643, -0.45631665713260045, -0.45474378596030379, -0.45324808322605226, -0.451828626228731, -0.4504845226873907, -0.44921490907696565, -0.44801894902763861, -0.44689583177562514, -0.44584477066429634, -0.44486500169922755, -0.443955782146038, -0.44311638917013779, -0.44234611852399192, -0.441644283268077, -0.44101021253100631, -0.44044325030747583, -0.43994275428767432, -0.43950809472146923, -0.439138653314469, -0.43883382215516709, -0.43859300266874135, -0.43841560460695861, -0.43830104506046369, -0.4382487475025556, -0.438258140856786]
}
