{
	"input_file":	"../../instances/J100_M50_G3_I4_L50_seed6.json",
	"method":	"MVN CDF",
	"convergence_threshold":	0.001,
	"iterations_made":	68,
	"max_iterations":	10000,
	"time_taken":	0.213267,
	"ground_truth_matrix":	[[0.507491225944653, 0.091663150517557662, 0.39116873435159927, 0.00967688918619004], [0.049198308552667672, 0.39046023301512889, 0.32594651093818944, 0.23439494749401418], [0.12416321052879148, 0.29605898381257317, 0.17519316033671811, 0.40458464532191729]],
	"estimated_matrix":	[[0.450015888435257, 0.13408839934561878, 0.30964073858247787, 0.10625497363664643], [0.0679633906451675, 0.34102342500581112, 0.34913832273338558, 0.2418748616156359], [0.134764331945886, 0.26547853013808254, 0.23371000236325767, 0.36604713555277379]],
	"log_likelihood":	[-0.524745970617267, -0.516771381955194, -0.50905529047030518, -0.50158736968861273, -0.49435802035934617, -0.48735830668183877, -0.480579898735119, -0.474015020407422, -0.467656402228293, -0.461497238560962, -0.45553114870226036, -0.44975214147824227, -0.44415458297710614, -0.43873316711086835, -0.43348288872300444, -0.42839901899748672, -0.42347708295755837, -0.41871283885505783, -0.41410225927871414, -0.40964151383481812, -0.40532695325370233, -0.40115509480909434, -0.397122608932148, -0.3932263069251723, -0.38946312968298219, -0.38583013734260768, -0.38232449978798733, -0.378943487935123, -0.37568446575379488, -0.37254488294611454, -0.36952226825239387, -0.36661422332275789, -0.3638184171198191, -0.36113258080557764, -0.35855450308239273, -0.35608202594494237, -0.35371304082273691, -0.35144548507216417, -0.34927733879996359, -0.34720662198318542, -0.34523139187354313, -0.34334974065282736, -0.3415597933244664, -0.33985970581902547, -0.33824766330275335, -0.336721878660371, -0.33528059114620956, -0.333922065185817, -0.33264458931397872, -0.33144647523698451, -0.33032605700817264, -0.32928169030423865, -0.32831175179316763, -0.32741463858598852, -0.3265887677604099, -0.32583257595100423, -0.32514451899706454, -0.32452307164570532, -0.32396672729369869, -0.32347399777603736, -0.32304341318672936, -0.32267352172725966, -0.3223628895871346, -0.322110100839139, -0.3219137573608985, -0.32177247876443582, -0.32168490234530223, -0.32164968303743613, -0.3216654933780525]
}
