{
	"input_file":	"../../instances/J100_M50_G3_I4_L50_seed20.json",
	"method":	"MVN CDF",
	"convergence_threshold":	0.001,
	"iterations_made":	71,
	"max_iterations":	10000,
	"time_taken":	0.156120493,
	"ground_truth_matrix":	[[0.12528497207799447, 0.32201948137817415, 0.31373002758429769, 0.23896551895953352], [0.015101828534048147, 0.48626910303626614, 0.19664095811027157, 0.301988110319414], [0.37325565430763752, 0.074973029032247326, 0.1106017466286246, 0.44116957003149054]],
	"estimated_matrix":	[[0.12462926772695421, 0.30965055814244569, 0.29630015794126086, 0.26942001618933925], [0.037432222643378588, 0.43218612375867488, 0.17978519426439438, 0.3505964593335521], [0.32588976702738776, 0.11971603871983086, 0.14780099692305104, 0.4065931973297302]],
	"log_likelihood":	[-0.631489891731984, -0.62293643699016943, -0.61469765554299, -0.6067613821206177, -0.59911611842289281, -0.591750981328693, -0.58465565594293822, -0.5778203529807765, -0.57123577006553983, -0.56489305653034, -0.55878378139898, -0.552899904209173, -0.54723374841737848, -0.54177797712922082, -0.5365255709271195, -0.531469807599609, -0.5266042435830165, -0.52192269696184834, -0.51741923187012129, -0.51308814416797455, -0.508923948271428, -0.50492136502686757, -0.50107531053229726, -0.49738088582122325, -0.49383336732475458, -0.49042819804236615, -0.48716097935954955, -0.4840274634474071, -0.48102354619998861, -0.47814526065536456, -0.475388770857264, -0.47275036612731874, -0.47022645569921967, -0.46781356369555077, -0.46550832441280676, -0.46330747788863536, -0.46120786573049383, -0.45920642718165172, -0.4573001954124426, -0.45548629400440849, -0.45376193363291861, -0.45212440891436328, -0.450571095416491, -0.44909944681951747, -0.44770699220908738, -0.446391333503472, -0.445150142994933, -0.44398116100646179, -0.442882193650124, -0.44185111068124644, -0.44088584344743337, -0.43998438291948178, -0.43914477780333433, -0.43836513272985755, -0.437643606510986, -0.4369784104667348, -0.43636780681596582, -0.435810107122574, -0.435303670802464, -0.43484690368573636, -0.434438256623694, -0.43407622415057767, -0.43375934318878034, -0.4334861917995631, -0.43325538797313573, -0.433065588462956, -0.4329154876553144, -0.43280381647752231, -0.43272934133995589, -0.4326908631147483, -0.43268721614128325, -0.41342571820532142]
}
