{
	"input_file":	"../../instances/J100_M50_G3_I4_L50_seed16.json",
	"method":	"MVN CDF",
	"convergence_threshold":	0.001,
	"iterations_made":	89,
	"max_iterations":	10000,
	"time_taken":	0.238583243,
	"ground_truth_matrix":	[[0.13733033971538156, 0.402486971039085, 0.43481631950235439, 0.025366369743179053], [0.21871205928257512, 0.12338807712654326, 0.57049577727443768, 0.087404086316444057], [0.019119524157554624, 0.74212676605831351, 0.217462744278536, 0.02129096550559572]],
	"estimated_matrix":	[[0.12019824757121211, 0.40912185520549332, 0.4314372217945262, 0.039242675428768345], [0.21341675541137792, 0.19963009185544489, 0.52528686726947527, 0.061666285463701925], [0.031140246235766993, 0.65918128436649526, 0.277144178098909, 0.032534291298828712]],
	"log_likelihood":	[-0.550811733509501, -0.54509501112096959, -0.53950879039817756, -0.534055259876889, -0.52873610840548924, -0.52355254847869936, -0.51850534362938938, -0.51359483837052933, -0.50882098947910481, -0.50418339772758558, -0.49968133933798986, -0.495313796669879, -0.49107948776495008, -0.486976894510701, -0.48300428926573752, -0.4791597598585155, -0.47544123294070711, -0.47184649569156684, -0.46837321591746039, -0.465018960602048, -0.46178121296610747, -0.458657388133236, -0.45564484745579986, -0.45274091159935265, -0.44994287245586839, -0.4472480039717055, -0.444653571946848, -0.44215684289708118, -0.43975509202962387, -0.4374456103999847, -0.43522571130868076, -0.43309273599303771, -0.43104405866374135, -0.42907709093845525, -0.4271892857099911, -0.42537814050254658, -0.42364120034698877, -0.42197606021445172, -0.42038036704846787, -0.41885182142398114, -0.41738817886214241, -0.41598725084056914, -0.41464690551577182, -0.41336506818605834, -0.41213972152651862, -0.41096890560856159, -0.40985071773194143, -0.40878331208850915, -0.407764899272528, -0.40679374565940918, -0.40586817266527853, -0.40498655590671917, -0.40414732426890887, -0.40334895889594091, -0.4025899921229899, -0.40186900634795453, -0.4011846328623922, -0.40053555064523133, -0.39992048513271317, -0.39933820696462519, -0.39878753071927386, -0.39826731364195861, -0.397776454370028, -0.397313891663218, -0.39687860313676243, -0.3964696040118309, -0.39608594587067941, -0.39572671544258614, -0.39539103339299259, -0.3950780531477297, -0.39478695973273914, -0.39451696864222136, -0.39426732472968462, -0.39403730113191782, -0.393826198211226, -0.39363334253666116, -0.39345808588634151, -0.39329980428353317, -0.39315789705694665, -0.3930317859361005, -0.39292091417139069, -0.3928247456847393, -0.39274276424684662, -0.39267447268652667, -0.39261939212425523, -0.39257706123241809, -0.392547035526694, -0.392528886677929, -0.392522201855813, -0.38333404662213827]
}
