{
	"input_file":	"../../instances/J100_M50_G3_I4_L50_seed15.json",
	"method":	"MVN CDF",
	"convergence_threshold":	0.001,
	"iterations_made":	91,
	"max_iterations":	10000,
	"time_taken":	0.28959599999999985,
	"ground_truth_matrix":	[[0.729175806164576, 0.076074136231428655, 0.021573712816720172, 0.17317634478727548], [0.178428232666503, 0.41819946747570369, 0.20226194250932708, 0.2011103573484663], [0.03692154969556357, 0.0895982588773646, 0.77790639491020774, 0.0955737965168639]],
	"estimated_matrix":	[[0.62663883012167543, 0.11288082455977329, 0.0990752823878856, 0.16140506293066573], [0.20142636950196779, 0.39513828765429987, 0.21343079419563563, 0.19000454864809666], [0.085567808034669138, 0.0853230817581147, 0.689951164341529, 0.13915794586568742]],
	"log_likelihood":	[-0.708664228953062, -0.695403692317443, -0.68260501412774932, -0.670247558912563, -0.658311982131948, -0.64678012960270526, -0.635634946109321, -0.6248603922424687, -0.614441368618065, -0.604363646735686, -0.59461380581207124, -0.58517917500023375, -0.57604778047072847, -0.56720829689261876, -0.5586500028889434, -0.55036274010628861, -0.542336875555543, -0.53456326692374245, -0.527033230600597, -0.519738512164668, -0.51267125912185663, -0.505823995690545, -0.49918959946800173, -0.492761279808591, -0.4865325577739254, -0.48049724752383655, -0.474649439026413, -0.46898348198277445, -0.46349397086774835, -0.45817573099297415, -0.4530238055201945, -0.448033443338061, -0.44320008775182423, -0.43851936590288337, -0.43398707888456661, -0.42959919248354211, -0.425351828511866, -0.421241256680991, -0.41726388697828865, -0.41341626251199937, -0.40969505279108054, -0.40609704740438518, -0.40261915008021038, -0.3992583730900664, -0.39601183197880213, -0.39287674060162181, -0.38985040643802427, -0.38693022617619577, -0.38411368154053449, -0.381398335349405, -0.37878182779749081, -0.37626187292850355, -0.373836255311517, -0.371502826886893, -0.369259503983365, -0.367104264497809, -0.36503514521474517, -0.36305023927791552, -0.3611476937835853, -0.35932570750736348, -0.35758252874585539, -0.35591645326927873, -0.35432582238502364, -0.35280902109678763, -0.35136447636242829, -0.34999065544100916, -0.348686064326388, -0.347449246263075, -0.3462787803398289, -0.34517328015728121, -0.34413139256573982, -0.34315179647183286, -0.34223320170849575, -0.341374347961561, -0.34057400376550467, -0.339830965541233, -0.33914405669768277, -0.3385121267766269, -0.337934050648555, -0.33740872775475284, -0.33693508138820971, -0.33651205802219875, -0.33613862667119165, -0.33581377829265863, -0.33553652522301247, -0.335305900644797, -0.33512095808768011, -0.334980770952958, -0.33488443207542479, -0.33483105329631191, -0.33481976507260569, -0.334849716101867]
}
