{
	"input_file":	"../../instances/J100_M50_G3_I4_L50_seed1.json",
	"method":	"MVN CDF",
	"convergence_threshold":	0.001,
	"iterations_made":	65,
	"max_iterations":	10000,
	"time_taken":	0.15820638,
	"ground_truth_matrix":	[[0.24822494433396575, 0.58611239568895857, 5.2616751750196278e-05, 0.16561004322532558], [0.179194262029625, 0.10938868480049078, 0.23271787507579811, 0.478699178094086], [0.16969288050778514, 0.25983737889369862, 0.18241242309601466, 0.38805731750250161]],
	"estimated_matrix":	[[0.233682134620249, 0.4858591147126326, 0.042705577542263583, 0.23775317312485472], [0.1823934698382271, 0.18380702568033389, 0.19284270689954264, 0.44095679758189638], [0.15994336937436582, 0.29385082846319288, 0.15612926657237047, 0.39007653559007083]],
	"log_likelihood":	[-0.45371789106510313, -0.45009857105340711, -0.44657453001231245, -0.44314349344164, -0.43980332306030345, -0.43655199656363675, -0.43338759052150622, -0.43030826596789024, -0.42731225629193809, -0.42439785709939853, -0.421563417737277, -0.41880733424804362, -0.416128043522099, -0.41352401846282966, -0.4109937640113141, -0.40853581388774785, -0.40614872793573209, -0.40383108996593159, -0.401581506023631, -0.399398602999541, -0.39728102753050876, -0.39522744513529362, -0.39323653954468057, -0.39130701219101749, -0.389437581825964, -0.38762698423948244, -0.38587397206355079, -0.38417731463966731, -0.38253579793910425, -0.38094822451840449, -0.379413413505742, -0.37793020061128119, -0.37649743814388953, -0.37511399504484161, -0.373778756919103, -0.37249062607339084, -0.37124852154627153, -0.370051379137663, -0.3688981514313624, -0.36778780780856279, -0.36671933445216059, -0.365691734345673, -0.36470402725571732, -0.36375524970966278, -0.36284445495872059, -0.36197071293226157, -0.36113311017891531, -0.360330749802091, -0.35956275137756671, -0.358828250866422, -0.358126400517214, -0.35745636875575743, -0.35681734006891919, -0.356208514876545, -0.35562910939756726, -0.35507835550681621, -0.35455550058378127, -0.35405980735538817, -0.35359055373016512, -0.3531470326302007, -0.35272855181237933, -0.35233443368714673, -0.35196401513275111, -0.35161664730361269, -0.351291695434681, -0.338206800141226]
}
