{
	"input_file":	"../../instances/J100_M50_G3_I4_L50_seed12.json",
	"method":	"MVN CDF",
	"convergence_threshold":	0.001,
	"iterations_made":	68,
	"max_iterations":	10000,
	"time_taken":	0.21337699999999996,
	"ground_truth_matrix":	[[0.064811871434951526, 0.52152885323862519, 0.11829638888251422, 0.2953628864439089], [0.0030156831164753, 0.515584843486113, 0.47441747954048219, 0.00698199385692937], [0.69001613232409476, 0.032376006581974162, 0.073235027922700938, 0.2043728331712302]],
	"estimated_matrix":	[[0.0785846621194163, 0.49996417856891012, 0.14481295498003169, 0.276638204331642], [0.053545523145984618, 0.47113488480004684, 0.37860494466177952, 0.096714647392188935], [0.57450024896605023, 0.14247200442615332, 0.11247202305781008, 0.17055572354998627]],
	"log_likelihood":	[-0.755240072869968, -0.743246982157606, -0.73165499084608676, -0.72044418690418144, -0.70959616324413, -0.69909388989862353, -0.68892159931702335, -0.6790646831808913, -0.6695095993498833, -0.660243787729403, -0.651255594029519, -0.64253420050204568, -0.63406956287165428, -0.6258523527710923, -0.61787390507692441, -0.61012616962975619, -0.602601666860255, -0.59529344693228226, -0.58819505203776223, -0.581300481530541, -0.57460415962782241, -0.568100905430231, -0.56178590505202264, -0.555654685661479, -0.549703091280745, -0.543927260176961, -0.53832360373245425, -0.53288878666346273, -0.52761970849527, -0.522513486193059, -0.51756743787320536, -0.51277906752508, -0.50814605066660423, -0.50366622088913482, -0.499337557231305, -0.49515817233693682, -0.49112630135231983, -0.48724029152710763, -0.48349859247747762, -0.47989974708199, -0.4764423829778528, -0.473125204627408, -0.46994698592681322, -0.46690656333199043, -0.46400282947403942, -0.46123472724300629, -0.45860124430948079, -0.45610140807432653, -0.45373428100321728, -0.451498956349007, -0.44939455421673236, -0.44742021796718467, -0.44557511092978158, -0.44385841340944382, -0.442269319959923, -0.44080703691700285, -0.43947078015819879, -0.43825977308508962, -0.43717324479889325, -0.43621042845991753, -0.43537055981231809, -0.43465287585582357, -0.43405661365555365, -0.43358100927234855, -0.433225296799134, -0.43298870749137042, -0.43287046898824877, -0.43286980459496555, -0.43298593264018714]
}
