{
	"input_file":	"../../instances/J100_M50_G3_I4_L50_seed20.json",
	"method":	"MVN CDF",
	"convergence_threshold":	0.001,
	"iterations_made":	71,
	"max_iterations":	10000,
	"time_taken":	0.254977498,
	"ground_truth_matrix":	[[0.12528497207799447, 0.32201948137817415, 0.31373002758429769, 0.23896551895953352], [0.015101828534048147, 0.48626910303626614, 0.19664095811027157, 0.301988110319414], [0.37325565430763752, 0.074973029032247326, 0.1106017466286246, 0.44116957003149054]],
	"estimated_matrix":	[[0.12462926772695471, 0.30965055814244719, 0.296300157941261, 0.26942001618933709], [0.03743222264337874, 0.43218612375867388, 0.17978519426439479, 0.35059645933355266], [0.32588976702738687, 0.11971603871983048, 0.14780099692305088, 0.4065931973297317]],
	"log_likelihood":	[-0.63148989173196357, -0.62293643699025969, -0.61469765554268729, -0.60676138212039, -0.599116118422505, -0.591750981328942, -0.584655655942515, -0.57782035298066925, -0.571235770064893, -0.56489305653001642, -0.55878378139892, -0.55289990420870028, -0.54723374841701367, -0.54177797712939968, -0.53652557092735376, -0.53146980759966556, -0.5266042435831445, -0.521922696962018, -0.51741923187044769, -0.51308814416780546, -0.50892394827129328, -0.50492136502641072, -0.50107531053179066, -0.49738088582125545, -0.49383336732473532, -0.49042819804239191, -0.48716097935921659, -0.48402746344719949, -0.48102354620024718, -0.4781452606551887, -0.47538877085726472, -0.47275036612727156, -0.47022645569935678, -0.46781356369530031, -0.4655083244130046, -0.46330747788855769, -0.4612078657304316, -0.45920642718201765, -0.45730019541224476, -0.45548629400442564, -0.45376193363289624, -0.45212440891401984, -0.45057109541662943, -0.44909944681952763, -0.44770699220922011, -0.44639133350354038, -0.44515014299495209, -0.44398116100671647, -0.44288219364971687, -0.44185111068089616, -0.44088584344777548, -0.43998438291913861, -0.43914477780342276, -0.43836513272991445, -0.43764360651132811, -0.43697841046722724, -0.4363678068163177, -0.43581010712240359, -0.43530367080272125, -0.43484690368557671, -0.43443825662354468, -0.43407622415060571, -0.43375934318921772, -0.43348619179942949, -0.43325538797275881, -0.4330655884626643, -0.43291548765507115, -0.43280381647732963, -0.4327293413401414, -0.43269086311432364, -0.43268721614109568, -0.41342571820497659]
}
