{
	"input_file":	"../../instances/J100_M50_G3_I4_L50_seed10.json",
	"method":	"MVN CDF",
	"convergence_threshold":	0.001,
	"iterations_made":	1,
	"max_iterations":	10000,
	"time_taken":	0.002707,
	"ground_truth_matrix":	[[0.380062145693794, 0.0054018097091338329, 0.25866530336247168, 0.35587074123460055], [0.26597509126643765, 0.0981289174874491, 0.0850627199283102, 0.550833271317803], [0.041167866022291, 0.020552495028497372, 0.25695642103798533, 0.68132321791122641]],
	"estimated_matrix":	[[0.28170924671108366, 0.025375465340097429, 0.2085433736867289, 0.48437191426209], [0.25570616331734974, 0.055906276245348725, 0.16816055434022142, 0.52022700609708017], [0.1919656333454379, 0.026971800674857768, 0.22252440354364172, 0.55853816243606258]],
	"log_likelihood":	[-3.4524735164238622, -3.5033233472566541]
}
