{
	"input_file":	"../../instances/J100_M50_G3_I4_L50_seed18.json",
	"method":	"MVN CDF",
	"convergence_threshold":	0.001,
	"iterations_made":	74,
	"max_iterations":	10000,
	"time_taken":	0.296174043,
	"ground_truth_matrix":	[[0.25856144603859232, 0.17324016215639787, 0.5188187471563106, 0.049379644648699164], [0.21703835825592904, 0.15741561912449081, 0.12450764575610422, 0.501038376863476], [0.092386911183075723, 0.00893155724049351, 0.31410714573850357, 0.584574385837927]],
	"estimated_matrix":	[[0.23472145764784333, 0.17947615597541661, 0.41477504928177933, 0.17102733709496076], [0.23841701647485991, 0.122668027097661, 0.19852087587720768, 0.44039408055027146], [0.092876266110671526, 0.020369760856945352, 0.33950463541809989, 0.54724933761428329]],
	"log_likelihood":	[-0.74343996954079528, -0.73444561061503966, -0.72553028774160155, -0.71670984698580453, -0.707999197609753, -0.699412250219087, -0.690961874324031, -0.68265987227916181, -0.67451696699934827, -0.66654280130135934, -0.65874594704948231, -0.65113392259076441, -0.64371321721176045, -0.63648932152777971, -0.62946676288296766, -0.6226491449347028, -0.6160391907028494, -0.609638788416006, -0.60344903953261764, -0.597470308388023, -0.59170227290594857, -0.58614397589415657, -0.58079387643258151, -0.57564990094403579, -0.57070949352536759, -0.565969665188721, -0.56142704169416779, -0.55707790968511317, -0.55291826090074836, -0.548943834260277, -0.54515015567532343, -0.54153257546916256, -0.53808630333125018, -0.53480644077058248, -0.53168801104836871, -0.528725986627031, -0.52591531415991621, -0.52325093711081538, -0.5207278160653982, -0.51834094685320276, -0.51608537657482378, -0.513956217661023, -0.51194866008383721, -0.51005798184551565, -0.508279557874328, -0.506608867454447, -0.505041500309823, -0.503573161467238, -0.502199675011079, -0.50091698684196473, -0.499721166544689, -0.49860840845824372, -0.49757503204945425, -0.49661748166584613, -0.49573232575065829, -0.49491625559663038, -0.49416608369138565, -0.49347874173572265, -0.49285127836206949, -0.492280856631427, -0.49176475132631231, -0.491300346097657, -0.49088513049269838, -0.49051669689368288, -0.49019273739783759, -0.48991104066255275, -0.4896694887322538, -0.48946605387089087, -0.48929879541026872, -0.48916585663066964, -0.48906546168045584, -0.48899591255740682, -0.488955586132113, -0.4889429312553587, -0.47676842565921057]
}
