{
	"input_file":	"../../instances/J100_M50_G3_I4_L50_seed8.json",
	"method":	"MVN CDF",
	"convergence_threshold":	0.001,
	"iterations_made":	58,
	"max_iterations":	10000,
	"time_taken":	0.077616545,
	"ground_truth_matrix":	[[0.248524592823477, 0.41590713024020765, 0.2445674774618472, 0.0910007994744682], [0.195642639627116, 0.0084665094920574734, 0.41573970330401455, 0.380151147576812], [0.24777481565370346, 0.21805134881656238, 0.27153704946869556, 0.26263678606103863]],
	"estimated_matrix":	[[0.22542061352959289, 0.35698077187472654, 0.25276303557204416, 0.16483557902363644], [0.19065080378805213, 0.074386929129802326, 0.403304841459171, 0.33165742562297462], [0.26687131619730553, 0.23342615194668445, 0.25621801918308457, 0.24348451267292537]],
	"log_likelihood":	[-0.36633958141912454, -0.36244883745961537, -0.35864706133276814, -0.35493147760737653, -0.35129946557155622, -0.34774854978338843, -0.34427639125675352, -0.34088077923326021, -0.33755962348077023, -0.3343109470772635, -0.33113287963237387, -0.32802365092164826, -0.32498158488438511, -0.32200509396741689, -0.31909267378190631, -0.31624289804984185, -0.31345441382123668, -0.310725936940809, -0.30805624774341178, -0.30544418697215675, -0.30288865189516367, -0.300388592616372, -0.29794300856446659, -0.29555094515243413, -0.2932114906012, -0.29092377291456584, -0.28868695700098213, -0.28650024194229223, -0.2843628583862558, -0.28227406608380051, -0.28023315154160278, -0.27823942579879052, -0.27629222232773831, -0.27439089504029252, -0.27253481641394456, -0.27072337571893046, -0.26895597735866217, -0.26723203930567924, -0.26555099164126472, -0.26391227519244476, -0.26231534026212949, -0.26075964545082253, -0.259244656570247, -0.25776984564199129, -0.25633468997670816, -0.254938671340663, -0.2535812751957161, -0.25226199001597277, -0.25098030667624349, -0.24973571791242619, -0.24852771784246785, -0.24735580155920794, -0.24621946477530085, -0.245118203527033, -0.24405151393877367, -0.24301889202794644, -0.24201983356675791, -0.24105383398186622, -0.22225623221745291]
}
