{
	"input_file":	"../../instances/J100_M50_G3_I4_L50_seed11.json",
	"method":	"MVN CDF",
	"convergence_threshold":	0.001,
	"iterations_made":	77,
	"max_iterations":	10000,
	"time_taken":	0.407043954,
	"ground_truth_matrix":	[[0.093264539298993046, 0.00922764103013564, 0.2919101149392348, 0.60559770473163632], [0.28831523205269738, 0.351439138882518, 0.0068038927321034627, 0.35344173633268122], [0.46088254985022259, 0.308299510147119, 0.21216300284705122, 0.018654937155607145]],
	"estimated_matrix":	[[0.13177592584401543, 0.0502893106782616, 0.27988164256114978, 0.5380531209165732], [0.24801108640604014, 0.34426840183498275, 0.045733529530234282, 0.36198698222874276], [0.432316271994355, 0.24816570433872079, 0.19107513708443769, 0.12844288658248634]],
	"log_likelihood":	[-0.704989726329217, -0.69669386764779972, -0.6885720464360614, -0.68061837992150453, -0.67282731437651655, -0.66519360522996152, -0.65771229864213521, -0.65037871439092565, -0.64318842994413938, -0.63613726560634776, -0.62922127063132149, -0.622436710217426, -0.61578005329527719, -0.609247961045525, -0.60283727607191073, -0.59654501218028955, -0.59036834470872, -0.584304601359746, -0.57835125350296068, -0.57250590790116374, -0.56676629883630558, -0.56113028060547, -0.555595820351963, -0.55016099123111672, -0.54482396586455939, -0.539583010087248, -0.53443647696093965, -0.52938280104545021, -0.52442049291314119, -0.5195481339004242, -0.514764371081448, -0.51006791246636574, -0.5054575224040615, -0.500932017195243, -0.49649026090676712, -0.49213116137546814, -0.48785366641150113, -0.483656760182817, -0.47953945978876833, -0.47550081201212119, -0.47153989024562082, -0.46765579160171589, -0.46384763418132352, -0.46011455452247013, -0.45645570520358558, -0.45287025261636465, -0.44935737488949762, -0.445916259970057, -0.44254610385625359, -0.43924610897220767, -0.43601548268886919, -0.4328534359793742, -0.42975918220821113, -0.4267319360522745, -0.42377091253898358, -0.4208753262071942, -0.4180443903813818, -0.415277316552518, -0.41257331386051888, -0.40993158867872259, -0.40735134428372066, -0.40483178061767366, -0.40237209412906183, -0.39997147768661412, -0.39762912057037281, -0.39534420851915553, -0.3931159238437768, -0.390943445593975, -0.38882594977147616, -0.38676260959226949, -0.38475259578511289, -0.38279507692754533, -0.3808892198133324, -0.37903418984293186, -0.377229151442167, -0.37547326849573465, -0.37376570479629972, -0.34502067962961075]
}
