{
	"input_file":	"../../instances/J100_M50_G3_I5_L50_seed19.json",
	"method":	"MVN CDF",
	"convergence_threshold":	0.001,
	"iterations_made":	26,
	"max_iterations":	10000,
	"time_taken":	0.11140600000000003,
	"ground_truth_matrix":	[[0.0433037419557625, 0.604397263048471, 0.11967273975203206, 0.06272639200543513, 0.16989986323829925], [0.010949408191273125, 0.14085830680435835, 0.2076171069384817, 0.51298571330785936, 0.12758946475802732], [0.10978458920334491, 0.35941379635053472, 0.355956869140207, 0.12035649855401814, 0.054488246751895043]],
	"estimated_matrix":	[[0.0376877379033802, 0.49916327323091264, 0.17194241952280559, 0.154979017765963, 0.13622755157693855], [0.014758095665072222, 0.269438516540513, 0.20407628866020366, 0.39735590845531971, 0.11437119067889148], [0.09421480884124947, 0.35658918451774663, 0.2845078835331149, 0.16769785514735069, 0.096990267960538223]],
	"log_likelihood":	[-1.8143415843635566, -1.8086785700627286, -1.8009805146190538, -1.7918767031264424, -1.78193491075565, -1.7716329503090888, -1.7613499324315212, -1.7513704340667229, -1.741895796022253, -1.73305833351554, -1.724935753456488, -1.7175642706015655, -1.7109497503957272, -1.7050767281765209, -1.6999154429668759, -1.695427156922894, -1.6915680697194877, -1.6882921237513708, -1.68555295863796, -1.6833052284450649, -1.6815054511581589, -1.680112521243782, -1.6790879840936344, -1.6783961455851775, -1.678004070229614, -1.6778815064111472, -1.678000766042111]
}
