{
	"input_file":	"../../instances/J100_M50_G3_I5_L50_seed20.json",
	"method":	"MVN CDF",
	"convergence_threshold":	0.001,
	"iterations_made":	34,
	"max_iterations":	10000,
	"time_taken":	0.13907888,
	"ground_truth_matrix":	[[0.12464155160427713, 0.320365700211782, 0.31211881819805165, 0.23773827434383188, 0.0051356556420572141], [0.32050330871114646, 0.129607407316133, 0.19904243955549125, 0.29216240134150717, 0.058684443075721966], [0.048862291507300849, 0.19490249288206324, 0.23484758945089862, 0.29193992606900426, 0.22944770009073309]],
	"estimated_matrix":	[[0.14973685800750691, 0.27062951918189621, 0.26325562673478436, 0.24293878062962435, 0.0734392154461882], [0.2352743110061791, 0.17199729089763538, 0.23836008662396771, 0.27040954114296539, 0.08395877032925235], [0.077904270369799647, 0.20055548017005548, 0.24807229275160109, 0.31961354044667539, 0.15385441626186841]],
	"log_likelihood":	[-0.4669999303647373, -0.46105262024208382, -0.45528228479694915, -0.44968415540059237, -0.44425359345471072, -0.43898608855467541, -0.43387725626302742, -0.428922835559223, -0.42411868603191261, -0.4194607848615674, -0.41494522365333975, -0.41056820515440284, -0.40632603990016747, -0.4022151428194029, -0.39823202983153322, -0.39437331445846124, -0.39063570447332779, -0.387015998605395, -0.38351108331416339, -0.38011792964868935, -0.376833590197574, -0.37365519614286868, -0.37057995441638925, -0.36760514497572683, -0.36472811818048978, -0.36194629229690123, -0.35925715110810114, -0.35665824164268867, -0.35414717201407114, -0.35172160937051256, -0.34937927794869361, -0.34711795723484856, -0.34493548022203441, -0.34282973176206977, -0.3197131034231418]
}
