{
	"input_file":	"../../instances/J100_M50_G3_I5_L50_seed7.json",
	"method":	"MVN CDF",
	"convergence_threshold":	0.001,
	"iterations_made":	38,
	"max_iterations":	10000,
	"time_taken":	0.12244500000000004,
	"ground_truth_matrix":	[[0.010915758563635679, 0.20816915542206624, 0.0793454263047044, 0.176768261407425, 0.52480139830216865], [0.30336933090138923, 0.27281770821747647, 0.029337380742531057, 0.12263021012911926, 0.271845370009484], [0.3112604723649372, 0.445747386767779, 0.13127742314124657, 0.018672572575976328, 0.093042145150061]],
	"estimated_matrix":	[[0.10086016388100265, 0.28730746160575249, 0.068612124154671453, 0.13330811555488681, 0.40991213480368649], [0.262860328488539, 0.28575259122798979, 0.039808706735293936, 0.12585877180455204, 0.28571960174362521], [0.27428991708348871, 0.35117406093086712, 0.12639299876105123, 0.048851651110394467, 0.1992913721141984]],
	"log_likelihood":	[-1.1851330353226612, -1.1752570929064459, -1.1658731125965052, -1.1569834830889727, -1.1485859864187391, -1.1406744665211017, -1.1332394733270947, -1.1262688677550994, -1.119748377783002, -1.1136620998779179, -1.1079929433082745, -1.1027230174028011, -1.0978339637121792, -1.0933072363373213, -1.0891243345592347, -1.0852669923659026, -1.0817173296758513, -1.0784579700147867, -1.07547212921854, -1.072743679436744, -1.0702571923588531, -1.0679979651793896, -1.0659520324412664, -1.0641061664754328, -1.0624478688039691, -1.0609653545172453, -1.0596475313299942, -1.0584839747364871, -1.0574649004333592, -1.0565811349828007, -1.0558240854794789, -1.055185708846045, -1.0546584812445987, -1.0542353679734859, -1.0539097941364213, -1.0536756162919449, -1.0535270952275158, -1.0534588699538983, -1.0534659329807372]
}
