{
	"input_file":	"../../instances/J100_M50_G3_I5_L50_seed5.json",
	"method":	"MVN CDF",
	"convergence_threshold":	0.001,
	"iterations_made":	49,
	"max_iterations":	10000,
	"time_taken":	0.117879,
	"ground_truth_matrix":	[[0.043982912303551426, 0.358470733786538, 0.040576345559300911, 0.43953375062527472, 0.11743625772533485], [0.256473892537231, 0.39363112002854944, 0.198078425534879, 0.095454145901107262, 0.05636241599823328], [0.019580703375263634, 0.31191671477471344, 0.13540090275600683, 0.040084305930368942, 0.493017373163647]],
	"estimated_matrix":	[[0.044721886520567036, 0.35674034607089766, 0.035489337076990472, 0.3816225978115898, 0.18142583251995512], [0.229586933046545, 0.35234957883995915, 0.18588279972204455, 0.088229429818234, 0.14395125857321722], [0.032218533196931534, 0.32685692058975152, 0.1421929533105428, 0.0831789950867027, 0.41555259781607157]],
	"log_likelihood":	[-1.5045344305885924, -1.472775092125967, -1.4423737168703379, -1.4132864556166891, -1.3854729626444005, -1.3588956408822535, -1.3335189986371472, -1.3093091100167662, -1.2862331712745976, -1.2642591451765277, -1.2433554852377735, -1.2234909314420837, -1.2046343688760648, -1.1867547406566521, -1.1698210066402066, -1.1538021396577933, -1.1386671514735465, -1.1243851412106123, -1.1109253597033879, -1.0982572839787246, -1.0863506969037122, -1.0751757678485934, -1.06470313102469, -1.0549039589195335, -1.0457500289494881, -1.0372137820712541, -1.0292683726061107, -1.0218877090274274, -1.0150464857570181, -1.0087202063484668, -1.0028851986096072, -0.997518622365356, -0.9925984706512605, -0.98810356515906173, -0.98401354676244868, -0.980308861925161, -0.97697074575220832, -0.9739812023729536, -0.97132298329940681, -0.9689795643042457, -0.96693512131267378, -0.96517450572292374, -0.963683219501711, -0.96244739034486482, -0.96145374713221543, -0.96068959586181779, -0.96014279620107279, -0.95980173875528818, -0.95965532312693569, -0.95969293680390422]
}
