{
	"input_file":	"../../instances/J100_M50_G3_I5_L50_seed3.json",
	"method":	"MVN CDF",
	"convergence_threshold":	0.001,
	"iterations_made":	11,
	"max_iterations":	10000,
	"time_taken":	0.049165,
	"ground_truth_matrix":	[[0.15028701708190306, 0.2312679172167543, 0.064556558588510629, 0.13427919500392829, 0.41960931210890373], [0.69371710750865156, 0.041081001690991485, 0.0710920028043775, 0.016174863536975309, 0.17793502445900408], [0.0096528152078873657, 0.19423600165890281, 0.33332108255790721, 0.10387615586913534, 0.35891394470616728]],
	"estimated_matrix":	[[0.22963983421262449, 0.18361903052876388, 0.11962570260408256, 0.11082183148160554, 0.35629360117292358], [0.42155707681275761, 0.11927165167332883, 0.131480985022636, 0.0496966249459706, 0.27799366154530691], [0.17830799207705034, 0.17383139389166211, 0.23379489998608288, 0.0856559259556203, 0.32840978808958438]],
	"log_likelihood":	[-1.2402126844432153, -1.236180321686261, -1.2326826236367037, -1.2296897191247607, -1.22717574192964, -1.2251180742268077, -1.2234967260613783, -1.2222938299463928, -1.2214932317310725, -1.2210801611347792, -1.221040967643265, -1.2213629096361154]
}
