{
	"input_file":	"../../instances/J100_M50_G3_I5_L50_seed3.json",
	"method":	"MVN CDF",
	"convergence_threshold":	0.001,
	"iterations_made":	11,
	"max_iterations":	10000,
	"time_taken":	0.046199999999999943,
	"ground_truth_matrix":	[[0.15028701708190306, 0.2312679172167543, 0.064556558588510629, 0.13427919500392829, 0.41960931210890373], [0.69371710750865156, 0.041081001690991485, 0.0710920028043775, 0.016174863536975309, 0.17793502445900408], [0.0096528152078873657, 0.19423600165890281, 0.33332108255790721, 0.10387615586913534, 0.35891394470616728]],
	"estimated_matrix":	[[0.22963983421262438, 0.18361903052876374, 0.11962570260408233, 0.11082183148160552, 0.356293601172924], [0.42155707681275678, 0.1192716516733287, 0.13148098502263619, 0.049696624945970776, 0.27799366154530752], [0.17830799207705089, 0.173831393891662, 0.23379489998608313, 0.0856559259556202, 0.32840978808958382]],
	"log_likelihood":	[-1.2402126844432058, -1.2361803216860627, -1.2326826236368009, -1.2296897191247131, -1.2271757419290705, -1.2251180742268348, -1.2234967260613714, -1.2222938299468511, -1.2214932317312606, -1.2210801611346362, -1.221040967643612, -1.2213629096359968]
}
