{
	"input_file":	"../../instances/J100_M50_G3_I5_L50_seed19.json",
	"method":	"MVN CDF",
	"convergence_threshold":	0.001,
	"iterations_made":	26,
	"max_iterations":	10000,
	"time_taken":	0.314372,
	"ground_truth_matrix":	[[0.0433037419557625, 0.604397263048471, 0.11967273975203206, 0.06272639200543513, 0.16989986323829925], [0.010949408191273125, 0.14085830680435835, 0.2076171069384817, 0.51298571330785936, 0.12758946475802732], [0.10978458920334491, 0.35941379635053472, 0.355956869140207, 0.12035649855401814, 0.054488246751895043]],
	"estimated_matrix":	[[0.037687737903380286, 0.49916327323091131, 0.17194241952280642, 0.15497901776596332, 0.13622755157693853], [0.014758095665072109, 0.269438516540512, 0.20407628866020269, 0.39735590845532176, 0.11437119067889144], [0.0942148088412495, 0.35658918451774668, 0.28450788353311474, 0.16769785514735056, 0.096990267960538473]],
	"log_likelihood":	[-1.8143415843635295, -1.8086785700628158, -1.8009805146194156, -1.7918767031267222, -1.781934910755878, -1.7716329503095687, -1.7613499324312849, -1.7513704340665976, -1.7418957960224164, -1.7330583335150676, -1.7249357534566483, -1.7175642706012122, -1.7109497503957143, -1.7050767281765558, -1.699915442966986, -1.6954271569225983, -1.6915680697195483, -1.6882921237518422, -1.685552958637889, -1.6833052284450341, -1.6815054511580392, -1.680112521243768, -1.6790879840937469, -1.6783961455847529, -1.6780040702294456, -1.67788150641114, -1.6780007660421496]
}
