{
	"input_file":	"../../instances/J100_M50_G3_I5_L50_seed7.json",
	"method":	"MVN CDF",
	"convergence_threshold":	0.001,
	"iterations_made":	38,
	"max_iterations":	10000,
	"time_taken":	0.17786800000000005,
	"ground_truth_matrix":	[[0.010915758563635679, 0.20816915542206624, 0.0793454263047044, 0.176768261407425, 0.52480139830216865], [0.30336933090138923, 0.27281770821747647, 0.029337380742531057, 0.12263021012911926, 0.271845370009484], [0.3112604723649372, 0.445747386767779, 0.13127742314124657, 0.018672572575976328, 0.093042145150061]],
	"estimated_matrix":	[[0.10086016388100202, 0.28730746160575132, 0.0686121241546718, 0.13330811555488742, 0.40991213480368749], [0.26286032848853963, 0.28575259122799129, 0.039808706735293783, 0.12585877180455168, 0.28571960174362354], [0.27428991708349165, 0.35117406093086612, 0.12639299876105073, 0.048851651110394127, 0.19929137211419737]],
	"log_likelihood":	[-1.1851330353226683, -1.1752570929062782, -1.1658731125968582, -1.1569834830889327, -1.1485859864188541, -1.1406744665209396, -1.1332394733271474, -1.1262688677557313, -1.1197483777831847, -1.1136620998781877, -1.1079929433080526, -1.102723017402824, -1.0978339637122085, -1.0933072363373204, -1.0891243345595167, -1.0852669923657554, -1.0817173296754816, -1.078457970014659, -1.075472129218366, -1.0727436794372076, -1.0702571923586708, -1.0679979651791789, -1.0659520324411051, -1.0641061664757052, -1.062447868804191, -1.0609653545169893, -1.0596475313303855, -1.0584839747364678, -1.0574649004332224, -1.0565811349830043, -1.0558240854796062, -1.0551857088461112, -1.0546584812444757, -1.0542353679736944, -1.0539097941363536, -1.0536756162923522, -1.0535270952274161, -1.05345886995384, -1.0534659329807416]
}
