{
	"input_file":	"../../instances/J100_M50_G3_I5_L50_seed15.json",
	"method":	"MVN CDF",
	"convergence_threshold":	0.001,
	"iterations_made":	37,
	"max_iterations":	10000,
	"time_taken":	0.195095,
	"ground_truth_matrix":	[[0.64854204216829081, 0.06766170140398764, 0.0191880471746618, 0.15402614754092744, 0.1105820617121324], [0.39962760023412636, 0.1932796691291607, 0.19217922484338035, 0.062716975103724426, 0.15219653068960812], [0.32331925157997, 0.0397230933730216, 0.16383271065462152, 0.2600236369715952, 0.21310130742079147]],
	"estimated_matrix":	[[0.552092457175084, 0.0703249110559099, 0.056773917223665475, 0.17090204605345682, 0.14990666849188394], [0.44581288503428, 0.16052163980856282, 0.16531326803797716, 0.083288777463201666, 0.1450634296559784], [0.39672760506850169, 0.059471107325751928, 0.13377293779337715, 0.22424261601162751, 0.18578573380074179]],
	"log_likelihood":	[-0.79726618717125719, -0.787958709632057, -0.779134536572119, -0.770777936944787, -0.76287348674064659, -0.755406025674266, -0.748360629156614, -0.74172259222665, -0.73547742270226679, -0.72961084131779874, -0.72410878697722181, -0.718957425626647, -0.71414316147639567, -0.70965264958198182, -0.705472808962207, -0.70159083560493329, -0.69799421487173174, -0.69467073291399228, -0.69160848683605125, -0.68879589341039726, -0.686221696240154, -0.68387497131790875, -0.681745130976815, -0.67982192626911975, -0.6780954478496648, -0.67655612544414234, -0.67519472601561747, -0.67400235075095383, -0.67297043097287434, -0.67209072313207951, -0.671355302971596, -0.67075655900636877, -0.67028718542435883, -0.66994017451352261, -0.669708808718182, -0.66958665241822479, -0.66956754350109138, -0.66964558481878966]
}
