{
	"input_file":	"../../instances/J100_M50_G3_I5_L50_seed20.json",
	"method":	"MVN CDF",
	"convergence_threshold":	0.001,
	"iterations_made":	34,
	"max_iterations":	10000,
	"time_taken":	0.104766955,
	"ground_truth_matrix":	[[0.12464155160427713, 0.320365700211782, 0.31211881819805165, 0.23773827434383188, 0.0051356556420572141], [0.32050330871114646, 0.129607407316133, 0.19904243955549125, 0.29216240134150717, 0.058684443075721966], [0.048862291507300849, 0.19490249288206324, 0.23484758945089862, 0.29193992606900426, 0.22944770009073309]],
	"estimated_matrix":	[[0.14973685800750741, 0.27062951918189715, 0.26325562673478387, 0.24293878062962351, 0.0734392154461881], [0.23527431100617971, 0.17199729089763463, 0.23836008662396727, 0.27040954114296573, 0.0839587703292527], [0.0779042703697996, 0.20055548017005473, 0.24807229275160289, 0.31961354044667373, 0.153854416261869]],
	"log_likelihood":	[-0.46699993036471538, -0.461052620241734, -0.45528228479670718, -0.44968415540051554, -0.44425359345487359, -0.43898608855501986, -0.43387725626335011, -0.42892283555950228, -0.4241186860321306, -0.419460784861622, -0.41494522365330883, -0.410568205154434, -0.4063260399004236, -0.40221514281916559, -0.39823202983146155, -0.39437331445838963, -0.39063570447328338, -0.38701599860535713, -0.38351108331459621, -0.3801179296486, -0.37683359019772417, -0.373655196142364, -0.37057995441675168, -0.3676051449758112, -0.36472811818033629, -0.36194629229660535, -0.35925715110786877, -0.35665824164254561, -0.35414717201435314, -0.35172160937032054, -0.34937927794887891, -0.34711795723499811, -0.34493548022231046, -0.34282973176206122, -0.3197131034231343]
}
