{
	"input_file":	"../../instances/J100_M50_G3_I5_L50_seed10.json",
	"method":	"MVN CDF",
	"convergence_threshold":	0.001,
	"iterations_made":	63,
	"max_iterations":	10000,
	"time_taken":	0.20191499999999996,
	"ground_truth_matrix":	[[0.32269308943329617, 0.0045864253604871313, 0.21962067734703034, 0.302153293162828, 0.1509465146963585], [0.11667254894123515, 0.10113720407829543, 0.65492541293454032, 0.084886438578035225, 0.0423783954678938], [0.17470454273021377, 0.46323131664050771, 0.00059770828546104832, 0.10845461858176728, 0.25301181376205034]],
	"estimated_matrix":	[[0.299236514961199, 0.062451988616224544, 0.21682340425038577, 0.28407782444832347, 0.137410267723867], [0.161646028364324, 0.10200113210240835, 0.51620451360358677, 0.10498517957973205, 0.11516314634994865], [0.19445335839775649, 0.41544972944999647, 0.075167034552783965, 0.11834781233943911, 0.196582065260024]],
	"log_likelihood":	[-0.90621768089121779, -0.89147045892435017, -0.87738421450814452, -0.86392310584094267, -0.85105403296484972, -0.838746377721466, -0.82697177213800921, -0.815703891696125, -0.80491827045550068, -0.794592135396165, -0.78470425772790375, -0.77523481919100845, -0.7661652916560735, -0.7574783285275466, -0.7491576666554175, -0.741188037626385, -0.733555087424746, -0.7262453036041614, -0.719245949169516, -0.71254500252049047, -0.70613110281931324, -0.69999350026381468, -0.69412201078296742, -0.68850697472661981, -0.683139219168632, -0.6780100234858677, -0.673111087902029, -0.66843450472625521, -0.66397273203494755, -0.65971856957443531, -0.65566513668853155, -0.65180585207551178, -0.64813441522327753, -0.64464478936367076, -0.6413311858129086, -0.63818804957416919, -0.63521004608492138, -0.63239204901747648, -0.62972912902048161, -0.6272165433368887, -0.6248497262024747, -0.62262427996292369, -0.62053596684363344, -0.61858070130523324, -0.6167545429449528, -0.61505368987335973, -0.61347447254374277, -0.61201334797395135, -0.61066689433434751, -0.60943180586125123, -0.608304888069244, -0.60728305323050857, -0.606363316096901, -0.605542789838847, -0.60481868218857726, -0.60418829175650024, -0.60364900451103543, -0.60319829041054052, -0.60283370016268345, -0.602552862109902, -0.602353479223956, -0.602233326205485, -0.60219024667427856, -0.60222215045096827]
}
