{
	"input_file":	"../../instances/J100_M50_G3_I5_L50_seed4.json",
	"method":	"MVN CDF",
	"convergence_threshold":	0.001,
	"iterations_made":	84,
	"max_iterations":	10000,
	"time_taken":	0.472706,
	"ground_truth_matrix":	[[0.33270219763982, 0.077260685478113045, 0.351047145907638, 0.12233189286483045, 0.1166580781095984], [0.050165543415490517, 0.77088292625501365, 0.0012877732599235222, 0.0600985069713388, 0.11756525009823347], [0.18899528973896992, 0.027543337100804529, 0.24857010990663789, 0.512514609975885, 0.022376653277702586]],
	"estimated_matrix":	[[0.30761119401610543, 0.11736343240847469, 0.327365090531674, 0.13625015395520482, 0.11141012908854096], [0.064328724357728545, 0.67518510665466824, 0.0487298340065615, 0.093902476184411943, 0.11785385879662966], [0.19844960962283895, 0.052965717944233673, 0.21831921000292756, 0.45938048814917953, 0.0708849742808203]],
	"log_likelihood":	[-0.897955759302753, -0.883230797487844, -0.86908627294919083, -0.855490482946446, -0.842414016370445, -0.8298295515799522, -0.81771167534560241, -0.80603672037925544, -0.794782619271535, -0.78392877294520846, -0.77345593197567, -0.7633460893525098, -0.75358238341889339, -0.74414900989408639, -0.73503114201838959, -0.72621485796434981, -0.71768707476872318, -0.709435488126705, -0.70144851745723, -0.6937152557197257, -0.68622542352478366, -0.678969327120974, -0.671937819894831, -0.66512226705156341, -0.65851451318306631, -0.652106852464226, -0.645892001226897, -0.6398630727166853, -0.63401355381892044, -0.62833728359729135, -0.62282843347540817, -0.617481488924412, -0.612291232523084, -0.60725272827912, -0.60236130709205282, -0.5976125532748815, -0.593002292032246, -0.5885265778205, -0.58418168351188338, -0.57996409029652418, -0.57587047825749937, -0.57189771756067531, -0.56804286020890937, -0.564303132310018, -0.560675926814573, -0.557158796677082, -0.553749448415884, -0.55044573601702418, -0.5472456551699838, -0.54414733778774182, -0.54114904679932341, -0.53824917117455373, -0.53544622117163321, -0.53273882377539861, -0.53012571831090938, -0.52760575221580253, -0.525177876949963, -0.522841144031456, -0.52059470118214646, -0.51843778857075462, -0.51636973514217843, -0.51438995501962825, -0.51249794397399828, -0.51069327594792657, -0.50897559962891936, -0.50734463505732119, -0.50580017027936375, -0.5043420580145167, -0.50297021235599437, -0.50168460548185079, -0.50048526438371732, -0.49937226760503278, -0.498345741981573, -0.49740585939173176, -0.49655283350533219, -0.49578691653251755, -0.49510839597067674, -0.49451759135126977, -0.49401485097874687, -0.49360054867062464, -0.49327508049131552, -0.4930388614834757, -0.49289232239622011, -0.492835906414379, -0.49287006588456617]
}
