{
	"input_file":	"../../instances/J100_M50_G3_I5_L50_seed16.json",
	"method":	"MVN CDF",
	"convergence_threshold":	0.001,
	"iterations_made":	1,
	"max_iterations":	10000,
	"time_taken":	0.003497,
	"ground_truth_matrix":	[[0.11046832303046365, 0.32375992679000548, 0.34976560708473542, 0.020404670466171049, 0.19560147262862432], [0.056072838761014418, 0.259257770101578, 0.039720168700331022, 0.016198597480567022, 0.62875062495650935], [0.31255056034065565, 0.030600658614167615, 0.48328435407656345, 0.065010843405680863, 0.1085535835629325]],
	"estimated_matrix":	[[0.14850958683702115, 0.23016306641411566, 0.3138820012908683, 0.028196375222019072, 0.27924897023597578], [0.11850757721478263, 0.2182613465389146, 0.2330414104708719, 0.021747450050533607, 0.4084422157248972], [0.19352204721571439, 0.15892880172211393, 0.3567475520839149, 0.045954416634605283, 0.24484718234365152]],
	"log_likelihood":	[-3.6917542726241344, -3.759136013159043]
}
