{
	"input_file":	"../../instances/J100_M50_G3_I5_L50_seed5.json",
	"method":	"MVN CDF",
	"convergence_threshold":	0.001,
	"iterations_made":	49,
	"max_iterations":	10000,
	"time_taken":	0.257604,
	"ground_truth_matrix":	[[0.043982912303551426, 0.358470733786538, 0.040576345559300911, 0.43953375062527472, 0.11743625772533485], [0.256473892537231, 0.39363112002854944, 0.198078425534879, 0.095454145901107262, 0.05636241599823328], [0.019580703375263634, 0.31191671477471344, 0.13540090275600683, 0.040084305930368942, 0.493017373163647]],
	"estimated_matrix":	[[0.044721886520567147, 0.356740346070897, 0.035489337076990583, 0.3816225978115898, 0.18142583251995548], [0.22958693304654482, 0.35234957883995971, 0.185882799722044, 0.0882294298182341, 0.14395125857321733], [0.032218533196931319, 0.32685692058975013, 0.1421929533105428, 0.083178995086703358, 0.41555259781607246]],
	"log_likelihood":	[-1.5045344305885757, -1.472775092126132, -1.4423737168704174, -1.4132864556165783, -1.3854729626442526, -1.3588956408823056, -1.3335189986371951, -1.3093091100167049, -1.286233171274346, -1.2642591451765328, -1.2433554852378079, -1.22349093144199, -1.2046343688759087, -1.1867547406568049, -1.1698210066400407, -1.1538021396576654, -1.1386671514736963, -1.1243851412106722, -1.1109253597035929, -1.0982572839785449, -1.0863506969041354, -1.0751757678488871, -1.0647031310242894, -1.0549039589188636, -1.04575002895, -1.037213782070783, -1.0292683726060141, -1.0218877090273237, -1.0150464857568444, -1.0087202063484764, -1.0028851986099721, -0.99751862236545441, -0.992598470651294, -0.98810356515923636, -0.98401354676270247, -0.9803088619254765, -0.976970745752442, -0.97398120237286567, -0.97132298329993161, -0.968979564304266, -0.96693512131267623, -0.96517450572281682, -0.96368321950177149, -0.96244739034495153, -0.9614537471324216, -0.960689595861644, -0.96014279620090326, -0.95980173875570352, -0.95965532312737, -0.95969293680385159]
}
