{
	"input_file":	"../../instances/J100_M50_G3_I5_L50_seed18.json",
	"method":	"MVN CDF",
	"convergence_threshold":	0.001,
	"iterations_made":	1,
	"max_iterations":	10000,
	"time_taken":	0.015953,
	"ground_truth_matrix":	[[0.17583738578154742, 0.11781376416577459, 0.35282805535055234, 0.033581138096485837, 0.31993965660563983], [0.19198564982437369, 0.15185075922920055, 0.611071372104512, 0.041117190992067849, 0.0039750278498458178], [0.23155809514120673, 0.4309450870170965, 0.30554024270356456, 0.0048214909585465749, 0.027135084179585732]],
	"estimated_matrix":	[[0.19823286333894771, 0.20543830276323816, 0.40316692604381166, 0.031318201307083564, 0.161843706546919], [0.20444069434571691, 0.22046707930612977, 0.47758954758629524, 0.018122531121899613, 0.07938014763995857], [0.20848092040984709, 0.29136666087899643, 0.399935739957998, 0.014512831141792509, 0.085703847611366]],
	"log_likelihood":	[-3.7392382487752149, -4.1276082080995629]
}
