{
	"input_file":	"../../instances/J100_M50_G4_I10_L50_seed9.json",
	"method":	"MVN CDF",
	"convergence_threshold":	0.001,
	"iterations_made":	1,
	"max_iterations":	10000,
	"time_taken":	0.031299,
	"ground_truth_matrix":	[[0.0031845878535814529, 0.21281910917822938, 0.20910140020993273, 0.043874767354241673, 0.046808571478480061, 0.075310909771104, 0.16556334873637976, 0.0870796615220599, 0.026813439019434428, 0.12944420487655667], [0.0142710070749783, 0.16490781651527461, 0.23584109291398292, 0.0030910774066948976, 0.093939200833778158, 0.066516745753404521, 0.17855868802116745, 0.085985088518246378, 0.0620822392605847, 0.0948070437018881], [0.029749867779614324, 0.072198273449989248, 0.10609433568271461, 0.038165718905451625, 0.17185928702530912, 0.099157362908030441, 0.24942287516209627, 0.011319994990374232, 0.044833360092397113, 0.177198924004023], [0.0752028946487588, 0.14144413173079354, 0.25355459418123122, 0.014719976569851292, 0.0199782340187023, 0.14823323769446353, 0.1697994559674898, 0.10184511376430988, 0.030556255175655311, 0.044666106248744418]],
	"estimated_matrix":	[[0.015946132716710224, 0.16355425522710421, 0.21321622536493923, 0.030835786482313547, 0.071917821582557079, 0.0928714987796063, 0.1929742343020002, 0.071749009330252161, 0.039850885929863779, 0.10708415028465323], [0.018664642686160995, 0.15704768651826645, 0.22418721087601981, 0.015889249063953413, 0.0867360417048382, 0.088975131024733, 0.1836428535432332, 0.070254522213867937, 0.055910699363960342, 0.0986919630049667], [0.030221327490089142, 0.12237191395918241, 0.17944493424749275, 0.032186819059547428, 0.10126090210683, 0.096580309589510166, 0.22294106142871992, 0.050332993596006737, 0.045223170426541753, 0.11943656809607972], [0.042029626288912617, 0.150821637513569, 0.22855466566385629, 0.02119803176639435, 0.061139438577845942, 0.112130786383759, 0.18033009138503314, 0.072925402608950529, 0.042961929298625585, 0.087908390513053478]],
	"log_likelihood":	[-11.472152631489132, -11.973157155421678]
}
