{
	"input_file":	"../../instances/J100_M50_G4_I10_L50_seed14.json",
	"method":	"MVN CDF",
	"convergence_threshold":	0.001,
	"iterations_made":	1,
	"max_iterations":	10000,
	"time_taken":	0.021127,
	"ground_truth_matrix":	[[0.072756559579671962, 0.1496149553698512, 0.20608955322757225, 0.00081482132852198129, 0.037383355051305023, 0.318757571955605, 0.0725851899237404, 0.038640124848800833, 0.07813803605270303, 0.025219832662228388], [0.16106647274809777, 0.04108471195722066, 0.075916688175726, 0.000577733854966009, 0.10966663037368535, 0.023120032174088642, 0.26444084160278358, 0.04597428467004392, 0.13690581024077314, 0.141246794202615], [0.27457020663254578, 0.015670213003462923, 0.047928096851870335, 0.086529298626726064, 0.15012209735757456, 0.040009698419252678, 0.16224042461034441, 0.14373135909456444, 0.02698626539329689, 0.05221234001036193], [0.17521412386860613, 0.00697835471180187, 0.11006490846913713, 0.0051621694983193618, 0.10542941003364474, 0.1087927986118222, 0.042025252126242911, 0.38119891987403859, 0.048249509222306627, 0.016884553584080437]],
	"estimated_matrix":	[[0.13603205448821956, 0.0809774245866398, 0.14218227512714982, 0.00882759420564496, 0.094804067565475755, 0.17443343133335731, 0.11346303385336216, 0.12275742784047061, 0.0737108615323268, 0.052811829467353216], [0.16303451434793609, 0.048181143471947532, 0.092921159244547, 0.014091494045431122, 0.10425343022550342, 0.0966147620152539, 0.17380182227092381, 0.1243856575316936, 0.089902498644654674, 0.092813518202108827], [0.20768881213088167, 0.033333208729689347, 0.089276794194841649, 0.0408327883029096, 0.12542209669941137, 0.09383911856058, 0.14711802875488841, 0.153732491171104, 0.04756980013098807, 0.061186861324705862], [0.17507171185016376, 0.042728065745178588, 0.10168800655164463, 0.0157740522055326, 0.10784549515421823, 0.1098709064854087, 0.12325989716427238, 0.20655434239146067, 0.058466032215535466, 0.058741490236584926]],
	"log_likelihood":	[-10.801733429266573, -11.387083449895597]
}
