{
	"input_file":	"../../instances/J100_M50_G4_I10_L50_seed4.json",
	"method":	"MVN CDF",
	"convergence_threshold":	0.001,
	"iterations_made":	2,
	"max_iterations":	10000,
	"time_taken":	0.01859,
	"ground_truth_matrix":	[[0.22583551318107506, 0.052443917345447011, 0.23828791306220862, 0.0830378819242122, 0.079186543171321358, 0.016113585473482447, 0.24761394129387149, 0.00041364337115573342, 0.019304135128980132, 0.037762926048245667], [0.12006391970874336, 0.017497584298260781, 0.15791029373823773, 0.32558754806371482, 0.014215320954268749, 0.072264894734091964, 0.00071710695160031874, 0.038822962732027649, 0.0035880152585265278, 0.249332353560528], [0.055515405364858314, 0.28830098826938388, 0.1495248801034782, 0.19495435552022833, 0.018424095092939071, 0.00754847271122037, 0.0889614160291074, 0.017817431884025, 0.12808472611908472, 0.0508682289056748], [0.0866995985623684, 0.3203931365668275, 0.0851894114973985, 0.013226544553905954, 0.019895455387539254, 0.0910104426573138, 0.0858452373772756, 0.11724633796272703, 0.0592935471165809, 0.12120028831806316]],
	"estimated_matrix":	[[0.15887925160741587, 0.12807411317810904, 0.185270161669578, 0.12902376913247532, 0.05657171727026556, 0.030092327398265388, 0.14163969263673648, 0.023759928455668308, 0.043156838446682187, 0.10353220020480383], [0.11356507632451394, 0.11779656535454583, 0.17843351249874267, 0.19758260307964726, 0.024401466790566245, 0.061564575678962, 0.077845126666842068, 0.036995539273517328, 0.040434773241193454, 0.1513807610914692], [0.10562984827280361, 0.20746512480134424, 0.15135143331454179, 0.15686109935859913, 0.029223977893176732, 0.028530026575538988, 0.10032991159821882, 0.033008190376193826, 0.08708100067072895, 0.1005193871388539], [0.11032029917944386, 0.21824988357479944, 0.13956607545841415, 0.11381701021981878, 0.019953474487490134, 0.0554826908488416, 0.10862240358396637, 0.0663642635397111, 0.053301328302811389, 0.11432257080470319]],
	"log_likelihood":	[-10.18681522807085, -10.1687445474419, -10.198821277732854]
}
