{
	"input_file":	"../../instances/J100_M50_G4_I10_L50_seed2.json",
	"method":	"MVN CDF",
	"convergence_threshold":	0.001,
	"iterations_made":	1,
	"max_iterations":	10000,
	"time_taken":	0.028576,
	"ground_truth_matrix":	[[0.11991661550111644, 0.0055003363088887832, 0.16704342406662817, 0.11966709003802448, 0.11419385771146613, 0.083961110968791053, 0.047944554745746416, 0.2022021665049108, 0.074581293038413141, 0.0649895511160146], [0.10911846334865041, 0.0846798451193815, 0.016250220290096911, 0.0810237270119616, 0.022921616895543978, 0.17298877101751881, 0.21630711039323489, 0.0766399545108728, 0.21073926823981, 0.0093310231729288751], [0.19966258193982236, 0.019156405580939437, 0.15855947193431905, 0.028802863437738628, 0.038588756331956124, 0.25768408299196249, 0.0726925031860041, 0.03209262146888716, 0.0706085005185904, 0.12215221260978017], [0.083419112105758, 0.029801868665378786, 0.13527487157614856, 0.0872725691336062, 0.0930693838728003, 0.064704452441190968, 0.2087249734595181, 0.11473843959917937, 0.023422700795430153, 0.15957162835098973]],
	"estimated_matrix":	[[0.11915890170448473, 0.026411862243409037, 0.14486557070200246, 0.097853405912980862, 0.0833023182113941, 0.13468563915352821, 0.11057154626538875, 0.11809383000513438, 0.0832395324541222, 0.0818173933475552], [0.12569529452904021, 0.048439875523558877, 0.0906646074849782, 0.0773022330173552, 0.052714473612683471, 0.16563792044521256, 0.14464075297699563, 0.0929422482265435, 0.13527646716516542, 0.066686127018466865], [0.149210117536729, 0.033125708140821122, 0.13577358077749382, 0.0746003840115476, 0.057896758170521187, 0.179627714437175, 0.10605970082027111, 0.086963448058455836, 0.084305456959504976, 0.0924371310874803], [0.11672948506002744, 0.03681344422918529, 0.11891912068749268, 0.075992427481953867, 0.084114384176891, 0.12982639293720227, 0.15206331834032719, 0.10103796674549373, 0.079355256243592839, 0.10514820409783368]],
	"log_likelihood":	[-5.1507446321236472, -5.2013460470607962]
}
