{
	"input_file":	"../../instances/J100_M50_G4_I10_L50_seed15.json",
	"method":	"MVN CDF",
	"convergence_threshold":	0.001,
	"iterations_made":	1,
	"max_iterations":	10000,
	"time_taken":	0.012526,
	"ground_truth_matrix":	[[0.39339948770115563, 0.041042950092062262, 0.011639288492786368, 0.093430808791668, 0.067078035960545859, 0.157217266005475, 0.0760380442620253, 0.0756051191039522, 0.02467344936176653, 0.059875550228563078], [0.2953606482247047, 0.036288091571448439, 0.14966549434619961, 0.23753843791970947, 0.19467365456822786, 0.027970400863696843, 0.021652015798033372, 0.00565896413313319, 0.00475841081323897, 0.0264338817616074], [0.4551716897329145, 0.032506860223525939, 0.099599876553778, 0.044701146428546813, 0.049670784992480038, 0.20217060418700536, 0.00807758594348576, 0.043600597580280752, 0.010636544040331203, 0.053864310317651654], [0.052571421830119418, 0.11419191992446751, 0.16211882632878732, 0.067048666787579, 0.144369323587347, 0.1523146549010575, 0.08060745680876423, 0.0763970285101682, 0.0732510321786754, 0.077129669143034332]],
	"estimated_matrix":	[[0.31768142468581678, 0.047071212804042, 0.0833531244053999, 0.0992613106917614, 0.097188995425739569, 0.14080911618005232, 0.06220004066411397, 0.065119721132300856, 0.024948661519383176, 0.062366392491390019], [0.3007064020378491, 0.046604689349184138, 0.12483818831632607, 0.14399733373127141, 0.1325121264310595, 0.10903237030683603, 0.039543941736843988, 0.03761680517023526, 0.015483630961560911, 0.049664511958833556], [0.3405265988536384, 0.049961637719510441, 0.12006795128702086, 0.093854460162911532, 0.10504980532580935, 0.14290453964772137, 0.024562664748146078, 0.042208979269245439, 0.022088536767388773, 0.058774826218607835], [0.235540142866561, 0.072370837333183655, 0.132760056844247, 0.087824195947942066, 0.13197167493181317, 0.13729331537391559, 0.043506316403629883, 0.055136290734880633, 0.037971390947526815, 0.065625778616300173]],
	"log_likelihood":	[-8.3173769023233, -8.57843127532997]
}
