{
	"input_file":	"../../instances/J100_M50_G4_I10_L50_seed18.json",
	"method":	"MVN CDF",
	"convergence_threshold":	0.001,
	"iterations_made":	23,
	"max_iterations":	10000,
	"time_taken":	0.177233,
	"ground_truth_matrix":	[[0.079612049573285548, 0.053341302769557571, 0.15974625935528347, 0.01520417981069265, 0.14485572387769835, 0.10506232004872461, 0.083098883069512963, 0.33440299380389882, 0.022500991524444326, 0.0021752961669017148], [0.11041562041843452, 0.20549084721159183, 0.14569309460047292, 0.0022990684700750739, 0.012939030064866993, 0.038644144714774474, 0.1269946163384455, 0.21625373472435236, 0.024212202145507448, 0.11705764131147908], [0.10266653452655629, 0.037083991797034088, 0.13319222292738928, 0.1435889494144332, 0.018771610259097959, 0.254774298579153, 0.0552593377388751, 0.0937544862565924, 0.020261829253660643, 0.14064673924720819], [0.049671840307513773, 0.0448811195838579, 0.0463472346759975, 0.22690352342756678, 0.10369601946895482, 0.0274398872646683, 0.16153126623860123, 0.13169595376499768, 0.098242519444682264, 0.1095906358231598]],
	"estimated_matrix":	[[0.0776624100387776, 0.063399749522487378, 0.13433774492102674, 0.037842336376569537, 0.12650516005708454, 0.11186499084933835, 0.095344242618929542, 0.26953490005046221, 0.019167013534838025, 0.0643414520304861], [0.10554065851068577, 0.17070921235350456, 0.12352695825407733, 0.037660859372049341, 0.016712911282865475, 0.0547584620723512, 0.11479936740155094, 0.23073153892038217, 0.043047966815063746, 0.10251206501746947], [0.10143287084111094, 0.050424061277769654, 0.13933836209465, 0.12979537145541689, 0.024698110375479206, 0.21087620768874057, 0.086573262655484665, 0.13032302937868553, 0.027519801556893528, 0.099018922675769033], [0.0596758290808087, 0.054629743204986932, 0.0943447070535609, 0.17372390972900986, 0.093888529788256542, 0.061605425281864738, 0.1476638745108127, 0.14546221434730294, 0.067439718895147438, 0.10156604810824928]],
	"log_likelihood":	[-4.8755649234221226, -4.8253337156371483, -4.7785783793538332, -4.7345975312849831, -4.69306960584641, -4.6539035964818636, -4.6171285078584265, -4.58282009287316, -4.55105730026462, -4.5218996217649, -4.4953777536607635, -4.471491975759224, -4.4502145255847, -4.43149369279454, -4.4152583534359229, -4.4014222924848, -4.389888032991597, -4.38055009201693, -4.3732976834166646, -4.36801692944568, -4.36459265433006, -4.36290982950887, -4.3628547310527415, -4.3643158593710334]
}
