{
	"input_file":	"../../instances/J100_M50_G4_I10_L50_seed5.json",
	"method":	"MVN CDF",
	"convergence_threshold":	0.001,
	"iterations_made":	11,
	"max_iterations":	10000,
	"time_taken":	0.181254,
	"ground_truth_matrix":	[[0.026715474938408819, 0.21773719390232371, 0.024646306624725028, 0.26697533847630672, 0.071331461147205, 0.10069016905056917, 0.15453730446846922, 0.0777644459444631, 0.037474746424589631, 0.022127559022939464], [0.011432530344489289, 0.1821179371482772, 0.079056145214111834, 0.02340391124384544, 0.28785667046947466, 0.043499462919321719, 0.072629835700401, 0.047677443735614625, 0.13457350322664272, 0.11775255999782144], [0.0980656442888187, 0.033076972621810384, 0.035863752635601466, 0.031308368631353931, 0.042480730056273688, 0.016664471943367083, 0.019381380265742564, 0.35563741156193152, 0.345173883787732, 0.022347384207368561], [0.0024998014743971664, 0.023249233544709712, 0.12225828191408337, 0.15359586527260127, 0.00235689573151083, 0.087565373473592542, 0.00016696494934188776, 0.073609992628529172, 0.10373145122203967, 0.43096613978919429]],
	"estimated_matrix":	[[0.032750988337664731, 0.1581064159668531, 0.04262853885490496, 0.18728912351192151, 0.0839790116276131, 0.078931021102253474, 0.11795897153054345, 0.0941301096840984, 0.10118784474683802, 0.10303797463730936], [0.016189810890511889, 0.14374892452802973, 0.0783659618556996, 0.077209525151376163, 0.17814390581915679, 0.043534336028028274, 0.067434224337364, 0.099551206259174255, 0.15202644466672827, 0.143795660463931], [0.065499361541105, 0.06218848393485, 0.049683190357640773, 0.061213966886040382, 0.055608002136133726, 0.033076175437283389, 0.03901055781183102, 0.255047072669846, 0.25266722075054932, 0.1260059684747204], [0.0097067704094025362, 0.067105957023478657, 0.08926371414542586, 0.11048206200818815, 0.055084682491872913, 0.0700489701611387, 0.029105207043668858, 0.13594884911012473, 0.14047252958436718, 0.29278125802233246]],
	"log_likelihood":	[-8.3828248125823, -8.2946060833428454, -8.21166319183204, -8.1363495348527728, -8.07053768965805, -8.0153835838882, -7.9713370405559516, -7.9382592462247326, -7.915573025983, -7.90241157237816, -7.8977492181671121, -7.9005061671863377]
}
