{
	"input_file":	"../../instances/J100_M50_G4_I10_L50_seed16.json",
	"method":	"MVN CDF",
	"convergence_threshold":	0.001,
	"iterations_made":	7,
	"max_iterations":	10000,
	"time_taken":	0.108002,
	"ground_truth_matrix":	[[0.037220072406000837, 0.10908437447685727, 0.11784646370736214, 0.0068749419864193783, 0.0659039693392477, 0.03718022718294757, 0.17190609579094332, 0.026337259333659491, 0.010740806916152435, 0.41690578886040985], [0.14673895330909076, 0.014366663143133332, 0.22689653856502881, 0.03052185574293443, 0.050964679802890864, 0.061466417499061822, 0.21102591149970712, 0.11042169790901495, 0.042842649101018683, 0.10475463342811923], [0.013250987302843993, 0.256850768624498, 0.0859595215094735, 0.065692664325043046, 0.038848493972169149, 0.00454383432734067, 0.14359733763946944, 0.0806029761315524, 0.149913861489711, 0.16073955467789863], [0.012188846753831348, 0.17527867314719919, 0.0089059835851186368, 0.187845388056902, 0.095254420314843463, 0.10261763664422197, 0.17592191677477387, 0.19041692058761223, 0.049692943565485183, 0.001877270570012024]],
	"estimated_matrix":	[[0.026869885356567445, 0.133655620453313, 0.10291358629954975, 0.0404037224404461, 0.067998556800050333, 0.051607701040679035, 0.18179282867298846, 0.07858140823015107, 0.041311595488669146, 0.27486509521758562], [0.0977164041812909, 0.095865310199556353, 0.14342294461920083, 0.056038431527475861, 0.069441938491322339, 0.05157232791608634, 0.18534817927297517, 0.092067600579704978, 0.0550661628075632, 0.153460700404824], [0.025651473585572949, 0.18319517552875805, 0.10551504040607393, 0.074683323896431023, 0.056067949313370627, 0.025366168297287061, 0.16273229090992686, 0.098807987060293451, 0.093396480942627771, 0.17458411005965829], [0.027895497897518488, 0.16111250064013286, 0.06696848601698846, 0.098643328433316954, 0.078652182741730733, 0.0657355381139305, 0.18707316665483417, 0.13964783805416134, 0.055366038854284642, 0.11890542259310184]],
	"log_likelihood":	[-6.73417179065164, -6.6782681844369263, -6.6340771820768047, -6.601374765091637, -6.5797971358143084, -6.56880455567372, -6.5676801449989268, -6.5755578717658141]
}
