{
	"input_file":	"../../instances/J100_M50_G4_I10_L50_seed20.json",
	"method":	"MVN CDF",
	"convergence_threshold":	0.001,
	"iterations_made":	14,
	"max_iterations":	10000,
	"time_taken":	0.140373,
	"ground_truth_matrix":	[[0.082219907057948835, 0.21132951055997232, 0.20588944772410889, 0.15682425779427028, 0.0033877396753867507, 0.10908302458583818, 0.0441117692532601, 0.06774392256656836, 0.099437221215447555, 0.019973199567198632], [0.036851563522719288, 0.14699395741819674, 0.17712024127059539, 0.22017884136159249, 0.17304768634872764, 0.0043302193415076231, 0.01438446802344439, 0.16130282000057855, 0.031695152369169713, 0.034095050343468228], [0.15918532554909737, 0.24428049725138792, 0.067357448039370771, 0.01608475063339752, 0.12010770984818865, 0.055369517882249544, 0.0814706996585495, 0.14939832088464047, 0.050476971643638679, 0.056268758609479635], [0.17512236761584526, 0.1619564906034287, 0.048192968371954921, 0.010729382754040132, 0.22721335331152778, 0.10095756647924056, 0.061467597720307812, 0.11001516460228818, 0.047109106956295665, 0.057236001585070841]],
	"estimated_matrix":	[[0.099009808609310634, 0.19542029780024417, 0.17257913311491221, 0.12056484074174181, 0.0755078888243614, 0.082948949449473341, 0.048914893946128565, 0.098019723435123648, 0.070792286738994167, 0.036242177339709969], [0.073150083940646177, 0.17278536379541257, 0.14357545489899035, 0.16210688208357138, 0.14698160180089748, 0.032998398138892868, 0.023123585300530505, 0.15627672839994605, 0.042443212956071112, 0.046558688685041531], [0.13364126899405951, 0.21256740437348376, 0.06769293969606, 0.051066127838947116, 0.13175545710820716, 0.078470661184187565, 0.070292340715602628, 0.15473688661706611, 0.049783160082012543, 0.049993753390373624], [0.1409052832876739, 0.18745269259409036, 0.088027133649281636, 0.049419736937303775, 0.1823191490170393, 0.0855898782692936, 0.0455444370099259, 0.12292288620136191, 0.044249874951608655, 0.053568928082420975]],
	"log_likelihood":	[-4.19210560995538, -4.1820637114932682, -4.17324122688025, -4.16536306916755, -4.15827108243474, -4.1518885258589266, -4.1461925366714745, -4.14119346699484, -4.1369198856583456, -4.1334080774727857, -4.1306949978004, -4.1288138029148618, -4.1277912452498438, -4.1276463786898523, -4.12839015354356]
}
