{
	"input_file":	"../../instances/J100_M50_G4_I10_L50_seed9.json",
	"method":	"MVN CDF",
	"convergence_threshold":	0.001,
	"iterations_made":	1,
	"max_iterations":	10000,
	"time_taken":	0.021048,
	"ground_truth_matrix":	[[0.0031845878535814529, 0.21281910917822938, 0.20910140020993273, 0.043874767354241673, 0.046808571478480061, 0.075310909771104, 0.16556334873637976, 0.0870796615220599, 0.026813439019434428, 0.12944420487655667], [0.0142710070749783, 0.16490781651527461, 0.23584109291398292, 0.0030910774066948976, 0.093939200833778158, 0.066516745753404521, 0.17855868802116745, 0.085985088518246378, 0.0620822392605847, 0.0948070437018881], [0.029749867779614324, 0.072198273449989248, 0.10609433568271461, 0.038165718905451625, 0.17185928702530912, 0.099157362908030441, 0.24942287516209627, 0.011319994990374232, 0.044833360092397113, 0.177198924004023], [0.0752028946487588, 0.14144413173079354, 0.25355459418123122, 0.014719976569851292, 0.0199782340187023, 0.14823323769446353, 0.1697994559674898, 0.10184511376430988, 0.030556255175655311, 0.044666106248744418]],
	"estimated_matrix":	[[0.015946132716710228, 0.16355425522710418, 0.21321622536493931, 0.030835786482313551, 0.071917821582557148, 0.092871498779606251, 0.19297423430200017, 0.071749009330252161, 0.039850885929863779, 0.10708415028465326], [0.018664642686160995, 0.15704768651826623, 0.22418721087601989, 0.015889249063953413, 0.086736041704838132, 0.088975131024733062, 0.18364285354323323, 0.070254522213868, 0.055910699363960363, 0.0986919630049667], [0.030221327490089153, 0.12237191395918241, 0.1794449342474928, 0.032186819059547477, 0.10126090210683007, 0.096580309589510235, 0.22294106142871964, 0.050332993596006723, 0.045223170426541753, 0.11943656809607976], [0.042029626288912617, 0.15082163751356886, 0.228554665663856, 0.021198031766394381, 0.061139438577845928, 0.11213078638375894, 0.18033009138503336, 0.072925402608950654, 0.04296192929862562, 0.0879083905130536]],
	"log_likelihood":	[-11.472152631489161, -11.973157155421573]
}
