{
	"input_file":	"../../instances/J100_M50_G4_I10_L50_seed5.json",
	"method":	"MVN CDF",
	"convergence_threshold":	0.001,
	"iterations_made":	11,
	"max_iterations":	10000,
	"time_taken":	0.189272,
	"ground_truth_matrix":	[[0.026715474938408819, 0.21773719390232371, 0.024646306624725028, 0.26697533847630672, 0.071331461147205, 0.10069016905056917, 0.15453730446846922, 0.0777644459444631, 0.037474746424589631, 0.022127559022939464], [0.011432530344489289, 0.1821179371482772, 0.079056145214111834, 0.02340391124384544, 0.28785667046947466, 0.043499462919321719, 0.072629835700401, 0.047677443735614625, 0.13457350322664272, 0.11775255999782144], [0.0980656442888187, 0.033076972621810384, 0.035863752635601466, 0.031308368631353931, 0.042480730056273688, 0.016664471943367083, 0.019381380265742564, 0.35563741156193152, 0.345173883787732, 0.022347384207368561], [0.0024998014743971664, 0.023249233544709712, 0.12225828191408337, 0.15359586527260127, 0.00235689573151083, 0.087565373473592542, 0.00016696494934188776, 0.073609992628529172, 0.10373145122203967, 0.43096613978919429]],
	"estimated_matrix":	[[0.032750988337664828, 0.15810641596685282, 0.042628538854904759, 0.18728912351192181, 0.0839790116276131, 0.078931021102253363, 0.11795897153054345, 0.094130109684098351, 0.10118784474683826, 0.10303797463730917], [0.016189810890511882, 0.14374892452802993, 0.0783659618556994, 0.077209525151375663, 0.17814390581915668, 0.0435343360280282, 0.067434224337363929, 0.099551206259174, 0.15202644466672863, 0.14379566046393166], [0.065499361541104945, 0.062188483934850276, 0.0496831903576409, 0.0612139668860403, 0.055608002136133858, 0.033076175437283313, 0.039010557811830868, 0.25504707266984672, 0.25266722075054865, 0.12600596847472026], [0.0097067704094025362, 0.0671059570234789, 0.089263714145426151, 0.11048206200818807, 0.0550846824918727, 0.0700489701611387, 0.029105207043668858, 0.13594884911012467, 0.14047252958436696, 0.29278125802233251]],
	"log_likelihood":	[-8.3828248125822942, -8.2946060833427655, -8.2116631918317431, -8.1363495348523642, -8.0705376896582468, -8.01538358388822, -7.9713370405561026, -7.93825924622473, -7.9155730259834236, -7.90241157237834, -7.8977492181672622, -7.9005061671863119]
}
