{
	"input_file":	"../../instances/J100_M50_G4_I2_L50_seed18.json",
	"method":	"MVN CDF",
	"convergence_threshold":	0.001,
	"iterations_made":	119,
	"max_iterations":	10000,
	"time_taken":	0.027474196,
	"ground_truth_matrix":	[[0.598796857472177, 0.40120314252782313], [0.913094360419019, 0.086905639580980923], [0.57961290670290522, 0.42038709329709484], [0.19903834610714546, 0.80096165389285456]],
	"estimated_matrix":	[[0.61137788173590657, 0.38862211826409349], [0.89130246001121682, 0.10869753998878307], [0.58369554194093776, 0.41630445805906219], [0.27518433442835627, 0.72481566557164367]],
	"log_likelihood":	[-0.22340248637632737, -0.22058324257956871, -0.2178323247500428, -0.21514738313886489, -0.21252617552185066, -0.20996656138779837, -0.20746649650950347, -0.20502402784299592, -0.2026372887590919, -0.200304494561956, -0.19802393828264572, -0.19579398673417067, -0.19361307679431833, -0.19147971191605387, -0.1893924588439562, -0.187349944515094, -0.18535085314688812, -0.183393923485825, -0.1814779462169521, -0.17960176151202623, -0.17776425671984178, -0.17596436418036482, -0.17420105915733386, -0.17247335788570914, -0.17078031571724314, -0.16912102537001886, -0.16749461526630657, -0.16590024795729927, -0.16433711862510544, -0.162804453667164, -0.16130150934884516, -0.159827570515832, -0.15838194938315839, -0.1569639843715819, -0.15557303900533495, -0.15420850085933932, -0.15286978056081518, -0.15155631083117507, -0.15026754557426936, -0.14900295900916283, -0.14776204483686328, -0.14654431544644253, -0.14534930115669464, -0.14417654949077657, -0.14302562447667957, -0.14189610598702854, -0.14078758909816705, -0.13969968347777739, -0.13863201280228687, -0.1375842141882028, -0.13655593765802848, -0.13554684561555433, -0.13455661235119371, -0.1335849235603439, -0.13263147588248467, -0.13169597645737519, -0.13077814249685329, -0.12987770087318617, -0.12899438772533811, -0.12812794807202763, -0.1272781354451242, -0.12644471153549536, -0.12562744584724014, -0.12482611536868193, -0.12404050425029481, -0.12327040349877644, -0.12251561067640288, -0.12177592961208278, -0.12105117012844924, -0.12034114776323696, -0.11964568351823546, -0.11896460360266464, -0.11829773919123304, -0.11764492618972569, -0.11700600500647379, -0.11638082033272727, -0.11576922093134887, -0.11517105943113495, -0.11458619212776065, -0.11401447879080097, -0.11345578248112398, -0.11290996937074887, -0.11237690856906171, -0.11185647195580881, -0.11134853402291851, -0.11085297171640603, -0.11036966428581375, -0.10989849314468934, -0.10943934172417258, -0.10899209534786038, -0.10855664109498241, -0.108132867682901, -0.10772066534395215, -0.10731992571374226, -0.10693054172151627, -0.10655240748644282, -0.10618541821236731, -0.10582947010077834, -0.10548446024996254, -0.10515028657425692, -0.10482684771821223, -0.10451404297808561, -0.1042117722279416, -0.103919935846852, -0.10363843465320272, -0.10336716983968962, -0.10310604291581441, -0.10285495564958674, -0.10261381001610488, -0.10238250814922466, -0.10216095229386676, -0.10194904476384324, -0.10174668790479431, -0.10155378405657026, -0.1013702355191799, -0.10119594452521403, -0.1010308132111776, -0.10087474359310056, -0.10072763754381889, -0.092759263422505234]
}
