{
	"input_file":	"../../instances/J100_M50_G4_I2_L50_seed8.json",
	"method":	"MVN CDF",
	"convergence_threshold":	0.001,
	"iterations_made":	101,
	"max_iterations":	10000,
	"time_taken":	0.026366204,
	"ground_truth_matrix":	[[0.37404082947384554, 0.62595917052615457], [0.728815845450914, 0.27118415454908579], [0.9585196963066358, 0.041480303693364189], [0.52235768616250344, 0.47764231383749667]],
	"estimated_matrix":	[[0.413248629312817, 0.586751370687183], [0.74586786631501, 0.25413213368498988], [0.892270997648481, 0.10772900235151897], [0.6064610602426117, 0.39353893975738824]],
	"log_likelihood":	[-0.22248299489475193, -0.21968157058119073, -0.21694836447055971, -0.21428127069635233, -0.21167827511362436, -0.20913745050794147, -0.20665695210321885, -0.2042350133273447, -0.20186994184069559, -0.19956011579033561, -0.19730398028519272, -0.19510004407437151, -0.19294687641650171, -0.19084310412170738, -0.18878740876408545, -0.18677852404621725, -0.18481523330983951, -0.1828963671786008, -0.18102080133351528, -0.17918745440145248, -0.17739528596027992, -0.17564329464369863, -0.17393051635041396, -0.17225602253767128, -0.170618918611352, -0.16901834238835042, -0.167453462643223, -0.16592347772198207, -0.1644276142264928, -0.16296512576425468, -0.16153529175488715, -0.16013741629904885, -0.1587708270986091, -0.15743487442461457, -0.15612893014111984, -0.15485238676843158, -0.15360465659211389, -0.15238517081203, -0.15119337873219463, -0.15002874698326346, -0.148890758785938, -0.14777891324069178, -0.1466927246548366, -0.14563172189505705, -0.14459544777168162, -0.14358345844796977, -0.14259532287488422, -0.14163062225295822, -0.14068894951336106, -0.13976990882575546, -0.13887311512300252, -0.13799819365065844, -0.137144779530128, -0.13631251734556268, -0.135501060749198, -0.13471007207223618, -0.13393922197137587, -0.13318818906877813, -0.13245665962809811, -0.13174432722534918, -0.13105089244944115, -0.130376062604159, -0.12971955142909339, -0.12908107883131947, -0.12846037062673471, -0.12785715829256156, -0.12727117873594709, -0.12670217406227516, -0.12614989136461191, -0.12561408251513215, -0.12509450396779864, -0.12459091657004992, -0.12410308538292035, -0.12363077950909551, -0.12317377192885429, -0.1227318393420863, -0.12230476202051263, -0.12189232366208488, -0.12149431126086609, -0.1211105149699975, -0.12074072798437419, -0.12038474642039156, -0.12004236920567669, -0.11971339797180672, -0.119397636954299, -0.11909489289756725, -0.11880497496248679, -0.11852769464331737, -0.11826286568237171, -0.1180103039964811, -0.11776982760388249, -0.11754125655160676, -0.11732441285697086, -0.11711912044022045, -0.11692520507185393, -0.11674249431472931, -0.11657081747693709, -0.11641000556059312, -0.1162598912189758, -0.11612030871607049, -0.1159910938841006, -0.10842563561791546]
}
