{
	"input_file":	"../../instances/J100_M50_G4_I2_L50_seed14.json",
	"method":	"MVN CDF",
	"convergence_threshold":	0.001,
	"iterations_made":	136,
	"max_iterations":	10000,
	"time_taken":	0.030760546,
	"ground_truth_matrix":	[[0.32718470976908715, 0.6728152902309128], [0.99606184581514945, 0.0039381541848506141], [0.104967871470104, 0.895032128529896], [0.65259594969166024, 0.34740405030833971]],
	"estimated_matrix":	[[0.38077698169113733, 0.61922301830886273], [0.92635519975347, 0.0736448002465298], [0.13315012543862773, 0.86684987456137241], [0.63803202245168933, 0.36196797754831067]],
	"log_likelihood":	[-0.32216640615032, -0.31839814571624314, -0.31472654232139557, -0.31114804123682327, -0.30765925489729168, -0.30425695334209363, -0.3009380552973091, -0.297699619861312, -0.29453883874085091, -0.29145302899083025, -0.28843962623643921, -0.28549617832202667, -0.28262033937377229, -0.27980986423078341, -0.27706260323019649, -0.27437649731277619, -0.27174957343210254, -0.26917994024316239, -0.26666578404973279, -0.26420536500110675, -0.261797013506981, -0.25943912686937748, -0.25713016611373968, -0.25486865299729211, -0.25265316719813019, -0.25048234365802469, -0.24835487008562251, -0.24626948458851233, -0.24422497345181354, -0.24222016903024224, -0.24025394776356968, -0.23832522829713776, -0.23643296970826655, -0.23457616982833485, -0.2327538636578636, -0.23096512186153129, -0.229209049351021, -0.2274847839396715, -0.2257914950673294, -0.22412838259767451, -0.22249467567327019, -0.22088963163499542, -0.21931253499548312, -0.21776269646694021, -0.216239452040468, -0.214742162109159, -0.21327021064161561, -0.21182300439215049, -0.21039997215851028, -0.20900056406631687, -0.20762425090451533, -0.20627052347706495, -0.20493889200495535, -0.20362888554315872, -0.20234005143394476, -0.20107195478582057, -0.19982417797823382, -0.19859632018832465, -0.19738799694240247, -0.19619883968806176, -0.19502849538548145, -0.19387662611842318, -0.19274290872320946, -0.1916270344345602, -0.19052870854443227, -0.18944765007782671, -0.18838359148341705, -0.18733627833267028, -0.18630546903430686, -0.185290934558112, -0.18429245816838682, -0.18330983516666008, -0.18234287264711377, -0.181391389249408, -0.18045521493079814, -0.17953419073460428, -0.17862816857132971, -0.17773701099931682, -0.17686059101260093, -0.17599879183069267, -0.1751515066938433, -0.17431863865861588, -0.17350010039604707, -0.17269581398999181, -0.17190571073763072, -0.17112973095239695, -0.17036782376172568, -0.16961994690696236, -0.16888606654486868, -0.16816615704197968, -0.16746020077149279, -0.16676818790760953, -0.16609011621559655, -0.16542599084011475, -0.16477582408921435, -0.16413963521806149, -0.16351745020613775, -0.16290930152936664, -0.16231522793494157, -0.16173527420140865, -0.16116949090534211, -0.16061793417609962, -0.16008066544898167, -0.15955775121152985, -0.15904926275201678, -0.15855527589377286, -0.158075870729794, -0.15761113135547153, -0.15716114559148478, -0.15672600470714629, -0.156305803134563, -0.15590063818629191, -0.15551060975913025, -0.15513582004706242, -0.15477637323573842, -0.154432375209311, -0.15410393324466018, -0.15379115570566787, -0.15349415173703448, -0.15321303095696331, -0.15294790314454615, -0.15269887793163633, -0.1524660644917335, -0.15224957122932017, -0.15204950547008964, -0.15186597315057471, -0.1516990785152548, -0.15154892380844431, -0.15141560897352285, -0.15129923135356607, -0.15119988539685653, -0.15111766236707483, -0.15105265005482529, -0.15100493250016986, -0.15097458971589295, -0.15096169742059368, -0.13677600337678683]
}
