{
	"input_file":	"../../instances/J100_M50_G4_I2_L50_seed20.json",
	"method":	"MVN CDF",
	"convergence_threshold":	0.001,
	"iterations_made":	82,
	"max_iterations":	10000,
	"time_taken":	0.02361184,
	"ground_truth_matrix":	[[0.28008881000392533, 0.71991118999607473], [0.56763625027584241, 0.43236374972415759], [0.030121069218649359, 0.96987893078135068], [0.39436320615953213, 0.605636793840468]],
	"estimated_matrix":	[[0.285351294296078, 0.714648705703922], [0.52009102746468927, 0.47990897253531073], [0.10545599455678875, 0.89454400544321122], [0.32984621825648763, 0.67015378174351248]],
	"log_likelihood":	[-0.19631004460349921, -0.19372819959947696, -0.19120513640069242, -0.188738903700583, -0.18632763689002557, -0.18396955355015768, -0.18166294922084553, -0.17940619342067424, -0.17719772590637292, -0.17503605314884235, -0.17291974501621832, -0.17084743164708693, -0.168817800503089, -0.16682959358369437, -0.16488160480454062, -0.16297267750903813, -0.16110170212921165, -0.15926761396142705, -0.157469391069527, -0.15570605229445572, -0.15397665537140595, -0.15228029514266286, -0.15061610186284721, -0.14898323959320808, -0.14738090467185183, -0.14580832426656987, -0.14426475499253266, -0.14274948160414513, -0.14126181574581334, -0.13980109476469874, -0.13836668057998233, -0.1369579586075918, -0.13557433672515667, -0.1342152443041017, -0.13288013126659384, -0.13156846719537157, -0.130279740485454, -0.12901345752629073, -0.12776914193022379, -0.12654633378272717, -0.12534458894002573, -0.12416347834566382, -0.12300258738041465, -0.12186151524494718, -0.1207398743610936, -0.11963728980372226, -0.11855339875728796, -0.11748784999224536, -0.11644030336585269, -0.11541042934107736, -0.11439790853328782, -0.11340243126687449, -0.11242369715354127, -0.11146141469268665, -0.11051530088250092, -0.10958508085160197, -0.10867048750242053, -0.10777126117277896, -0.10688714931303084, -0.10601790617012226, -0.10516329249233669, -0.10432307524385206, -0.10349702733107613, -0.10268492733924259, -0.10188655928819609, -0.101101712384925, -0.10033018080318065, -0.0995717634591417, -0.098826263804684122, -0.098093489629294234, -0.0973732528685315, -0.0966653694222086, -0.095969658980833927, -0.095285944863522265, -0.094614053857599842, -0.093953816068922349, -0.093305064782946062, -0.092667636324309341, -0.0920413699315971, -0.0914261076348649, -0.09082169413626226, -0.0902279767041217, -0.080737312247171261]
}
