{
	"input_file":	"../../instances/J100_M50_G4_I2_L50_seed5.json",
	"method":	"MVN CDF",
	"convergence_threshold":	0.001,
	"iterations_made":	106,
	"max_iterations":	10000,
	"time_taken":	0.036112458,
	"ground_truth_matrix":	[[0.1092869023075165, 0.89071309769248352], [0.084514668368276855, 0.91548533163172319], [0.41466565027429875, 0.585334349725701], [0.66524382271665439, 0.33475617728334578]],
	"estimated_matrix":	[[0.11840240044179973, 0.88159759955820027], [0.10466661644408289, 0.89533338355591718], [0.40961834775889983, 0.5903816522411004], [0.58714951248040825, 0.41285048751959169]],
	"log_likelihood":	[-0.2654206756340971, -0.26101773741758139, -0.25672049850904372, -0.25252549118086659, -0.24842942743488816, -0.24442918799217042, -0.24052181203352072, -0.23670448763717178, -0.23297454285152533, -0.22932943736071337, -0.225766754686184, -0.22228419489613371, -0.21887956777528869, -0.2155507864262432, -0.21229586126631153, -0.20911289439481112, -0.2060000743056753, -0.20295567091307468, -0.19997803088094346, -0.19706557322482757, -0.19421678517128449, -0.19143021826165685, -0.1887044846779948, -0.186038253781499, -0.18343024884686437, -0.18087924398420466, -0.17838406123124292, -0.17594356781245737, -0.17355667354882387, -0.17122232841285626, -0.16893952022169509, -0.1667072724560244, -0.16452464219965987, -0.16239071819752593, -0.1603046190170675, -0.15826549131625389, -0.15627250820192071, -0.15432486769086395, -0.15242179124494387, -0.15056252239805906, -0.14874632545760347, -0.14697248428029744, -0.14524030111941449, -0.1435490955375146, -0.14189820338611014, -0.14028697584058269, -0.13871477849775696, -0.13718099052457636, -0.13568500386067886, -0.13422622247088864, -0.13280406164157121, -0.13141794732534134, -0.13006731552542722, -0.12875161172306676, -0.12747029034052554, -0.12622281424310833, -0.12500865427265906, -0.12382728881717332, -0.12267820340990308, -0.12156089035635249, -0.12047484839299143, -0.11941958237003876, -0.11839460295922677, -0.11739942638496648, -0.11643357417973026, -0.11549657295789874, -0.11458795421288986, -0.11370725413032069, -0.1128540134160208, -0.11202777715174388, -0.11122809465052193, -0.11045451933965858, -0.10970660865108503, -0.10898392392596103, -0.10828603033015208, -0.10761249678187775, -0.10696289589051274, -0.10633680390138441, -0.10573380065405091, -0.10515346954350353, -0.10459539749366097, -0.10405917493474146, -0.10354439578793169, -0.10305065745394017, -0.1025775608127988, -0.1021247102172906, -0.10169171350266856, -0.10127818199174779, -0.10088373050836995, -0.10050797738651519, -0.10015054449530979, -0.099811057247844365, -0.0994891446313111, -0.0991844392221393, -0.098896577213906, -0.098625198439895659, -0.0983699463989524, -0.098130468279454056, -0.097906414987866369, -0.0976974411737043, -0.09750320525357907, -0.097323369439597754, -0.0971575997618846, -0.0970055660947963, -0.096866942180809823, -0.0967414056500639, -0.090450577106762756]
}
