{
	"input_file":	"../../instances/J100_M50_G4_I2_L50_seed9.json",
	"method":	"MVN CDF",
	"convergence_threshold":	0.001,
	"iterations_made":	124,
	"max_iterations":	10000,
	"time_taken":	0.037632056,
	"ground_truth_matrix":	[[0.014743209941968996, 0.985256790058031], [0.82656560980942351, 0.17343439019057644], [0.38330142741774459, 0.61669857258225547], [0.65532526930793666, 0.34467473069206339]],
	"estimated_matrix":	[[0.0865941516609639, 0.913405848339036], [0.77349569932676, 0.22650430067324015], [0.38126737737916744, 0.61873262262083262], [0.629302886555204, 0.370697113444796]],
	"log_likelihood":	[-0.27380266717594165, -0.27026918082383183, -0.266823314163085, -0.263461826770434, -0.26018163111534309, -0.25697978379482173, -0.25385347736370928, -0.25080003270829077, -0.24781689192992282, -0.24490161169669064, -0.24205185702857274, -0.2392653954800199, -0.23654009169851395, -0.23387390232479371, -0.231264871213984, -0.22871112495129578, -0.22621086864744119, -0.22376238198879275, -0.22136401552276067, -0.21901418717271706, -0.21671137895488493, -0.21445413388881621, -0.21224105309212549, -0.2100707930393641, -0.20794206298026524, -0.20585362250461559, -0.20380427924681171, -0.20179288671581422, -0.19981834224754558, -0.19787958507280867, -0.19597559448507837, -0.19410538811417452, -0.19226802028907777, -0.19046258049118453, -0.18868819188654387, -0.18694400993764054, -0.18522922108903339, -0.18354304151686052, -0.18188471594714145, -0.18025351653181076, -0.17864874178373744, -0.1770697155620638, -0.17551578611078189, -0.17398632514465279, -0.17248072697616273, -0.17099840769128066, -0.16953880435725421, -0.16810137427462049, -0.1666855942577003, -0.16529095995480678, -0.16391698519306505, -0.16256320136103961, -0.16122915680717517, -0.1599144162781751, -0.15861856036824279, -0.15734118500381769, -0.15608190093774629, -0.1548403332758379, -0.15361612101275005, -0.15240891659229761, -0.15121838548032007, -0.15004420575574265, -0.14888606771681412, -0.14774367349975506, -0.1466167367104666, -0.14550498206962856, -0.14440814506754626, -0.14332597163253433, -0.14225821780422682, -0.14120464942224023, -0.1401650418184644, -0.1391391795202824, -0.13812685595905141, -0.1371278731885833, -0.13614204160800594, -0.13516917968925665, -0.13420911371426611, -0.13326167751478585, -0.13232671221485043, -0.131404065984237, -0.13049359378985978, -0.12959515715409339, -0.12870862391614221, -0.12783386799875188, -0.12697076917449707, -0.12611921283684915, -0.12527908977890034, -0.12445029596610288, -0.12363273231810575, -0.12282630449322871, -0.12203092267228609, -0.12124650134656037, -0.12047295910969266, -0.11971021845017177, -0.11895820554799343, -0.11821685007094619, -0.11748608497939078, -0.11676584632592014, -0.11605607306366272, -0.11535670685683549, -0.11466769189151794, -0.11398897468840233, -0.11332050392764338, -0.11266223026307011, -0.11201410615227134, -0.11137608568078966, -0.11074812439782115, -0.11013017914916336, -0.10952220791743486, -0.10892416966436294, -0.10833602417897381, -0.10775773192905506, -0.1071892539175682, -0.10663055154077568, -0.10608158645445352, -0.10554232044449409, -0.10501271529831978, -0.10449273268584248, -0.10398233404262974, -0.10348148046025404, -0.10299013257733264, -0.10250825048159362, -0.10203579361326776, -0.10157272067490258, -0.090387435186942033]
}
