{
	"input_file":	"../../instances/J100_M50_G4_I2_L50_seed13.json",
	"method":	"MVN CDF",
	"convergence_threshold":	0.001,
	"iterations_made":	89,
	"max_iterations":	10000,
	"time_taken":	0.031442145,
	"ground_truth_matrix":	[[0.84720269601591158, 0.15279730398408845], [0.34009172295595952, 0.65990827704404054], [0.856207255811948, 0.14379274418805191], [0.38598309919790691, 0.614016900802093]],
	"estimated_matrix":	[[0.82139785826566669, 0.17860214173433345], [0.40000999942161775, 0.59999000057838225], [0.778660868043477, 0.22133913195652294], [0.43189591897563673, 0.56810408102436327]],
	"log_likelihood":	[-0.23059663094914046, -0.22743592100921764, -0.22434355694090488, -0.22131751078351344, -0.21835584036758052, -0.21545668498897114, -0.21261826133261921, -0.209838859636458, -0.20711684007548523, -0.20445062934807146, -0.20183871745810858, -0.19927965467382042, -0.19677204865616449, -0.19431456174283226, -0.19190590838141811, -0.18954485269718838, -0.18723020619134831, -0.18496082556437973, -0.18273561064318419, -0.18055350242787543, -0.1784134812267742, -0.17631456489462868, -0.17425580715384267, -0.17223629600356671, -0.17025515220218, -0.16831152783147865, -0.16640460492053757, -0.16453359414671825, -0.16269773358887818, -0.16089628754848256, -0.15912854541656329, -0.15739382060099849, -0.15569144950107888, -0.15402079052509896, -0.15238122316162, -0.15077214708105643, -0.14919298128744876, -0.14764316330177618, -0.14612214838581386, -0.14462940879276365, -0.143164433061616, -0.14172672533263331, -0.14031580469465912, -0.13893120456261535, -0.137572472081168, -0.13623916754900939, -0.13493086387460687, -0.13364714604892269, -0.13238761064321661, -0.13115186532620329, -0.12993952840155654, -0.12875022836618424, -0.12758360348253375, -0.126439301375633, -0.12531697863591984, -0.12421630045183424, -0.12313694024243473, -0.12207857931983832, -0.1210409065525775, -0.12002361805295023, -0.11902641687033103, -0.11804901269732, -0.11709112159478755, -0.11615246571851015, -0.11523277306557764, -0.11433177722419348, -0.11344921713918785, -0.11258483688343274, -0.11173838544363614, -0.11090961650798552, -0.11009828826899087, -0.10930416323291592, -0.10852700803488984, -0.1077665932645145, -0.10702269329992486, -0.10629508614556331, -0.10558355328037484, -0.10488787951024604, -0.1042078528296482, -0.10354326428694291, -0.10289390785795451, -0.10225958032419417, -0.10164008115767681, -0.10103521240927962, -0.10044477860471278, -0.099868586647157656, -0.099306445717637679, -0.098758167188878532, -0.098223564538674341, -0.086876492233769476]
}
