{
	"input_file":	"../../instances/J100_M50_G4_I2_L50_seed7.json",
	"method":	"MVN CDF",
	"convergence_threshold":	0.001,
	"iterations_made":	132,
	"max_iterations":	10000,
	"time_taken":	0.018091335,
	"ground_truth_matrix":	[[0.049824327768858021, 0.950175672231142], [0.30980548916967027, 0.69019451083032979], [0.831514501677034, 0.16848549832296594], [0.90290621666010051, 0.0970937833398996]],
	"estimated_matrix":	[[0.089767019909328949, 0.910232980090671], [0.38372356227890331, 0.61627643772109664], [0.80004430615266, 0.19995569384734], [0.84428494129859533, 0.15571505870140476]],
	"log_likelihood":	[-0.34201816540727037, -0.33756215880232876, -0.33321904424239557, -0.32898446926144354, -0.32485429484428169, -0.320824582665102, -0.316891583237825, -0.31305172489539984, -0.30930160354601732, -0.30563797312709118, -0.30205773671860681, -0.29855793825076654, -0.295135754770316, -0.291788489218931, -0.28851356368468922, -0.28530851308944921, -0.282170979290319, -0.27909870554980321, -0.27608953135998576, -0.27314138759132628, -0.2702522919439162, -0.26742034467587322, -0.26464372459956154, -0.26192068531580043, -0.25924955167773744, -0.25662871646961438, -0.254056637276495, -0.25153183354495012, -0.24905288381766036, -0.2466184231213811, -0.24422714051836883, -0.24187777678887523, -0.23956912225351559, -0.23730001471875942, -0.23506933753866333, -0.23287601778686115, -0.23071902453288709, -0.22859736721310012, -0.226510094097801, -0.22445629083733529, -0.222435079094691, -0.22044561525193992, -0.21848708918811574, -0.21655872312352806, -0.21465977053054494, -0.21278951510121979, -0.21094726977132552, -0.209132375798757, -0.20734420189234867, -0.20558214338407457, -0.2038456214477509, -0.20213408236226385, -0.20044699680526534, -0.19878385919329711, -0.19714418704759978, -0.19552752039977445, -0.19393342122026314, -0.19236147287862537, -0.19081127963146507, -0.18928246612940633, -0.18777467695172281, -0.18628757615791058, -0.18482084686179906, -0.18337419081937095, -0.18194732803559877, -0.18053999638426421, -0.17915195123974587, -0.17778296512559918, -0.17643282736386592, -0.17510134374321432, -0.1737883361881887, -0.17249364243859369, -0.17121711573003515, -0.16995862448126722, -0.16871805198662734, -0.16749529610223063, -0.16629026894166418, -0.16510289656565252, -0.16393311867286925, -0.16278088828558995, -0.16164617143670174, -0.1605289468469368, -0.15942920560117535, -0.15834695081701577, -0.15728219730764351, -0.15623497123703364, -0.15520530976684357, -0.154193260694042, -0.1531988820839813, -0.152222241886288, -0.15126341754953321, -0.15032249561501113, -0.14939957131471912, -0.14849474814117941, -0.14760813742040077, -0.14673985786561078, -0.14589003512577481, -0.14505880131684393, -0.14424629454571317, -0.1434526584255405, -0.14267804157584105, -0.14192259711569039, -0.14118648214771806, -0.1404698572299462, -0.13977288584204986, -0.13909573384384261, -0.138438568924882, -0.13780156004726621, -0.13718487688747569, -0.13658868926704229, -0.13601316658544269, -0.13545847724640817, -0.13492478808733724, -0.13441226380330307, -0.13392106637509493, -0.13345135449859885, -0.13300328301855546, -0.1325770023670646, -0.13217265800421918, -0.13179038987291911, -0.13143033185494388, -0.13109261124569613, -0.13077734822916762, -0.130484655379922, -0.13021463716139947, -0.12996738945886463, -0.12974299911193585, -0.1295415434756437, -0.12936308999770466, -0.12920769581197428, -0.12907540736108683, -0.128966260031095, -0.11555684220213153]
}
