{
	"input_file":	"../../instances/J100_M50_G4_I2_L50_seed7.json",
	"method":	"MVN CDF",
	"convergence_threshold":	0.001,
	"iterations_made":	132,
	"max_iterations":	10000,
	"time_taken":	0.032780725,
	"ground_truth_matrix":	[[0.049824327768858021, 0.950175672231142], [0.30980548916967027, 0.69019451083032979], [0.831514501677034, 0.16848549832296594], [0.90290621666010051, 0.0970937833398996]],
	"estimated_matrix":	[[0.089767019909328824, 0.91023298009067122], [0.383723562278904, 0.616276437721096], [0.800044306152661, 0.19995569384733916], [0.84428494129859422, 0.15571505870140581]],
	"log_likelihood":	[-0.34201816540720659, -0.33756215880278412, -0.3332190442423395, -0.32898446926182612, -0.32485429484432743, -0.320824582665243, -0.31689158323774558, -0.31305172489587385, -0.30930160354564118, -0.30563797312718943, -0.30205773671925057, -0.29855793825084886, -0.29513575477016663, -0.29178848921958217, -0.28851356368477188, -0.28530851308915933, -0.2821709792903811, -0.27909870554996985, -0.27608953135948577, -0.27314138759171719, -0.27025229194442313, -0.267420344675859, -0.26464372459948132, -0.2619206853156042, -0.25924955167799785, -0.25662871646923779, -0.25405663727583655, -0.25153183354528846, -0.24905288381732851, -0.24661842312159823, -0.24422714051842911, -0.24187777678879263, -0.23956912225344529, -0.23730001471880691, -0.2350693375385583, -0.23287601778708611, -0.23071902453287124, -0.22859736721359381, -0.22651009409786946, -0.22445629083720472, -0.22243507909498667, -0.22044561525191522, -0.21848708918775434, -0.21655872312331118, -0.214659770530511, -0.2127895151013291, -0.210947269770939, -0.20913237579915375, -0.2073442018925456, -0.20558214338380842, -0.20384562144819288, -0.20213408236239155, -0.20044699680561767, -0.19878385919295885, -0.19714418704812292, -0.19552752039945839, -0.19393342122003845, -0.19236147287849775, -0.190811279631354, -0.18928246612926181, -0.18777467695145927, -0.18628757615780964, -0.18482084686148464, -0.18337419081949469, -0.18194732803594726, -0.180539996383772, -0.17915195124007591, -0.1777829651252141, -0.17643282736381086, -0.17510134374299854, -0.17378833618881948, -0.17249364243854778, -0.17121711572993026, -0.16995862448126367, -0.16871805198669815, -0.16749529610224151, -0.16629026894170712, -0.16510289656560323, -0.1639331186727909, -0.16278088828599288, -0.16164617143689117, -0.16052894684716, -0.159429205600768, -0.15834695081694575, -0.15728219730812446, -0.15623497123704538, -0.15520530976672048, -0.15419326069411379, -0.15319888208364751, -0.15222224188673086, -0.15126341754915371, -0.15032249561544145, -0.14939957131465159, -0.14849474814160274, -0.14760813742042422, -0.14673985786571775, -0.14589003512612594, -0.1450588013168331, -0.144246294545869, -0.14345265842522242, -0.142678041575904, -0.14192259711615321, -0.1411864821477436, -0.14046985722978142, -0.13977288584178313, -0.13909573384364834, -0.13843856892480469, -0.137801560047507, -0.1371848768873781, -0.1365886892670613, -0.13601316658533169, -0.13545847724707505, -0.13492478808749134, -0.134412263803748, -0.13392106637453463, -0.13345135449852324, -0.13300328301907752, -0.132577002367526, -0.13217265800445871, -0.13179038987241196, -0.131430331854943, -0.13109261124526028, -0.13077734822935794, -0.13048465537953968, -0.13021463716229545, -0.12996738945857722, -0.12974299911160539, -0.129541543475638, -0.12936308999758606, -0.12920769581191571, -0.12907540736078993, -0.12896626003090839, -0.11555684220191781]
}
