{
	"input_file":	"../../instances/J100_M50_G4_I2_L50_seed6.json",
	"method":	"MVN CDF",
	"convergence_threshold":	0.001,
	"iterations_made":	114,
	"max_iterations":	10000,
	"time_taken":	0.033560999999999987,
	"ground_truth_matrix":	[[0.84701246603789282, 0.15298753396210726], [0.97585881292457777, 0.024141187075422219], [0.11190117762122714, 0.888098822378773], [0.58169265549289373, 0.41830734450710627]],
	"estimated_matrix":	[[0.79810979789193182, 0.20189020210806827], [0.94767551872355749, 0.052324481276442569], [0.16692523958774194, 0.833074760412258], [0.58083988232327444, 0.41916011767672556]],
	"log_likelihood":	[-0.38373811754133053, -0.378573004798104, -0.37355915711011983, -0.36869011569723825, -0.363959778758413, -0.359362377427205, -0.35489245365483557, -0.35054483985716184, -0.34631464015000663, -0.34219721304699652, -0.33818815547500752, -0.33428328800645485, -0.33047864118773479, -0.32677044288882562, -0.32315510657145324, -0.3196292204069332, -0.31618953717972487, -0.312832964899762, -0.309556558075807, -0.30635750959775426, -0.30323314317503891, -0.30018090629261768, -0.29719836364217334, -0.29428319099323, -0.29143316947297271, -0.28864618022245858, -0.28592019939790131, -0.28325329350535755, -0.28064361502378848, -0.27808939831917, -0.27558895580616949, -0.27314067436200773, -0.270743011955276, -0.26839449449091446, -0.266093712842179, -0.26383932007124361, -0.26163002881150338, -0.259464608814208, -0.25734188463497909, -0.25526073345985445, -0.25322008306165167, -0.2512189098717405, -0.24925623716072215, -0.24733113332859766, -0.24544271028773346, -0.24359012193159105, -0.24177256269582206, -0.23998926618780067, -0.23823950389426954, -0.23652258395471062, -0.2348378499913987, -0.23318468000495643, -0.23156248531658277, -0.22997070956048565, -0.22840882772225837, -0.22687634521743624, -0.22537279700480053, -0.2238977467375029, -0.222450785941732, -0.22103153322463681, -0.21963963350429958, -0.2182747572642261, -0.21693659982467808, -0.21562488063067073, -0.21433934255463824, -0.21307975121083908, -0.21184589427557035, -0.210637580818772, -0.20945464064417732, -0.20829692361794286, -0.20716429901918823, -0.20605665487393124, -0.20497389729757742, -0.20391594982938427, -0.20288275276436651, -0.201874262481559, -0.20089045076056525, -0.19993130409865253, -0.19899682301149185, -0.19808702133066639, -0.19720192549252011, -0.19634157380988176, -0.19550601574179344, -0.194695311150801, -0.19390952954931565, -0.19314874933019588, -0.19241305700158315, -0.19170254639737441, -0.19101731788822957, -0.19035747757880714, -0.18972313649975056, -0.18911440979444843, -0.18853141589691846, -0.18797427570550551, -0.18744311175503592, -0.1869380473853112, -0.18645920590966664, -0.18600670978383524, -0.18558067977715526, -0.1851812341479051, -0.18480848782742257, -0.18446255160370711, -0.18414353132621925, -0.18385152711286012, -0.18358663257366178, -0.18334893405094524, -0.18313850987450356, -0.18295542963888009, -0.18279975349910557, -0.18267153149042778, -0.18257080287642627, -0.18249759551864134, -0.18245192528071477, -0.18243379545653934, -0.18244319624087169]
}
