{
	"input_file":	"../../instances/J100_M50_G4_I2_L50_seed12.json",
	"method":	"MVN CDF",
	"convergence_threshold":	0.001,
	"iterations_made":	61,
	"max_iterations":	10000,
	"time_taken":	0.014607,
	"ground_truth_matrix":	[[0.11053619287835263, 0.88946380712164752], [0.28597542938972, 0.71402457061028], [0.0058150405982643075, 0.99418495940173579], [0.985496465528608, 0.014503534471392115]],
	"estimated_matrix":	[[0.14520646351251176, 0.85479353648748835], [0.31676123540762929, 0.683238764592371], [0.10521748145450265, 0.89478251854549729], [0.79879934132280861, 0.20120065867719145]],
	"log_likelihood":	[-0.527529178663636, -0.52071160001044, -0.514150615194869, -0.50783441019063, -0.50175194164334269, -0.49589287652232678, -0.490247537459029, -0.484806853168248, -0.47956231340570815, -0.47450592798841623, -0.46963018946079133, -0.4649280390360368, -0.46039283548005649, -0.45601832665660469, -0.4517986234700872, -0.44772817597515563, -0.44380175145586837, -0.44001441428410082, -0.4363615073980604, -0.43283863525820276, -0.42944164814345537, -0.42616662766929209, -0.423009873437932, -0.41996789070018109, -0.41703737896615961, -0.41421522147563344, -0.41149847546244256, -0.40888436314767962, -0.40637026340729232, -0.40395370406121267, -0.40163235473895065, -0.39940402027374849, -0.39726663459726924, -0.39521825508924285, -0.39325705735544, -0.391381330410165, -0.38958947222317514, -0.38787998562931253, -0.38625147455092268, -0.38470264054545, -0.38323227963199291, -0.381839279404047, -0.38052261639474688, -0.37928135369963839, -0.37811463883321161, -0.37702170181064848, -0.376001853453065, -0.37505448389997947, -0.37417906133048456, -0.37337513087055346, -0.37264231371054929, -0.37198030639122942, -0.3713888802951838, -0.37086788130371973, -0.37041722964619272, -0.370036919918135, -0.36972702129015228, -0.36948767788504683, -0.36931910933941281, -0.369221611545146, -0.36919555757255051, -0.36924139878004308]
}
