{
	"input_file":	"../../instances/J100_M50_G4_I2_L50_seed19.json",
	"method":	"MVN CDF",
	"convergence_threshold":	0.001,
	"iterations_made":	129,
	"max_iterations":	10000,
	"time_taken":	0.03992479,
	"ground_truth_matrix":	[[0.0668576111835421, 0.933142388816458], [0.65610367000627345, 0.34389632999372649], [0.82291076733637858, 0.17708923266362139], [0.404213041291647, 0.595786958708353]],
	"estimated_matrix":	[[0.12600572557319986, 0.8739942744268], [0.656410192368322, 0.343589807631678], [0.76087392022870759, 0.23912607977129255], [0.434913125261784, 0.565086874738216]],
	"log_likelihood":	[-0.23685736387186287, -0.23380421129151019, -0.23082244204009328, -0.22790962842392654, -0.22506344987548488, -0.22228168724144753, -0.21956221743105778, -0.216903008397764, -0.21430211443940242, -0.2117576717801255, -0.20926789442517876, -0.20683107026855133, -0.20444555742440976, -0.20210978078760125, -0.19982222878501568, -0.19758145032259936, -0.1953860519061944, -0.19323469492353029, -0.19112609308662321, -0.18905901001066577, -0.18703225693012365, -0.18504469054180217, -0.18309521096359035, -0.18118275980230772, -0.1793063183298402, -0.17746490575087664, -0.17565757756454958, -0.17388342400969614, -0.17214156859565458, -0.17043116669824984, -0.168751404240189, -0.16710149642412817, -0.16548068654176415, -0.16388824483084025, -0.16232346739694292, -0.160785675181148, -0.15927421298101571, -0.15778844851687213, -0.15632777154391736, -0.15489159299951083, -0.15347934420225656, -0.15209047607237486, -0.15072445840142684, -0.14938077914449777, -0.14805894375144155, -0.14675847452067164, -0.14547890998738547, -0.14421980433274953, -0.14298072682270319, -0.14176126126659416, -0.14056100550024814, -0.13937957089073685, -0.13821658185870511, -0.13707167542385079, -0.13594450076230555, -0.13483471878802869, -0.133742001746659, -0.13266603282165193, -0.13160650576424859, -0.13056312452597946, -0.12953560291277594, -0.1285236642489985, -0.12752704104993456, -0.126545474710864, -0.12557871520328828, -0.1246265207821713, -0.12368865770505043, -0.12276489995341411, -0.12185502897233656, -0.12095883341119552, -0.12007610887557232, -0.11920665768547807, -0.11835028864180189, -0.11750681679686044, -0.11667606323723678, -0.11585785486529152, -0.1150520241937351, -0.11425840914142892, -0.11347685283599049, -0.11270720342231322, -0.11194931387499675, -0.1112030418176345, -0.11046824934411537, -0.10974480284500493, -0.10903257284166377, -0.10833143382062914, -0.10764126407269284, -0.10696194553772115, -0.10629336365214213, -0.10563540720001374, -0.10498796816838667, -0.10435094160647794, -0.10372422548588366, -0.103107720568578, -0.10250133027331533, -0.10190496054961054, -0.10131851975176635, -0.10074191851770847, -0.10017506965006309, -0.099617888001971439, -0.099070290363146324, -0.0985321953523508, -0.0980035233080984, -0.097484196189638855, -0.096974137469985427, -0.096473272044329844, -0.095981526131661, -0.0954988271835261, -0.095025103796407731, -0.094560285621181572, -0.094104303285086122, -0.0936570883045318, -0.093218573013977457, -0.092788690484343558, -0.0923673744530746, -0.0919545592552174, -0.091550179754529726, -0.0911541712786983, -0.090766469557979554, -0.090387010667160025, -0.090015730966163651, -0.0896525670491552, -0.089297455689701558, -0.088950333794783759, -0.088611138356911326, -0.0882798064093387, -0.087956274987518568, -0.0876404810877055, -0.0873323616319962, -0.079104567912177473]
}
