{
	"input_file":	"../../instances/J100_M50_G4_I2_L50_seed13.json",
	"method":	"MVN CDF",
	"convergence_threshold":	0.001,
	"iterations_made":	89,
	"max_iterations":	10000,
	"time_taken":	0.030075013,
	"ground_truth_matrix":	[[0.84720269601591158, 0.15279730398408845], [0.34009172295595952, 0.65990827704404054], [0.856207255811948, 0.14379274418805191], [0.38598309919790691, 0.614016900802093]],
	"estimated_matrix":	[[0.821397858265668, 0.17860214173433181], [0.4000099994216183, 0.5999900005783817], [0.77866086804347656, 0.22133913195652358], [0.431895918975635, 0.568104081024365]],
	"log_likelihood":	[-0.2305966309491761, -0.22743592100970539, -0.22434355694116564, -0.221317510783352, -0.218355840367735, -0.2154566849889947, -0.21261826133247511, -0.20983885963656032, -0.20711684007532546, -0.20445062934815408, -0.20183871745805423, -0.1992796546738102, -0.19677204865597817, -0.19431456174315948, -0.19190590838113894, -0.18954485269662716, -0.18723020619134287, -0.18496082556362214, -0.18273561064325083, -0.18055350242755772, -0.17841348122648035, -0.17631456489447936, -0.17425580715407624, -0.17223629600326293, -0.17025515220241347, -0.16831152783125422, -0.16640460492033815, -0.16453359414625826, -0.16269773358924045, -0.16089628754856647, -0.159128545416549, -0.1573938206008863, -0.15569144950082325, -0.15402079052499379, -0.15238122316167022, -0.15077214708113182, -0.149192981287743, -0.147643163302045, -0.14612214838522128, -0.144629408792723, -0.14316443306201532, -0.14172672533260861, -0.14031580469458693, -0.13893120456268637, -0.137572472081053, -0.13623916754914039, -0.1349308638746379, -0.13364714604897082, -0.13238761064333879, -0.13115186532617959, -0.12993952840117765, -0.12875022836580785, -0.12758360348291825, -0.126439301375385, -0.12531697863613178, -0.12421630045139789, -0.12313694024239316, -0.122078579319629, -0.12104090655279071, -0.12002361805333764, -0.11902641686987464, -0.11804901269698671, -0.11709112159457015, -0.11615246571892125, -0.11523277306581614, -0.11433177722421466, -0.11344921713890246, -0.11258483688377298, -0.11173838544384856, -0.11090961650770467, -0.11009828826948473, -0.10930416323290182, -0.10852700803491425, -0.10776659326462085, -0.10702269330019418, -0.10629508614559866, -0.10558355328081552, -0.10488787951043832, -0.1042078528295978, -0.10354326428669876, -0.10289390785775794, -0.102259580324449, -0.10164008115769572, -0.10103521240924072, -0.10044477860503065, -0.0998685866475375, -0.0993064457179462, -0.098758167188952431, -0.09822356453875776, -0.086876492233780578]
}
