{
	"input_file":	"../../instances/J100_M50_G4_I2_L50_seed15.json",
	"method":	"MVN CDF",
	"convergence_threshold":	0.001,
	"iterations_made":	129,
	"max_iterations":	10000,
	"time_taken":	0.024630679,
	"ground_truth_matrix":	[[0.905527300001945, 0.0944726999980548], [0.11077641301954382, 0.889223586980456], [0.29906126152703688, 0.70093873847296317], [0.501427447002765, 0.498572552997235]],
	"estimated_matrix":	[[0.84367279347591739, 0.15632720652408258], [0.14405993103597611, 0.855940068964024], [0.31226149861362912, 0.687738501386371], [0.520869724424391, 0.47913027557560922]],
	"log_likelihood":	[-0.26734690900569741, -0.263836393989252, -0.26041208824667139, -0.25707084822293041, -0.25380967977369839, -0.25062572960585744, -0.24751627730611825, -0.24447872790715988, -0.24151060495135893, -0.23860954401291243, -0.2357732866442466, -0.23299967471596753, -0.23028664511640712, -0.227632224789718, -0.22503452608864832, -0.22249174240859892, -0.22000214410003741, -0.21756407462167032, -0.21517594693106379, -0.21283624009013993, -0.2105434960716159, -0.20829631675134741, -0.20609336107520965, -0.20393334239562416, -0.20181502594961576, -0.19973722648641587, -0.19769880602688047, -0.19569867174450623, -0.19373577396469782, -0.19180910427327125, -0.18991769372564291, -0.18806061115101466, -0.18623696154974664, -0.18444588456866093, -0.1826865530604527, -0.18095817171503656, -0.1792599757601184, -0.17759122972741653, -0.17595122627889256, -0.1743392850937002, -0.17275475180584446, -0.17119699699594948, -0.169665415227775, -0.16815942413149221, -0.16667846353005764, -0.165221994606292, -0.163789499102384, -0.16238047856083132, -0.1609944535984254, -0.15963096320618872, -0.15828956408447531, -0.15696983000477624, -0.1556713511948136, -0.15439373375230331, -0.15313659908141172, -0.15189958334697162, -0.15068233695636815, -0.14948452405559345, -0.14830582204380421, -0.14714592111251684, -0.14600452378770426, -0.14488134450184215, -0.143776109170198, -0.14268855478498324, -0.14161842902332059, -0.14056548986451484, -0.13952950522039326, -0.13851025257601937, -0.13750751864341784, -0.13652109901886189, -0.13555079785405427, -0.13459642753733092, -0.13365780837560684, -0.13273476829381564, -0.13182714253344038, -0.13093477336120707, -0.13005750978658162, -0.12919520727919806, -0.12834772750157411, -0.12751493803695668, -0.12669671212979752, -0.12589292843216204, -0.12510347074588551, -0.12432822778099162, -0.12356709291174292, -0.12281996393897711, -0.12208674285628265, -0.12136733562225556, -0.12066165193261597, -0.11996960500160953, -0.11929111134330368, -0.11862609055895575, -0.11797446512717506, -0.11733616019719843, -0.11671110338896964, -0.11609922459156981, -0.11550045577257176, -0.11491473078493121, -0.11434198518029583, -0.11378215602515253, -0.11323518172340163, -0.112701001839027, -0.1121795569263198, -0.11167078836085376, -0.11117463817640774, -0.11069104890577407, -0.11021996342584886, -0.1097613248059813, -0.1093150761623092, -0.10888116051394828, -0.10845952064628088, -0.10805009897644793, -0.10765283742662156, -0.10726767729792412, -0.10689455915110833, -0.10653342269452666, -0.106184206669565, -0.105846848750696, -0.105521285441222, -0.10520745198299197, -0.10490528226253297, -0.10461470872722314, -0.10433566230664754, -0.10406807233831077, -0.10381186649535079, -0.10356697072826372, -0.10333330919832155, -0.10311080423172711, -0.10289937626255485, -0.093939813718095538]
}
