{
	"input_file":	"../../instances/J100_M50_G4_I2_L50_seed6.json",
	"method":	"MVN CDF",
	"convergence_threshold":	0.001,
	"iterations_made":	114,
	"max_iterations":	10000,
	"time_taken":	0.016384,
	"ground_truth_matrix":	[[0.84701246603789282, 0.15298753396210726], [0.97585881292457777, 0.024141187075422219], [0.11190117762122714, 0.888098822378773], [0.58169265549289373, 0.41830734450710627]],
	"estimated_matrix":	[[0.79810979789193137, 0.20189020210806854], [0.94767551872355837, 0.052324481276441653], [0.16692523958774108, 0.833074760412259], [0.58083988232327444, 0.41916011767672556]],
	"log_likelihood":	[-0.38373811754134241, -0.37857300479841338, -0.37355915711060755, -0.36869011569699622, -0.36395977875856161, -0.35936237742685673, -0.35489245365485961, -0.350544839857265, -0.34631464015022811, -0.34219721304720713, -0.3381881554753518, -0.33428328800657275, -0.33047864118805259, -0.32677044288887691, -0.323155106571038, -0.31962922040693242, -0.31618953717980158, -0.31283296490036644, -0.30955655807598181, -0.30635750959780661, -0.303233143175063, -0.30018090629343375, -0.297198363641925, -0.29428319099302519, -0.291433169473046, -0.28864618022224831, -0.28592019939769564, -0.28325329350496381, -0.280643615024319, -0.27808939831887441, -0.27558895580637721, -0.27314067436182571, -0.27074301195569161, -0.26839449449122532, -0.26609371284227479, -0.26383932007106226, -0.26163002881173308, -0.25946460881438327, -0.25734188463486263, -0.25526073346040884, -0.25322008306209082, -0.25121890987178591, -0.24925623716034515, -0.247331133328936, -0.24544271028783068, -0.24359012193118887, -0.24177256269495762, -0.23998926618771532, -0.23823950389484672, -0.23652258395506237, -0.23483784999183777, -0.23318468000485526, -0.23156248531631851, -0.22997070956048565, -0.22840882772224411, -0.226876345217479, -0.22537279700483512, -0.22389774673755267, -0.22245078594197706, -0.22103153322474162, -0.21963963350429028, -0.21827475726387663, -0.21693659982456714, -0.215624880630636, -0.2143393425546683, -0.21307975121026812, -0.21184589427481143, -0.210637580819151, -0.20945464064433894, -0.20829692361800292, -0.20716429901882311, -0.20605665487406877, -0.20497389729788593, -0.20391594982899439, -0.202882752764711, -0.20187426248159374, -0.20089045076063733, -0.19993130409879786, -0.19899682301149182, -0.19808702133120945, -0.19720192549231116, -0.19634157380907477, -0.1955060157417198, -0.19469531115120473, -0.19390952954888, -0.1931487493299886, -0.19241305700125008, -0.19170254639744816, -0.19101731788815407, -0.19035747757869043, -0.1897231364996747, -0.189114409794687, -0.18853141589673564, -0.18797427570559813, -0.18744311175494774, -0.18693804738504635, -0.18645920590989945, -0.18600670978350117, -0.18558067977727194, -0.18518123414834511, -0.18480848782698855, -0.18446255160336814, -0.1841435313266275, -0.18385152711265854, -0.18358663257384109, -0.18334893405090688, -0.18313850987417188, -0.1829554296391655, -0.18279975349903244, -0.182671531490696, -0.18257080287638758, -0.18249759551826117, -0.18245192528077939, -0.1824337954574326, -0.18244319624097563]
}
