{
	"input_file":	"../../instances/J100_M50_G4_I3_L50_seed9.json",
	"method":	"MVN CDF",
	"convergence_threshold":	0.001,
	"iterations_made":	106,
	"max_iterations":	10000,
	"time_taken":	0.305881964,
	"ground_truth_matrix":	[[0.0074912953861159658, 0.50062704625065, 0.491881658363234], [0.26431498514720508, 0.28198911632292084, 0.45369589852987391], [0.5924477648098716, 0.31160369262214915, 0.095948542567979231], [0.15614525105695157, 0.067210269891934848, 0.77664447905111356]],
	"estimated_matrix":	[[0.0421978656784496, 0.46511774599485334, 0.492684388326697], [0.2717307849854112, 0.30444371579278939, 0.42382549922179935], [0.54141910680113836, 0.275594700549499, 0.18298619264936264], [0.15796455586983685, 0.0994463710068099, 0.74258907312335332]],
	"log_likelihood":	[-0.47220083969040677, -0.46586468798120362, -0.459685387830616, -0.45365728158356344, -0.44777501483773174, -0.44203351673254576, -0.43642798176574826, -0.43095385299439709, -0.42560680649549687, -0.42038273697775791, -0.41527774443448717, -0.41028812175756585, -0.40541034322057617, -0.400641053764389, -0.39597705901155483, -0.39141531595731549, -0.38695292427572531, -0.3825871181938203, -0.3783152588896484, -0.37413482737211418, -0.37004341780903377, -0.36603873126045355, -0.36211856980215923, -0.35828083099338459, -0.35452350267814475, -0.350844658087195, -0.34724245122520075, -0.3437151125215045, -0.34026094472350882, -0.33687831902340815, -0.33356567139624271, -0.330321499138103, -0.32714435759618044, -0.32403285707037577, -0.32098565988264716, -0.318001477601298, -0.31507906841317346, -0.31221723462991391, -0.309414820330258, -0.30667070912028266, -0.30398382201080654, -0.30135311540973958, -0.29877757921085, -0.29625623498614168, -0.29378813427301848, -0.29137235694848718, -0.2890080096874848, -0.28669422450423854, -0.28443015736796889, -0.28221498689519264, -0.280047913107694, -0.27792815626080586, -0.27585495573108987, -0.273827568969294, -0.27184527050934254, -0.269907351027749, -0.26801311646663745, -0.26616188719595657, -0.26435299723072153, -0.26258579349223116, -0.260859635112097, -0.25917389278137959, -0.25752794813724283, -0.25592119318601048, -0.25435302977026553, -0.2528228690606027, -0.25133013108934416, -0.24987424430986532, -0.24845464518963908, -0.247070777830428, -0.24572209361426678, -0.24440805087987075, -0.2431281146175682, -0.24188175619288205, -0.24066845308839349, -0.23948768866850151, -0.23833895196267038, -0.23722173746741226, -0.23613554496931263, -0.23507987937652108, -0.23405425057573817, -0.23305817329523607, -0.23209116698708157, -0.23115275571948249, -0.23024246808140575, -0.22935983709958213, -0.22850440016469742, -0.22767569896757187, -0.22687327944241248, -0.22609669172330288, -0.22534549010257182, -0.22461923299883005, -0.22391748293067112, -0.223239806497775, -0.22258577436465193, -0.221954961251569, -0.22134694592682591, -0.22076131120703643, -0.22019764395562375, -0.21965553508865615, -0.21913457958114521, -0.21863437647645223, -0.21815452889528777, -0.21769464405020233, -0.2172543332571216, -0.21683321195090668, -0.20391933399160211]
}
