{
	"input_file":	"../../instances/J100_M50_G4_I3_L50_seed3.json",
	"method":	"MVN CDF",
	"convergence_threshold":	0.001,
	"iterations_made":	99,
	"max_iterations":	10000,
	"time_taken":	0.461106959,
	"ground_truth_matrix":	[[0.33688219083814136, 0.518408337162583, 0.1447094719992755], [0.13709494665374614, 0.42840825980005576, 0.43449679354619813], [0.32007545057654463, 0.55390092484015363, 0.12602362458330174], [0.475692357133093, 0.024822571764609672, 0.49948507110229734]],
	"estimated_matrix":	[[0.2931081119446, 0.51016670231294847, 0.19672518574245165], [0.20003821564864588, 0.43734193429986834, 0.36261985005148584], [0.32340897205418162, 0.46712684242797, 0.2094641855178484], [0.44504958453984539, 0.12548687486554047, 0.42946354059461417]],
	"log_likelihood":	[-0.17475922484488945, -0.17319945028080025, -0.17167659311297931, -0.17018951096365653, -0.16873710303893938, -0.16731830835918646, -0.1659321040816763, -0.16457750391320763, -0.16325355660273763, -0.16195934451332819, -0.16069398226618764, -0.15945661544893064, -0.158246419394635, -0.15706259801741126, -0.15590438270409965, -0.15477103126032876, -0.153661826907564, -0.15257607732732711, -0.15151311374816112, -0.15047229007727433, -0.14945298206919824, -0.14845458653613833, -0.1474765205876071, -0.1465182209077979, -0.1455791430640446, -0.14465876084376833, -0.14375656561821115, -0.14287206573780631, -0.14200478594696775, -0.14115426682518117, -0.14032006425160196, -0.13950174888671882, -0.138698905682456, -0.13791113340131828, -0.13713804416022335, -0.13637926299025308, -0.13563442741123979, -0.13490318702292939, -0.13418520311096774, -0.13348014826673324, -0.13278770601870879, -0.13210757047953534, -0.131439446001946, -0.130783046849991, -0.13013809687581371, -0.12950432921096883, -0.12888148596819443, -0.1282693179478569, -0.12766758435743095, -0.12707605254021731, -0.12649449770919163, -0.125922702689875, -0.12536045767217566, -0.12480755996880906, -0.12426381377920351, -0.12372902996327273, -0.12320302581662083, -0.12268562485857989, -0.12217665662068256, -0.12167595644389509, -0.12118336528019957, -0.12069872949961254, -0.12022190070453156, -0.11975273554534867, -0.11929109554406316, -0.11883684692221054, -0.11838986043160366, -0.11795001119271883, -0.11751717853451121, -0.11709124583930783, -0.11667210039488679, -0.11625963324482941, -0.11585373904798335, -0.11545431593927631, -0.115061265397506, -0.11467449211022071, -0.11429390384920993, -0.11391941134705966, -0.11355092817614681, -0.11318837063237776, -0.11283165762298956, -0.112480710553086, -0.11213545322480004, -0.11179581172906525, -0.11146171434646442, -0.11113309145359902, -0.11080987542330985, -0.11049200053898507, -0.11017940290305535, -0.10987202035430126, -0.1095697923825744, -0.10927266005308389, -0.10898056592719529, -0.10869345398796929, -0.10841126957123363, -0.10813395929508629, -0.10786147099429111, -0.10759375365678561, -0.10733075736121378, -0.099511951130699258]
}
