{
	"input_file":	"../../instances/J100_M50_G4_I3_L50_seed2.json",
	"method":	"MVN CDF",
	"convergence_threshold":	0.001,
	"iterations_made":	93,
	"max_iterations":	10000,
	"time_taken":	0.143147588,
	"ground_truth_matrix":	[[0.41002688019419109, 0.0188071163226876, 0.57116600348312141], [0.37652229212981631, 0.359301233438576, 0.26417647443160769], [0.14764526815067625, 0.622681621564415, 0.22967311028490894], [0.15258201494443627, 0.47714012095480163, 0.370277864100762]],
	"estimated_matrix":	[[0.385335048520977, 0.12889529674834646, 0.48576965473067651], [0.3680629278731144, 0.33614291008210029, 0.2957941620447852], [0.15936043138741152, 0.5415296912309786, 0.29910987738160977], [0.18661815547418292, 0.461772988368674, 0.351608856157143]],
	"log_likelihood":	[-0.23750177147042478, -0.23526257200119213, -0.23307748114675131, -0.23094503216324, -0.22886380566167483, -0.22683242760126818, -0.22484956739416823, -0.22291393611440452, -0.221024284804079, -0.21917940286913851, -0.21737811656486514, -0.21561928755862178, -0.21390181156779572, -0.21222461707237125, -0.2105866640908147, -0.20898694301851478, -0.2074244735289969, -0.2058983035237085, -0.20440750814108649, -0.20295118880964946, -0.20152847234771495, -0.20013851010835795, -0.19878047716325645, -0.19745357152275769, -0.196157013399115, -0.19489004449398442, -0.19365192732449027, -0.19244194457536273, -0.19125939848503706, -0.19010361024871442, -0.18897391945541014, -0.18786968354442038, -0.186790277282893, -0.18573509226634943, -0.184703536440439, -0.18369503363372691, -0.182709023118913, -0.1817449591807187, -0.1808023107040205, -0.17988056077631648, -0.17897920630285027, -0.17809775763514674, -0.17723573821310462, -0.17639268421292278, -0.17556814421941183, -0.17476167888900773, -0.1739728606425214, -0.17320127335213376, -0.1724465120467181, -0.17170818261964207, -0.17098590154805959, -0.17027929561831154, -0.16958800165888338, -0.16891166627905305, -0.168249945617753, -0.16760250509278996, -0.16696901916161511, -0.166349171084844, -0.1657426526960564, -0.165149164176921, -0.16456841383740889, -0.16400011790008359, -0.16344400029163483, -0.16289979243600045, -0.16236723305317835, -0.16184606796284745, -0.1613360498921135, -0.16083693828649989, -0.16034849912507187, -0.15987050474102005, -0.15940273364349672, -0.15894497034608934, -0.15849700519572515, -0.15805863420760524, -0.15762965890427375, -0.15720988615421669, -0.15679912801833487, -0.15639720159816953, -0.15600392888559764, -0.15561913661962481, -0.15524265614221239, -0.154874323260184, -0.15451397811194065, -0.15416146502906214, -0.15381663241371824, -0.15347933260749011, -0.15314942177059529, -0.15282675975911783, -0.15251121001079215, -0.15220263942920215, -0.1519009182709892, -0.15160592003963674, -0.15131752137977206, -0.143046507493823]
}
