{
	"input_file":	"../../instances/J100_M50_G4_I3_L50_seed19.json",
	"method":	"MVN CDF",
	"convergence_threshold":	0.001,
	"iterations_made":	97,
	"max_iterations":	10000,
	"time_taken":	0.418029,
	"ground_truth_matrix":	[[0.05643109664837008, 0.78761785528698358, 0.15595104806464638], [0.23302035588171555, 0.63115580747276, 0.13582383664552442], [0.16351092624063165, 0.24100577544256716, 0.595483298316801], [0.49269803671758838, 0.11870019027295735, 0.38860177300945425]],
	"estimated_matrix":	[[0.07906559531245784, 0.71297483008670881, 0.2079595746008332], [0.2126741098731546, 0.59674843420508117, 0.19057745592176417], [0.12810206042181832, 0.31277273544930645, 0.559125204128875], [0.47711408683610362, 0.18027387039941487, 0.34261204276448148]],
	"log_likelihood":	[-0.4142612649535562, -0.408344599775868, -0.4026206390668664, -0.397081960424891, -0.391721541176693, -0.38653272988811788, -0.381509220330861, -0.3766450276557135, -0.37193446656364382, -0.36737213127785961, -0.36295287715066632, -0.35867180375035568, -0.35452423928953536, -0.35050572627315291, -0.34661200825866684, -0.34283901762328223, -0.33918286425509786, -0.335639825082798, -0.332206334375528, -0.32887897474405448, -0.32565446878531951, -0.32252967131685889, -0.31950156215419978, -0.3165672393780431, -0.31372391306829384, -0.31096889945016137, -0.30829961543022588, -0.30571357349167783, -0.30320837691273189, -0.300781715297464, -0.298431360379789, -0.29615516209357579, -0.29395104488150575, -0.29181700422626322, -0.28975110339034915, -0.28775147035079973, -0.28581629490766852, -0.28394382596228235, -0.282132368952201, -0.28038028342455412, -0.2786859807519384, -0.27704792196709477, -0.27546461571900627, -0.27393461633823041, -0.27245652200269549, -0.27102897300378337, -0.26965065009754974, -0.26832027294415217, -0.26703659862583079, -0.26579842023680267, -0.26460456554695966, -0.26345389572742, -0.26234530414121265, -0.2612777151911751, -0.26025008321992177, -0.259261391464447, -0.25831065106080153, -0.25739690008882571, -0.25651920266891964, -0.25567664809041746, -0.2548683499842323, -0.254093445532102, -0.253351094709622, -0.25264047955951124, -0.25196080349874544, -0.25131129065557017, -0.25069118523170236, -0.2500997508911218, -0.24953627017837224, -0.24900004395197506, -0.24849039084811114, -0.24800664676321652, -0.24754816435298527, -0.24711431255720961, -0.24670447613633162, -0.24631805523070152, -0.24595446493142348, -0.24561313486993028, -0.2452935088224667, -0.24499504432490837, -0.24471721230721794, -0.24445949673436571, -0.24422139426275147, -0.24400241390815211, -0.2438020767230471, -0.24361991548497205, -0.24345547439621409, -0.24330830879102666, -0.24317798485238451, -0.24306407933800189, -0.24296617931418693, -0.24288388189593124, -0.24281679399862774, -0.24276453209167836, -0.24272672196300682, -0.24270299848767893, -0.24269300540324595, -0.24269639509256133]
}
