{
	"input_file":	"../../instances/J100_M50_G4_I3_L50_seed1.json",
	"method":	"MVN CDF",
	"convergence_threshold":	0.001,
	"iterations_made":	75,
	"max_iterations":	10000,
	"time_taken":	0.362646544,
	"ground_truth_matrix":	[[0.29749272785290543, 0.70244421200198748, 6.3060145107194e-05], [0.58481013050579844, 0.25781025207282132, 0.15737961742138015], [0.181511853553677, 0.373368719881009, 0.445119426565314], [0.31294128737882621, 0.2196927122672046, 0.467366000353969]],
	"estimated_matrix":	[[0.30115003326318546, 0.58099794537186056, 0.11785202136495403], [0.51889790341067676, 0.298346442608673, 0.18275565398065033], [0.2353593363449637, 0.35853568197663377, 0.40610498167840253], [0.28887851369321366, 0.30430734612049548, 0.40681414018629081]],
	"log_likelihood":	[-0.2078226000418322, -0.20529468522622066, -0.20282884086676725, -0.20042331388480863, -0.198076416174302, -0.195786521394966, -0.19355206195877306, -0.19137152620528242, -0.18924345573897175, -0.18716644293272469, -0.18513912857108561, -0.18316019963514132, -0.18122838721088153, -0.17934246451870123, -0.17750124505104961, -0.17570358081716059, -0.17394836067966807, -0.172234508784715, -0.17056098307442039, -0.16892677388114266, -0.1673309025914686, -0.16577242038319043, -0.16425040702733454, -0.16276396974678844, -0.16131224213870388, -0.159894383147046, -0.15850957608564978, -0.15715702771118131, -0.15583596733821709, -0.15454564600113982, -0.15328533564961042, -0.1520543283881215, -0.15085193574740571, -0.149677487988969, -0.14853033344533434, -0.14740983788540618, -0.14631538391046892, -0.14524637037879107, -0.14420221185201343, -0.14318233806923739, -0.14218619343953914, -0.1412132365611562, -0.1402629397587401, -0.13933478863783186, -0.13842828166415769, -0.13754292975197652, -0.13667825587703533, -0.13583379470102219, -0.1350090922114455, -0.13420370537880208, -0.13341720182142272, -0.13264915949146847, -0.1318991663655846, -0.13116682015394496, -0.13045172801393096, -0.12975350628168181, -0.12907178020668661, -0.12840618370278736, -0.1277563591049895, -0.12712195693238634, -0.12650263566924935, -0.12589806154138214, -0.12530790831150579, -0.12473185707412636, -0.12416959606346493, -0.12362082046375658, -0.12308523222814956, -0.12256253990414795, -0.12205245846294403, -0.1215547091381363, -0.12106901926455611, -0.12059512212894913, -0.12013275681857494, -0.1196816680809627, -0.11924160618539918, -0.10916386955382268]
}
