{
	"input_file":	"../../instances/J100_M50_G4_I3_L50_seed18.json",
	"method":	"MVN CDF",
	"convergence_threshold":	0.001,
	"iterations_made":	89,
	"max_iterations":	10000,
	"time_taken":	0.107164813,
	"ground_truth_matrix":	[[0.2719923306744691, 0.18223906229356635, 0.54576860703196461], [0.0573478133834925, 0.54637337389464335, 0.39627881272186422], [0.18885986669153693, 0.76000184958232464, 0.051138283726138462], [0.0098407100454399737, 0.34608044948750466, 0.64407884046705544]],
	"estimated_matrix":	[[0.2451925063976475, 0.27644502309683966, 0.47836247050551289], [0.0763090630155788, 0.53508444088566742, 0.3886064960987537], [0.16779722380538925, 0.64584467308279725, 0.18635810311181344], [0.013190338692102347, 0.4028309702531227, 0.583978691054775]],
	"log_likelihood":	[-0.57716083998062939, -0.56961115914728266, -0.56222313942029123, -0.55499755683291974, -0.547934779677288, -0.54103481266533526, -0.53429733725655, -0.5277217482049027, -0.52130718646496155, -0.51505256865220839, -0.50895661328263153, -0.5030178640390035, -0.4972347103331452, -0.491605405429176, -0.48612808237667315, -0.48080076802534627, -0.47562139534246717, -0.47058781426546376, -0.46569780129307337, -0.46094906799762325, -0.45633926863243485, -0.451866006976957, -0.44752684255183361, -0.44331929631339639, -0.43924085592740891, -0.43528898069549316, -0.4314611061982781, -0.42775464871908886, -0.42416700947020269, -0.42069557866873952, -0.41733773947408564, -0.41409087180353971, -0.41095235603929475, -0.40791957662059525, -0.40498992552721236, -0.40216080565785411, -0.399429634074929, -0.39679384514043675, -0.39425089350881731, -0.3917982569818631, -0.38943343922216417, -0.3871539723071083, -0.38495741912395071, -0.38284137560668918, -0.38080347279836285, -0.37884137874896739, -0.3769528002398303, -0.37513548433850435, -0.37338721978545869, -0.37170583821231412, -0.37008921519697352, -0.36853527116229651, -0.367041972117411, -0.36560733025454178, -0.3642294044007886, -0.362906300340044, -0.36163617100017253, -0.3604172165277687, -0.35924768424687858, -0.3581258685092053, -0.35705011045552559, -0.356018797680433, -0.35503036381777953, -0.35408328805106282, -0.3531760945577288, -0.3523073518872859, -0.351475672293801, -0.35067971101300188, -0.3499181654979745, -0.34918977462518763, -0.34849331786171966, -0.34782761440845655, -0.34719152232690575, -0.34658393764158818, -0.34600379343196119, -0.34545005891850622, -0.344921738537455, -0.34441787101877863, -0.343937528453664, -0.34347981537827238, -0.34304386785152574, -0.342628852545718, -0.34223396584048837, -0.34185843293509, -0.34150150696614073, -0.34116246813892454, -0.34084062287883643, -0.34053530298961665, -0.34024586483620783, -0.33082391867759331]
}
