{
	"input_file":	"../../instances/J100_M50_G4_I3_L50_seed11.json",
	"method":	"MVN CDF",
	"convergence_threshold":	0.001,
	"iterations_made":	110,
	"max_iterations":	10000,
	"time_taken":	0.371160232,
	"ground_truth_matrix":	[[0.23647057945119962, 0.02339651959646144, 0.740132900952339], [0.516247965232227, 0.218010359126032, 0.265741675641741], [0.0036490791266723327, 0.1895586707975162, 0.80679225007581146], [0.571859638491515, 0.3935376285596176, 0.03460273294886753]],
	"estimated_matrix":	[[0.24092188813817192, 0.043646867131714888, 0.71543124473011321], [0.46294109253205951, 0.219358627540081, 0.31770027992785943], [0.061191327898615318, 0.20238588808107857, 0.736422784020306], [0.503695007673069, 0.34326565555520144, 0.15303933677172971]],
	"log_likelihood":	[-0.554847798714608, -0.54798357731913638, -0.54126296841913379, -0.53468163194336749, -0.528235421182846, -0.52192037336148667, -0.51573270068330279, -0.50966878183195341, -0.50372515388630346, -0.497898504626958, -0.49218566520938228, -0.48658360318542043, -0.481089415843886, -0.47570032385821381, -0.47041366522948391, -0.46522688949179075, -0.46013755218923, -0.45514330959106936, -0.45024191364655142, -0.445431207163041, -0.44070911919813882, -0.436073660658819, -0.43152292009308485, -0.42705505967831747, -0.4226683113828501, -0.41836097330684435, -0.41413140619235039, -0.409978030094085, -0.405899321205691, -0.40189380884044573, -0.39796007255559712, -0.39409673941898732, -0.39030248141010548, -0.38657601295666455, -0.38291608859408677, -0.37932150075037152, -0.37579107764889, -0.37232368132564508, -0.368918205755592, -0.36557357508806615, -0.36228874197860639, -0.35906268602790481, -0.355894412306054, -0.35278294997244358, -0.3497273509803171, -0.3467266888660776, -0.34378005761608488, -0.340886570609199, -0.338045359631406, -0.33525557396008659, -0.332516379511041, -0.32982695804925755, -0.32718650645519676, -0.32459423604910753, -0.322049371963319, -0.31955115256926636, -0.31709882894002889, -0.31469166436851359, -0.31232893391333866, -0.31000992398927918, -0.3077339319912295, -0.30550026594671364, -0.30330824420213837, -0.301157195132888, -0.29904645688221265, -0.2969753771188039, -0.29494331281934039, -0.292949630066983, -0.29099370386912765, -0.28907491799083324, -0.287192664801007, -0.28534634513180346, -0.283535368149895, -0.28175915123856965, -0.28001711988430311, -0.27830870757737414, -0.27663335571560388, -0.27499051351079518, -0.273379637909766, -0.27180019350790741, -0.27025165247519956, -0.26873349448099287, -0.26724520662089557, -0.2657862833489501, -0.26435622640611, -0.26295454475534513, -0.26158075451245538, -0.26023437887953077, -0.2589149480799266, -0.2576219992899409, -0.2563550765748423, -0.25511373081731059, -0.25389751965348839, -0.25270600740390481, -0.25153876500393085, -0.25039536993374528, -0.2492754061507419, -0.2481784640162204, -0.2471041402233573, -0.24605203772846, -0.24502176567501172, -0.24401293932052651, -0.24302517996552214, -0.24205811487476817, -0.241111377207303, -0.24018460593789989, -0.23927744578357288, -0.23838954712847507, -0.23752056594583851, -0.23667016372712046, -0.22168577336452008]
}
