{
	"input_file":	"../../instances/J100_M50_G4_I3_L50_seed5.json",
	"method":	"MVN CDF",
	"convergence_threshold":	0.001,
	"iterations_made":	141,
	"max_iterations":	10000,
	"time_taken":	0.633813057,
	"ground_truth_matrix":	[[0.099277505208629477, 0.80913423592827161, 0.0915882588630989], [0.608148478297384, 0.16248736605778868, 0.22936415564482709], [0.57283457335997, 0.28825508098764524, 0.13891034565238466], [0.12730387889618566, 0.0515479245040332, 0.82114819659978122]],
	"estimated_matrix":	[[0.12380118882563389, 0.76465211912577224, 0.11154669204859387], [0.574730065301103, 0.16964767839230785, 0.255622256306589], [0.55189469991626749, 0.30062382273264632, 0.14748147735108624], [0.13485761935812457, 0.069871042304308628, 0.79527133833756669]],
	"log_likelihood":	[-0.43194104727185068, -0.42611266465544662, -0.42039845161789691, -0.41479516795068616, -0.40929971006157967, -0.40390910357978765, -0.398620496480522, -0.39343115267979917, -0.38833844607333923, -0.38333985496998624, -0.3784329568914262, -0.3736154237131985, -0.368885017111606, -0.36423958430039083, -0.3596770540265799, -0.35519543281237337, -0.35079280141745856, -0.34646731151177634, -0.34221718253738115, -0.33804069874905385, -0.33393620641570776, -0.32990211117957663, -0.325936875551984, -0.32203901653959188, -0.31820710339925889, -0.31443975549930875, -0.31073564028943973, -0.307093471370739, -0.30351200665506145, -0.29999004661382983, -0.296526432603165, -0.2931200452694227, -0.28976980301901151, -0.28647466056331311, -0.2832336075160064, -0.280045667056156, -0.27690989464317939, -0.27382537678480556, -0.270791229853104, -0.2678065989463127, -0.26487065679504246, -0.26198260271281348, -0.25914166157621543, -0.25634708285223856, -0.25359813965771233, -0.25089412784728665, -0.24823436513879207, -0.24561819026689022, -0.24304496216419574, -0.24051405917131216, -0.23802487827355542, -0.23557683435912241, -0.23316935950566181, -0.23080190228739186, -0.228473927104125, -0.22618491353310155, -0.22393435569658626, -0.22172176165707658, -0.21954665282290081, -0.21740856337699391, -0.21530703972153481, -0.21324163993982842, -0.2112119332747705, -0.2092174996232391, -0.20725792904528637, -0.20533282128883246, -0.20344178532932355, -0.20158443892273, -0.19976040817361873, -0.19796932711443363, -0.19621083730018538, -0.19448458741719188, -0.19279023289924982, -0.19112743556056525, -0.18949586324024639, -0.1878951894593498, -0.18632509308295689, -0.18478525800627843, -0.18327537283965012, -0.18179513060963506, -0.18034422847437942, -0.17892236744336135, -0.1775292521107121, -0.17616459040087867, -0.17482809331963353, -0.17351947472185134, -0.17223845108058741, -0.17098474127418994, -0.16975806637959251, -0.1685581494729593, -0.16738471544457711, -0.16623749081848282, -0.16511620358604573, -0.16402058304105729, -0.16295035963391585, -0.16190526482421266, -0.16088503095112119, -0.15988939110430145, -0.1589180790084285, -0.15797082891517872, -0.15704737550141359, -0.1561474537758604, -0.15527079899414295, -0.1544171465829017, -0.15358623206767022, -0.15277779101183492, -0.15199155895868965, -0.1512272713852946, -0.15048466366020946, -0.14976347100712009, -0.14906342847685886, -0.14838427092526246, -0.14772573299621378, -0.14708754911201657, -0.14646945346638054, -0.145871180028847, -0.14529246254834963, -0.14473303456511449, -0.14419262942537833, -0.14367098030572628, -0.14316782023464622, -0.142682882124758, -0.14221589880599975, -0.14176660306259964, -0.14133472767458308, -0.14092000546483943, -0.14052216934340594, -0.14014095236141488, -0.13977608776606545, -0.139427309052652, -0.139094350028958, -0.13877694487438377, -0.13847482820191406, -0.13818773512614674, -0.13791540132787575, -0.13765756312433078, -0.13741395753668759, -0.137184322361573, -0.13696839624382523, -0.1367659187460131, -0.136576630423041, -0.1265830109846845]
}
