{
	"input_file":	"../../instances/J100_M50_G4_I3_L50_seed9.json",
	"method":	"MVN CDF",
	"convergence_threshold":	0.001,
	"iterations_made":	106,
	"max_iterations":	10000,
	"time_taken":	0.341448455,
	"ground_truth_matrix":	[[0.0074912953861159658, 0.50062704625065, 0.491881658363234], [0.26431498514720508, 0.28198911632292084, 0.45369589852987391], [0.5924477648098716, 0.31160369262214915, 0.095948542567979231], [0.15614525105695157, 0.067210269891934848, 0.77664447905111356]],
	"estimated_matrix":	[[0.042197865678449527, 0.46511774599485028, 0.4926843883267002], [0.2717307849854127, 0.30444371579278912, 0.42382549922179824], [0.54141910680113758, 0.27559470054949969, 0.18298619264936261], [0.15796455586983693, 0.0994463710068102, 0.74258907312335276]],
	"log_likelihood":	[-0.47220083969043231, -0.46586468798070418, -0.45968538783078755, -0.45365728158397639, -0.4477750148376356, -0.44203351673190322, -0.43642798176565423, -0.43095385299427175, -0.42560680649583271, -0.42038273697782724, -0.4152777444347111, -0.4102881217577643, -0.40541034322092817, -0.40064105376429876, -0.395977059011342, -0.391415315957534, -0.38695292427586947, -0.38258711819367325, -0.37831525888958073, -0.37413482737254761, -0.370043417808458, -0.36603873126054187, -0.36211856980244678, -0.35828083099322139, -0.35452350267787136, -0.350844658086805, -0.34724245122496922, -0.3437151125215071, -0.34026094472390123, -0.33687831902367144, -0.33356567139599452, -0.33032149913848663, -0.32714435759610316, -0.32403285707037266, -0.32098565988235267, -0.31800147760123632, -0.315079068413043, -0.31221723462990075, -0.30941482033043471, -0.30667070911980038, -0.30398382201078955, -0.301353115409947, -0.29877757921076342, -0.29625623498590031, -0.29378813427293254, -0.29137235694838387, -0.28900800968764051, -0.28669422450445131, -0.28443015736796839, -0.28221498689533, -0.28004791310786, -0.27792815626066159, -0.2758549557308107, -0.27382756896970328, -0.271845270508801, -0.2699073510279496, -0.2680131164665619, -0.266161887196114, -0.2643529972309504, -0.26258579349183525, -0.26085963511224214, -0.25917389278145114, -0.25752794813682167, -0.25592119318619239, -0.25435302977023616, -0.2528228690607251, -0.2513301310894317, -0.24987424430989805, -0.248454645190015, -0.24707077783028969, -0.24572209361417663, -0.24440805087938433, -0.24312811461746348, -0.24188175619262609, -0.240668453088662, -0.23948768866858172, -0.23833895196270077, -0.23722173746740222, -0.236135544968934, -0.235079879376577, -0.23405425057585291, -0.23305817329505812, -0.2320911669870189, -0.23115275571939914, -0.23024246808103063, -0.22935983709954966, -0.22850440016479931, -0.22767569896716089, -0.22687327944308311, -0.22609669172386115, -0.22534549010294322, -0.22461923299860276, -0.22391748293091751, -0.22323980649787128, -0.22258577436497243, -0.2219549612513359, -0.22134694592668433, -0.22076131120729561, -0.22019764395554448, -0.21965553508883551, -0.21913457958120056, -0.21863437647644915, -0.21815452889538495, -0.21769464404979763, -0.21725433325668983, -0.21683321195095351, -0.20391933399173207]
}
