{
	"input_file":	"../../instances/J100_M50_G4_I3_L50_seed8.json",
	"method":	"MVN CDF",
	"convergence_threshold":	0.001,
	"iterations_made":	102,
	"max_iterations":	10000,
	"time_taken":	0.459807975,
	"ground_truth_matrix":	[[0.27340463300715134, 0.457544000038453, 0.26905136695439574], [0.73250839185554451, 0.25639597500319711, 0.011095633141258382], [0.30977655129027537, 0.28325875669197409, 0.40696469201775065], [0.289875097715659, 0.3609784079546185, 0.34914649432972239]],
	"estimated_matrix":	[[0.287314590620173, 0.4533634964913909, 0.25932191288843615], [0.675615503935964, 0.23859762585601815, 0.085786870208017965], [0.34099426497282959, 0.28290991476625565, 0.37609582026091476], [0.32556679584523246, 0.37502296843730237, 0.29941023571746517]],
	"log_likelihood":	[-0.16953615577778738, -0.16727223328433355, -0.16506201294504511, -0.162903810202924, -0.1607960137387609, -0.15873708139949594, -0.15672553640385567, -0.15475996379709964, -0.15283900714213211, -0.15096136542253485, -0.14912579014593721, -0.14733108262798561, -0.14557609144944919, -0.14385971006769147, -0.14218087457545994, -0.14053856159501052, -0.13893178629723946, -0.13735960053651466, -0.135821091096941, -0.13431537803696622, -0.13284161313073406, -0.13139897839495138, -0.1299866846994974, -0.12860397045376584, -0.12725010036547565, -0.12592436426692383, -0.12462607599890135, -0.1233545723640577, -0.12210921212382059, -0.1208893750541512, -0.11969446104737996, -0.11852388926126646, -0.11737709730688438, -0.11625354048357096, -0.115152691045228, -0.11407403750644146, -0.11301708398095875, -0.111981349551413, -0.11096636767054321, -0.109971685590492, -0.10899686381717225, -0.1080414755921931, -0.10710510639663207, -0.10618735348027181, -0.10528782540949158, -0.10440614163765558, -0.10354193209119043, -0.10269483678192484, -0.10186450542573422, -0.10105059708826993, -0.10025277983683532, -0.0994707304167658, -0.098704133934401431, -0.097952683556657247, -0.09721608022351147, -0.096494032371828728, -0.095786255672363568, -0.095092472774609541, -0.094412413067627474, -0.093745812444360838, -0.0930924130820307, -0.092451963226174466, -0.091824216987221555, -0.091208934145593779, -0.090605879960268129, -0.090014824990546763, -0.0894355449224375, -0.088867820402376271, -0.088311436876297444, -0.0877661844397705, -0.087231857686539474, -0.0867082555709737, -0.0861951812724601, -0.0856924420626217, -0.0851998491824796, -0.0847172177234119, -0.084244366508841831, -0.083781117985978426, -0.083327298119707155, -0.0828827362879282, -0.0824472651863557, -0.082020720732994545, -0.081602941976258975, -0.0811937710096926, -0.080793052889043024, -0.0804006355492176, -0.08001636972669, -0.0796401088897173, -0.079271709161897436, -0.078911029255522069, -0.078557930406259566, -0.078212276306837, -0.077873933050242358, -0.0775427690663711, -0.077218655067842021, -0.076901463996511751, -0.076591070967903158, -0.076287353224049434, -0.075990190083189246, -0.075699462892718866, -0.0754150549859335, -0.0751368516376363, -0.069524553569703454]
}
