{
	"input_file":	"../../instances/J100_M50_G4_I3_L50_seed16.json",
	"method":	"MVN CDF",
	"convergence_threshold":	0.001,
	"iterations_made":	122,
	"max_iterations":	10000,
	"time_taken":	0.455492,
	"ground_truth_matrix":	[[0.14090457732224396, 0.41296232609275713, 0.44613309658499889], [0.062522697791787138, 0.599349633264765, 0.3381276689434477], [0.82257953957974517, 0.12602514504674908, 0.0513953153735057], [0.7565924537553117, 0.22170157285653438, 0.021705973388153763]],
	"estimated_matrix":	[[0.180952892577749, 0.40102894993931221, 0.41801815748293886], [0.10023808050083789, 0.60738047053327637, 0.29238144896588564], [0.781871808597955, 0.14841663813726527, 0.0697115532647795], [0.70050666492389468, 0.22291279642136666, 0.0765805386547386]],
	"log_likelihood":	[-0.38742415266386326, -0.38279011462946461, -0.378270075446862, -0.37385996056682319, -0.36955588754755792, -0.36535415516300779, -0.36125123324833414, -0.357243753231422, -0.35332849929361521, -0.34950240011353934, -0.34576252114672379, -0.34210605740663275, -0.338530326705463, -0.33503276332252835, -0.33161091207126875, -0.32826242273153472, -0.32498504482982477, -0.32177662273133772, -0.31863509103150589, -0.31555847022558681, -0.31254486263260262, -0.30959244855682833, -0.30669948268004038, -0.30386429065363463, -0.301085265895369, -0.29836086655950267, -0.29568961268489152, -0.293070083496104, -0.29050091486152629, -0.287980796885019, -0.28550847163135873, -0.283082730975854, -0.28070241456804784, -0.278366407903193, -0.27607364049876415, -0.273823084160361, -0.27161375134724025, -0.26944469360968665, -0.267315000117079, -0.26522379625519055, -0.26317024229206659, -0.26115353211582787, -0.259172892028017, -0.25722757959984111, -0.25531688258287244, -0.25344011786788329, -0.25159663049762471, -0.24978579272197352, -0.24800700309790549, -0.24625968562652251, -0.24454328893469862, -0.24285728548469857, -0.24120117082416057, -0.239574462863391, -0.237976701182578, -0.23640744637135594, -0.23486627938502122, -0.23335280093626914, -0.23186663090126519, -0.23040740774897647, -0.22897478799456605, -0.2275684456620686, -0.22618807177563105, -0.2248333738562652, -0.22350407544055106, -0.22219991560579377, -0.22092064851692014, -0.21966604297571274, -0.21843588198500857, -0.217229962322191, -0.21604809412054676, -0.21489010045807305, -0.21375581695296506, -0.21264509136626211, -0.21155778321030835, -0.21049376335910983, -0.20945291366544427, -0.20843512658162935, -0.20744030477958134, -0.20646836077760769, -0.20551921656530894, -0.20459280323325843, -0.203689060599154, -0.20280793683862738, -0.20194938811441274, -0.20111337820243153, -0.20029987812353064, -0.19950886576861307, -0.19874032552306395, -0.19799424789635575, -0.19727062913947732, -0.19656947087175577, -0.19589077969649385, -0.19523456682066681, -0.19460084767348104, -0.19398964151617959, -0.193400971057451, -0.19283486206569875, -0.19229134297376568, -0.19177044449275618, -0.19127219921343477, -0.19079664121479911, -0.19034380566825818, -0.18991372844165014, -0.189506445704286, -0.18912199352919315, -0.18876040749996725, -0.18842172231592375, -0.18810597139941285, -0.18781318650319576, -0.18754339732466677, -0.18729663111673961, -0.18707291230848527, -0.1868722621236017, -0.18669469820888648, -0.18654023426284344, -0.18640887967490727, -0.18630063916704534, -0.18621551244242629, -0.18615349384701477, -0.18611457202978637, -0.18609872962341761, -0.18610594292298843]
}
