{
	"input_file":	"../../instances/J100_M50_G4_I3_L50_seed20.json",
	"method":	"MVN CDF",
	"convergence_threshold":	0.001,
	"iterations_made":	79,
	"max_iterations":	10000,
	"time_taken":	0.204731,
	"ground_truth_matrix":	[[0.16462456721633445, 0.42313389130268786, 0.41224154148097764], [0.582351120333567, 0.012580030813523983, 0.405068848852909], [0.20877069949759983, 0.3206161607287713, 0.47061313977362884], [0.11962298431176888, 0.17647027434518489, 0.70390674134304621]],
	"estimated_matrix":	[[0.19744254739824235, 0.33950575555098078, 0.46305169705077681], [0.47060822872220959, 0.0695936373827597, 0.45979813389503071], [0.24142872542046406, 0.27489147781915985, 0.48367979676037615], [0.12447580197526865, 0.21479178970658452, 0.660732408318147]],
	"log_likelihood":	[-0.34009019993087258, -0.33597493230986758, -0.332000898979304, -0.32816288202847516, -0.32445592184240712, -0.32087530015431848, -0.317416524481936, -0.314075313815313, -0.31084758543938529, -0.30772944277711334, -0.30471716417390682, -0.30180719251703153, -0.29899612563922251, -0.29628070741307211, -0.29365781949444975, -0.29112447365062122, -0.28867780461991938, -0.28631506346795088, -0.28403361139332767, -0.2818309139437542, -0.279704535617617, -0.27765213481048784, -0.27567145908726387, -0.27376034075283, -0.27191669269436353, -0.27013850448037346, -0.268423838693799, -0.266770827483366, -0.26517766931822029, -0.26364262592881649, -0.26216401942056644, -0.260740229557097, -0.25936969118473452, -0.25805089180753926, -0.256782369285128, -0.25556270966147621, -0.25439054510372638, -0.253264551949847, -0.25218344885809368, -0.25114599505072815, -0.250150988643969, -0.24919726506602735, -0.24828369554968449, -0.24740918570200912, -0.24657267413926334, -0.24577313119230021, -0.2450095576699326, -0.24428098368305132, -0.24358646752412619, -0.242925094597105, -0.24229597639722594, -0.24169824954124822, -0.24113107483552021, -0.24059363639253314, -0.240085140783706, -0.23960481623053742, -0.23915191183380879, -0.23872569683598285, -0.23832545991341042, -0.23795050850515612, -0.23760016816646287, -0.23727378195373736, -0.236970709832559, -0.2366903281164672, -0.23643202892435661, -0.23619521966523277, -0.235979322543775, -0.235783774086784, -0.23560802468952946, -0.23545153818206449, -0.23531379141294706, -0.23519427385254774, -0.23509248721022816, -0.23500794506762529, -0.23494017253150273, -0.23488870589507868, -0.23485309231739251, -0.23483288951273071, -0.23482766545789593, -0.23483699810280112]
}
