{
	"input_file":	"../../instances/J100_M50_G4_I3_L50_seed15.json",
	"method":	"MVN CDF",
	"convergence_threshold":	0.001,
	"iterations_made":	137,
	"max_iterations":	10000,
	"time_taken":	0.280063437,
	"ground_truth_matrix":	[[0.88190002979169, 0.0920076920293921, 0.026092278178917974], [0.294060845578166, 0.21111905408272336, 0.49482010033911067], [0.4312585359125406, 0.42880315095830712, 0.13993831312915236], [0.093033188364916641, 0.80772900137502379, 0.099237810260059636]],
	"estimated_matrix":	[[0.82035671209078131, 0.12541595658633231, 0.054227331322886312], [0.31314345467677879, 0.25901214719312965, 0.42784439813009156], [0.41625494938748886, 0.43761379833249914, 0.146131252280012], [0.13390005806333621, 0.73407424219178374, 0.13202569974488007]],
	"log_likelihood":	[-0.29765041501509387, -0.2938813922331453, -0.290208048725995, -0.28662676587767177, -0.28313410924245958, -0.279726817185018, -0.276401790359425, -0.27315608195736613, -0.269986888665104, -0.26689154225983525, -0.263867501804371, -0.26091234637844979, -0.25802376831761986, -0.25519956690535361, -0.25243764249006684, -0.24973599099681845, -0.24709269879285609, -0.24450593788968292, -0.24197396145199274, -0.23949509959157236, -0.23706775542300942, -0.23469040136516631, -0.23236157566952842, -0.23007987915539724, -0.22784397214548324, -0.22565257157916116, -0.22350444829394006, -0.22139842446994759, -0.219333371212591, -0.21730820627703992, -0.21532189191994722, -0.21337343286567373, -0.2114618743892665, -0.2095863004968789, -0.20774583220892065, -0.20593962592787154, -0.20416687189650073, -0.20242679273044831, -0.20071864202836848, -0.19904170305013283, -0.19739528746121837, -0.19577873413720526, -0.19419140802550974, -0.19263269906349792, -0.191102021144225, -0.18959881113081606, -0.18812252791586709, -0.18667265152361559, -0.18524868224779237, -0.18385013983377591, -0.18247656268616078, -0.18112750711925776, -0.17980254663101336, -0.1785012712106909, -0.17722328667099255, -0.17596821400870249, -0.17473568878861553, -0.17352536055126694, -0.17233689224137363, -0.17116995965905724, -0.17002425092824941, -0.16889946598522129, -0.1677953160839156, -0.166711523319837, -0.16564782016604906, -0.16460394902666756, -0.16357966180579414, -0.16257471948694, -0.16158889172655064, -0.16062195646104888, -0.15967369952496105, -0.15874391427821494, -0.15783240124820649, -0.15693896777854208, -0.15606342769012557, -0.15520560094950825, -0.15436531334868642, -0.15354239619280638, -0.15273668599596835, -0.15194802418593942, -0.15117625681658767, -0.15042123428948387, -0.14968281107925141, -0.14896084547306282, -0.14825519930978784, -0.14756573773148066, -0.14689232894301826, -0.14623484397037018, -0.14559315643714707, -0.14496714233745522, -0.14435667982337025, -0.14376164899324959, -0.14318193169076018, -0.1426174113072802, -0.14206797259211251, -0.14153350146875562, -0.14101388485778349, -0.14050901050695877, -0.14001876682433723, -0.13954304272210452, -0.13908172746221281, -0.13863471051352433, -0.13820188140800266, -0.13778312961146488, -0.13737834439278385, -0.13698741470609155, -0.13661022907180992, -0.13624667547161293, -0.13589664124404657, -0.13556001298713155, -0.13523667646940155, -0.1349265165444668, -0.13462941707329756, -0.13434526085043053, -0.13407392953777378, -0.13381530360447, -0.13356926227231156, -0.133335683464518, -0.13311444376464335, -0.13290541837580483, -0.13270848109178038, -0.13252350426735207, -0.13235035879745707, -0.1321889141018662, -0.13203903811229317, -0.13190059726787592, -0.13177345651370137, -0.1316574793041749, -0.13155252761054576, -0.13145846193571811, -0.13137514133114916, -0.131302423417704, -0.13124016441231293, -0.13118821915710321, -0.13114644115515037, -0.13111468260420631, -0.13109279444305616, -0.12279646441394906]
}
