{
	"input_file":	"../../instances/J100_M50_G4_I3_L50_seed17.json",
	"method":	"MVN CDF",
	"convergence_threshold":	0.001,
	"iterations_made":	89,
	"max_iterations":	10000,
	"time_taken":	0.303052115,
	"ground_truth_matrix":	[[0.26486681729550876, 0.573822371351404, 0.16131081135308734], [0.026190298800185041, 0.575982674279107, 0.397827026920708], [0.53082469934270038, 0.44833211672477563, 0.020843183932523809], [0.12958245300864712, 0.85229935197772044, 0.018118195013632533]],
	"estimated_matrix":	[[0.25253438749966683, 0.612395593101771, 0.13507001939856214], [0.068426940038969652, 0.59840275400206056, 0.33317030595896979], [0.46736164876754083, 0.46105490133485272, 0.071583449897606469], [0.1449931317110717, 0.77555113565241973, 0.079455732636508639]],
	"log_likelihood":	[-0.29607897775289133, -0.291610686647327, -0.2872680665991999, -0.28304672333851183, -0.27894249119546866, -0.274951418251735, -0.27106975257823185, -0.267293929472982, -0.26362055962441255, -0.2600464181088053, -0.256568434173322, -0.2531836817196077, -0.24988937045242571, -0.24668283763275692, -0.24356154038342112, -0.24052304852021067, -0.23756503785341943, -0.23468528393463622, -0.23188165621328619, -0.22915211257177034, -0.2264946942172556, -0.22390752089634366, -0.2213887864196192, -0.21893675446705385, -0.21654975465956017, -0.21422617887630907, -0.21196447780355634, -0.20976315769736364, -0.20762077734485812, -0.20553594521962815, -0.20350731680237685, -0.201533592078163, -0.19961351317524448, -0.19774586215908407, -0.19592945894998329, -0.19416315937974027, -0.19244585335497658, -0.19077646314156776, -0.18915394174755287, -0.18757727140670327, -0.18604546215560241, -0.18455755049170172, -0.1831125981218546, -0.18170969077909491, -0.18034793711486147, -0.17902646765917329, -0.17774443384291538, -0.17650100708054561, -0.17529537790928382, -0.17412675517915246, -0.17299436529631, -0.17189745150818092, -0.17083527323590783, -0.16980710544643152, -0.168812238063569, -0.1678499754151814, -0.16691963571461535, -0.16602055057329024, -0.16515206454467696, -0.1643135346934016, -0.16350433019605343, -0.16272383195943743, -0.16197143226972766, -0.161246534455637, -0.16054855257706108, -0.15987691113192434, -0.15923104477848987, -0.15861039807470775, -0.15801442523521295, -0.157442589900337, -0.15689436491913245, -0.15636923214437584, -0.1558666822412865, -0.15538621450353554, -0.15492733668172654, -0.15448956482048778, -0.1540724231057046, -0.15367544371360228, -0.15329816667630353, -0.15294013974888571, -0.15260091827984623, -0.15228006509411524, -0.1519771503777699, -0.15169175156623937, -0.1514234532395872, -0.15117184702280348, -0.15093653148367683, -0.15071711204331381, -0.15051320088058107, -0.14078615300823794]
}
