{
	"input_file":	"../../instances/J100_M50_G4_I3_L50_seed18.json",
	"method":	"MVN CDF",
	"convergence_threshold":	0.001,
	"iterations_made":	89,
	"max_iterations":	10000,
	"time_taken":	0.172293126,
	"ground_truth_matrix":	[[0.2719923306744691, 0.18223906229356635, 0.54576860703196461], [0.0573478133834925, 0.54637337389464335, 0.39627881272186422], [0.18885986669153693, 0.76000184958232464, 0.051138283726138462], [0.0098407100454399737, 0.34608044948750466, 0.64407884046705544]],
	"estimated_matrix":	[[0.24519250639764809, 0.276445023096838, 0.478362470505514], [0.076309063015579034, 0.53508444088566776, 0.3886064960987532], [0.16779722380538878, 0.6458446730828, 0.18635810311181114], [0.013190338692102373, 0.40283097025312159, 0.583978691054776]],
	"log_likelihood":	[-0.57716083998063583, -0.5696111591475902, -0.562223139420115, -0.554997556833028, -0.54793477967681425, -0.541034812665291, -0.53429733725695672, -0.52772174820451323, -0.52130718646486929, -0.51505256865217863, -0.50895661328248365, -0.503017864038909, -0.497234710333321, -0.49160540542933262, -0.48612808237647226, -0.480800768025314, -0.47562139534241527, -0.470587814265703, -0.465697801292996, -0.46094906799785268, -0.45633926863247781, -0.45186600697684126, -0.44752684255163516, -0.443319296313463, -0.43924085592773343, -0.43528898069535726, -0.43146110619852185, -0.42775464871893631, -0.424167009470135, -0.42069557866895441, -0.41733773947399316, -0.41409087180381532, -0.410952356039505, -0.40791957662027134, -0.40498992552807034, -0.40216080565767071, -0.39942963407501469, -0.39679384514065158, -0.39425089350841536, -0.39179825698182846, -0.38943343922273377, -0.38715397230690235, -0.38495741912396048, -0.38284137560623283, -0.38080347279828236, -0.37884137874920043, -0.376952800239688, -0.37513548433862032, -0.3733872197851924, -0.37170583821252684, -0.37008921519706789, -0.36853527116212276, -0.36704197211718542, -0.36560733025443043, -0.36422940440095969, -0.36290630033964821, -0.36163617100022172, -0.36041721652793457, -0.359247684246634, -0.35812586850866224, -0.35705011045556784, -0.35601879768032424, -0.35503036381744579, -0.35408328805142963, -0.3531760945575218, -0.35230735188724355, -0.35147567229351823, -0.350679711012853, -0.3499181654979393, -0.34918977462493928, -0.34849331786106819, -0.34782761440876769, -0.34719152232732331, -0.34658393764129869, -0.346003793431742, -0.34545005891845665, -0.34492173853778152, -0.34441787101873539, -0.34393752845354986, -0.34347981537859013, -0.34304386785192925, -0.34262885254563352, -0.3422339658405, -0.34185843293519763, -0.34150150696558773, -0.34116246813907686, -0.340840622878602, -0.34053530298976031, -0.34024586483634478, -0.330823918677555]
}
