{
	"input_file":	"../../instances/J100_M50_G4_I3_L50_seed5.json",
	"method":	"MVN CDF",
	"convergence_threshold":	0.001,
	"iterations_made":	141,
	"max_iterations":	10000,
	"time_taken":	0.349554425,
	"ground_truth_matrix":	[[0.099277505208629477, 0.80913423592827161, 0.0915882588630989], [0.608148478297384, 0.16248736605778868, 0.22936415564482709], [0.57283457335997, 0.28825508098764524, 0.13891034565238466], [0.12730387889618566, 0.0515479245040332, 0.82114819659978122]],
	"estimated_matrix":	[[0.12380118882563303, 0.76465211912577269, 0.11154669204859424], [0.574730065301104, 0.16964767839230754, 0.25562225630658864], [0.551894699916268, 0.30062382273264654, 0.14748147735108544], [0.13485761935812554, 0.06987104230430817, 0.79527133833756625]],
	"log_likelihood":	[-0.431941047271888, -0.42611266465551068, -0.42039845161764039, -0.41479516795031152, -0.4092997100616082, -0.4039091035800772, -0.39862049648023079, -0.39343115267969209, -0.38833844607363782, -0.38333985497022632, -0.37843295689137069, -0.37361542371330309, -0.36888501711174854, -0.36423958430033315, -0.35967705402714772, -0.35519543281276422, -0.35079280141774843, -0.34646731151202381, -0.34221718253770961, -0.338040698748882, -0.33393620641597443, -0.32990211117946056, -0.32593687555185918, -0.32203901653973566, -0.3182071033996684, -0.314439755499267, -0.31073564028950518, -0.307093471370601, -0.3035120066553586, -0.29999004661393369, -0.29652643260335038, -0.2931200452692897, -0.2897698030191232, -0.286474660563246, -0.28323360751571269, -0.28004566705563116, -0.27690989464321963, -0.2738253767847334, -0.270791229853133, -0.26780659894625675, -0.26487065679554139, -0.26198260271309415, -0.25914166157584484, -0.25634708285237273, -0.253598139657488, -0.25089412784701837, -0.24823436513909031, -0.245618190266722, -0.24304496216412763, -0.24051405917141316, -0.23802487827376606, -0.23557683435900686, -0.233169359505683, -0.23080190228723804, -0.22847392710409126, -0.22618491353275905, -0.2239343556962515, -0.22172176165721022, -0.21954665282290486, -0.21740856337718611, -0.21530703972138288, -0.21324163994006892, -0.211211933275157, -0.20921749962355191, -0.20725792904523, -0.20533282128902228, -0.20344178532917145, -0.20158443892300273, -0.19976040817354926, -0.19796932711405882, -0.19621083730039809, -0.19448458741753835, -0.19279023289931735, -0.19112743556035064, -0.18949586324055262, -0.18789518945863035, -0.1863250930830837, -0.18478525800656631, -0.18327537283964382, -0.18179513060954758, -0.18034422847455892, -0.17892236744323084, -0.17752925211096257, -0.17616459040066693, -0.174828093320107, -0.173519474721887, -0.17223845108040059, -0.17098474127417773, -0.1697580663794811, -0.1685581494728664, -0.16738471544437422, -0.16623749081879388, -0.1651162035859135, -0.1640205830413744, -0.16295035963384044, -0.16190526482427819, -0.16088503095098253, -0.15988939110386294, -0.15891807900812865, -0.15797082891531264, -0.15704737550132045, -0.15614745377588266, -0.15527079899431889, -0.1544171465829933, -0.1535862320680958, -0.15277779101167729, -0.15199155895829286, -0.15122727138550235, -0.15048466366021865, -0.14976347100686566, -0.14906342847663889, -0.14838427092538309, -0.14772573299664984, -0.14708754911187213, -0.14646945346637816, -0.14587118002891231, -0.14529246254840955, -0.1447330345649567, -0.14419262942539007, -0.14367098030540318, -0.14316782023489633, -0.14268288212497765, -0.14221589880605742, -0.14176660306222735, -0.14133472767475855, -0.14092000546476224, -0.14052216934343373, -0.140140952361798, -0.13977608776594255, -0.13942730905270964, -0.13909435002924864, -0.13877694487437742, -0.13847482820202772, -0.13818773512610563, -0.13791540132799623, -0.13765756312414723, -0.13741395753672522, -0.13718432236195469, -0.13696839624382426, -0.13676591874650038, -0.13657663042292581, -0.12658301098448643]
}
