{
	"input_file":	"../../instances/J100_M50_G4_I3_L50_seed10.json",
	"method":	"MVN CDF",
	"convergence_threshold":	0.001,
	"iterations_made":	123,
	"max_iterations":	10000,
	"time_taken":	0.362444311,
	"ground_truth_matrix":	[[0.590040182963056, 0.00838622005696103, 0.401573596979983], [0.59386635266519261, 0.296677408979759, 0.10945623835504842], [0.12026555402602122, 0.77879320819781883, 0.1009412377761599], [0.021434925155496692, 0.26798895440852949, 0.710576120435974]],
	"estimated_matrix":	[[0.530136079420257, 0.0833338867691231, 0.38653003381062], [0.572017929987974, 0.26885549054537433, 0.15912657946665171], [0.16916609124563239, 0.66614613433311975, 0.16468777442124782], [0.062187141787544573, 0.28405201787711459, 0.65376084033534076]],
	"log_likelihood":	[-0.41707849387336138, -0.411872894274342, -0.40679226744123465, -0.40183262331919417, -0.396990147707141, -0.39226119265252174, -0.38764226748917713, -0.38313003045688826, -0.37872128086414947, -0.37441295174974354, -0.37020210301210976, -0.366085914958145, -0.36206168225645269, -0.35812680825840576, -0.35427879965237652, -0.35051526144519712, -0.34683389223348959, -0.34323247974560589, -0.33970889664708709, -0.3362610965750481, -0.33288711040027141, -0.32958504269150635, -0.326353068375219, -0.32318942957572711, -0.320092432620841, -0.31706044520846, -0.31409189371817858, -0.31118526066285485, -0.30833908226815848, -0.30555194617540565, -0.3028224892558809, -0.30014939553577474, -0.2975313942187387, -0.29496725780503, -0.29245580029960971, -0.28999587550274886, -0.287586375383188, -0.28522622852263935, -0.28291439863275786, -0.28064988313848216, -0.27843171182344367, -0.27625894553592989, -0.2741306749513564, -0.27204601938818446, -0.27000412567286919, -0.268004167056576, -0.26604534217129983, -0.26412687403636, -0.26224800910200513, -0.26040801633255822, -0.25860618632789245, -0.2568418304784052, -0.25511428015732918, -0.2534228859424616, -0.25176701686921349, -0.25014605971509329, -0.2485594183070779, -0.247006512864743, -0.2454867793590548, -0.24399966890601929, -0.24254464717284388, -0.24112119381765207, -0.23972880194326379, -0.23836697757674463, -0.23703523916407993, -0.23573311709023181, -0.23446015321190714, -0.233215900412446, -0.23199992217079946, -0.23081179214996586, -0.229651093798494, -0.22851741996992417, -0.2274103725551731, -0.22632956212944313, -0.22527460761424659, -0.22424513595148468, -0.22324078178919754, -0.22226118718481191, -0.22130600131302861, -0.22037488019067267, -0.21946748640943206, -0.218583488885049, -0.21772256260752113, -0.21688438840898155, -0.216068652741162, -0.21527504745590637, -0.2145032696016882, -0.21375302122515119, -0.21302400918236969, -0.21231594495720266, -0.21162854449032406, -0.2109615280103104, -0.21031461987906394, -0.20968754843855039, -0.20908004586868512, -0.20849184804721932, -0.20792269441998087, -0.20737232787722348, -0.2068404946311011, -0.20632694410450014, -0.20583142882317931, -0.20535370431106273, -0.20489352899504246, -0.20445066410899884, -0.20402487360930624, -0.20361592408717813, -0.20322358469213106, -0.20284762705581827, -0.20248782521987441, -0.20214395556975326, -0.201815796770312, -0.2015031297031411, -0.20120573741423661, -0.20092340505628431, -0.20065591983744174, -0.20040307097759075, -0.20016464965802094, -0.19994044898250157, -0.19973026393495513, -0.19953389134454469, -0.1993511298475748, -0.19918177985574578, -0.19902564352522206, -0.18441278564734187]
}
