{
	"input_file":	"../../instances/J100_M50_G4_I3_L50_seed3.json",
	"method":	"MVN CDF",
	"convergence_threshold":	0.001,
	"iterations_made":	99,
	"max_iterations":	10000,
	"time_taken":	0.435799077,
	"ground_truth_matrix":	[[0.33688219083814136, 0.518408337162583, 0.1447094719992755], [0.13709494665374614, 0.42840825980005576, 0.43449679354619813], [0.32007545057654463, 0.55390092484015363, 0.12602362458330174], [0.475692357133093, 0.024822571764609672, 0.49948507110229734]],
	"estimated_matrix":	[[0.29310811194459874, 0.5101667023129508, 0.19672518574245051], [0.20003821564864543, 0.43734193429986634, 0.36261985005148822], [0.32340897205418134, 0.46712684242797115, 0.20946418551784754], [0.44504958453984766, 0.125486874865539, 0.42946354059461339]],
	"log_likelihood":	[-0.17475922484490158, -0.173199450281221, -0.17167659311284605, -0.17018951096377155, -0.16873710303914405, -0.167318308359492, -0.16593210408153747, -0.16457750391295753, -0.16325355660248356, -0.1619593445136239, -0.16069398226587253, -0.1594566154489489, -0.15824641939454881, -0.15706259801765252, -0.15590438270407761, -0.154771031260357, -0.153661826907557, -0.15257607732732154, -0.15151311374827534, -0.15047229007718632, -0.14945298206954905, -0.14845458653618443, -0.14747652058738589, -0.14651822090769057, -0.14557914306432568, -0.14465876084331425, -0.14375656561813635, -0.14287206573798683, -0.14200478594704352, -0.14115426682530066, -0.14032006425116778, -0.1395017488867655, -0.13869890568217857, -0.13791113340131686, -0.13713804416032241, -0.13637926299000488, -0.13563442741108878, -0.13490318702267629, -0.1341852031111164, -0.13348014826710694, -0.13278770601850695, -0.13210757047954946, -0.131439446002284, -0.13078304684991685, -0.13013809687572891, -0.12950432921098, -0.12888148596846452, -0.12826931794796059, -0.127667584357368, -0.12707605254018345, -0.12649449770925306, -0.12592270268996708, -0.125360457672278, -0.12480755996872768, -0.1242638137794863, -0.12372902996299717, -0.12320302581674367, -0.12268562485882384, -0.12217665662066482, -0.1216759564437335, -0.12118336528021303, -0.12069872949986961, -0.1202219007047238, -0.11975273554537506, -0.11929109554399224, -0.1188368469219282, -0.11838986043147862, -0.11795001119253734, -0.11751717853476129, -0.11709124583958611, -0.11667210039498732, -0.11625963324486789, -0.11585373904791138, -0.11545431593963661, -0.11506126539755876, -0.11467449210994532, -0.11429390384921058, -0.1139194113465877, -0.11355092817622225, -0.11318837063266779, -0.11283165762261312, -0.11248071055339588, -0.1121354532250584, -0.11179581172902955, -0.11146171434664923, -0.11113309145337338, -0.11080987542341214, -0.11049200053915945, -0.1101794029034332, -0.10987202035460551, -0.1095697923830266, -0.10927266005324068, -0.10898056592695574, -0.1086934539878793, -0.10841126957113624, -0.10813395929520787, -0.10786147099417437, -0.10759375365675852, -0.10733075736126246, -0.099511951130693]
}
