{
	"input_file":	"../../instances/J100_M50_G4_I3_L50_seed14.json",
	"method":	"MVN CDF",
	"convergence_threshold":	0.001,
	"iterations_made":	104,
	"max_iterations":	10000,
	"time_taken":	0.304213195,
	"ground_truth_matrix":	[[0.16980903280015061, 0.34919148198550209, 0.48099948521434727], [0.0022826956347437562, 0.10472826176811086, 0.89298904259714529], [0.38331171056814639, 0.20405281529085445, 0.41263547414099916], [0.10819096507086004, 0.71055994962537883, 0.18124908530376127]],
	"estimated_matrix":	[[0.16843756274251473, 0.39747214183862356, 0.43409029541886163], [0.014869587697418436, 0.14706434864498116, 0.83806606365760039], [0.35948398893622463, 0.22338977157745379, 0.41712623948632155], [0.0912464860145921, 0.595909683955956, 0.31284383002945176]],
	"log_likelihood":	[-0.58123277612596058, -0.571720736892292, -0.56248715643764269, -0.5535225035480994, -0.54481770367832538, -0.5363641154816956, -0.5281535080905555, -0.5201780391667612, -0.51243023373691243, -0.50490296382669664, -0.49758942889405317, -0.49048313706939484, -0.48357788719665712, -0.476867751679835, -0.47034706012451161, -0.464010383771961, -0.45785252071180543, -0.45186848186851236, -0.44605347774617254, -0.44040290591403947, -0.43491233922527045, -0.42957751474372013, -0.42439432336059263, -0.41935880008665166, -0.4144671149905152, -0.409715564762041, -0.40510056487826535, -0.400618642348196, -0.39626642900115133, -0.39204065530648036, -0.38793814468412735, -0.38395580828457443, -0.38009064021320127, -0.37633971316510045, -0.37270017444693315, -0.36916924236166676, -0.36574420291889181, -0.3624224068636408, -0.3592012669780234, -0.35607825564611267, -0.3530509026532303, -0.35011679319994249, -0.3472735661085698, -0.344518912201103, -0.34185057283121978, -0.33926633856130956, -0.33676404794676451, -0.33434158644144141, -0.33199688538555866, -0.32972792107717513, -0.32753271391723981, -0.32540932760339314, -0.32335586838258057, -0.32137048434012755, -0.31945136472372476, -0.31759673929574217, -0.31580487770363019, -0.31407408887564014, -0.31240272041799, -0.310789158031109, -0.309231824926881, -0.30772918125144344, -0.30627972350890137, -0.30488198398616023, -0.30353453017707871, -0.302235964204817, -0.30098492223855, -0.2997800739158481, -0.29862012175235975, -0.29750380055596359, -0.2964298768347704, -0.29539714820591467, -0.2944044427990461, -0.29345061866323741, -0.2925345631691883, -0.29165519241297766, -0.29081145062238073, -0.29000230956141448, -0.28922676794053842, -0.28848385082522965, -0.28777260905212, -0.28709211864644335, -0.28644148024575422, -0.285819818527293, -0.28522628164221553, -0.28466004065703537, -0.284120288998052, -0.28360624190791139, -0.2831171359058256, -0.28265222825893033, -0.28221079645746433, -0.28179213770415734, -0.28139556840664509, -0.28102042368647939, -0.28066605688644258, -0.28033183909873238, -0.28001715869402466, -0.27972142086692925, -0.27944404718323235, -0.27918447514606781, -0.27894215776405312, -0.27871656313158621, -0.27850717402199165, -0.27831348748681617, -0.268710910211461]
}
