{
	"input_file":	"../../instances/J100_M50_G4_I4_L50_seed18.json",
	"method":	"MVN CDF",
	"convergence_threshold":	0.001,
	"iterations_made":	29,
	"max_iterations":	10000,
	"time_taken":	0.223633,
	"ground_truth_matrix":	[[0.25856144603859232, 0.17324016215639787, 0.5188187471563106, 0.049379644648699164], [0.21703835825592904, 0.15741561912449081, 0.12450764575610422, 0.501038376863476], [0.092386911183075723, 0.00893155724049351, 0.31410714573850357, 0.584574385837927], [0.73001552280892, 0.01151980247078856, 0.06483281052782, 0.19363186419247139]],
	"estimated_matrix":	[[0.27640782475218745, 0.13303989954816287, 0.3648951145123937, 0.22565716118725596], [0.28481604754224371, 0.13507022465280294, 0.178279109453966, 0.40183461835098733], [0.21699132153116535, 0.0241286641829395, 0.2904357297823762, 0.468444284503519], [0.544443786168892, 0.032476536754474657, 0.1724583293694866, 0.25062134770714661]],
	"log_likelihood":	[-1.0752121507409069, -1.0658007354562895, -1.0563554835881674, -1.0469361546062979, -1.0376006355800569, -1.02840410003029, -1.0193983450467674, -1.0106312816854237, -1.0021465576966218, -0.99398329543718755, -0.986175931088696, -0.97875414378627967, -0.97174286498263562, -0.965162359345322, -0.95902836892839882, -0.9533523123642107, -0.94814153065430473, -0.94339957090108051, -0.93912649917525481, -0.935319233748886, -0.93197189017742255, -0.92907613021413349, -0.9266215072428563, -0.92459580183061441, -0.922985341994289, -0.92177530387034, -0.9209499895703035, -0.9204930800442922, -0.920387861737632, -0.92061742668219981]
}
