{
	"input_file":	"../../instances/J100_M50_G4_I4_L50_seed5.json",
	"method":	"MVN CDF",
	"convergence_threshold":	0.001,
	"iterations_made":	79,
	"max_iterations":	10000,
	"time_taken":	0.321393,
	"ground_truth_matrix":	[[0.04983539454067374, 0.40616979444752377, 0.04597554104672593, 0.49801926996507662], [0.17642180632607257, 0.24903375337454553, 0.38221213978536139, 0.19233230051402056], [0.17736032732383658, 0.10472522126556412, 0.042405367741133453, 0.675509083669466], [0.18223419748820011, 0.053948911524286144, 0.66354524613560528, 0.1002716448519083]],
	"estimated_matrix":	[[0.0524104216006548, 0.35962983556497669, 0.11227030644259467, 0.4756894363917738], [0.15396037424468256, 0.26466761610272349, 0.32640437570865549, 0.25496763394393834], [0.17133974340299946, 0.0977007929640109, 0.10851819654069347, 0.62244126709229619], [0.17309145049865235, 0.0579427774463734, 0.55307367504998417, 0.21589209700499012]],
	"log_likelihood":	[-0.749876548647609, -0.74091692133218046, -0.732219475663656, -0.72377524324577258, -0.71557601353927047, -0.70761423183457728, -0.69988291137098724, -0.6923755577009596, -0.68508610366436218, -0.67800885350911977, -0.67113843490653025, -0.66446975774811157, -0.65799797879223854, -0.651718471317305, -0.64562679908592158, -0.639718694005511, -0.63399003696393674, -0.62843684138498468, -0.62305523912899752, -0.61784146840150034, -0.61279186339413838, -0.60790284541132233, -0.603170915283737, -0.59859264688756, -0.5941646816184768, -0.58988372369654574, -0.585746536178084, -0.58174993759589, -0.57789079912734531, -0.574166042231768, -0.57057263668419533, -0.56710759896229135, -0.56376799092690977, -0.56055091876008, -0.557453532128783, -0.55447302352955419, -0.55160662779851655, -0.54885162174985769, -0.54620532392940679, -0.54366509445762723, -0.54122833494324252, -0.53889248845868776, -0.53665503955482363, -0.53451351430602279, -0.53246548037871844, -0.53050854710488238, -0.528640365558455, -0.52685862862727839, -0.525161071070339, -0.52354546955805747, -0.52200964268873062, -0.52055145098240529, -0.51916879683922246, -0.517859624473414, -0.51662191980675354, -0.51545371033252474, -0.51435306494152477, -0.513318093711462, -0.51234694766429, -0.51143781848274239, -0.510588938196507, -0.5097985788357956, -0.509065052046257, -0.508386708679971, -0.50776193835338557, -0.50718916897844823, -0.5066668662674555, -0.50619353321555582, -0.50576770955793138, -0.505387971212806, -0.50505292969862936, -0.50476123154209, -0.504511557669313, -0.50430262278185178, -0.50413317473038466, -0.504001993870126, -0.50390789241653655, -0.50384971379390053, -0.50382633197997873, -0.50383665084749318]
}
