{
	"input_file":	"../../instances/J100_M50_G4_I4_L50_seed4.json",
	"method":	"MVN CDF",
	"convergence_threshold":	0.001,
	"iterations_made":	106,
	"max_iterations":	10000,
	"time_taken":	0.481113907,
	"ground_truth_matrix":	[[0.37664033529374275, 0.0874640765523398, 0.39740799933549775, 0.1384875888184196], [0.23064419241874784, 0.046933541478898853, 0.72121745986295, 0.0012048062394032465], [0.11244721555034376, 0.21997027355988638, 0.58266717542103574, 0.084915335468733921], [0.27704626812045552, 0.57122821446376149, 0.024940119654536592, 0.12678539776124645]],
	"estimated_matrix":	[[0.36878448193166286, 0.079102250770974963, 0.42991434024896985, 0.12219892704839237], [0.23532635494845452, 0.0765288181276191, 0.62405069045157346, 0.064094136472353055], [0.14980527942080277, 0.19392353712177909, 0.556134037794041, 0.10013714566337725], [0.25749897674349359, 0.540971953754518, 0.10408919978576378, 0.0974398697162247]],
	"log_likelihood":	[-0.43223909032320734, -0.42376532835109, -0.415590215502274, -0.40769975095908956, -0.40008088281168053, -0.3927214233406543, -0.38560997327743168, -0.37873585394946524, -0.3720890463888587, -0.365660136592278, -0.35944026622959213, -0.35342108818756535, -0.34759472641572969, -0.34195373959116132, -0.336491088211256, -0.33120010472777328, -0.32607446641860155, -0.321108170704032, -0.31629551266317291, -0.31163106452380673, -0.30710965693096809, -0.30272636181640628, -0.298476476712948, -0.29435551037629931, -0.290359169583979, -0.28648334700722261, -0.28272411004663167, -0.27907769054818854, -0.27554047531679626, -0.27210899735664845, -0.26877992776400483, -0.26555006823071781, -0.26241634408621428, -0.259375797841352, -0.25642558319116088, -0.25356295943136842, -0.250785286254573, -0.24809001889788082, -0.2454747036124765, -0.24293697341883735, -0.24047454414135472, -0.2380852106821682, -0.23576684352960306, -0.23351738547012421, -0.23133484850017483, -0.22921731091205233, -0.22716291454629478, -0.22516986219954369, -0.22323641516843765, -0.22136089092979966, -0.21954166094069494, -0.21777714855115252, -0.21606582702166782, -0.21440621764250992, -0.21279688794105212, -0.21123644997499885, -0.20972355870714435, -0.20825691045395056, -0.20683524140405268, -0.20545732620542373, -0.20412197660920456, -0.20282804017576206, -0.20157439903693219, -0.20035996870282624, -0.19918369692795151, -0.19804456261268086, -0.19694157475631718, -0.19587377144852863, -0.19484021889889491, -0.19384001050395763, -0.19287226595284609, -0.191936130362164, -0.19103077344432567, -0.19015538870735429, -0.18930919268133742, -0.18849142417689657, -0.18770134356224652, -0.18693823207629864, -0.18620139115516443, -0.185490141787788, -0.18480382389352537, -0.1841417957182877, -0.18350343325221394, -0.18288812966988119, -0.18229529478368633, -0.18172435451748481, -0.18117475040178627, -0.18064593907679077, -0.18013739182199726, -0.17964859409075781, -0.1791790450686179, -0.17872825724222105, -0.17829575597918049, -0.17788107912726278, -0.17748377662235992, -0.17710341011201006, -0.17673955258764318, -0.17639178803207381, -0.17605971107493118, -0.17574292666249511, -0.175441049736551, -0.17515370492363319, -0.17488052623409031, -0.17462115677339843, -0.17437524845712454, -0.17414246174438258, -0.16335789834984404]
}
