{
	"input_file":	"../../instances/J100_M50_G4_I4_L50_seed7.json",
	"method":	"MVN CDF",
	"convergence_threshold":	0.001,
	"iterations_made":	62,
	"max_iterations":	10000,
	"time_taken":	0.272744,
	"ground_truth_matrix":	[[0.022970939991479138, 0.43806769354602731, 0.16697318978046674, 0.37198817668202688], [0.712028237377669, 0.14427461235209513, 0.12974505029533678, 0.0139520999748993], [0.0828928445429555, 0.18375599268884832, 0.30153350005390939, 0.43181766271428679], [0.14571323244954967, 0.020725886013673991, 0.10327344488830011, 0.73028743664847617]],
	"estimated_matrix":	[[0.0641672549080244, 0.38282718874283583, 0.17131838758773635, 0.38168716876140341], [0.589024226961634, 0.12648766690389696, 0.13453358231288615, 0.149954523821583], [0.123770434918121, 0.18571314870090155, 0.26341004728032952, 0.427106369100648], [0.15874347336701022, 0.088410162982180365, 0.13035078248533358, 0.622495581165476]],
	"log_likelihood":	[-0.85523225526167623, -0.84129347854358372, -0.82788062721084532, -0.81496807974507, -0.802532107870489, -0.7905507033377992, -0.7790034238317548, -0.767871255566265, -0.75713649049521137, -0.746782616325757, -0.736794217806817, -0.727156887935193, -0.717857147929155, -0.70888237496152429, -0.70022073676598051, -0.691861132360564, -0.68379313820862775, -0.67600695923568321, -0.66849338418039272, -0.6612437448359042, -0.654249878762251, -0.647504095135956, -0.64099914340943165, -0.63472818450601576, -0.6286847643040584, -0.62286278919248, -0.61725650349007566, -0.61186046857023568, -0.606669543518528, -0.6016788671907235, -0.59688384154212826, -0.592280116115242, -0.58786357358087782, -0.58363031624235417, -0.57957665342232167, -0.57569908964528449, -0.57199431356150676, -0.56845918754111679, -0.56509073788162223, -0.561886145583729, -0.55884273764172143, -0.55595797881024966, -0.55322946380541649, -0.55065490991082755, -0.5482321499430457, -0.545959125565055, -0.543833880905267, -0.54185455646262137, -0.540019383281108, -0.53832667736059936, -0.53677483429726935, -0.53536232412888229, -0.53408768637380055, -0.53294952524286843, -0.53194650502209961, -0.53107734560290043, -0.53034081815683976, -0.52973574094280063, -0.52926097523873927, -0.528915421387548, -0.5286980149570788, -0.52860772300170467, -0.52864354042070583]
}
