{
	"input_file":	"../../instances/J100_M50_G4_I4_L50_seed14.json",
	"method":	"MVN CDF",
	"convergence_threshold":	0.001,
	"iterations_made":	108,
	"max_iterations":	10000,
	"time_taken":	0.74889499999999976,
	"ground_truth_matrix":	[[0.16948671322645967, 0.34852867125185555, 0.48008648579103436, 0.0018981297306503366], [0.079987281299932059, 0.68202951659915934, 0.15530687378570474, 0.0826763283152038], [0.25105168191104937, 0.081029441322241033, 0.532172679173297, 0.13574619759341275], [0.3627498793244377, 0.0027605641290022972, 0.524015969214685, 0.1104735873318748]],
	"estimated_matrix":	[[0.17635884014146971, 0.36201652605825368, 0.413104304448912, 0.0485203293513646], [0.087485447737715327, 0.604175701710896, 0.24053414093958644, 0.06780470961180235], [0.23395471704254636, 0.1117943710961878, 0.54670644581904282, 0.10754446604222315], [0.33766655818046759, 0.053941747808383851, 0.49472854850371561, 0.11366314550743294]],
	"log_likelihood":	[-0.43192896958032717, -0.42654913106911735, -0.42132484954717486, -0.4162503965853403, -0.41132033818588176, -0.4065295153820852, -0.40187302643246314, -0.39734621046548746, -0.392944632416684, -0.3886640691476515, -0.38450049662814378, -0.38045007808335835, -0.37650915301733445, -0.37267422703938213, -0.36894196241013527, -0.36530916925828238, -0.361772797401182, -0.35832992872156871, -0.35497777005139314, -0.35171364652684017, -0.34853499537145916, -0.34543936007268566, -0.34242438492576122, -0.33948780991446587, -0.33662746589753251, -0.33384127009062, -0.331127221808078, -0.32848339845408692, -0.32590795174362475, -0.3233991041353923, -0.32095514546266418, -0.31857442975163658, -0.31625537220621158, -0.3139964463600815, -0.31179618137390153, -0.30965315947474081, -0.307566013526219, -0.3055334247246963, -0.303554120404705, -0.30162687195967069, -0.29975049285891281, -0.29792383676607725, -0.296145795740686, -0.294415298533077, -0.29273130895149357, -0.29109282431218769, -0.2894988739553388, -0.28794851783291775, -0.28644084515737411, -0.28497497311451009, -0.28355004563177644, -0.28216523220324641, -0.28081972676307448, -0.279512746614334, -0.27824353139912533, -0.27701134211889017, -0.2758154601937885, -0.2746551865652806, -0.27352984083708931, -0.27243876045284648, -0.27138129991351656, -0.27035683002237737, -0.26936473716991066, -0.26840442264597447, -0.267475301982579, -0.26657680432792935, -0.26570837184766277, -0.26486945915085458, -0.26405953274396138, -0.26327807050978358, -0.26252456120861639, -0.26179850400462867, -0.2610994080118878, -0.2604267918653857, -0.25978018330648939, -0.25915911879637321, -0.258563143142043, -0.25799180914164849, -0.25744467725256226, -0.25692131526827927, -0.25642129801963642, -0.25594420708775117, -0.25548963053061446, -0.25505716263034056, -0.254646403648023, -0.25425695959533512, -0.25388844202027239, -0.25354046780303613, -0.25321265896355982, -0.25290464248505573, -0.252616050142136, -0.25234651834515659, -0.25209568799168858, -0.25186320432972908, -0.25164871682727985, -0.25145187905254468, -0.25127234856574271, -0.25110978681362145, -0.2509638590311789, -0.25083423416215761, -0.25072058476847775, -0.250622586962488, -0.25053992033560762, -0.25047226789747123, -0.25041931601924022, -0.2503807543820547, -0.25035627593072018, -0.250345576834202, -0.2503483564452671]
}
