{
	"input_file":	"../../instances/J100_M50_G4_I4_L50_seed8.json",
	"method":	"MVN CDF",
	"convergence_threshold":	0.001,
	"iterations_made":	60,
	"max_iterations":	10000,
	"time_taken":	0.368781507,
	"ground_truth_matrix":	[[0.248524592823477, 0.41590713024020765, 0.2445674774618472, 0.0910007994744682], [0.195642639627116, 0.0084665094920574734, 0.41573970330401455, 0.380151147576812], [0.24777481565370346, 0.21805134881656238, 0.27153704946869556, 0.26263678606103863], [0.34076211243970533, 0.29676132101110025, 0.23023370011666558, 0.13224286643252883]],
	"estimated_matrix":	[[0.25908060755188878, 0.34529160903046452, 0.24248705060843137, 0.15314073280921536], [0.21654474946982319, 0.090725695952459232, 0.39165485418505369, 0.301074700392664], [0.2516595158994559, 0.21084561375640551, 0.28355509703606135, 0.25393977330807721], [0.320631463063398, 0.29048576310391977, 0.24422169157268733, 0.14466108225999486]],
	"log_likelihood":	[-0.32182846739831089, -0.31905156466843659, -0.31633419395796369, -0.313674804287492, -0.31107190818917352, -0.308524078590302, -0.3060299458770433, -0.30358819510565421, -0.301197563372471, -0.29885683730827, -0.29656485071294131, -0.29432048229636748, -0.29212265354244177, -0.2899703266691056, -0.2878625026875295, -0.28579821955598511, -0.2837765504157449, -0.2817966019108728, -0.27985751258430663, -0.27795845134329727, -0.276098615998302, -0.27427723186316971, -0.272493550417492, -0.2707468480286081, -0.26903642473064232, -0.26736160305298756, -0.26572172690529933, -0.26411616050678866, -0.26254428736450486, -0.261005509297952, -0.25949924550329839, -0.25802493166362983, -0.2565820190964217, -0.25516997394168833, -0.25378827638419821, -0.25243641991798343, -0.25111391063940885, -0.24982026657922751, -0.24855501706193717, -0.24731770210317028, -0.24610787183327124, -0.24492508595114235, -0.24376891320970934, -0.24263893092442745, -0.24153472451477989, -0.24045588706515719, -0.23940201891701, -0.23837272728168854, -0.23736762587672613, -0.23638633458803771, -0.23542847915046655, -0.23449369084981841, -0.23358160624769017, -0.23269186692317881, -0.23182411923457052, -0.23097801409788291, -0.23015320678329509, -0.22934935672745069, -0.22856612736232074, -0.22780318595742569, -0.2142391359674013]
}
