{
	"input_file":	"../../instances/J100_M50_G4_I4_L50_seed16.json",
	"method":	"MVN CDF",
	"convergence_threshold":	0.001,
	"iterations_made":	75,
	"max_iterations":	10000,
	"time_taken":	0.290476,
	"ground_truth_matrix":	[[0.13733033971538156, 0.402486971039085, 0.43481631950235439, 0.025366369743179053], [0.21871205928257512, 0.12338807712654326, 0.57049577727443768, 0.087404086316444057], [0.019119524157554624, 0.74212676605831351, 0.217462744278536, 0.02129096550559572], [0.61348344045944758, 0.0825250715096998, 0.13779843141340273, 0.16619305661744993]],
	"estimated_matrix":	[[0.15998490486166933, 0.38388742981542284, 0.40375012192790477, 0.052377543395003], [0.21188820797415248, 0.17291111460555925, 0.51820465384212644, 0.096996023578161839], [0.067802681455999533, 0.62686610850721525, 0.25153591664272479, 0.053795293394060424], [0.50368007216531963, 0.15767907558083885, 0.24232754380861907, 0.096313308445222442]],
	"log_likelihood":	[-0.49798601089195954, -0.49044739858475284, -0.48317466905699719, -0.47615657976984371, -0.469382560616832, -0.4628426633662443, -0.4565275156565356, -0.4504282790721964, -0.44453661088274576, -0.4388446290690895, -0.43334488031388185, -0.428030310659634, -0.42289423858013536, -0.4179303302267951, -0.4131325766513862, -0.40849527281595016, -0.40401299822696568, -0.39968059904608466, -0.39549317154408115, -0.39144604677800959, -0.38753477638757716, -0.38375511941209745, -0.3801030300390168, -0.37657464620911613, -0.373166279005929, -0.36987440276109018, -0.36669564582709691, -0.36362678195101522, -0.3606647222142319, -0.357806507483472, -0.35504930134566615, -0.35239038347367441, -0.34982714341015148, -0.34735707472001426, -0.344977769498179, -0.34268691320125716, -0.34048227978006923, -0.33836172709383128, -0.336323192586734, -0.33436468920781165, -0.33248430155766134, -0.33068018225068435, -0.32895054847537725, -0.32729367873905357, -0.32570790979051051, -0.32419163370690884, -0.32274329513258343, -0.32136138866558628, -0.32004445638058659, -0.31879108547919088, -0.31759990606380678, -0.31646958902594952, -0.31539884404359331, -0.314386417680263, -0.3134310915841691, -0.31253168077519466, -0.31168703202720272, -0.31089602232534364, -0.31015755740780909, -0.30947057038192555, -0.30883402041136909, -0.30824689147135281, -0.307708191170892, -0.3072169496340556, -0.30677221844250763, -0.30637306963413974, -0.30601859475448717, -0.305707903961826, -0.30544012517796065, -0.30521440328949823, -0.30502989939059061, -0.3048857900702493, -0.304781266739765, -0.304715535000805, -0.304687814046575, -0.30469733610258865]
}
