{
	"input_file":	"../../instances/J100_M50_G4_I4_L50_seed3.json",
	"method":	"MVN CDF",
	"convergence_threshold":	0.001,
	"iterations_made":	66,
	"max_iterations":	10000,
	"time_taken":	0.320376759,
	"ground_truth_matrix":	[[0.25894112400042968, 0.39846937940559979, 0.11122948719780965, 0.23136000939616086], [0.4590928673412436, 0.46561749041159473, 0.027573246650422822, 0.047716395596738945], [0.041449596854558513, 0.45597510070313158, 0.023793686172073253, 0.47878161627023669], [0.30848028608836, 0.0961347720173177, 0.332165836899397, 0.26321910499492518]],
	"estimated_matrix":	[[0.2525662618306, 0.39829721086202236, 0.13024779876478174, 0.21888872854259583], [0.402377582123367, 0.40508404553562338, 0.041115183903518655, 0.15142318843749089], [0.10338480376709885, 0.43366757320883187, 0.039107110780655867, 0.4238405122434134], [0.28315166341429615, 0.18956336339580163, 0.27153088539682535, 0.2557540877930769]],
	"log_likelihood":	[-0.6357996028339532, -0.62683442528541533, -0.618146459515796, -0.60972634867317244, -0.60156537279667455, -0.59365539180757831, -0.58598879264444, -0.57855844026407732, -0.57135763228352832, -0.564380057053145, -0.557619754971449, -0.551071082877025, -0.54472868135977637, -0.53858744484339971, -0.532642494297956, -0.52688915245722978, -0.521322921395316, -0.51593946234884, -0.510734577647704, -0.505704194628251, -0.500844351409511, -0.496151184399782, -0.491620917414414, -0.487249852278542, -0.48303436079784967, -0.478970877973941, -0.47505589635278561, -0.47128596139495454, -0.46765766775558087, -0.46416765637569685, -0.46081261228670772, -0.45758926303386033, -0.45449437763419442, -0.45152476599063085, -0.44867727868181889, -0.44594880706957729, -0.44333628365405631, -0.4408366826255587, -0.43844702056029644, -0.43616435722285124, -0.4339857964260746, -0.431908486925944, -0.42992962331367746, -0.42804644689120719, -0.42625624649667859, -0.42455635927478058, -0.42294417137664825, -0.421417118573021, -0.41997268678216809, -0.41860841249991326, -0.41732188313865259, -0.41611073726015851, -0.41497266471749433, -0.413905406697292, -0.41290675567094626, -0.41197455525446147, -0.41110669998453464, -0.41030113501509075, -0.40955585573472, -0.408868907318576, -0.40823838421452258, -0.40766242956910553, -0.407139234603014, -0.40666703793707254, -0.406244124876478, -0.4058688266581294, -0.38518172942953965]
}
