{
	"input_file":	"../../instances/J100_M50_G4_I4_L50_seed12.json",
	"method":	"MVN CDF",
	"convergence_threshold":	0.001,
	"iterations_made":	57,
	"max_iterations":	10000,
	"time_taken":	0.214431,
	"ground_truth_matrix":	[[0.064811871434951526, 0.52152885323862519, 0.11829638888251422, 0.2953628864439089], [0.0030156831164753, 0.515584843486113, 0.47441747954048219, 0.00698199385692937], [0.69001613232409476, 0.032376006581974162, 0.073235027922700938, 0.2043728331712302], [0.52094648144142852, 0.345716149325363, 0.000408210294889534, 0.13292915893831883]],
	"estimated_matrix":	[[0.12443432192448291, 0.466573417680267, 0.128790228370183, 0.280202032025067], [0.10237204213434242, 0.46091811615435763, 0.344514503523434, 0.09219533818786603], [0.57952969135563959, 0.18350975139133688, 0.087364241054480665, 0.14959631619854277], [0.43686245144835112, 0.36775899493865838, 0.032863398452475025, 0.16251515516051554]],
	"log_likelihood":	[-0.69736281110953324, -0.68922252597611056, -0.681388599061868, -0.673849288951345, -0.66659349168265136, -0.65961069548857565, -0.65289093936012, -0.64642477508486051, -0.64020323244796162, -0.63421778733132161, -0.62846033243404475, -0.62292315040511637, -0.61759888916071348, -0.61248053920785939, -0.60756141278566123, -0.6028351246745518, -0.59829557452097248, -0.593936930545343, -0.58975361450807451, -0.585740287826718, -0.581891838731245, -0.57820337037443159, -0.574670189802488, -0.57128779771155946, -0.568051878914282, -0.56495829345544268, -0.56200306831212243, -0.5591823896263447, -0.55649259541884122, -0.55393016874112866, -0.55149173122398354, -0.549174036980705, -0.546973966845366, -0.54488852289597778, -0.542914823257257, -0.54105009713904273, -0.5392916801064106, -0.5376370095484726, -0.53608362033734924, -0.534629140657705, -0.53327128799785, -0.53200786528559918, -0.5308367571622552, -0.52975592638636, -0.52876341035677921, -0.527857317749576, -0.527035825263215, -0.52629717446920354, -0.52563966875887647, -0.525061670387574, -0.52456159761311139, -0.52413792191975428, -0.52378916533592157, -0.52351389783442182, -0.523310734818091, -0.523178334691319, -0.5231153965114268, -0.52312065772327576]
}
