{
	"input_file":	"../../instances/J100_M50_G4_I4_L50_seed2.json",
	"method":	"MVN CDF",
	"convergence_threshold":	0.001,
	"iterations_made":	50,
	"max_iterations":	10000,
	"time_taken":	0.149195031,
	"ground_truth_matrix":	[[0.29096972519164355, 0.013346201755036091, 0.4053198048712896, 0.29036426818203082], [0.25472546786309014, 0.1872870721984784, 0.10694707564706017, 0.45104038429137128], [0.14900963765748226, 0.12984582418451729, 0.40604164441947943, 0.315102893738521], [0.055426632115844331, 0.27635762651681645, 0.0781815879716952, 0.590034153395644]],
	"estimated_matrix":	[[0.261260961382426, 0.047164747625286121, 0.3595930074431048, 0.33198128354918316], [0.25455107850152242, 0.17862158494644273, 0.13820157167375385, 0.428625764878281], [0.15466449816010283, 0.13711030875289543, 0.34492681054015573, 0.363298382546846], [0.082707377090168163, 0.22899139121461176, 0.17016104761447237, 0.5181401840807478]],
	"log_likelihood":	[-0.607107959056506, -0.60028196928419375, -0.593643461884314, -0.587187762824177, -0.5809103753853645, -0.57480696836213674, -0.568873365364667, -0.56310553505639049, -0.55749958220860574, -0.552051739465833, -0.54675835973109654, -0.541615909107535, -0.53662096033544771, -0.531770186675652, -0.5270603562021956, -0.52248832647419818, -0.5180510395524, -0.51374551734348139, -0.50956885725016465, -0.50551822810940583, -0.50159086640514, -0.49778407273739239, -0.49409520854052674, -0.49052169303497967, -0.48706100040317085, -0.48371065717584516, -0.48046823982142955, -0.47733137252756486, -0.47429772515992069, -0.471365011396195, -0.46853098701966578, -0.46579344836110742, -0.46315023088535662, -0.46059920791196252, -0.45813828944892765, -0.45576542115140428, -0.45347858337698776, -0.4512757903406398, -0.44915508935487991, -0.44711456015287326, -0.4451523142796508, -0.443266494551504, -0.44145527456964417, -0.439716858289617, -0.43804947963101953, -0.43645140213051736, -0.43492091862794763, -0.43345635097721963, -0.43205604979168, -0.43071839419692837, -0.40287818926309821]
}
