{
	"input_file":	"../../instances/J100_M50_G4_I4_L50_seed19.json",
	"method":	"MVN CDF",
	"convergence_threshold":	0.001,
	"iterations_made":	70,
	"max_iterations":	10000,
	"time_taken":	0.357133,
	"ground_truth_matrix":	[[0.052166889316142627, 0.72810163049277654, 0.144166630569279, 0.075564849621801933], [0.12400640059949905, 0.026686001932657091, 0.343301206964579, 0.506006390503265], [0.664535329822959, 0.16528278438434141, 0.039819720179869643, 0.1303621656128299], [0.422084773790076, 0.14271573291742995, 0.064610803438190062, 0.3705886898543041]],
	"estimated_matrix":	[[0.13147944282995952, 0.58430628867482681, 0.11464081275027267, 0.169573455744941], [0.13312531914714623, 0.07912798758738, 0.33223417181042769, 0.455512521455046], [0.59142974359113254, 0.19234762119043364, 0.055747804007526339, 0.16047483121090744], [0.404042148939452, 0.17751299428632952, 0.065700310214989524, 0.35274454655922882]],
	"log_likelihood":	[-0.809651755540881, -0.79734936970468417, -0.785547731315483, -0.774220842773769, -0.76334457870869321, -0.752896517783168, -0.74285579288448045, -0.73320295739824382, -0.72391986556129273, -0.7149895651729703, -0.70639620117652036, -0.698124928813823, -0.690161835230765, -0.68249386855798533, -0.675108773615475, -0.667995033496655, -0.66114181637742553, -0.65453892699362082, -0.648176762266965, -0.64204627066570119, -0.63613891489104035, -0.63044663756753661, -0.62496182962454128, -0.61967730111413233, -0.61458625422254676, -0.6096822582775917, -0.60495922655538559, -0.60041139473449356, -0.59603330084593165, -0.591819766587107, -0.58776587989031348, -0.58386697863628, -0.58011863542053532, -0.576516643292997, -0.57305700238848567, -0.56973590738762758, -0.5665497357439796, -0.56349503661878342, -0.5605685204780978, -0.55776704930669074, -0.55508762739081952, -0.55252739263969541, -0.550083608406478, -0.54775365577888557, -0.54553502631226425, -0.54342531516844461, -0.5414222146536638, -0.53952350811679417, -0.53772706419083, -0.53603083136827023, -0.53443283287306254, -0.53293116183540423, -0.5315239767312383, -0.53020949709287446, -0.528985999456729, -0.5278518135534912, -0.52680531871714753, -0.52584494050597375, -0.52496914752477453, -0.52417644843789835, -0.52346538916162721, -0.522834550232893, -0.52228254433870458, -0.521808014002637, -0.521409629419243, -0.5210860864316057, -0.520836104638958, -0.5206584256373985, -0.520551811375212, -0.520515042630857, -0.520546917593256]
}
