{
	"input_file":	"../../instances/J100_M50_G4_I4_L50_seed12.json",
	"method":	"MVN CDF",
	"convergence_threshold":	0.001,
	"iterations_made":	57,
	"max_iterations":	10000,
	"time_taken":	0.268674,
	"ground_truth_matrix":	[[0.064811871434951526, 0.52152885323862519, 0.11829638888251422, 0.2953628864439089], [0.0030156831164753, 0.515584843486113, 0.47441747954048219, 0.00698199385692937], [0.69001613232409476, 0.032376006581974162, 0.073235027922700938, 0.2043728331712302], [0.52094648144142852, 0.345716149325363, 0.000408210294889534, 0.13292915893831883]],
	"estimated_matrix":	[[0.1244343219244837, 0.46657341768026722, 0.128790228370183, 0.280202032025066], [0.10237204213434332, 0.46091811615435774, 0.34451450352343438, 0.0921953381878646], [0.579529691355639, 0.18350975139133716, 0.0873642410544807, 0.14959631619854291], [0.436862451448348, 0.367758994938662, 0.032863398452474712, 0.1625151551605154]],
	"log_likelihood":	[-0.69736281110957843, -0.68922252597570455, -0.68138859906165239, -0.67384928895155571, -0.666593491682403, -0.65961069548822149, -0.65289093936029874, -0.64642477508454765, -0.640203232448645, -0.63421778733162, -0.6284603324343816, -0.62292315040476054, -0.617598889160735, -0.61248053920793433, -0.60756141278531073, -0.60283512467452, -0.598295574521065, -0.59393693054521723, -0.5897536145080875, -0.585740287826892, -0.581891838731228, -0.57820337037431668, -0.57467018980265527, -0.57128779771184524, -0.568051878914396, -0.564958293455525, -0.56200306831216962, -0.55918238962620859, -0.55649259541827967, -0.553930168741185, -0.55149173122377659, -0.549174036981091, -0.54697396684510446, -0.54488852289586, -0.542914823257324, -0.541050097139113, -0.53929168010631645, -0.53763700954832383, -0.53608362033728629, -0.53462914065797729, -0.533271287997854, -0.53200786528542943, -0.530836757162018, -0.52975592638659064, -0.528763410356862, -0.527857317749593, -0.52703582526348858, -0.52629717446934576, -0.52563966875884371, -0.52506167038764429, -0.52456159761332066, -0.52413792191977038, -0.523789165336053, -0.52351389783463054, -0.52331073481792378, -0.52317833469114472, -0.52311539651169725, -0.52312065772320759]
}
