{
	"input_file":	"../../instances/J100_M50_G4_I4_L50_seed18.json",
	"method":	"MVN CDF",
	"convergence_threshold":	0.001,
	"iterations_made":	29,
	"max_iterations":	10000,
	"time_taken":	0.190021,
	"ground_truth_matrix":	[[0.25856144603859232, 0.17324016215639787, 0.5188187471563106, 0.049379644648699164], [0.21703835825592904, 0.15741561912449081, 0.12450764575610422, 0.501038376863476], [0.092386911183075723, 0.00893155724049351, 0.31410714573850357, 0.584574385837927], [0.73001552280892, 0.01151980247078856, 0.06483281052782, 0.19363186419247139]],
	"estimated_matrix":	[[0.276407824752189, 0.13303989954816259, 0.36489511451239309, 0.22565716118725512], [0.28481604754224277, 0.13507022465280344, 0.17827910945396624, 0.4018346183509876], [0.21699132153116524, 0.0241286641829395, 0.290435729782376, 0.46844428450351933], [0.54444378616889255, 0.032476536754474566, 0.1724583293694863, 0.2506213477071465]],
	"log_likelihood":	[-1.0752121507409353, -1.0658007354559957, -1.0563554835877464, -1.0469361546061711, -1.0376006355799139, -1.0284041000302673, -1.0193983450469577, -1.0106312816854957, -1.0021465576964896, -0.99398329543705677, -0.98617593108838553, -0.97875414378636949, -0.97174286498288864, -0.965162359345445, -0.959028368928377, -0.9533523123640707, -0.948141530654262, -0.943399570900948, -0.93912649917508129, -0.9353192337489602, -0.931971890177981, -0.92907613021405866, -0.92662150724244563, -0.92459580183126544, -0.92298534199435922, -0.92177530387, -0.92094998957007523, -0.92049308004469754, -0.92038786173775167, -0.920617426682169]
}
