{
	"input_file":	"../../instances/J100_M50_G4_I4_L50_seed17.json",
	"method":	"MVN CDF",
	"convergence_threshold":	0.001,
	"iterations_made":	105,
	"max_iterations":	10000,
	"time_taken":	0.421861,
	"ground_truth_matrix":	[[0.251451374164373, 0.54475840075349535, 0.15314045600906431, 0.0506497690730673], [0.3446886550413053, 0.23807393689403214, 0.22619453600901995, 0.19104287205564249], [0.011524386006546622, 0.12808909480050026, 0.84247712525239948, 0.01790939394055354], [0.3835370373281905, 0.40324346352626877, 0.010100726874787774, 0.203118772270753]],
	"estimated_matrix":	[[0.20530820411921136, 0.56885601114908935, 0.15335894655470278, 0.0724768381769965], [0.320598550164331, 0.26793205216806565, 0.2642704749596978, 0.14719892270790552], [0.045763466796155949, 0.14875192971196824, 0.736189126509684, 0.069295476982191934], [0.37499230792273852, 0.36687556215863137, 0.0795049637395142, 0.17862716617911595]],
	"log_likelihood":	[-0.455510810137809, -0.44861130081776884, -0.44191253258547591, -0.43540671671822789, -0.42908649608588323, -0.42294491606072443, -0.41697539773948389, -0.41117171326135976, -0.40552796302243344, -0.40003855461994148, -0.39469818336333845, -0.38950181422096974, -0.38444466507065073, -0.37952219114839059, -0.374730070585562, -0.3700641909525712, -0.36552063672102025, -0.36109567757222527, -0.35678575748265651, -0.35258748453101435, -0.348497621363616, -0.34451307627528882, -0.34063089485806447, -0.33684825217021236, -0.33316244540202972, -0.32957088698632248, -0.32607109813699137, -0.3226607027787971, -0.31933742184260611, -0.31609906790665088, -0.31294354015795384, -0.30986881965038782, -0.30687296484703841, -0.30395410742979, -0.30111044834915862, -0.29834025411410681, -0.29564185329970083, -0.29301363325810625, -0.290454037028701, -0.28796156042971349, -0.28553474932248618, -0.28317219704056573, -0.280872541971485, -0.27863446528669644, -0.27645668880577062, -0.27433797299539064, -0.27227711508484037, -0.27027294730420176, -0.26832433522701171, -0.2664301762194819, -0.26458939798487724, -0.26280095720382224, -0.26106383825648954, -0.25937705203010208, -0.25773963480342621, -0.256150647200337, -0.254609173217424, -0.2531143193099139, -0.251665213538178, -0.25026100477810614, -0.24890086197048364, -0.24758397343232158, -0.24630954620652429, -0.24507680545619751, -0.24388499390068236, -0.24273337128404515, -0.24162121388108779, -0.24054781403389178, -0.2395124797173955, -0.238514534130903, -0.23755331531503326, -0.23662817578943593, -0.23573848221400509, -0.23488361506348021, -0.23406296832544468, -0.23327594920668218, -0.23252197785484871, -0.23180048709754986, -0.231110922183566, -0.23045274053797521, -0.22982541152555888, -0.2292284162200883, -0.22866124717934488, -0.22812340822547536, -0.22761441423041109, -0.22713379090119326, -0.22668107457405506, -0.22625581200312533, -0.22585756015614378, -0.22548588600739269, -0.22514036633457363, -0.22482058750969366, -0.22452614529742068, -0.224256644644679, -0.22401169947551586, -0.22379093247991114, -0.22359397490587846, -0.22342046634611626, -0.22327005452454449, -0.22314239508141651, -0.2230371513585821, -0.22295399417824791, -0.22289260162453128, -0.22285265882443328, -0.22283385772289344, -0.22283589685985211]
}
