{
	"input_file":	"../../instances/J100_M50_G4_I4_L50_seed14.json",
	"method":	"MVN CDF",
	"convergence_threshold":	0.001,
	"iterations_made":	108,
	"max_iterations":	10000,
	"time_taken":	0.71039200000000047,
	"ground_truth_matrix":	[[0.16948671322645967, 0.34852867125185555, 0.48008648579103436, 0.0018981297306503366], [0.079987281299932059, 0.68202951659915934, 0.15530687378570474, 0.0826763283152038], [0.25105168191104937, 0.081029441322241033, 0.532172679173297, 0.13574619759341275], [0.3627498793244377, 0.0027605641290022972, 0.524015969214685, 0.1104735873318748]],
	"estimated_matrix":	[[0.17635884014146994, 0.36201652605825546, 0.41310430444890961, 0.048520329351365], [0.0874854477377156, 0.604175701710896, 0.24053414093958636, 0.067804709611801947], [0.23395471704254522, 0.11179437109618738, 0.546706445819043, 0.10754446604222422], [0.33766655818046926, 0.053941747808383185, 0.494728548503715, 0.11366314550743258]],
	"log_likelihood":	[-0.43192896958031352, -0.426549131069108, -0.421324849547233, -0.41625039658545121, -0.41132033818588415, -0.406529515381807, -0.40187302643307682, -0.3973462104657427, -0.39294463241687083, -0.38866406914806723, -0.38450049662822122, -0.38045007808315556, -0.37650915301767213, -0.372674227039444, -0.36894196241003047, -0.36530916925819434, -0.36177279740137519, -0.358329928721608, -0.3549777700511898, -0.35171364652686626, -0.3485349953711176, -0.34543936007231912, -0.34242438492572341, -0.33948780991417582, -0.33662746589755349, -0.33384127009090964, -0.33112722180802584, -0.32848339845387869, -0.32590795174345577, -0.32339910413514528, -0.32095514546266551, -0.318574429751476, -0.31625537220619854, -0.31399644635991131, -0.31179618137399584, -0.30965315947420929, -0.30756601352651158, -0.30553342472436518, -0.30355412040460789, -0.30162687195937066, -0.29975049285910826, -0.297923836765826, -0.29614579574065486, -0.29441529853285064, -0.29273130895121086, -0.29109282431244643, -0.28949887395557877, -0.28794851783274084, -0.28644084515716772, -0.284974973114289, -0.28355004563205211, -0.28216523220324868, -0.28081972676286532, -0.27951274661428543, -0.27824353139932279, -0.27701134211890471, -0.27581546019420067, -0.27465518656529991, -0.273529840836801, -0.27243876045313753, -0.27138129991335735, -0.27035683002200417, -0.26936473717009218, -0.268404422645295, -0.26747530198204189, -0.26657680432789815, -0.26570837184781515, -0.26486945915068011, -0.26405953274448629, -0.26327807050975915, -0.2625245612090103, -0.26179850400458915, -0.26109940801213638, -0.260426791864869, -0.25978018330617986, -0.25915911879643044, -0.25856314314157958, -0.25799180914183689, -0.25744467725235382, -0.25692131526825335, -0.25642129801951014, -0.25594420708738552, -0.2554896305307045, -0.2550571626303797, -0.25464640364778862, -0.25425695959540456, -0.25388844202055472, -0.25354046780273481, -0.25321265896371936, -0.25290464248491323, -0.25261605014169314, -0.252346518344421, -0.2520956879917548, -0.25186320432961579, -0.25164871682703427, -0.25145187905272826, -0.25127234856615288, -0.25110978681304241, -0.25096385903111945, -0.25083423416203282, -0.25072058476839582, -0.25062258696249562, -0.25053992033537048, -0.25047226789743449, -0.25041931601905065, -0.25038075438163154, -0.2503562759309762, -0.25034557683394987, -0.25034835644510339]
}
