{
	"input_file":	"../../instances/J100_M50_G4_I5_L50_seed7.json",
	"method":	"MVN CDF",
	"convergence_threshold":	0.001,
	"iterations_made":	82,
	"max_iterations":	10000,
	"time_taken":	0.513877405,
	"ground_truth_matrix":	[[0.010915758563635679, 0.20816915542206624, 0.0793454263047044, 0.176768261407425, 0.52480139830216865], [0.30336933090138923, 0.27281770821747647, 0.029337380742531057, 0.12263021012911926, 0.271845370009484], [0.3112604723649372, 0.445747386767779, 0.13127742314124657, 0.018672572575976328, 0.093042145150061], [0.40414208490409764, 0.040359198958406881, 0.1011778397934792, 0.450081026098011, 0.0042398502460051727]],
	"estimated_matrix":	[[0.0743035191175019, 0.20337059923159287, 0.074205373457349039, 0.18904151989520454, 0.4590789882983517], [0.31112936461943874, 0.29140362815743348, 0.0235029645180563, 0.13989549583380242, 0.23406854687126916], [0.28381663430814735, 0.39447729214126714, 0.13822658373587132, 0.052604768457277011, 0.13087472135743713], [0.36963803165398335, 0.097353493539379526, 0.091538751637977062, 0.350893898198775, 0.090575824969885047]],
	"log_likelihood":	[-1.04038564775998, -1.026776895665811, -1.01360518138343, -1.0008680250869471, -0.98856115694867441, -0.97667868721305628, -0.96521330529030636, -0.954156490654987, -0.94349872314593852, -0.933229684150143, -0.92333844322274883, -0.91381362700919, -0.90464356906605, -0.895816440391798, -0.88732036130691883, -0.87914349586466245, -0.87127413026571665, -0.863700736911643, -0.856412025746973, -0.849396984506741, -0.842644909384445, -0.836145427521873, -0.82988851257134466, -0.82386449445851551, -0.818064064334442, -0.812478275568164, -0.80709854152294, -0.801916630755824, -0.796924660174668, -0.79211508661039132, -0.787480697189432, -0.783014598827079, -0.778710207102231, -0.774561234741399, -0.770561679883375, -0.766705814274516, -0.76298817151352827, -0.75940353543439965, -0.75594692870630964, -0.752613601704993, -0.749399021698536, -0.7462988623802318, -0.74330899377063431, -0.7404254725031123, -0.7376445324991433, -0.734962576042309, -0.73237616524142468, -0.72988201388769081, -0.72747697968956326, -0.72515805688553048, -0.72292236921681952, -0.72076716325647228, -0.7186898020722, -0.71668775922173633, -0.714758613058354, -0.71290004133706031, -0.71110981611336543, -0.70938579890664977, -0.70772593613536938, -0.70612825479389463, -0.704590858370057, -0.70311192298474579, -0.70168969374765, -0.7003224813114427, -0.69900865862234451, -0.697746657847814, -0.69653496747983279, -0.695372129595762, -0.694256737277863, -0.693187432174321, -0.692162902198659, -0.691181879358783, -0.69024313770593582, -0.68934549140221846, -0.68848779289264661, -0.687668931183663, -0.686887830214764, -0.68614344732278665, -0.68543477179027268, -0.68476082347839617, -0.68412065153015744, -0.68351333314784835, -0.663659601986579]
}
