{
	"input_file":	"../../instances/J100_M50_G4_I5_L50_seed13.json",
	"method":	"MVN CDF",
	"convergence_threshold":	0.001,
	"iterations_made":	64,
	"max_iterations":	10000,
	"time_taken":	0.543282,
	"ground_truth_matrix":	[[0.14341670775059129, 0.0258659307785686, 0.16584060853400148, 0.321794336217292, 0.34308241671954659], [0.11305586418501984, 0.17575267345451986, 0.27958507014032441, 0.19203123202957184, 0.23957516019056416], [0.01246011878013732, 0.1238368048144796, 0.021064693941961567, 0.679632988071014, 0.16300539439240769], [0.4919351849660189, 0.1278863842528718, 0.18445794191947654, 0.00408478470734505, 0.1916357041542876]],
	"estimated_matrix":	[[0.14864296867136129, 0.033422386599935586, 0.19166695751536092, 0.3097845521373116, 0.31648313507603054], [0.13620260907801945, 0.16324474793750146, 0.23714714272422016, 0.2336817173849261, 0.22972378287533274], [0.044250233833149959, 0.10247476530798941, 0.042308146748216487, 0.58385910268766628, 0.22710775142297779], [0.413800631743424, 0.13209749398484641, 0.18634900190952558, 0.081516644749368622, 0.18623622761283534]],
	"log_likelihood":	[-1.1358904727701324, -1.1173738045711576, -1.09955624479854, -1.0824096159167838, -1.0659080284113784, -1.0500275410924917, -1.034745879008476, -1.020042199380726, -1.0058968974546747, -0.9922914454707934, -0.97920825904801023, -0.96663058623724052, -0.95454241528966954, -0.9429283978568832, -0.93177378491792462, -0.92106437317031242, -0.91078646004664254, -0.90092680581300033, -0.89147260149425922, -0.88241144157846718, -0.87373130064964744, -0.865420513238217, -0.8574677563088785, -0.84986203391590742, -0.842592663624453, -0.835649264387474, -0.82902174561039932, -0.82270029719855753, -0.81667538040331933, -0.81093771934308267, -0.80547829307564978, -0.800288328133893, -0.79535929146264017, -0.790682883690024, -0.786251032692651, -0.782055887429127, -0.77808981199675742, -0.774345379910336, -0.77081536857394961, -0.767492753940019, -0.76437070534095, -0.761442580488527, -0.75870192063633468, -0.75614244589123381, -0.75375805067862434, -0.75154279934794843, -0.749490921921278, -0.74759680997009181, -0.74585501262509135, -0.744260232707781, -0.74280732297903318, -0.741491282499989, -0.74030725310235523, -0.739250515954425, -0.738316488226445, -0.737500719844892, -0.73679889032934764, -0.73620680570983477, -0.73572039551720525, -0.73533570984189434, -0.73504891645989423, -0.73485629801418917, -0.73475424925812971, -0.73473927434596, -0.73480798417677962]
}
