{
	"input_file":	"../../instances/J100_M50_G4_I5_L50_seed15.json",
	"method":	"MVN CDF",
	"convergence_threshold":	0.001,
	"iterations_made":	61,
	"max_iterations":	10000,
	"time_taken":	0.337169,
	"ground_truth_matrix":	[[0.64854204216829081, 0.06766170140398764, 0.0191880471746618, 0.15402614754092744, 0.1105820617121324], [0.39962760023412636, 0.1932796691291607, 0.19217922484338035, 0.062716975103724426, 0.15219653068960812], [0.32331925157997, 0.0397230933730216, 0.16383271065462152, 0.2600236369715952, 0.21310130742079147], [0.323455680483378, 0.25038852814153373, 0.0654414680516559, 0.055027277410719534, 0.30568704591271284]],
	"estimated_matrix":	[[0.59959927165857774, 0.0686424204595819, 0.034806372518269527, 0.15861148540465841, 0.13834044995891245], [0.40596823194329912, 0.18395785248578592, 0.16559786680576025, 0.061348084881861033, 0.18312796388329367], [0.35262134133158418, 0.046434868278184022, 0.13461356352028622, 0.26476766095152743, 0.20156256591841815], [0.37459404511104322, 0.23089238116998909, 0.0743395277301619, 0.052726090315932957, 0.267447955672873]],
	"log_likelihood":	[-0.924787118667081, -0.91228770722564134, -0.90030806019051335, -0.888819991193532, -0.87779802409415719, -0.867219053469259, -0.85706205450835771, -0.84730783392845443, -0.83793881509460044, -0.82893885178390136, -0.82029306606988883, -0.811987706598083, -0.804010024218681, -0.79634816245405526, -0.788991060741026, -0.78192836871509674, -0.775150370111455, -0.76864791508551755, -0.76241235993573064, -0.756435513385374, -0.750709588684977, -0.7452271609180724, -0.739981128972603, -0.734964681697447, -0.730171267844007, -0.72559456942233236, -0.721228478146632, -0.71706707467733155, -0.71310461040499629, -0.70933549152258446, -0.705754265178866, -0.70235560750679649, -0.69913431334335563, -0.69608528746840559, -0.693203537206797, -0.690484166245785, -0.687922369533202, -0.68551342912768576, -0.68325271089006046, -0.6811356619020027, -0.6791578085201877, -0.677314754968673, -0.67560218238920478, -0.67401584827575434, -0.67255158621749855, -0.671205305896341, -0.66997299327611726, -0.668850710936823, -0.66783459850996552, -0.6669208731722942, -0.66610583016808633, -0.66538584332745643, -0.664757365557215, -0.664216929281739, -0.66376114681749321, -0.66338671066646249, -0.66309039371747436, -0.66286904934572555, -0.66271961140698765, -0.66263909412203281, -0.662624591846814, -0.66267327873049031]
}
