{
	"input_file":	"../../instances/J100_M50_G4_I5_L50_seed6.json",
	"method":	"MVN CDF",
	"convergence_threshold":	0.001,
	"iterations_made":	50,
	"max_iterations":	10000,
	"time_taken":	0.341350975,
	"ground_truth_matrix":	[[0.4946888218813566, 0.0893507781441119, 0.38130078011302954, 0.0094327717727180245, 0.025226848088783976], [0.252222664533469, 0.2105492199535523, 0.15141034402812581, 0.11399772270882993, 0.27182004877602278], [0.12700654364811612, 0.2933042438225032, 0.16079716740511793, 0.19051619819117563, 0.22837584693308713], [0.43249033954138028, 0.16018080806887949, 0.0498176725914289, 0.19528425594534821, 0.162226923852963]],
	"estimated_matrix":	[[0.44671643041098635, 0.083319501801597654, 0.31794747816440483, 0.041947145562356347, 0.11006944406065489], [0.24925656499132018, 0.21270040518880859, 0.16063382457283581, 0.11504034116278712, 0.26236886408424837], [0.19978657280281117, 0.2568792615084679, 0.15227928974675864, 0.18519484523089985, 0.20586003071106238], [0.386214762524267, 0.14571176599468585, 0.10291220580243039, 0.17973954491891919, 0.18542172075969751]],
	"log_likelihood":	[-0.71941809557319969, -0.710234777686835, -0.70145800186840246, -0.6930681346586085, -0.68504693969226982, -0.677377443400218, -0.67004381602378538, -0.66303126592636352, -0.65632594548469347, -0.649914867098628, -0.6437858280734845, -0.63792734329532519, -0.632328584779201, -0.62697932729375361, -0.62186989936544368, -0.61699113906601666, -0.612334354057894, -0.60789128543698057, -0.60365407497542356, -0.59961523540557682, -0.595767623439731, -0.59210441524544355, -0.58861908413433939, -0.58530538024742362, -0.58215731204589183, -0.579169129427157, -0.57633530832269431, -0.573650536632671, -0.57110970136990447, -0.568707876911561, -0.56644031424422936, -0.56430243112415224, -0.56228980305820364, -0.5603981550376288, -0.558623353956037, -0.55696140164361574, -0.55540842847116378, -0.55396068746157823, -0.552614548870832, -0.55136649518934977, -0.55021311653118643, -0.54915110636704556, -0.54817725757606028, -0.54728845878458, -0.54648169096068522, -0.54575402424657582, -0.545102614999923, -0.54452470302968, -0.54401760899985963, -0.54357873199488371, -0.51643539909843439]
}
