{
	"input_file":	"../../instances/J100_M50_G4_I5_L50_seed11.json",
	"method":	"MVN CDF",
	"convergence_threshold":	0.001,
	"iterations_made":	2,
	"max_iterations":	10000,
	"time_taken":	0.025268999999999941,
	"ground_truth_matrix":	[[0.0742704298794536, 0.0073483541679689336, 0.23246015994561139, 0.48226262845984663, 0.20365842754711935], [0.10906573959976795, 0.0021115223402377388, 0.1096872263605117, 0.46684651136059585, 0.31228900033888668], [0.22595248847629812, 0.019867410510385194, 0.387186047554461, 0.33585447066553586, 0.0311395827933199], [0.589403631174749, 0.012191405303151244, 0.0731217528737282, 0.22404050883429075, 0.10124270181408079]],
	"estimated_matrix":	[[0.19320180309504587, 0.0043299768658766127, 0.19924663674620971, 0.414407871646711, 0.18881371164615673], [0.195276949245986, 0.00142202182435526, 0.16760808090222318, 0.425711782362333, 0.20998116566510275], [0.25030479738793376, 0.01491721068536604, 0.25388478754441329, 0.35395848283108478, 0.12693472155120214], [0.34345663985644409, 0.021336429176198705, 0.16175170971080094, 0.3328172380995163, 0.14063798315704]],
	"log_likelihood":	[-33.629119360033357, -18.766787009274616, -23.601580135449851]
}
