{
	"input_file":	"../../instances/J100_M50_G4_I5_L50_seed12.json",
	"method":	"MVN CDF",
	"convergence_threshold":	0.001,
	"iterations_made":	77,
	"max_iterations":	10000,
	"time_taken":	0.352037,
	"ground_truth_matrix":	[[0.0644455938402166, 0.51858148681146043, 0.11762784906370648, 0.29369367360951, 0.0056513966751065665], [0.308115663974515, 0.28351387469299938, 0.0041724687997965176, 0.386082738833395, 0.018115253699294016], [0.055000586872240034, 0.15348701412423124, 0.47555007013414252, 0.3155896909089051, 0.00037263796048121083], [0.19176898316060689, 0.20908859393408555, 0.1729689667973614, 0.38055491257373758, 0.0456185435342085]],
	"estimated_matrix":	[[0.065420102360813442, 0.45713885909283353, 0.1497678926149846, 0.31027351006111331, 0.017399635870255111], [0.31166227748367969, 0.27946762739157915, 0.057354873201256443, 0.33538139785017568, 0.016133824073309069], [0.059135992617700174, 0.19308533919945539, 0.42524567957804738, 0.30808034293208114, 0.01445264567271588], [0.17673484309419857, 0.23519056470408428, 0.15284125715710767, 0.40584513624730623, 0.029388198797303283]],
	"log_likelihood":	[-0.64388401093820047, -0.6324379967308692, -0.62143707724726571, -0.61086214702096, -0.60069528131587535, -0.590919634483054, -0.58151934854095155, -0.57247947082598449, -0.56378587972141336, -0.55542521758780161, -0.54738483014184, -0.539652711609479, -0.53221745506221529, -0.52506820741628546, -0.51819462863250521, -0.51158685469321163, -0.505235463997949, -0.49913144683978078, -0.493266177663127, -0.48763138983791054, -0.48221915270851817, -0.47702185069137409, -0.47203216423576133, -0.46724305245485648, -0.46264773727543845, -0.4582396889522935, -0.454012612816786, -0.44996043713994355, -0.44607730199499285, -0.44235754902608637, -0.43879571202893225, -0.43538650826691644, -0.43212483044227562, -0.429005739260692, -0.42602445653288218, -0.42317635875062215, -0.420456971094812, -0.41786196183494, -0.41538713707073888, -0.41302843579507481, -0.41078192523581447, -0.40864379645263965, -0.40661036017091534, -0.404678042816183, -0.40284338274619969, -0.401103026652107, -0.399453726117247, -0.39789233432259724, -0.39641580288253953, -0.395021178803459, -0.39370560155721979, -0.39246630025559354, -0.39130059092814745, -0.390205873886434, -0.38917963117863236, -0.38821942412158728, -0.387322890915105, -0.38648774432491267, -0.38571176943803953, -0.38499282148354158, -0.38432882372017452, -0.38371776538288849, -0.38315769969181718, -0.38264674191561249, -0.382183067494549, -0.38176491021543812, -0.38139056043752445, -0.381058363375905, -0.38076671742468332, -0.38051407253924174, -0.38029892865706744, -0.38011983416888812, -0.37997538443448819, -0.37986422033959555, -0.379785026898248, -0.37973653189304846, -0.37971750455906189, -0.37972675430669]
}
