{
	"input_file":	"../../instances/J100_M50_G4_I5_L50_seed8.json",
	"method":	"MVN CDF",
	"convergence_threshold":	0.001,
	"iterations_made":	95,
	"max_iterations":	10000,
	"time_taken":	0.455386701,
	"ground_truth_matrix":	[[0.2408528232864513, 0.40306838613139045, 0.23701786113606288, 0.088191672404500154, 0.030869257041595231], [0.0046235208136498141, 0.22703348683302479, 0.20759874477234228, 0.29826212688429032, 0.26248212069669274], [0.15472836613195357, 0.14965678117547959, 0.27316305159423143, 0.23789096581818792, 0.18456083528014738], [0.10691664683877969, 0.065693592652813437, 0.70164889803094044, 0.0781969831597336, 0.047543879317732969]],
	"estimated_matrix":	[[0.2153382130091091, 0.3782190682073252, 0.24571004124857296, 0.098578836197643141, 0.06215384133734967], [0.020298014646297626, 0.24228408730319706, 0.24110023582336562, 0.29321084464160524, 0.20310681758553448], [0.15822484597615852, 0.14561922652497555, 0.290101977339611, 0.23856214702416928, 0.16749180313508563], [0.0960925672837511, 0.081629969442497938, 0.66151645494389932, 0.087129855653870478, 0.073631152675981124]],
	"log_likelihood":	[-0.779257280034233, -0.768864417762121, -0.758745591895276, -0.748894110026843, -0.73930360888769042, -0.729968000604756, -0.720881430190699, -0.71203824208236965, -0.703432953930035, -0.69506023614132262, -0.68691489594793553, -0.678991865014323, -0.67128618977846066, -0.663793023888613, -0.65650762222650383, -0.64942533612863829, -0.642541609487451, -0.63585197550422368, -0.629352053916588, -0.62303754856462779, -0.61690424520219178, -0.6109480094861538, -0.60516478509698235, -0.59955059195355775, -0.594101524510019, -0.58881375012335935, -0.58368350747535669, -0.57870710506393, -0.573880919748325, -0.569201395358339, -0.56466504136962847, -0.56026843164001761, -0.55600820321364264, -0.55188105519341268, -0.54788374767375558, -0.54401310074156262, -0.54026599353575733, -0.536639363365441, -0.533130204885946, -0.52973556931598553, -0.526452563711515, -0.52327835027284864, -0.520210145689551, -0.517245220517908, -0.51438089858121971, -0.511614556396326, -0.50894362261201742, -0.506365577463167, -0.50387795223376919, -0.501478328725943, -0.499164338728287, -0.49693366348861584, -0.49478403317885322, -0.49271322636084042, -0.490719069438173, -0.48879943610965987, -0.486952246803527, -0.48517546811053719, -0.48346711220258837, -0.4818252362403076, -0.480247941774892, -0.47873337413209177, -0.4772797217955258, -0.475885215770467, -0.47454812894696019, -0.47326677545084028, -0.47203950998700334, -0.47086472717748318, -0.46974086089279549, -0.46866638357880336, -0.467639805579688, -0.466659674456971, -0.46572457430907277, -0.46483312508561087, -0.46398398190401219, -0.46317583436819232, -0.46240740588476537, -0.461677452984796, -0.46098476464708033, -0.46032816162460838, -0.45970649577826012, -0.45911864941177816, -0.45856353461582283, -0.45804009261649031, -0.45754729312934322, -0.45708413372482865, -0.456649639197701, -0.45624286094493643, -0.45586287635286554, -0.455508788194685, -0.45517972403219709, -0.45487483563241, -0.45459329838893764, -0.4543343107550093, -0.45409709368792711, -0.44449301864188323]
}
