{
	"input_file":	"../../instances/J100_M50_G4_I5_L50_seed18.json",
	"method":	"MVN CDF",
	"convergence_threshold":	0.001,
	"iterations_made":	1,
	"max_iterations":	10000,
	"time_taken":	0.037793,
	"ground_truth_matrix":	[[0.17583738578154742, 0.11781376416577459, 0.35282805535055234, 0.033581138096485837, 0.31993965660563983], [0.19198564982437369, 0.15185075922920055, 0.611071372104512, 0.041117190992067849, 0.0039750278498458178], [0.23155809514120673, 0.4309450870170965, 0.30554024270356456, 0.0048214909585465749, 0.027135084179585732], [0.0738664498887953, 0.24274418629645989, 0.4133587578967442, 0.046280476115563726, 0.22375012980243691]],
	"estimated_matrix":	[[0.16627410151738767, 0.20945514931951839, 0.41443300732924843, 0.032230055244290269, 0.17760768658955522], [0.18344920624826441, 0.21608673234793724, 0.47497121478394166, 0.030320785078084726, 0.095172061541772129], [0.17975293476497117, 0.29968928305406628, 0.394349103428698, 0.018332280564855592, 0.10787639818740895], [0.13950219598658806, 0.254823348944014, 0.42985336276382624, 0.029206136819405055, 0.14661495548616668]],
	"log_likelihood":	[-3.7526283519690118, -4.0382888171672926]
}
