{
	"input_file":	"../../instances/J100_M50_G4_I5_L50_seed9.json",
	"method":	"MVN CDF",
	"convergence_threshold":	0.001,
	"iterations_made":	20,
	"max_iterations":	10000,
	"time_taken":	0.11095599999999993,
	"ground_truth_matrix":	[[0.0061742133612349686, 0.4126093070211917, 0.40540148941948045, 0.085063495583889731, 0.090751494614203052], [0.15553306732402988, 0.34192357446845528, 0.17983804603115919, 0.055375461920108081, 0.26732985025624767], [0.027870328380781784, 0.32205400604816126, 0.460581980701258, 0.0060366687454068944, 0.18345701612439208], [0.13631882836515025, 0.36593659039938975, 0.17621707723248239, 0.12723079011806104, 0.19429671388491665]],
	"estimated_matrix":	[[0.036772521634300753, 0.38615102500847059, 0.36508061189461455, 0.063787866142241079, 0.14820797532037294], [0.12622286221978424, 0.35882780456043312, 0.26245244365797937, 0.062151220372841542, 0.19034566918896181], [0.033969378727661335, 0.36653338470012986, 0.37597208071768135, 0.020743507388662569, 0.20278164846586494], [0.10505412834905882, 0.38086665413075987, 0.24299358944448621, 0.099736438470424058, 0.17134918960527096]],
	"log_likelihood":	[-1.6477493552272846, -1.6406196445365515, -1.6332374877165916, -1.6257342223847246, -1.6182337712310995, -1.6108502472352566, -1.6036863731358424, -1.5968325765653457, -1.590366629468225, -1.5843537137347057, -1.57884681085948, -1.5738873295821447, -1.5695059005168379, -1.56572328003767, -1.5625513170251131, -1.5599939455810774, -1.5580481746494506, -1.556705052029572, -1.5559505856608633, -1.5557666096061709, -1.5561315859677454]
}
