{
	"input_file":	"../../instances/J100_M50_G4_I5_L50_seed17.json",
	"method":	"MVN CDF",
	"convergence_threshold":	0.001,
	"iterations_made":	51,
	"max_iterations":	10000,
	"time_taken":	0.275711,
	"ground_truth_matrix":	[[0.11895137105452967, 0.25770294108928515, 0.0724444925653346, 0.023960336247350313, 0.52694085904350019], [0.31206054417870038, 0.29648936342259824, 0.25041356224424272, 0.011641851525571994, 0.12939467862888676], [0.409075625543571, 0.0086961370341577856, 0.280225064237081, 0.294623242274094, 0.0073799309110963163], [0.280853921132189, 0.21325558588006421, 0.24187524063311674, 0.17560350139525388, 0.088411750959376076]],
	"estimated_matrix":	[[0.15589161758561448, 0.22127223015809294, 0.13103251376886416, 0.034209753322368683, 0.45759388516505978], [0.29995167349099366, 0.26197689426325688, 0.25657059064272053, 0.030015629542001706, 0.15148521206102722], [0.342379179251152, 0.056826967023215186, 0.25422561088840273, 0.25822056141619676, 0.088347681421033372], [0.30732275012501131, 0.19199419872187426, 0.22427733433749453, 0.1431588162783573, 0.1332469005372626]],
	"log_likelihood":	[-1.0026661499940952, -0.992157162330768, -0.98191142955027266, -0.97191840602360047, -0.96216938619569, -0.9526573335545877, -0.9433767161382125, -0.93432334785651738, -0.925494235164869, -0.9168874288883454, -0.90850188119143871, -0.90033730786430333, -0.892394056243204, -0.884672979178329, -0.87717531551876038, -0.86990257764007417, -0.86285644651403737, -0.85603867480398144, -0.849450998405915, -0.8430950567765908, -0.836972322291979, -0.83108403876567383, -0.82543116914711545, -0.820014352286798, -0.814833868550524, -0.80988961393669257, -0.80518108226770735, -0.80070735492370948, -0.7964670975148872, -0.7924585628465346, -0.78867959946888777, -0.78512766510284582, -0.78179984421747739, -0.77869286904113277, -0.77580314332566647, -0.773126768195397, -0.77065956948485848, -0.768397125985861, -0.76633479811769623, -0.76446775655789634, -0.76279101045467324, -0.76129943489259466, -0.75998779733474175, -0.758850782833567, -0.75788301783368, -0.757079092454762, -0.75643358116667769, -0.75594106182117649, -0.75559613302110551, -0.75539342984523239, -0.75532763796283731, -0.75539350619077938]
}
