{
	"input_file":	"../../instances/J100_M50_G4_I5_L50_seed5.json",
	"method":	"MVN CDF",
	"convergence_threshold":	0.001,
	"iterations_made":	49,
	"max_iterations":	10000,
	"time_taken":	0.41971599999999987,
	"ground_truth_matrix":	[[0.043982912303551426, 0.358470733786538, 0.040576345559300911, 0.43953375062527472, 0.11743625772533485], [0.256473892537231, 0.39363112002854944, 0.198078425534879, 0.095454145901107262, 0.05636241599823328], [0.019580703375263634, 0.31191671477471344, 0.13540090275600683, 0.040084305930368942, 0.493017373163647], [0.1045326451941551, 0.17453523184552874, 0.11457266309294029, 0.32339075752304669, 0.28296870234432914]],
	"estimated_matrix":	[[0.060780847964273, 0.33586941862775227, 0.049440867489790589, 0.35730796876425674, 0.19660089715392742], [0.20855144539257617, 0.32913890196983159, 0.195377049991623, 0.13866585230690567, 0.12826675033906365], [0.02517567955468003, 0.29897807344008254, 0.14484037041431308, 0.13126289925383713, 0.39974297733708719], [0.10745880528863769, 0.21908052406663087, 0.10167074229199996, 0.284509767081746, 0.28728016127098555]],
	"log_likelihood":	[-1.1907222135292554, -1.1729421183119106, -1.1559262375598647, -1.139657887414359, -1.1241194613647332, -1.1092926079776362, -1.0951583893933208, -1.081697422113425, -1.0688900017319523, -1.0567162132517853, -1.045156028564761, -1.034189392546637, -1.023796299075423, -1.0139568581175451, -1.0046513548803084, -0.995860301875539, -0.98756448462304069, -0.97974500159913858, -0.972383298955315, -0.96546120044184536, -0.9589609329354486, -0.95286514789533983, -0.947156939071762, -0.941819856730018, -0.93683791867142774, -0.93219561828878372, -0.92787792990377649, -0.9238703116208612, -0.92015870591849, -0.91672953819791958, -0.91356971350711058, -0.910666611633911, -0.90800808077191852, -0.90558242993544358, -0.903378420307341, -0.90138525567272465, -0.89959257210098076, -0.89799042700547138, -0.89656928771724842, -0.89532001968705921, -0.8942338744157442, -0.89330247721486622, -0.89251781487490955, -0.89187222331620364, -0.891358375290168, -0.89096926817733, -0.89069821194105525, -0.890538817267478, -0.89048498393069875, -0.89053088940892167]
}
