{
	"input_file":	"../../instances/J100_M50_G4_I5_L50_seed2.json",
	"method":	"MVN CDF",
	"convergence_threshold":	0.001,
	"iterations_made":	52,
	"max_iterations":	10000,
	"time_taken":	0.201355864,
	"ground_truth_matrix":	[[0.22783917374835463, 0.010450529100728561, 0.317379168519664, 0.2273650803535196, 0.21696604827773336], [0.17725330515516027, 0.10121746478598845, 0.42687622768416966, 0.15745123595039329, 0.1372017664242883], [0.34751781116712555, 0.26968629801752636, 0.0517533038213183, 0.25804238256025486, 0.073000204433774835], [0.25216796778434986, 0.31531367108009073, 0.1117190524356903, 0.30719735559605849, 0.013601953103810769]],
	"estimated_matrix":	[[0.24933319706313053, 0.044934154369876265, 0.30949903830919484, 0.23367892209257618, 0.16255468816522212], [0.20812153673052125, 0.11281306878077869, 0.35521488584389033, 0.18973763646080885, 0.13411287218400081], [0.29542674424859444, 0.2662878741598545, 0.1177301649037277, 0.222417496150105, 0.0981377205377184], [0.2716951922286987, 0.27636231810663869, 0.112012968389858, 0.27033534649293867, 0.069594174781866]],
	"log_likelihood":	[-0.624564262543817, -0.61654111552427926, -0.60875177690159155, -0.601186384715295, -0.59383576706516961, -0.586691386127082, -0.5797452873861787, -0.57299005348701681, -0.56641876216946241, -0.56002494782353318, -0.55380256627891933, -0.547745962473968, -0.541849840703158, -0.53610923718561, -0.53051949472152327, -0.525076239236006, -0.519775358036482, -0.51461297963230257, -0.509585454974177, -0.50468934000948229, -0.49992137943231546, -0.49527849155266, -0.490757754193004, -0.48635639154724775, -0.48207176193403162, -0.477901346392496, -0.473842738065578, -0.46989363232574866, -0.46605181760541964, -0.462315166885915, -0.45868162982085681, -0.4551492254516783, -0.451716035488448, -0.44838019813384034, -0.445139902407832, -0.44199338296464413, -0.43893891536503155, -0.43597481178262609, -0.43309941712512545, -0.430311105541998, -0.42760827729895451, -0.42498935599786375, -0.42245278612167014, -0.419997030878643, -0.41762057033373345, -0.4153218997998816, -0.413099528474534, -0.41095197830014, -0.40887778303408667, -0.40687548750419422, -0.40494364703979346, -0.40308082705944071, -0.37415866427778]
}
