{
	"input_file":	"../../instances/J100_M50_G4_I5_L50_seed10.json",
	"method":	"MVN CDF",
	"convergence_threshold":	0.001,
	"iterations_made":	87,
	"max_iterations":	10000,
	"time_taken":	0.561917,
	"ground_truth_matrix":	[[0.32269308943329617, 0.0045864253604871313, 0.21962067734703034, 0.302153293162828, 0.1509465146963585], [0.11667254894123515, 0.10113720407829543, 0.65492541293454032, 0.084886438578035225, 0.0423783954678938], [0.17470454273021377, 0.46323131664050771, 0.00059770828546104832, 0.10845461858176728, 0.25301181376205034], [0.1499086927966258, 0.20226769245305082, 0.054570767022571375, 0.39501320914034888, 0.19823963858740321]],
	"estimated_matrix":	[[0.31217443276569362, 0.036028701361460878, 0.19720366609085421, 0.30618462978909056, 0.14840856999290067], [0.13083319995419246, 0.11841574149317623, 0.54185570543701034, 0.0961596639526267, 0.11273568916299427], [0.19760748093524308, 0.40710513030688011, 0.051403675388190934, 0.12877704365598361, 0.21510666971370229], [0.17109439568194768, 0.19265474874785959, 0.10679751491087718, 0.36469775223233952, 0.16475558842697613]],
	"log_likelihood":	[-0.847343817307549, -0.83288087417138246, -0.81905116615269336, -0.80581903839692781, -0.79315149181785871, -0.781017940013325, -0.76938999242716877, -0.75824126051721852, -0.74754718413764, -0.737284875729963, -0.7274329802184466, -0.7179715488054772, -0.70888192507522041, -0.70014664203080135, -0.69174932885011742, -0.68367462630906939, -0.67590810993884454, -0.66843622009726744, -0.661246198240657, -0.65432602875175, -0.647664385765214, -0.64125058448981376, -0.63507453658856827, -0.62912670921489955, -0.62339808736418723, -0.617880139222084, -0.6125647842303934, -0.60744436362555332, -0.602511613221268, -0.59775963823766121, -0.59318188999731858, -0.58877214432316638, -0.58452448149510938, -0.58043326763598968, -0.57649313740192665, -0.57269897787658364, -0.5690459135664383, -0.56552929241640637, -0.5621446727549686, -0.558887811110414, -0.55575465081857767, -0.552741311370459, -0.54984407844348282, -0.547059394564282, -0.544383850358751, -0.541814176347404, -0.539347235247487, -0.53698001474777757, -0.53470962072149841, -0.53253327084991464, -0.5304482886285673, -0.528452097730246, -0.52654221670128232, -0.524716253974812, -0.52297190317052522, -0.52130693867306444, -0.5197192114682545, -0.518206645217991, -0.51676723256524826, -0.51539903165088241, -0.51410016283156068, -0.51286880558649528, -0.51170319560367139, -0.51060162203042458, -0.50956242488583436, -0.50858399261941378, -0.50766475981094272, -0.50680320500605769, -0.50599784866996855, -0.50524725126849834, -0.50455001145416956, -0.503904764360577, -0.50331017999548178, -0.502764961729996, -0.50226784487337028, -0.501817595337107, -0.50141300837278424, -0.50105290738841624, -0.500736142838155, -0.50046159116951239, -0.50022815384756447, -0.500034756426596, -0.49988034768353, -0.49976389880708438, -0.49968440262919889, -0.4996408729115111, -0.49963234367106918, -0.49965786854949484]
}
