{
	"input_file":	"../../instances/J100_M50_G4_I5_L50_seed3.json",
	"method":	"MVN CDF",
	"convergence_threshold":	0.001,
	"iterations_made":	55,
	"max_iterations":	10000,
	"time_taken":	0.334822,
	"ground_truth_matrix":	[[0.15028701708190306, 0.2312679172167543, 0.064556558588510629, 0.13427919500392829, 0.41960931210890373], [0.69371710750865156, 0.041081001690991485, 0.0710920028043775, 0.016174863536975309, 0.17793502445900408], [0.0096528152078873657, 0.19423600165890281, 0.33332108255790721, 0.10387615586913534, 0.35891394470616728], [0.34737059989782576, 0.00943501618277375, 0.31809275226905409, 0.11664290181363193, 0.20845872983671451]],
	"estimated_matrix":	[[0.18230534582126712, 0.21117246254244462, 0.090051732641638849, 0.128769206082211, 0.3877012529124384], [0.56723388262382635, 0.0612506378683128, 0.0992864596951797, 0.036467590078357856, 0.23576142973432335], [0.12073684854590824, 0.15052253932264645, 0.30443624014174586, 0.079136438383043239, 0.34516793360665626], [0.31829021164566029, 0.033628157327335373, 0.2783593576829041, 0.11133907207995769, 0.2583832012641426]],
	"log_likelihood":	[-1.1451047262012815, -1.1333885610926491, -1.1221151466755928, -1.111265872657502, -1.1008247449907809, -1.0907778035504581, -1.0811126546561338, -1.0718180997866993, -1.0628838439137558, -1.0543002689964831, -1.0460582602726685, -1.038149074920834, -1.0305642443829328, -1.0232955032145572, -1.0163347386149484, -1.0096739559262071, -1.0033052563247342, -0.997220823698468, -0.99141291833769551, -0.9858738755801506, -0.98059610795905039, -0.97557210973987762, -0.970794462983339, -0.9662558444862398, -0.96194903310752322, -0.9578669171229478, -0.95400250133496123, -0.95034891376414077, -0.946899411779392, -0.94364738759701361, -0.94058637309548543, -0.937710043922803, -0.93501222290330244, -0.93248688274671643, -0.93012814809600919, -0.927930296932262, -0.92588776139196438, -0.92399512801807, -0.9222471375052772, -0.920638683971611, -0.91916481380294468, -0.917820724118752, -0.91660176089516721, -0.915503416783036, -0.91452132866833, -0.913651275001914, -0.91288917293668, -0.91223107530446768, -0.91167316745625238, -0.911211763998832, -0.910843305450402, -0.910564354833465, -0.91037159423203062, -0.91026182132306954, -0.910231945905262, -0.9102789864385632]
}
