{
	"input_file":	"../../instances/J100_M50_G4_I5_L50_seed5.json",
	"method":	"MVN CDF",
	"convergence_threshold":	0.001,
	"iterations_made":	49,
	"max_iterations":	10000,
	"time_taken":	0.316482,
	"ground_truth_matrix":	[[0.043982912303551426, 0.358470733786538, 0.040576345559300911, 0.43953375062527472, 0.11743625772533485], [0.256473892537231, 0.39363112002854944, 0.198078425534879, 0.095454145901107262, 0.05636241599823328], [0.019580703375263634, 0.31191671477471344, 0.13540090275600683, 0.040084305930368942, 0.493017373163647], [0.1045326451941551, 0.17453523184552874, 0.11457266309294029, 0.32339075752304669, 0.28296870234432914]],
	"estimated_matrix":	[[0.060780847964273188, 0.33586941862775327, 0.049440867489790326, 0.3573079687642568, 0.19660089715392651], [0.20855144539257581, 0.32913890196983225, 0.1953770499916232, 0.13866585230690548, 0.12826675033906318], [0.025175679554680159, 0.29897807344008043, 0.14484037041431355, 0.13126289925383658, 0.39974297733708936], [0.10745880528863708, 0.2190805240666315, 0.10167074229199961, 0.28450976708174563, 0.28728016127098616]],
	"log_likelihood":	[-1.1907222135292443, -1.1729421183118049, -1.15592623755976, -1.1396578874143311, -1.1241194613650745, -1.109292607977544, -1.0951583893931889, -1.0816974221135285, -1.0688900017321, -1.0567162132522112, -1.0451560285648414, -1.0341893925468126, -1.0237962990753606, -1.0139568581176088, -1.004651354880254, -0.99586030187557473, -0.98756448462292246, -0.9797450015992818, -0.97238329895514042, -0.965461200442219, -0.958960932935375, -0.95286514789541354, -0.94715693907170728, -0.94181985673023272, -0.93683791867134847, -0.93219561828845365, -0.92787792990324036, -0.923870311621281, -0.92015870591841831, -0.91672953819768055, -0.913569713507204, -0.91066661163399443, -0.90800808077186046, -0.90558242993565119, -0.903378420306921, -0.90138525567293537, -0.89959257210080656, -0.8979904270053144, -0.8965692877174487, -0.89532001968695274, -0.894233874415978, -0.893302477214979, -0.89251781487479553, -0.89187222331654581, -0.891358375289908, -0.89096926817792677, -0.890698211940918, -0.89053881726745243, -0.89048498393047548, -0.89053088940879821]
}
