{
	"input_file":	"../../instances/J100_M50_G4_I5_L50_seed1.json",
	"method":	"MVN CDF",
	"convergence_threshold":	0.001,
	"iterations_made":	50,
	"max_iterations":	10000,
	"time_taken":	0.316858,
	"ground_truth_matrix":	[[0.23133554027621162, 0.546232885994193, 4.9036670050913147e-05, 0.15434181656277288, 0.068040720496771734], [0.048287721645296849, 0.10272923560641152, 0.21131337949440179, 0.25192172053433709, 0.38574794271955271], [0.13381390465004245, 0.284670660044346, 0.056330366829679117, 0.518345950749748, 0.0068391177261846641], [0.39084241309322565, 0.19015784970136257, 0.28800794398615154, 0.053260896093577, 0.077730897125683027]],
	"estimated_matrix":	[[0.18993772553129931, 0.46556979415025734, 0.031657257723868432, 0.20629162517438249, 0.10654359742019245], [0.0993648626729945, 0.15560197059574815, 0.18250898917562841, 0.2653810294782174, 0.29714314807741155], [0.16270770217371555, 0.28540293926599475, 0.057762512667501369, 0.40462769262495074, 0.0894991532678375], [0.33571369536672829, 0.223245372453506, 0.23301283457560865, 0.12429183145465277, 0.083736266149504274]],
	"log_likelihood":	[-0.99243145398195565, -0.97693890366336755, -0.96212538142862181, -0.947962127443166, -0.934422326610792, -0.92148091685246047, -0.909114416857255, -0.897300771375235, -0.88601921229228, -0.87525013398904428, -0.864974981579788, -0.85517615083624476, -0.84583689867580758, -0.836941263221318, -0.82847399253564358, -0.82042048119879729, -0.81276671398093769, -0.80549921592345064, -0.79860500819348068, -0.79207156913361221, -0.78588679997539235, -0.78003899472309335, -0.774516813756948, -0.76930926074788, -0.76440566249735131, -0.759795651362107, -0.755469149941874, -0.7514163577510613, -0.74762773960435125, -0.744094015490214, -0.740806151715107, -0.73775535313392, -0.734933056296971, -0.73233092336300243, -0.729940836654883, -0.727754893734133, -0.72576540290217662, -0.72396487904358275, -0.72234603972917333, -0.72090180153515848, -0.71962527650564623, -0.71850976873353767, -0.717548771016058, -0.71673596156084041, -0.71606520071727175, -0.71553052772255576, -0.71512615744591379, -0.71484647712304972, -0.71468604307946126, -0.714639577434539, -0.71470196479059844]
}
