{
	"input_file":	"../../instances/J100_M50_G4_I5_L50_seed11.json",
	"method":	"MVN CDF",
	"convergence_threshold":	0.001,
	"iterations_made":	2,
	"max_iterations":	10000,
	"time_taken":	0.029805,
	"ground_truth_matrix":	[[0.0742704298794536, 0.0073483541679689336, 0.23246015994561139, 0.48226262845984663, 0.20365842754711935], [0.10906573959976795, 0.0021115223402377388, 0.1096872263605117, 0.46684651136059585, 0.31228900033888668], [0.22595248847629812, 0.019867410510385194, 0.387186047554461, 0.33585447066553586, 0.0311395827933199], [0.589403631174749, 0.012191405303151244, 0.0731217528737282, 0.22404050883429075, 0.10124270181408079]],
	"estimated_matrix":	[[0.193201803095046, 0.00432997686587661, 0.1992466367462099, 0.41440787164671089, 0.18881371164615657], [0.19527694924598626, 0.0014220218243552575, 0.1676080809022234, 0.42571178236233242, 0.20998116566510258], [0.25030479738793332, 0.014917210685366018, 0.25388478754441385, 0.35395848283108478, 0.126934721551202], [0.34345663985644354, 0.02133642917619874, 0.1617517097108008, 0.3328172380995168, 0.14063798315704015]],
	"log_likelihood":	[-33.629119360033336, -18.766787009274683, -23.601580135449836]
}
