{
	"input_file":	"../../instances/J100_M50_G4_I5_L50_seed16.json",
	"method":	"MVN CDF",
	"convergence_threshold":	0.001,
	"iterations_made":	1,
	"max_iterations":	10000,
	"time_taken":	0.027694,
	"ground_truth_matrix":	[[0.11046832303046365, 0.32375992679000548, 0.34976560708473542, 0.020404670466171049, 0.19560147262862432], [0.056072838761014418, 0.259257770101578, 0.039720168700331022, 0.016198597480567022, 0.62875062495650935], [0.31255056034065565, 0.030600658614167615, 0.48328435407656345, 0.065010843405680863, 0.1085535835629325], [0.11586259596294285, 0.39777834656095723, 0.2081420243919308, 0.0807572776280516, 0.19745975545611746]],
	"estimated_matrix":	[[0.13072843899328954, 0.2633515096902489, 0.301752550620222, 0.038026732899586878, 0.26614076779665269], [0.12433296876527759, 0.2475076210147181, 0.21009795792819369, 0.036688371510737422, 0.38137308078107318], [0.19782881930369253, 0.18631046056694547, 0.32836102713925963, 0.0572910685108676, 0.23020862447923474], [0.13847089055692222, 0.285446118329397, 0.25473393161894209, 0.059945281366902282, 0.26140377812783638]],
	"log_likelihood":	[-2.0509462655598312, -2.05375355854557]
}
