{
	"input_file":	"../../instances/J100_M50_G4_I5_L50_seed20.json",
	"method":	"MVN CDF",
	"convergence_threshold":	0.001,
	"iterations_made":	51,
	"max_iterations":	10000,
	"time_taken":	0.176508,
	"ground_truth_matrix":	[[0.12464155160427713, 0.320365700211782, 0.31211881819805165, 0.23773827434383188, 0.0051356556420572141], [0.32050330871114646, 0.129607407316133, 0.19904243955549125, 0.29216240134150717, 0.058684443075721966], [0.048862291507300849, 0.19490249288206324, 0.23484758945089862, 0.29193992606900426, 0.22944770009073309], [0.017616287707698772, 0.05851918973115218, 0.65621546187173374, 0.1289428731063417, 0.13870618758307368]],
	"estimated_matrix":	[[0.12210486284652081, 0.26900372361826175, 0.309033461206984, 0.22993036552132987, 0.069927586806903572], [0.259827158579841, 0.1250876459151487, 0.25857515374882634, 0.26767032107552374, 0.088839720680660372], [0.07267792190519784, 0.19411936469647076, 0.25234547351409059, 0.29800507196176651, 0.18285216792247433], [0.0226141649759097, 0.0966698412885455, 0.56159280754774477, 0.1829778303382836, 0.13614535584951631]],
	"log_likelihood":	[-0.94709109103962552, -0.93315774074286539, -0.9198760018002845, -0.907216058954573, -0.895149932705832, -0.883651338406318, -0.87269555642273755, -0.86225931230365371, -0.85232066605140766, -0.842858909725831, -0.833854472720812, -0.82528883415010257, -0.8171444418552124, -0.809404637611389, -0.80205358815308869, -0.79507622168151182, -0.78845816953860648, -0.782185712764789, -0.776245733244037, -0.77062566918301578, -0.76531347464869182, -0.76029758290612481, -0.755566873303471, -0.751110641437008, -0.74691857235979631, -0.74298071657561671, -0.73928746858069627, -0.735829547720568, -0.732597981131804, -0.72958408856228729, -0.726779468853269, -0.724175987902978, -0.721765767924071, -0.71954117783428218, -0.717494824626236, -0.715619545580059, -0.713908401191166, -0.71235466870560682, -0.71095183616075852, -0.70969359685148226, -0.70857384413649938, -0.70758666653178859, -0.706726343028014, -0.70598733858674934, -0.705364299785588, -0.70485205056710676, -0.70444558807920321, -0.70414007857922822, -0.7039308533957056, -0.70381340492125954, -0.703783382648552, -0.703836589229148]
}
