{
	"input_file":	"../../instances/J100_M50_G4_I5_L50_seed19.json",
	"method":	"MVN CDF",
	"convergence_threshold":	0.001,
	"iterations_made":	60,
	"max_iterations":	10000,
	"time_taken":	0.455497,
	"ground_truth_matrix":	[[0.0433037419557625, 0.604397263048471, 0.11967273975203206, 0.06272639200543513, 0.16989986323829925], [0.010949408191273125, 0.14085830680435835, 0.2076171069384817, 0.51298571330785936, 0.12758946475802732], [0.10978458920334491, 0.35941379635053472, 0.355956869140207, 0.12035649855401814, 0.054488246751895043], [0.21154166390255172, 0.050406673790910683, 0.23240301820301118, 0.14950739990065737, 0.356141244202869]],
	"estimated_matrix":	[[0.035887100201271525, 0.528831479342196, 0.16643102775433252, 0.11266702977043225, 0.15618336293176774], [0.02951236319879378, 0.18241596919869305, 0.181980510751486, 0.45127724742722986, 0.15481390942379741], [0.10208330614531233, 0.322834917591923, 0.3187438547123, 0.1308472753256632, 0.12549064622480149], [0.17965443642987, 0.14044291395518238, 0.23823512950105361, 0.15198306366556544, 0.28968445644832858]],
	"log_likelihood":	[-0.9742920872769304, -0.95505237877582039, -0.93655509821979, -0.91881037051749737, -0.901823428691531, -0.88559479334973279, -0.87012056549311556, -0.85539279715001326, -0.841399910968244, -0.82812714562848422, -0.815557008834306, -0.80366972375710022, -0.792443658281616, -0.78185572928591673, -0.77188177659836155, -0.762496903246749, -0.75367578024295578, -0.74539291544255437, -0.7376228870467465, -0.73034054310601471, -0.72352116895362228, -0.717140624914182, -0.71117545685736, -0.70560298232684082, -0.70040135496230671, -0.69554960991128867, -0.6910276927821577, -0.686816474565369, -0.68289775473451819, -0.679254254558083, -0.675869602433633, -0.672728312859266, -0.66981576043965962, -0.667118150157168, -0.664622484944975, -0.6623165314426378, -0.66018878467874031, -0.658228432285363, -0.65642531873650278, -0.65476991001737517, -0.65325325902580478, -0.65186697195785559, -0.65060317584027627, -0.64945448735643119, -0.64841398303481346, -0.64747517085887463, -0.64663196331609873, -0.645878651892404, -0.64520988298421877, -0.6446206352059447, -0.64410619804264535, -0.643662151810385, -0.64328434885117136, -0.642968895925871, -0.64271213772950042, -0.6425106414745626, -0.64236118248405, -0.64226073073266643, -0.64220643827964374, -0.64219562753522275, -0.6422257803155923]
}
