{
    "log_likelihood_mean_(last_iteration_value)": -0.30276699169952315,
    "time_taken_mean": 0.1331628027,
    "iterations_made_mean": 48.55
}