{
    "log_likelihood_mean_(last_iteration_value)": -11.50527229562028,
    "time_taken_mean": 0.08777370000000001,
    "iterations_made_mean": 5.45
}