{
    "log_likelihood_mean_(last_iteration_value)": -0.11944018897734551,
    "time_taken_mean": 0.03536493595,
    "iterations_made_mean": 88.05
}