{
    "log_likelihood_mean_(last_iteration_value)": -0.1958759989984628,
    "time_taken_mean": 0.30248083215,
    "iterations_made_mean": 87.4
}