{
    "log_likelihood_mean_(last_iteration_value)": -3.1799425965777752,
    "time_taken_mean": 0.18661989545,
    "iterations_made_mean": 32.4
}