{
    "log_likelihood_mean_(last_iteration_value)": -7.229345843283019,
    "time_taken_mean": 0.17072444999999997,
    "iterations_made_mean": 8.7
}