{
    "log_likelihood_mean_(last_iteration_value)": -0.1830037083425751,
    "time_taken_mean": 0.5312882132000001,
    "iterations_made_mean": 101.85
}