{
    "log_likelihood_mean_(last_iteration_value)": -2.0916388299184248,
    "time_taken_mean": 0.38071354315000006,
    "iterations_made_mean": 50.35
}