{
	"input_file":	"../../instances/J100_M50_G2_I10_L50_seed3.json",
	"method":	"Hit and Run",
	"convergence_threshold":	0.001,
	"iterations_made":	4,
	"max_iterations":	10000,
	"time_taken":	1.206009,
	"ground_truth_matrix":	[[0.0931453723690264, 0.14333597595076422, 0.040011072182719966, 0.0832239927500704, 0.26006681338677834, 0.26376288024201622, 0.01561968590937181, 0.027030371918026031, 0.0061499544235774336, 0.06765388086764923], [0.00530734356503633, 0.10679549657807895, 0.18326772703150396, 0.057113539992176665, 0.1973392812162813, 0.156378119637341, 0.00424742361571192, 0.143197917396384, 0.052509906307626246, 0.093843244659859673]],
	"estimated_matrix":	[[0.0850492104649803, 0.177038733605065, 0.079841849158858127, 0.090300473461051647, 0.25266810670015355, 0.2035584630742624, 0.0159268910748918, 0.026809087651126915, 0.010171154800280361, 0.05863603000933], [0.010090822824907674, 0.066472813658978169, 0.14861316789613177, 0.060475666693534366, 0.20489367375348913, 0.20244064266941367, 0.0036632980506888439, 0.146886974658479, 0.0526628385467168, 0.10380010124766068]],
	"log_likelihood":	[-325.555447974087, -298.90097908680957, -287.865222095141, -285.02164065949376, -286.14558782790766]
}
