{
	"input_file":	"../../instances/J100_M50_G2_I10_L50_seed14.json",
	"method":	"Hit and Run",
	"convergence_threshold":	0.001,
	"iterations_made":	5,
	"max_iterations":	10000,
	"time_taken":	1.297395,
	"ground_truth_matrix":	[[0.072756559579671962, 0.1496149553698512, 0.20608955322757225, 0.00081482132852198129, 0.037383355051305023, 0.318757571955605, 0.0725851899237404, 0.038640124848800833, 0.07813803605270303, 0.025219832662228388], [0.16106647274809777, 0.04108471195722066, 0.075916688175726, 0.000577733854966009, 0.10966663037368535, 0.023120032174088642, 0.26444084160278358, 0.04597428467004392, 0.13690581024077314, 0.141246794202615]],
	"estimated_matrix":	[[0.14082386079747081, 0.16117469462122075, 0.21044376943531179, 0.0015637594276193653, 0.047109014169365138, 0.27834483158274353, 0.0609923175005575, 0.032494925169537427, 0.0472402152670943, 0.019812612029080006], [0.0871331866632219, 0.029920301864574, 0.069843750549579822, 0.000435337835106624, 0.10293564713700906, 0.065084560200150576, 0.26517102546581489, 0.05912637999432243, 0.16365291489260619, 0.1566968953976148]],
	"log_likelihood":	[-391.1779000114571, -324.02170111675457, -298.31142849272743, -289.43974221864761, -287.88008832025332, -288.92706571211289]
}
