{
	"input_file":	"../../instances/J100_M50_G2_I10_L50_seed11.json",
	"method":	"Hit and Run",
	"convergence_threshold":	0.001,
	"iterations_made":	3,
	"max_iterations":	10000,
	"time_taken":	0.995004,
	"ground_truth_matrix":	[[0.022670189430670222, 0.0022430000911789036, 0.07095577431831715, 0.14720508768109594, 0.062164378732414968, 0.075774684449878463, 0.0014670045756580005, 0.076206469567349347, 0.32434701506348212, 0.21696639608995485], [0.17475220147373904, 0.015365503375000471, 0.29945062630790814, 0.2597506605011623, 0.024083428701327351, 0.1335574362557338, 0.0027625429341148482, 0.0165692122202841, 0.050767037043357562, 0.022941351187372273]],
	"estimated_matrix":	[[0.0875768131086915, 0.00693067907571121, 0.13896503777074853, 0.15567183919269795, 0.0523160995371421, 0.0979713473103565, 0.0031641969402072781, 0.0870965725733418, 0.25020122633936587, 0.12010618815173667], [0.10803955708649077, 0.010672314232414154, 0.22070035047941847, 0.24920298572452748, 0.025662577645344426, 0.11844503163710486, 0.0012342591095281749, 0.020049790000599945, 0.1220962897113315, 0.12389684437324032]],
	"log_likelihood":	[-486.4083193398393, -472.81996549538621, -471.7912917411507, -473.49931150715457]
}
