{
	"input_file":	"../../instances/J100_M50_G2_I10_L50_seed4.json",
	"method":	"Hit and Run",
	"convergence_threshold":	0.001,
	"iterations_made":	5,
	"max_iterations":	10000,
	"time_taken":	1.281154,
	"ground_truth_matrix":	[[0.22583551318107506, 0.052443917345447011, 0.23828791306220862, 0.0830378819242122, 0.079186543171321358, 0.016113585473482447, 0.24761394129387149, 0.00041364337115573342, 0.019304135128980132, 0.037762926048245667], [0.12006391970874336, 0.017497584298260781, 0.15791029373823773, 0.32558754806371482, 0.014215320954268749, 0.072264894734091964, 0.00071710695160031874, 0.038822962732027649, 0.0035880152585265278, 0.249332353560528]],
	"estimated_matrix":	[[0.28934997954047087, 0.042261057060921717, 0.254309956937163, 0.10549772050607437, 0.071180435163107958, 0.020794799777834615, 0.16941579280077057, 0.0013870123309197126, 0.021696432466618322, 0.024106813416119116], [0.068072998874996862, 0.021322191846907094, 0.13279282936077588, 0.290250081382627, 0.025182766702123275, 0.0792519659551072, 0.0749086014461457, 0.03984375306166487, 0.0074922041507289776, 0.260882607218923]],
	"log_likelihood":	[-448.72361894757267, -367.24346266935464, -339.31280986276749, -332.31571615920046, -331.74580028451652, -333.33924094761653]
}
