{
	"input_file":	"../../instances/J100_M50_G2_I10_L50_seed9.json",
	"method":	"Hit and Run",
	"convergence_threshold":	0.001,
	"iterations_made":	2,
	"max_iterations":	10000,
	"time_taken":	0.834,
	"ground_truth_matrix":	[[0.0031845878535814529, 0.21281910917822938, 0.20910140020993273, 0.043874767354241673, 0.046808571478480061, 0.075310909771104, 0.16556334873637976, 0.0870796615220599, 0.026813439019434428, 0.12944420487655667], [0.0142710070749783, 0.16490781651527461, 0.23584109291398292, 0.0030910774066948976, 0.093939200833778158, 0.066516745753404521, 0.17855868802116745, 0.085985088518246378, 0.0620822392605847, 0.0948070437018881]],
	"estimated_matrix":	[[0.002437995927271566, 0.26774650496364161, 0.23342169490950632, 0.034070907825378777, 0.05884343782477832, 0.072664122559946462, 0.16447308089304064, 0.062002055158025648, 0.0262797860111384, 0.0780604139272723], [0.011168988867080275, 0.10612419719013957, 0.21856642087126321, 0.014713606333427684, 0.092383394140274064, 0.069733532968380238, 0.18754537694380008, 0.10082900640297038, 0.063750190312302543, 0.1351852859703622]],
	"log_likelihood":	[-300.71397292351736, -286.30152462014667, -288.64356301133409]
}
