{
	"input_file":	"../../instances/J100_M50_G2_I10_L50_seed7.json",
	"method":	"Hit and Run",
	"convergence_threshold":	0.001,
	"iterations_made":	6,
	"max_iterations":	10000,
	"time_taken":	1.459364,
	"ground_truth_matrix":	[[0.00808261828816172, 0.15413970663026186, 0.058751646987581382, 0.13088878561109682, 0.38859135211187357, 0.078738263100063072, 0.07080871498828735, 0.0076143966059739766, 0.0318281670743481, 0.070556348602352159], [0.11844066583086636, 0.16961555343026474, 0.0499536137283108, 0.0071052771714643923, 0.03540434652102236, 0.25035815833408864, 0.025001738498636041, 0.0626777031670133, 0.278816438584351, 0.002626504733982544]],
	"estimated_matrix":	[[0.031611268839486832, 0.24930997224179252, 0.053398139892951287, 0.1222590189519923, 0.31321908514489133, 0.073250957633525071, 0.060423388399881456, 0.013745519238583333, 0.021984391551677366, 0.0607982581052184], [0.088033869240834242, 0.099370075841086772, 0.049798980779758147, 0.022861463003248667, 0.10101114850579741, 0.24808891273055245, 0.030352554933345318, 0.058290116439177114, 0.29343276714880018, 0.0087601113773993732]],
	"log_likelihood":	[-432.74706611708189, -350.136068860391, -317.32620323331543, -304.14018970688289, -299.29423587833259, -298.170476902456, -299.359491620446]
}
