{
	"input_file":	"../../instances/J100_M50_G2_I10_L50_seed5.json",
	"method":	"Hit and Run",
	"convergence_threshold":	0.001,
	"iterations_made":	4,
	"max_iterations":	10000,
	"time_taken":	1.122597,
	"ground_truth_matrix":	[[0.026715474938408819, 0.21773719390232371, 0.024646306624725028, 0.26697533847630672, 0.071331461147205, 0.10069016905056917, 0.15453730446846922, 0.0777644459444631, 0.037474746424589631, 0.022127559022939464], [0.011432530344489289, 0.1821179371482772, 0.079056145214111834, 0.02340391124384544, 0.28785667046947466, 0.043499462919321719, 0.072629835700401, 0.047677443735614625, 0.13457350322664272, 0.11775255999782144]],
	"estimated_matrix":	[[0.022937117334355151, 0.29300401458610142, 0.026281521900488183, 0.24018177360857917, 0.083866392317251737, 0.0971049630682648, 0.1265679815844416, 0.048192726794081056, 0.035269324141573043, 0.026594184664863851], [0.010252735159905282, 0.0984403344698056, 0.0737564580484302, 0.046863571829998028, 0.27908978639801291, 0.0552615622110494, 0.10541509610717649, 0.0802329053487627, 0.141615753001515, 0.10907179742534452]],
	"log_likelihood":	[-384.301714884892, -321.93865165064858, -302.83414575836156, -298.17300862612774, -298.73651198216925]
}
