{
	"input_file":	"../../instances/J100_M50_G2_I10_L50_seed13.json",
	"method":	"Hit and Run",
	"convergence_threshold":	0.001,
	"iterations_made":	5,
	"max_iterations":	10000,
	"time_taken":	1.302201,
	"ground_truth_matrix":	[[0.095000606641782351, 0.017133841334523565, 0.109854414200967, 0.213159663431239, 0.22726109271150324, 0.038166572341381357, 0.059332412112789071, 0.0943852305406974, 0.064827896915340855, 0.080878269769776023], [0.0068883355213543232, 0.0684607808726845, 0.011645208371382151, 0.37572194421425487, 0.090114377573631624, 0.21997833859893373, 0.057186871760991957, 0.082483938626239872, 0.001826590536552423, 0.085693613923974427]],
	"estimated_matrix":	[[0.091294615739599141, 0.022094991189486449, 0.10514825710528833, 0.31620959323658532, 0.21080341225286536, 0.052931913850968411, 0.052773382900203267, 0.049728745200290386, 0.052607090582431987, 0.046407997942281128], [0.013042782794044413, 0.05673271899275615, 0.0211845719465847, 0.270153561938376, 0.11231779925673761, 0.20759181406920618, 0.062434345870172658, 0.12593221757761144, 0.010959591418236677, 0.11965059613627407]],
	"log_likelihood":	[-355.52223789432423, -319.59018700043174, -305.87413227122443, -301.10057732615991, -300.17539535513885, -300.92647138949366]
}
