{
	"input_file":	"../../instances/J100_M50_G2_I2_L50_seed17.json",
	"method":	"Hit and Run",
	"convergence_threshold":	0.001,
	"iterations_made":	12,
	"max_iterations":	10000,
	"time_taken":	0.506660852,
	"ground_truth_matrix":	[[0.315810458607232, 0.684189541392768], [0.751461243773324, 0.24853875622667579]],
	"estimated_matrix":	[[0.3509636099142755, 0.64903639008572722], [0.701716992792025, 0.29828300720797246]],
	"log_likelihood":	[-98.3643246557781, -73.812918774611944, -59.222906668103221, -50.128682076563436, -44.25359404467094, -40.348895587399028, -37.692156492104161, -35.848386464543, -34.547232569991657, -33.6160613434469, -32.941928853102979, -32.449281743381285, -32.076838520381379]
}
