{
	"input_file":	"../../instances/J100_M50_G2_I2_L50_seed14.json",
	"method":	"Hit and Run",
	"convergence_threshold":	0.001,
	"iterations_made":	23,
	"max_iterations":	10000,
	"time_taken":	0.553716177,
	"ground_truth_matrix":	[[0.32718470976908715, 0.6728152902309128], [0.99606184581514945, 0.0039381541848506141]],
	"estimated_matrix":	[[0.35407756624569525, 0.64592243375430436], [0.96160845846808074, 0.038391541531918073]],
	"log_likelihood":	[-202.80504702630427, -148.53055787192977, -115.69775313507417, -94.2254481706172, -79.423830199237344, -68.845042329956854, -61.069680923426034, -55.214564487056727, -50.7135860311366, -47.198644742838226, -44.424943918597663, -42.223525623131785, -40.472235785337375, -39.078705486568225, -37.970672966834869, -37.090473586167079, -36.391728408396119, -35.837129974015724, -35.396777504182886, -35.046821759057, -34.768326438984055, -34.5463104594675, -34.368951849806351, -34.188891591345211]
}
