{
	"input_file":	"../../instances/J100_M50_G2_I2_L50_seed8.json",
	"method":	"Hit and Run",
	"convergence_threshold":	0.001,
	"iterations_made":	11,
	"max_iterations":	10000,
	"time_taken":	0.43636149,
	"ground_truth_matrix":	[[0.37404082947384554, 0.62595917052615457], [0.728815845450914, 0.27118415454908579]],
	"estimated_matrix":	[[0.41767839229571335, 0.5823216077042892], [0.69294181844521, 0.30705818155479336]],
	"log_likelihood":	[-76.907018043207941, -60.656538417351648, -51.025594261892131, -45.051031336678676, -41.206856760544717, -38.658568411667915, -36.927398522607824, -35.727414559184623, -34.881856396946979, -34.278094355576563, -33.842407794846466, -33.517441645051633]
}
