{
	"input_file":	"../../instances/J100_M50_G2_I2_L50_seed7.json",
	"method":	"Hit and Run",
	"convergence_threshold":	0.001,
	"iterations_made":	14,
	"max_iterations":	10000,
	"time_taken":	0.463401036,
	"ground_truth_matrix":	[[0.049824327768858021, 0.950175672231142], [0.30980548916967027, 0.69019451083032979]],
	"estimated_matrix":	[[0.0628245533914897, 0.9371754466085086], [0.29376019512189416, 0.70623980487810567]],
	"log_likelihood":	[-63.188557145085824, -49.286281331393859, -40.4785992926351, -34.7483657271651, -30.94785455236071, -28.385758511105372, -26.631583535276086, -25.412069734155079, -24.551356019896815, -23.9348333179813, -23.486858970475822, -23.156857821163332, -22.910569745447045, -22.724482250848869, -22.5628606075634]
}
