{
	"input_file":	"../../instances/J100_M50_G2_I2_L50_seed5.json",
	"method":	"Hit and Run",
	"convergence_threshold":	0.001,
	"iterations_made":	0,
	"max_iterations":	10000,
	"time_taken":	0.355793553,
	"ground_truth_matrix":	[[0.1092869023075165, 0.89071309769248352], [0.084514668368276855, 0.91548533163172319]],
	"estimated_matrix":	[[0.0968212909812516, 0.903178709018747], [0.0943767533886738, 0.90562324661132876]],
	"log_likelihood":	[-30.126467888540148]
}
