{
	"input_file":	"../../instances/J100_M50_G2_I2_L50_seed16.json",
	"method":	"Hit and Run",
	"convergence_threshold":	0.001,
	"iterations_made":	20,
	"max_iterations":	10000,
	"time_taken":	0.519048525,
	"ground_truth_matrix":	[[0.25440151136213868, 0.74559848863786138], [0.944877609836287, 0.055122390163713141]],
	"estimated_matrix":	[[0.2988506904322959, 0.701149309567702], [0.90123121398654726, 0.0987687860134524]],
	"log_likelihood":	[-192.17501151447689, -135.43699391892429, -101.29795936970696, -79.2126460364741, -64.288819848361371, -53.881115657351167, -46.433254808942372, -40.988190384271277, -36.936035826085885, -33.8750500227025, -31.532974612825754, -29.72084094581718, -28.304806699014218, -27.188426173231118, -26.301170658116909, -25.5908049989814, -25.018209825667366, -24.553795505150848, -24.174976720188539, -23.864368601154947, -23.5938861181397]
}
