{
	"input_file":	"../../instances/J100_M50_G2_I2_L50_seed12.json",
	"method":	"Hit and Run",
	"convergence_threshold":	0.001,
	"iterations_made":	9,
	"max_iterations":	10000,
	"time_taken":	0.449943138,
	"ground_truth_matrix":	[[0.11053619287835263, 0.88946380712164752], [0.28597542938972, 0.71402457061028]],
	"estimated_matrix":	[[0.130393303316559, 0.86960669668344126], [0.25890950964850723, 0.74109049035149555]],
	"log_likelihood":	[-43.305685699868484, -38.022151371178545, -34.728534667334912, -32.618133828744241, -31.232309331434355, -30.301666270175527, -29.663718039629586, -29.218169114457613, -28.901766022970577, -28.65907432698673]
}
