{
	"input_file":	"../../instances/J100_M50_G2_I2_L50_seed6.json",
	"method":	"Hit and Run",
	"convergence_threshold":	0.001,
	"iterations_made":	10,
	"max_iterations":	10000,
	"time_taken":	0.418859979,
	"ground_truth_matrix":	[[0.84701246603789282, 0.15298753396210726], [0.97585881292457777, 0.024141187075422219]],
	"estimated_matrix":	[[0.83622427531141841, 0.16377572468857687], [0.9810916185631775, 0.018908381436821314]],
	"log_likelihood":	[-56.670220321647577, -44.568516327752384, -37.961529777080422, -34.249975482185874, -32.095225148820973, -30.804680750305472, -30.010462937505139, -29.510602211567385, -29.190420631065582, -28.982700362343021, -28.781818126584426]
}
