{
	"input_file":	"../../instances/J100_M50_G2_I2_L50_seed20.json",
	"method":	"Hit and Run",
	"convergence_threshold":	0.001,
	"iterations_made":	8,
	"max_iterations":	10000,
	"time_taken":	0.416798343,
	"ground_truth_matrix":	[[0.28008881000392533, 0.71991118999607473], [0.56763625027584241, 0.43236374972415759]],
	"estimated_matrix":	[[0.3448765722909401, 0.65512342770906251], [0.48883859732909135, 0.511161402670908]],
	"log_likelihood":	[-50.632025568553082, -45.3813781051066, -42.060378202813446, -39.8909440813227, -38.436103459099634, -37.439752635801639, -36.74597225013904, -36.256582183183511, -35.899105254002848]
}
