{
	"input_file":	"../../instances/J100_M50_G2_I2_L50_seed1.json",
	"method":	"Hit and Run",
	"convergence_threshold":	0.001,
	"iterations_made":	13,
	"max_iterations":	10000,
	"time_taken":	0.442876706,
	"ground_truth_matrix":	[[0.297511488970571, 0.702488511029429], [0.00031761382895504226, 0.99968238617104477]],
	"estimated_matrix":	[[0.28954305420759863, 0.71045694579240359], [0.0078315766103241244, 0.99216842338967626]],
	"log_likelihood":	[-96.904342534214422, -65.7575383507517, -49.418155710918583, -40.3976626114029, -35.196047229221875, -32.0804938988325, -30.151341927115688, -28.922051792339559, -28.119551348161426, -27.585233229141256, -27.224003637109679, -26.977154310901067, -26.807455879081235, -26.578820611174983]
}
