{
	"input_file":	"../../instances/J100_M50_G2_I2_L50_seed19.json",
	"method":	"Hit and Run",
	"convergence_threshold":	0.001,
	"iterations_made":	19,
	"max_iterations":	10000,
	"time_taken":	0.492196613,
	"ground_truth_matrix":	[[0.0668576111835421, 0.933142388816458], [0.65610367000627345, 0.34389632999372649]],
	"estimated_matrix":	[[0.075306544025492764, 0.92469345597450681], [0.64114612764139978, 0.35885387235859989]],
	"log_likelihood":	[-187.50211381844656, -133.57904568345515, -102.10749352257589, -82.05277295745374, -68.5302401526572, -59.087187278149628, -52.329753999350359, -47.3968224279732, -43.731662775305374, -40.964797633097817, -38.84618067501453, -37.203460977557, -35.915628744170974, -34.89616430180525, -34.082144430853539, -33.427099960784318, -32.89624930283204, -32.463253933148344, -32.107965295659632, -31.791657159924032]
}
