{
	"input_file":	"../../instances/J100_M50_G2_I2_L50_seed2.json",
	"method":	"Hit and Run",
	"convergence_threshold":	0.001,
	"iterations_made":	12,
	"max_iterations":	10000,
	"time_taken":	0.44288,
	"ground_truth_matrix":	[[0.956143597579845, 0.043856402420155059], [0.582620503431051, 0.417379496568949]],
	"estimated_matrix":	[[0.95616389022366255, 0.043836109776335966], [0.59754921803858674, 0.40245078196141054]],
	"log_likelihood":	[-98.523434806318463, -67.665444921471533, -51.034271589830986, -41.881549832859932, -36.7745220721181, -33.89743810643963, -32.274524290463638, -31.369078403439612, -30.878671224287583, -30.6294552701143, -30.519979613981651, -30.49039884095582, -30.505173990191729]
}
