{
	"input_file":	"../../instances/J100_M50_G2_I2_L50_seed18.json",
	"method":	"Hit and Run",
	"convergence_threshold":	0.001,
	"iterations_made":	12,
	"max_iterations":	10000,
	"time_taken":	0.443298337,
	"ground_truth_matrix":	[[0.598796857472177, 0.40120314252782313], [0.913094360419019, 0.086905639580980923]],
	"estimated_matrix":	[[0.63563262014329225, 0.36436737985670586], [0.894574533387303, 0.10542546661269803]],
	"log_likelihood":	[-62.343870961865449, -45.778697541129858, -35.732823699472945, -29.433342246377347, -25.382148839969943, -22.720041459298546, -20.935337922267966, -19.7155977958662, -18.866394800395589, -18.264685814711989, -17.831305529297378, -17.514459969974379, -17.261454360873213]
}
