{
	"input_file":	"../../instances/J100_M50_G2_I3_L50_seed1.json",
	"method":	"Hit and Run",
	"convergence_threshold":	0.001,
	"iterations_made":	10,
	"max_iterations":	10000,
	"time_taken":	0.481610409,
	"ground_truth_matrix":	[[0.29749272785290543, 0.70244421200198748, 6.3060145107194e-05], [0.58481013050579844, 0.25781025207282132, 0.15737961742138015]],
	"estimated_matrix":	[[0.39404599262453188, 0.600588608758447, 0.00536539861702055], [0.49523495854820754, 0.35561541268469377, 0.14914962876709942]],
	"log_likelihood":	[-141.9443168001763, -118.69401194362617, -105.8957182550611, -98.421085384783, -93.808594730970825, -90.8325194681694, -88.8422215483911, -87.470847675214173, -86.500984979457229, -85.798619598453, -85.088346878868052]
}
