{
	"input_file":	"../../instances/J100_M50_G2_I3_L50_seed5.json",
	"method":	"Hit and Run",
	"convergence_threshold":	0.001,
	"iterations_made":	14,
	"max_iterations":	10000,
	"time_taken":	0.568448007,
	"ground_truth_matrix":	[[0.099277505208629477, 0.80913423592827161, 0.0915882588630989], [0.608148478297384, 0.16248736605778868, 0.22936415564482709]],
	"estimated_matrix":	[[0.1734721345001011, 0.76171855391639531, 0.064809311583501727], [0.52400829442784036, 0.22865499523665941, 0.24733671033549973]],
	"log_likelihood":	[-207.03677601222961, -150.62331787813662, -119.810408904857, -101.66992530437592, -90.2520719338933, -82.7134786349062, -77.581273722898445, -74.021481130776, -71.522404408485, -69.7528873368731, -68.49183277708876, -67.5887330760428, -66.9396954790807, -66.472191572890665, -66.1234793770279]
}
