{
	"input_file":	"../../instances/J100_M50_G2_I3_L50_seed12.json",
	"method":	"Hit and Run",
	"convergence_threshold":	0.001,
	"iterations_made":	16,
	"max_iterations":	10000,
	"time_taken":	0.607448422,
	"ground_truth_matrix":	[[0.0919790771562763, 0.74013821186145934, 0.16788271098226437], [0.23206761290778644, 0.004465558007663243, 0.76346682908455032]],
	"estimated_matrix":	[[0.098943770794725036, 0.7360539630333266, 0.16500226617194858], [0.216750474568294, 0.015769809643961911, 0.76747971578774421]],
	"log_likelihood":	[-289.223950240974, -182.95342614527837, -130.21811206380951, -101.27161311325558, -84.374885738392834, -74.1396741272606, -67.734569394445174, -63.619619474251067, -60.9262709764841, -59.143200048610439, -57.9554550468074, -57.160983128934284, -56.626803315824759, -56.264699032685861, -56.016352240538119, -55.8434773217325, -55.657637737640563]
}
