{
	"input_file":	"../../instances/J100_M50_G2_I3_L50_seed13.json",
	"method":	"Hit and Run",
	"convergence_threshold":	0.001,
	"iterations_made":	13,
	"max_iterations":	10000,
	"time_taken":	0.548934489,
	"ground_truth_matrix":	[[0.42795213106645874, 0.0771833377876456, 0.49486453114589557], [0.44539345432817962, 0.47485814852501324, 0.0797483971468072]],
	"estimated_matrix":	[[0.49411695859459748, 0.0821538267188185, 0.42372921468658437], [0.37698933930997514, 0.47696201983567516, 0.14604864085435]],
	"log_likelihood":	[-164.80817455655387, -125.35005120403014, -104.16082745549525, -91.7848955408449, -84.139117436562927, -79.202666284936868, -75.891267673840176, -73.591932120023, -71.943016681069068, -70.726084367012476, -69.806073184825266, -69.097004665375749, -68.5422987434362, -68.079772322630561]
}
