{
	"input_file":	"../../instances/J100_M50_G2_I3_L50_seed4.json",
	"method":	"Hit and Run",
	"convergence_threshold":	0.001,
	"iterations_made":	11,
	"max_iterations":	10000,
	"time_taken":	0.509771737,
	"ground_truth_matrix":	[[0.43718503692497424, 0.10152387292062479, 0.461291090154401], [0.46562077068857344, 0.4440250450179633, 0.0903541842934631]],
	"estimated_matrix":	[[0.47586402803462552, 0.11121969319023338, 0.41291627877514125], [0.431700641255952, 0.41222110794156774, 0.15607825080248039]],
	"log_likelihood":	[-143.657798792096, -114.97323677943562, -99.44323101614836, -90.478841186425242, -85.0650354050712, -81.648632194356864, -79.400246474810771, -77.865036662102966, -76.78455718465, -76.0058083410813, -75.434303382960437, -74.9922847722202]
}
