{
	"input_file":	"../../instances/J100_M50_G2_I3_L50_seed7.json",
	"method":	"Hit and Run",
	"convergence_threshold":	0.001,
	"iterations_made":	11,
	"max_iterations":	10000,
	"time_taken":	0.506395256,
	"ground_truth_matrix":	[[0.036577241285230634, 0.697546888897068, 0.26587586981770139], [0.21879765890019268, 0.6495810753685386, 0.13162126573126864]],
	"estimated_matrix":	[[0.049319423364131879, 0.73777986538071, 0.21290071125515836], [0.20280336378820765, 0.62252793307344467, 0.17466870313834887]],
	"log_likelihood":	[-78.8593860641598, -70.029272316714625, -64.821326387694427, -61.599799502408374, -59.492185173232066, -58.038565881632437, -56.989749289095862, -56.204761508389339, -55.600017226228566, -55.123582825010217, -54.741704003700811, -54.3970101643145]
}
