{
	"input_file":	"../../instances/J100_M50_G2_I3_L50_seed14.json",
	"method":	"Hit and Run",
	"convergence_threshold":	0.001,
	"iterations_made":	8,
	"max_iterations":	10000,
	"time_taken":	0.45617,
	"ground_truth_matrix":	[[0.16980903280015061, 0.34919148198550209, 0.48099948521434727], [0.0022826956347437562, 0.10472826176811086, 0.89298904259714529]],
	"estimated_matrix":	[[0.15415608238808542, 0.38351378116683077, 0.462330136445084], [0.0077267741653365817, 0.0846471255086427, 0.90762610032602165]],
	"log_likelihood":	[-141.6846136376447, -98.038901906027135, -77.0173348934064, -67.0591994798103, -62.484534105680055, -60.530301201625171, -59.827845682756738, -59.696084909028748, -59.8005031866601]
}
