{
	"input_file":	"../../instances/J100_M50_G2_I3_L50_seed3.json",
	"method":	"Hit and Run",
	"convergence_threshold":	0.001,
	"iterations_made":	6,
	"max_iterations":	10000,
	"time_taken":	0.560463,
	"ground_truth_matrix":	[[0.33688219083814136, 0.518408337162583, 0.1447094719992755], [0.13709494665374614, 0.42840825980005576, 0.43449679354619813]],
	"estimated_matrix":	[[0.344763625256889, 0.52618816421160863, 0.12904821053150145], [0.12305901105174659, 0.4237298691523429, 0.4532111197959095]],
	"log_likelihood":	[-102.2188505978914, -74.969464365466749, -63.05341426636042, -58.239350244429474, -56.724165893206042, -56.6638498228229, -57.166402642608965]
}
