{
	"input_file":	"../../instances/J100_M50_G2_I3_L50_seed10.json",
	"method":	"Hit and Run",
	"convergence_threshold":	0.001,
	"iterations_made":	13,
	"max_iterations":	10000,
	"time_taken":	0.602684208,
	"ground_truth_matrix":	[[0.590040182963056, 0.00838622005696103, 0.401573596979983], [0.59386635266519261, 0.296677408979759, 0.10945623835504842]],
	"estimated_matrix":	[[0.64784394668252843, 0.018143085409338358, 0.334012967908134], [0.554081042994522, 0.27766453174773287, 0.16825442525774581]],
	"log_likelihood":	[-119.82944446655658, -95.7644344026163, -82.5082471372396, -74.725503959404534, -69.925824145045155, -66.85843167982263, -64.841732429450445, -63.482213334861989, -62.54560643725587, -61.888772767078756, -61.421699009444815, -61.086089511541438, -60.843147563024843, -60.6056382084873]
}
