{
	"input_file":	"../../instances/J100_M50_G2_I4_L50_seed5.json",
	"method":	"Hit and Run",
	"convergence_threshold":	0.001,
	"iterations_made":	11,
	"max_iterations":	10000,
	"time_taken":	0.636964152,
	"ground_truth_matrix":	[[0.04983539454067374, 0.40616979444752377, 0.04597554104672593, 0.49801926996507662], [0.17642180632607257, 0.24903375337454553, 0.38221213978536139, 0.19233230051402056]],
	"estimated_matrix":	[[0.0570683739094239, 0.4418902710949324, 0.063454582014574379, 0.43758677298106985], [0.1610147832180229, 0.20512031293854277, 0.38159993426722771, 0.25226496957620664]],
	"log_likelihood":	[-183.22003936768343, -143.09188906127869, -121.87489741015122, -109.71061465779788, -102.40273383129384, -97.856455770473872, -94.9405233858167, -93.016776590306364, -91.713809402750968, -90.8098040405239, -90.169110253465874, -89.674212791822]
}
