{
	"input_file":	"../../instances/J100_M50_G2_I4_L50_seed12.json",
	"method":	"Hit and Run",
	"convergence_threshold":	0.001,
	"iterations_made":	12,
	"max_iterations":	10000,
	"time_taken":	0.716176371,
	"ground_truth_matrix":	[[0.064811871434951526, 0.52152885323862519, 0.11829638888251422, 0.2953628864439089], [0.0030156831164753, 0.515584843486113, 0.47441747954048219, 0.00698199385692937]],
	"estimated_matrix":	[[0.057263637449402931, 0.59159031034087028, 0.12186537092727735, 0.22928068128244994], [0.00829718939215129, 0.45590113832151424, 0.47081378780622568, 0.0649878844801082]],
	"log_likelihood":	[-181.19456291806409, -147.17805326815116, -131.32604052244861, -123.38507408769469, -119.07195966314464, -116.61591206876325, -115.19959653764904, -114.37653147225562, -113.88831666017134, -113.59045723514022, -113.40395282212795, -113.28469905302407, -113.18983323951214]
}
