{
	"input_file":	"../../instances/J100_M50_G2_I4_L50_seed16.json",
	"method":	"Hit and Run",
	"convergence_threshold":	0.001,
	"iterations_made":	5,
	"max_iterations":	10000,
	"time_taken":	0.506152,
	"ground_truth_matrix":	[[0.13733033971538156, 0.402486971039085, 0.43481631950235439, 0.025366369743179053], [0.21871205928257512, 0.12338807712654326, 0.57049577727443768, 0.087404086316444057]],
	"estimated_matrix":	[[0.20495047608215133, 0.39314434783072066, 0.36893877408576531, 0.032966402001362631], [0.15460925093773306, 0.11823572527123193, 0.64688358176037375, 0.08027144203066075]],
	"log_likelihood":	[-122.45992494309006, -99.5949001028257, -90.524648782610257, -87.6088311686076, -87.2592084288507, -87.817070044778561]
}
