{
	"input_file":	"../../instances/J100_M50_G2_I4_L50_seed14.json",
	"method":	"Hit and Run",
	"convergence_threshold":	0.001,
	"iterations_made":	8,
	"max_iterations":	10000,
	"time_taken":	0.562552944,
	"ground_truth_matrix":	[[0.16948671322645967, 0.34852867125185555, 0.48008648579103436, 0.0018981297306503366], [0.079987281299932059, 0.68202951659915934, 0.15530687378570474, 0.0826763283152038]],
	"estimated_matrix":	[[0.164464366508029, 0.46753672786670047, 0.35247792322672722, 0.015520982398542783], [0.0790673158514457, 0.56414055519516171, 0.28306654767282946, 0.0737255812805628]],
	"log_likelihood":	[-121.63406340119893, -114.573507811711, -110.91846262796561, -109.09221286349525, -108.22535205143508, -107.85053582722516, -107.72033537198367, -107.70535421583322, -107.68581809587361]
}
