{
	"input_file":	"../../instances/J100_M50_G2_I4_L50_seed15.json",
	"method":	"Hit and Run",
	"convergence_threshold":	0.001,
	"iterations_made":	7,
	"max_iterations":	10000,
	"time_taken":	0.55662,
	"ground_truth_matrix":	[[0.729175806164576, 0.076074136231428655, 0.021573712816720172, 0.17317634478727548], [0.178428232666503, 0.41819946747570369, 0.20226194250932708, 0.2011103573484663]],
	"estimated_matrix":	[[0.72841448084139526, 0.087795868889766121, 0.037859409326888166, 0.14593024094195092], [0.16593553600273411, 0.42127091114403759, 0.1874602713627406, 0.225333281490488]],
	"log_likelihood":	[-210.15935950293232, -137.86865971445854, -106.66544105020154, -93.0123094828498, -87.32790769146996, -85.2889461997189, -84.7717072299166, -84.789463751618158]
}
