{
	"input_file":	"../../instances/J100_M50_G2_I4_L50_seed7.json",
	"method":	"Hit and Run",
	"convergence_threshold":	0.001,
	"iterations_made":	12,
	"max_iterations":	10000,
	"time_taken":	0.714609871,
	"ground_truth_matrix":	[[0.022970939991479138, 0.43806769354602731, 0.16697318978046674, 0.37198817668202688], [0.712028237377669, 0.14427461235209513, 0.12974505029533678, 0.0139520999748993]],
	"estimated_matrix":	[[0.14839494934912925, 0.43985241541158565, 0.15035935966510883, 0.261393275574176], [0.57514645185287361, 0.17433517079271921, 0.140833019262569, 0.10968535809183787]],
	"log_likelihood":	[-269.12340043700675, -222.25249551760729, -195.2590170056844, -178.51476835492485, -167.5674228428048, -160.15766721671173, -155.01308660030438, -151.36491885873917, -148.73401411134543, -146.8124450431304, -145.39540590667639, -144.34260138406393, -143.54017847769288]
}
