{
	"input_file":	"../../instances/J100_M50_G2_I4_L50_seed10.json",
	"method":	"Hit and Run",
	"convergence_threshold":	0.001,
	"iterations_made":	4,
	"max_iterations":	10000,
	"time_taken":	0.4975719999999999,
	"ground_truth_matrix":	[[0.380062145693794, 0.0054018097091338329, 0.25866530336247168, 0.35587074123460055], [0.26597509126643765, 0.0981289174874491, 0.0850627199283102, 0.550833271317803]],
	"estimated_matrix":	[[0.4624332002847561, 0.01271154915039494, 0.23186312688829563, 0.2929921236765527], [0.21376786744897505, 0.0945539247500849, 0.10003140773638265, 0.59164680006455739]],
	"log_likelihood":	[-129.19151365243076, -99.899886141310148, -89.812469974116354, -87.6657052140152, -88.46858100674585]
}
