{
	"input_file":	"../../instances/J100_M50_G2_I4_L50_seed8.json",
	"method":	"Hit and Run",
	"convergence_threshold":	0.001,
	"iterations_made":	8,
	"max_iterations":	10000,
	"time_taken":	0.556076,
	"ground_truth_matrix":	[[0.248524592823477, 0.41590713024020765, 0.2445674774618472, 0.0910007994744682], [0.195642639627116, 0.0084665094920574734, 0.41573970330401455, 0.380151147576812]],
	"estimated_matrix":	[[0.28901832998532334, 0.39832028512664525, 0.22559045304787495, 0.087070931840156], [0.153273073809736, 0.0393925727034159, 0.43377609546605961, 0.37355825802078824]],
	"log_likelihood":	[-183.96379484601115, -134.08954031667295, -110.01280396353869, -98.1735509804322, -92.533287445012263, -90.0756290882475, -89.181126990954454, -88.996048791086, -89.092865531107321]
}
