{
	"input_file":	"../../instances/J100_M50_G2_I4_L50_seed1.json",
	"method":	"Hit and Run",
	"convergence_threshold":	0.001,
	"iterations_made":	9,
	"max_iterations":	10000,
	"time_taken":	0.603511,
	"ground_truth_matrix":	[[0.24822494433396575, 0.58611239568895857, 5.2616751750196278e-05, 0.16561004322532558], [0.179194262029625, 0.10938868480049078, 0.23271787507579811, 0.478699178094086]],
	"estimated_matrix":	[[0.2771311715013145, 0.56091797129887677, 0.014340369023554867, 0.14761048817625413], [0.13875813006553692, 0.14635037462378345, 0.21221793302764835, 0.50267356228303139]],
	"log_likelihood":	[-194.83981550201219, -130.86245305939019, -101.27572492453398, -87.6311884939299, -81.924621427704153, -79.758110554078328, -79.035668559453569, -78.853506253765573, -78.840080855451134, -78.852943243397235]
}
