{
	"input_file":	"../../instances/J100_M50_G2_I4_L50_seed4.json",
	"method":	"Hit and Run",
	"convergence_threshold":	0.001,
	"iterations_made":	5,
	"max_iterations":	10000,
	"time_taken":	0.474917,
	"ground_truth_matrix":	[[0.37664033529374275, 0.0874640765523398, 0.39740799933549775, 0.1384875888184196], [0.23064419241874784, 0.046933541478898853, 0.72121745986295, 0.0012048062394032465]],
	"estimated_matrix":	[[0.4097924564436603, 0.080280100597128076, 0.38035744871322014, 0.12956999424599169], [0.20644486548357152, 0.052097353204958119, 0.723917399247207, 0.017540382064262987]],
	"log_likelihood":	[-121.83167459013512, -94.648101015452553, -84.30209654241817, -80.906139493028277, -80.146811569867069, -80.2512153579921]
}
