{
	"input_file":	"../../instances/J100_M50_G2_I4_L50_seed20.json",
	"method":	"Hit and Run",
	"convergence_threshold":	0.001,
	"iterations_made":	4,
	"max_iterations":	10000,
	"time_taken":	0.452189,
	"ground_truth_matrix":	[[0.12528497207799447, 0.32201948137817415, 0.31373002758429769, 0.23896551895953352], [0.015101828534048147, 0.48626910303626614, 0.19664095811027157, 0.301988110319414]],
	"estimated_matrix":	[[0.12020196860616163, 0.41140855306133678, 0.28632314110245866, 0.18206633723004331], [0.019717643934100779, 0.38577093684569053, 0.22082445995262151, 0.37368695926758688]],
	"log_likelihood":	[-128.25298258282635, -117.3999161831523, -113.52097680806659, -112.61019379515076, -112.89801706305512]
}
