{
	"input_file":	"../../instances/J100_M50_G2_I5_L50_seed16.json",
	"method":	"Hit and Run",
	"convergence_threshold":	0.001,
	"iterations_made":	5,
	"max_iterations":	10000,
	"time_taken":	0.603268,
	"ground_truth_matrix":	[[0.11046832303046365, 0.32375992679000548, 0.34976560708473542, 0.020404670466171049, 0.19560147262862432], [0.056072838761014418, 0.259257770101578, 0.039720168700331022, 0.016198597480567022, 0.62875062495650935]],
	"estimated_matrix":	[[0.1162184991929977, 0.39246925854973691, 0.32137386652772082, 0.020281564678867575, 0.14965681105067613], [0.0557331124976459, 0.1725548098913359, 0.077631139290489051, 0.013713180613880426, 0.68036775770664837]],
	"log_likelihood":	[-211.64504267672652, -146.93880512139143, -122.18800056246781, -113.8735162003244, -112.23519314348202, -112.95440347866494]
}
