{
	"input_file":	"../../instances/J100_M50_G2_I5_L50_seed17.json",
	"method":	"Hit and Run",
	"convergence_threshold":	0.001,
	"iterations_made":	6,
	"max_iterations":	10000,
	"time_taken":	0.607321,
	"ground_truth_matrix":	[[0.11895137105452967, 0.25770294108928515, 0.0724444925653346, 0.023960336247350313, 0.52694085904350019], [0.31206054417870038, 0.29648936342259824, 0.25041356224424272, 0.011641851525571994, 0.12939467862888676]],
	"estimated_matrix":	[[0.22702156951066632, 0.25337947487582385, 0.091880202402085248, 0.017922904112932393, 0.40979584909849281], [0.20375982109059768, 0.27623881259435129, 0.24424168678542141, 0.014074016777199015, 0.26168566275243088]],
	"log_likelihood":	[-219.49243588613044, -210.06437677060418, -206.30217882697971, -204.96562345804492, -204.5738171530638, -204.52365636792726, -204.58087629216286]
}
