{
	"input_file":	"../../instances/J100_M50_G2_I5_L50_seed20.json",
	"method":	"Hit and Run",
	"convergence_threshold":	0.001,
	"iterations_made":	3,
	"max_iterations":	10000,
	"time_taken":	0.49964000000000008,
	"ground_truth_matrix":	[[0.12464155160427713, 0.320365700211782, 0.31211881819805165, 0.23773827434383188, 0.0051356556420572141], [0.32050330871114646, 0.129607407316133, 0.19904243955549125, 0.29216240134150717, 0.058684443075721966]],
	"estimated_matrix":	[[0.22052588400167938, 0.29886663544048792, 0.28432414498250425, 0.18644561091449913, 0.00983772466082874], [0.22027391442265695, 0.14340899844991928, 0.22482825830815606, 0.34728305904400419, 0.064205769775262739]],
	"log_likelihood":	[-167.89707619892425, -154.52946371337629, -150.99120718385228, -151.62596997836133]
}
