{
	"input_file":	"../../instances/J100_M50_G2_I5_L50_seed11.json",
	"method":	"Hit and Run",
	"convergence_threshold":	0.001,
	"iterations_made":	3,
	"max_iterations":	10000,
	"time_taken":	0.492911,
	"ground_truth_matrix":	[[0.0742704298794536, 0.0073483541679689336, 0.23246015994561139, 0.48226262845984663, 0.20365842754711935], [0.10906573959976795, 0.0021115223402377388, 0.1096872263605117, 0.46684651136059585, 0.31228900033888668]],
	"estimated_matrix":	[[0.088362425961855728, 0.00447569730753288, 0.23943653417756569, 0.507509094503231, 0.16021624804981471], [0.094842758304018, 0.00432418147980494, 0.091244912525112354, 0.45765101903639555, 0.35193712865466914]],
	"log_likelihood":	[-137.29606010653137, -123.73594797342673, -120.90916643086578, -122.07398149428624]
}
