{
	"input_file":	"../../instances/J100_M50_G2_I5_L50_seed4.json",
	"method":	"Hit and Run",
	"convergence_threshold":	0.001,
	"iterations_made":	10,
	"max_iterations":	10000,
	"time_taken":	0.798971343,
	"ground_truth_matrix":	[[0.33270219763982, 0.077260685478113045, 0.351047145907638, 0.12233189286483045, 0.1166580781095984], [0.050165543415490517, 0.77088292625501365, 0.0012877732599235222, 0.0600985069713388, 0.11756525009823347]],
	"estimated_matrix":	[[0.32878625469825629, 0.17592392060756684, 0.30527608050720639, 0.11566235515707449, 0.074351389029896173], [0.059798555142098843, 0.67007139737384636, 0.038510507034015172, 0.06149431040712549, 0.17012523004291424]],
	"log_likelihood":	[-323.31201997886427, -246.26095497653239, -205.89038157060173, -183.08881371768152, -170.83481344911846, -164.45058706573766, -160.91028179826679, -158.958379769135, -157.89231245712369, -157.30349796378, -156.91493794223334]
}
