{
	"input_file":	"../../instances/J100_M50_G2_I5_L50_seed14.json",
	"method":	"Hit and Run",
	"convergence_threshold":	0.001,
	"iterations_made":	10,
	"max_iterations":	10000,
	"time_taken":	0.773913614,
	"ground_truth_matrix":	[[0.15590939304920856, 0.32060857491831252, 0.44162749507565729, 0.0017460734744377071, 0.080108463482383763], [0.59766213007816038, 0.13609533714227331, 0.072449225855054339, 0.14650677874371171, 0.047286528180800258]],
	"estimated_matrix":	[[0.28426205816178535, 0.28961396437958226, 0.3511542926131197, 0.0070292398100207966, 0.067940445035492569], [0.46388163750168726, 0.16989025665423779, 0.15789109683025415, 0.1498850448339985, 0.058451964179823]],
	"log_likelihood":	[-257.1226586882932, -225.717266672047, -208.344993786453, -198.4673495507578, -192.80390621834621, -189.57301960431855, -187.7587830752806, -186.77751688488362, -186.29120919238608, -186.10032207784826, -185.93257163755388]
}
