{
	"input_file":	"../../instances/J100_M50_G2_I5_L50_seed1.json",
	"method":	"Hit and Run",
	"convergence_threshold":	0.001,
	"iterations_made":	8,
	"max_iterations":	10000,
	"time_taken":	0.688609,
	"ground_truth_matrix":	[[0.23133554027621162, 0.546232885994193, 4.9036670050913147e-05, 0.15434181656277288, 0.068040720496771734], [0.048287721645296849, 0.10272923560641152, 0.21131337949440179, 0.25192172053433709, 0.38574794271955271]],
	"estimated_matrix":	[[0.22364539125801752, 0.55934956074539222, 0.017677929525721194, 0.14183440002736669, 0.057492718443502663], [0.050215865121073018, 0.0950790228242711, 0.20527214584733613, 0.2590593799565768, 0.39037358625074314]],
	"log_likelihood":	[-253.26681396816943, -169.14614084921959, -128.44300063160154, -108.72133108744841, -99.643232395022721, -95.8093045279002, -94.5082272218142, -94.3218469060094, -94.5430762032764]
}
