{
	"input_file":	"../../instances/J100_M50_G2_I5_L50_seed19.json",
	"method":	"Hit and Run",
	"convergence_threshold":	0.001,
	"iterations_made":	7,
	"max_iterations":	10000,
	"time_taken":	0.847545,
	"ground_truth_matrix":	[[0.0433037419557625, 0.604397263048471, 0.11967273975203206, 0.06272639200543513, 0.16989986323829925], [0.010949408191273125, 0.14085830680435835, 0.2076171069384817, 0.51298571330785936, 0.12758946475802732]],
	"estimated_matrix":	[[0.0336798061843786, 0.66332471647832369, 0.12468214784445787, 0.061856170653933458, 0.11645715883890645], [0.01550565449426931, 0.1050286466658262, 0.20017824903649567, 0.5113033871192384, 0.16798406268416982]],
	"log_likelihood":	[-268.51529426738614, -184.64086113063985, -149.68727955755577, -134.64449138486773, -128.56709005330285, -126.61073996828117, -126.42327048064129, -126.87283155817029]
}
