{
	"input_file":	"../../instances/J100_M50_G2_I5_L50_seed2.json",
	"method":	"Hit and Run",
	"convergence_threshold":	0.001,
	"iterations_made":	4,
	"max_iterations":	10000,
	"time_taken":	0.548294,
	"ground_truth_matrix":	[[0.22783917374835463, 0.010450529100728561, 0.317379168519664, 0.2273650803535196, 0.21696604827773336], [0.17725330515516027, 0.10121746478598845, 0.42687622768416966, 0.15745123595039329, 0.1372017664242883]],
	"estimated_matrix":	[[0.279510485475888, 0.023418660740286052, 0.337092169233583, 0.20407581443510045, 0.15590287011514228], [0.13637500614064363, 0.0898344719086487, 0.4245778192864591, 0.16349171828798181, 0.18572098437626661]],
	"log_likelihood":	[-159.89065778706845, -151.50587686205438, -148.87017229225549, -148.847123319172, -149.90632618797707]
}
