{
	"input_file":	"../../instances/J100_M50_G2_I5_L50_seed12.json",
	"method":	"Hit and Run",
	"convergence_threshold":	0.001,
	"iterations_made":	4,
	"max_iterations":	10000,
	"time_taken":	0.524533,
	"ground_truth_matrix":	[[0.0644455938402166, 0.51858148681146043, 0.11762784906370648, 0.29369367360951, 0.0056513966751065665], [0.308115663974515, 0.28351387469299938, 0.0041724687997965176, 0.386082738833395, 0.018115253699294016]],
	"estimated_matrix":	[[0.15076454207978479, 0.5038205546401352, 0.11265506585884519, 0.22194526843508294, 0.01081456898615233], [0.218889958253154, 0.31122536921152238, 0.014466383195023769, 0.43702679678759937, 0.018391492552700922]],
	"log_likelihood":	[-202.32759625345972, -181.4545645068319, -175.24895503713782, -174.27258097126909, -175.05140023619816]
}
