{
	"input_file":	"../../instances/J100_M50_G2_I5_L50_seed15.json",
	"method":	"Hit and Run",
	"convergence_threshold":	0.001,
	"iterations_made":	6,
	"max_iterations":	10000,
	"time_taken":	0.620094,
	"ground_truth_matrix":	[[0.64854204216829081, 0.06766170140398764, 0.0191880471746618, 0.15402614754092744, 0.1105820617121324], [0.39962760023412636, 0.1932796691291607, 0.19217922484338035, 0.062716975103724426, 0.15219653068960812]],
	"estimated_matrix":	[[0.703727195494376, 0.056195400877218527, 0.017369618678103781, 0.14281161119370273, 0.079896173756599659], [0.33677924614614618, 0.20872662410136109, 0.19357134270111481, 0.078336808964514074, 0.18258597808686466]],
	"log_likelihood":	[-201.96442796631317, -161.12783421923527, -144.796094694515, -138.36365437066823, -136.20124079327474, -135.75024776365728, -135.87037731553031]
}
