{
	"input_file":	"../../instances/J100_M50_G3_I10_L50_seed4.json",
	"method":	"Hit and Run",
	"convergence_threshold":	0.001,
	"iterations_made":	3,
	"max_iterations":	10000,
	"time_taken":	1.732192,
	"ground_truth_matrix":	[[0.22583551318107506, 0.052443917345447011, 0.23828791306220862, 0.0830378819242122, 0.079186543171321358, 0.016113585473482447, 0.24761394129387149, 0.00041364337115573342, 0.019304135128980132, 0.037762926048245667], [0.12006391970874336, 0.017497584298260781, 0.15791029373823773, 0.32558754806371482, 0.014215320954268749, 0.072264894734091964, 0.00071710695160031874, 0.038822962732027649, 0.0035880152585265278, 0.249332353560528], [0.055515405364858314, 0.28830098826938388, 0.1495248801034782, 0.19495435552022833, 0.018424095092939071, 0.00754847271122037, 0.0889614160291074, 0.017817431884025, 0.12808472611908472, 0.0508682289056748]],
	"estimated_matrix":	[[0.33468804124116386, 0.11869342406115689, 0.22039541748984751, 0.1084469869577625, 0.066517299627507062, 0.013770035838046729, 0.070934166914449662, 0.00906910279442135, 0.018235318636723771, 0.039250206438920771], [0.0418557361856716, 0.11145030575156133, 0.20138784169324145, 0.278480852727071, 0.027168535412100535, 0.0704081639538086, 0.12299814139204454, 0.033679324028801125, 0.015111325800389234, 0.097459773055310561], [0.032412513506440858, 0.10824727265954208, 0.14814829520979042, 0.1891188253804352, 0.024479997411018986, 0.019015718264948411, 0.12591225698868452, 0.021459041070807039, 0.12215790294576336, 0.2090481765625691]],
	"log_likelihood":	[-957.688121122149, -782.55556449453059, -770.62384297549875, -778.894462240553]
}
