{
	"input_file":	"../../instances/J100_M50_G3_I10_L50_seed2.json",
	"method":	"Hit and Run",
	"convergence_threshold":	0.001,
	"iterations_made":	3,
	"max_iterations":	10000,
	"time_taken":	1.732674,
	"ground_truth_matrix":	[[0.11991661550111644, 0.0055003363088887832, 0.16704342406662817, 0.11966709003802448, 0.11419385771146613, 0.083961110968791053, 0.047944554745746416, 0.2022021665049108, 0.074581293038413141, 0.0649895511160146], [0.10911846334865041, 0.0846798451193815, 0.016250220290096911, 0.0810237270119616, 0.022921616895543978, 0.17298877101751881, 0.21630711039323489, 0.0766399545108728, 0.21073926823981, 0.0093310231729288751], [0.19966258193982236, 0.019156405580939437, 0.15855947193431905, 0.028802863437738628, 0.038588756331956124, 0.25768408299196249, 0.0726925031860041, 0.03209262146888716, 0.0706085005185904, 0.12215221260978017]],
	"estimated_matrix":	[[0.29022618581156534, 0.01808408348567182, 0.1752058637588364, 0.109515485499271, 0.0874824657066343, 0.097377412086340848, 0.062159139515715861, 0.0774941246528125, 0.048488565680588458, 0.0339666738025635], [0.05480477261164942, 0.073171151558022535, 0.099672272814070678, 0.0925803991154826, 0.035096556009499361, 0.19084755540437, 0.18072444417026928, 0.13570467047873275, 0.12096458747361226, 0.016433590364290686], [0.0814073069805942, 0.016131795254459933, 0.085046811092615623, 0.046244231148172041, 0.054398371371470612, 0.23689585692546464, 0.085315859973541547, 0.07358565428892555, 0.18707093400976976, 0.13390317895498582]],
	"log_likelihood":	[-828.30980344989428, -685.1352712141603, -679.18187889917078, -698.521741363516]
}
