{
	"input_file":	"../../instances/J100_M50_G3_I10_L50_seed1.json",
	"method":	"Hit and Run",
	"convergence_threshold":	0.001,
	"iterations_made":	3,
	"max_iterations":	10000,
	"time_taken":	1.6939,
	"ground_truth_matrix":	[[0.12436308318824252, 0.2936479442801595, 2.6361498408479558e-05, 0.0829722235922016, 0.036577837427075648, 0.0223288485003637, 0.047503287797740747, 0.0977139586640639, 0.11649176519617498, 0.17837468985556892], [0.078737587506692047, 0.16750337765308135, 0.033145413394336042, 0.3050005136808091, 0.0040242128188571836, 0.16086639690315654, 0.078266859223934074, 0.11854087140099424, 0.021921593367001047, 0.031993174051138537], [0.12057861540422678, 0.25789235616624362, 0.028107564516233675, 0.0881039432937717, 0.15626627010132041, 0.16818376689753073, 0.0066434326979972836, 0.0029777413570878652, 0.013912210833154727, 0.15733409873243309]],
	"estimated_matrix":	[[0.21636979439490234, 0.33426006337756881, 0.0039733873101653648, 0.12387797194678533, 0.04929751404887607, 0.0554082997414077, 0.050924395078200534, 0.055234683752582982, 0.052475571072287563, 0.0581783192772231], [0.0392867687855284, 0.26540553677079726, 0.033683540600337167, 0.24235062397907117, 0.019478458294415968, 0.14073632928501378, 0.063517568569594479, 0.11102519806802966, 0.048676660248078582, 0.03583931539913348], [0.0562187023326289, 0.1225364471407184, 0.02836151818971892, 0.11013396553732756, 0.11970039434815806, 0.16995284991784618, 0.01752211543786638, 0.0539276530458174, 0.0440400929837101, 0.277606261066208]],
	"log_likelihood":	[-811.38234447009665, -629.946094210255, -622.20916981780465, -641.61273937630938]
}
