{
	"input_file":	"../../instances/J100_M50_G3_I10_L50_seed13.json",
	"method":	"Hit and Run",
	"convergence_threshold":	0.001,
	"iterations_made":	3,
	"max_iterations":	10000,
	"time_taken":	1.66354,
	"ground_truth_matrix":	[[0.095000606641782351, 0.017133841334523565, 0.109854414200967, 0.213159663431239, 0.22726109271150324, 0.038166572341381357, 0.059332412112789071, 0.0943852305406974, 0.064827896915340855, 0.080878269769776023], [0.0068883355213543232, 0.0684607808726845, 0.011645208371382151, 0.37572194421425487, 0.090114377573631624, 0.21997833859893373, 0.057186871760991957, 0.082483938626239872, 0.001826590536552423, 0.085693613923974427], [0.27956318930356217, 0.023073793909949909, 0.036123216791498255, 0.23454490768563666, 0.0030440371355612453, 0.006318257987249565, 0.0933001577690485, 0.19433754783255683, 0.00082184714507826516, 0.12887304443985828]],
	"estimated_matrix":	[[0.23256600812125527, 0.035072881309121583, 0.10601001881575542, 0.24025654143535372, 0.1777429749279352, 0.037699228203137557, 0.0412196568908779, 0.046758051237598013, 0.047061980192232546, 0.035612658866732511], [0.0578171346688915, 0.0524847500361974, 0.030463817929315587, 0.36837573336092649, 0.099281322013260245, 0.18345522594655808, 0.075612203092732477, 0.0860655096944368, 0.00758345909227916, 0.0388608441654024], [0.091710951928350756, 0.022226039439065547, 0.030265528004294835, 0.20430615097487409, 0.0408545069213808, 0.045223919341894438, 0.103423465315574, 0.22494676629132762, 0.016732126566082157, 0.22031054521715576]],
	"log_likelihood":	[-822.79289650544331, -677.34160740509549, -672.41371477017128, -684.32955351963665]
}
