{
	"input_file":	"../../instances/J100_M50_G3_I10_L50_seed3.json",
	"method":	"Hit and Run",
	"convergence_threshold":	0.001,
	"iterations_made":	3,
	"max_iterations":	10000,
	"time_taken":	4.665367,
	"ground_truth_matrix":	[[0.0931453723690264, 0.14333597595076422, 0.040011072182719966, 0.0832239927500704, 0.26006681338677834, 0.26376288024201622, 0.01561968590937181, 0.027030371918026031, 0.0061499544235774336, 0.06765388086764923], [0.00530734356503633, 0.10679549657807895, 0.18326772703150396, 0.057113539992176665, 0.1973392812162813, 0.156378119637341, 0.00424742361571192, 0.143197917396384, 0.052509906307626246, 0.093843244659859673], [0.0395463488169282, 0.1401219686035122, 0.0688690139110761, 0.02023877259293767, 0.0933097362495889, 0.17976208999999529, 0.043388781861188462, 0.029768361144874161, 0.058235178169727869, 0.3267597486501711]],
	"estimated_matrix":	[[0.095226963760978861, 0.25998505106640124, 0.0771878729845433, 0.085194187479551556, 0.2417769517645795, 0.15167047158283084, 0.016022775435113414, 0.026898102622346192, 0.017834891185485591, 0.028202732118169861], [0.00999448627221416, 0.072122004756759478, 0.17992190841594982, 0.062342252235831112, 0.22376302371275267, 0.23971526242114566, 0.01401203724036682, 0.11899313380610921, 0.045854364398453, 0.0332815267404179], [0.020120489988532279, 0.056527058793828674, 0.042835319238674757, 0.014397333818004615, 0.10312497533184567, 0.185230216783056, 0.032381948645368981, 0.062325772234920349, 0.055142448078311618, 0.427914437087457]],
	"log_likelihood":	[-713.57721313522052, -510.462528459663, -493.9916180792672, -509.20381088011362]
}
