{
	"input_file":	"../../instances/J100_M50_G3_I10_L50_seed9.json",
	"method":	"Hit and Run",
	"convergence_threshold":	0.001,
	"iterations_made":	3,
	"max_iterations":	10000,
	"time_taken":	2.264432,
	"ground_truth_matrix":	[[0.0031845878535814529, 0.21281910917822938, 0.20910140020993273, 0.043874767354241673, 0.046808571478480061, 0.075310909771104, 0.16556334873637976, 0.0870796615220599, 0.026813439019434428, 0.12944420487655667], [0.0142710070749783, 0.16490781651527461, 0.23584109291398292, 0.0030910774066948976, 0.093939200833778158, 0.066516745753404521, 0.17855868802116745, 0.085985088518246378, 0.0620822392605847, 0.0948070437018881], [0.029749867779614324, 0.072198273449989248, 0.10609433568271461, 0.038165718905451625, 0.17185928702530912, 0.099157362908030441, 0.24942287516209627, 0.011319994990374232, 0.044833360092397113, 0.177198924004023]],
	"estimated_matrix":	[[0.0043686777476365521, 0.32569978492688317, 0.24020798889108405, 0.03417745272876356, 0.074913643428541329, 0.0860646329038428, 0.11769362877424636, 0.046850453439211452, 0.021089564310630235, 0.048934172849160414], [0.010881838200133193, 0.070665179156595745, 0.28692328820012747, 0.0167390496069501, 0.11563569418300536, 0.074875471582650441, 0.24537428849427834, 0.0783722556047552, 0.058390377054065259, 0.042142557917438844], [0.025569382124516645, 0.043804147199948289, 0.043863034894930215, 0.0390918997919739, 0.1136812856204944, 0.10788395266553263, 0.23282167464540238, 0.04576990604820922, 0.0567482571656108, 0.29076645984338118]],
	"log_likelihood":	[-709.17082966199655, -492.90725273297511, -481.46320520995278, -495.61003209797059]
}
