{
	"input_file":	"../../instances/J100_M50_G3_I10_L50_seed17.json",
	"method":	"Hit and Run",
	"convergence_threshold":	0.001,
	"iterations_made":	3,
	"max_iterations":	10000,
	"time_taken":	1.760776,
	"ground_truth_matrix":	[[0.054910088458876, 0.1189603042476769, 0.033441678392234289, 0.011060521380987629, 0.24324536090811941, 0.16800779444181613, 0.15962455027817882, 0.13481816614048331, 0.006267763850691715, 0.069663771900935742], [0.26764821479172474, 0.0056896705827529951, 0.18334443193306962, 0.19276480901552057, 0.0048285089853900686, 0.0970980434545545, 0.0737276519453078, 0.083622163902498159, 0.060710408957484467, 0.03056609643169713], [0.061293315400922067, 0.14297314709892539, 0.0874505158885679, 0.269583459149985, 0.0940159576003571, 0.026945286382059955, 0.028369706465992364, 0.00985493121997195, 0.21955082091383865, 0.059962859879379625]],
	"estimated_matrix":	[[0.22240533256476708, 0.13416175688182294, 0.053523416484071627, 0.070410137202638959, 0.20258638225814721, 0.12684410007501909, 0.0817962305943039, 0.0635878357165931, 0.01491145736439296, 0.029773350858243352], [0.11418453854537942, 0.058564191035465125, 0.20796692853268275, 0.18959223030632916, 0.035851477336681412, 0.130616716160796, 0.13483665873037715, 0.078972747377267935, 0.02738944715167357, 0.022025064823347838], [0.047857224941033678, 0.063418428267266666, 0.034259502366718653, 0.20270609202723586, 0.09568858959349115, 0.067679264405298076, 0.064739445804902429, 0.0824552072953857, 0.23451620463324493, 0.10668004066542307]],
	"log_likelihood":	[-784.03630627977054, -631.04028706955751, -625.76689304288925, -638.98655189485771]
}
