{
	"input_file":	"../../instances/J100_M50_G3_I10_L50_seed12.json",
	"method":	"Hit and Run",
	"convergence_threshold":	0.001,
	"iterations_made":	3,
	"max_iterations":	10000,
	"time_taken":	1.724933,
	"ground_truth_matrix":	[[0.015582156525603087, 0.12538666210153721, 0.028440975506022707, 0.0710115388820721, 0.0013664386086365743, 0.2336170641797074, 0.21496368670652949, 0.0031636168665235879, 0.29273265374842722, 0.013735206874940618], [0.033685472240404149, 0.094004134275044657, 0.29125377741216613, 0.19328498797955979, 0.00022822457699712571, 0.074318804422831147, 0.0810309053295545, 0.067032982095265731, 0.14748154604349473, 0.017679165624682143], [0.20048479434601485, 0.0029150704700110059, 0.020137011718670491, 0.017134292221539584, 0.051415898857770453, 0.15429323352817573, 0.088328200571823071, 0.23478377805692366, 0.047395008217637064, 0.18311271201143423]],
	"estimated_matrix":	[[0.13063530156244213, 0.1365577689299983, 0.1199344960436188, 0.075591922292385469, 0.0075750360212586314, 0.21259907752013474, 0.158934257560488, 0.034814831962559141, 0.10250871847555351, 0.020848589631561457], [0.036192832600105043, 0.054101418225535554, 0.24584290943541012, 0.17156064220521217, 0.011415143894632463, 0.13284972641254147, 0.114109171003264, 0.082807422155245655, 0.13427215566706271, 0.016848578400991191], [0.0803404594891721, 0.011432178524201288, 0.0216991775197689, 0.019171821657785363, 0.033835312338851842, 0.13448903589592118, 0.10431091310910813, 0.17771104357576992, 0.2421524168683383, 0.17485764102108306]],
	"log_likelihood":	[-876.775825494179, -709.88503649785548, -692.226097850461, -704.75360838312645]
}
