{
	"input_file":	"../../instances/J100_M50_G3_I10_L50_seed16.json",
	"method":	"Hit and Run",
	"convergence_threshold":	0.001,
	"iterations_made":	3,
	"max_iterations":	10000,
	"time_taken":	1.690555,
	"ground_truth_matrix":	[[0.037220072406000837, 0.10908437447685727, 0.11784646370736214, 0.0068749419864193783, 0.0659039693392477, 0.03718022718294757, 0.17190609579094332, 0.026337259333659491, 0.010740806916152435, 0.41690578886040985], [0.14673895330909076, 0.014366663143133332, 0.22689653856502881, 0.03052185574293443, 0.050964679802890864, 0.061466417499061822, 0.21102591149970712, 0.11042169790901495, 0.042842649101018683, 0.10475463342811923], [0.013250987302843993, 0.256850768624498, 0.0859595215094735, 0.065692664325043046, 0.038848493972169149, 0.00454383432734067, 0.14359733763946944, 0.0806029761315524, 0.149913861489711, 0.16073955467789863]],
	"estimated_matrix":	[[0.10277585449821845, 0.24030919531681744, 0.14041995888845052, 0.024222109501327568, 0.075336785918213675, 0.036662783926436023, 0.17211015686616277, 0.0395665369322653, 0.028619894071207824, 0.13997672408090048], [0.058778198602363545, 0.0704359873160491, 0.22390315187432716, 0.034757869413882723, 0.055683630823723719, 0.061108182363674469, 0.19033000218864837, 0.107872237763765, 0.066568199989993568, 0.13056253966357231], [0.023775746322421409, 0.075524006820237077, 0.045365137777514164, 0.040634326149455342, 0.044752930033196532, 0.012600081928203844, 0.14152561243168993, 0.082990988615486566, 0.12870440078432793, 0.40412676913746737]],
	"log_likelihood":	[-883.23966661914562, -706.42112063212858, -699.094081323025, -710.945576213499]
}
