{
	"input_file":	"../../instances/J100_M50_G3_I10_L50_seed8.json",
	"method":	"Hit and Run",
	"convergence_threshold":	0.001,
	"iterations_made":	3,
	"max_iterations":	10000,
	"time_taken":	1.690653,
	"ground_truth_matrix":	[[0.18686245439528151, 0.31271523785328015, 0.1838871500988386, 0.068422334178453253, 0.023949501846988717, 0.0010364237832000416, 0.050892580529086434, 0.0465360241937968, 0.066859429077963328, 0.058838864043111186], [0.077693951352584556, 0.0751473499456211, 0.13716371065268357, 0.11945249334395132, 0.092673767042944846, 0.053230454927533574, 0.032706785389616029, 0.34932904412825921, 0.038931832512760181, 0.023670610704045591], [0.0055072216856861637, 0.329020230196156, 0.011067270247359991, 0.031454329030375532, 0.0059530913362825962, 0.020596990261568617, 0.040472518156600683, 0.18322100316570472, 0.034287810719799784, 0.33841953520046592]],
	"estimated_matrix":	[[0.196657131592435, 0.41755250946801142, 0.17062456966691855, 0.061111105203285353, 0.018133438226830171, 0.0062018070907003762, 0.034722209730844188, 0.032294374590622184, 0.0403041375817572, 0.02239871684859494], [0.0341146291891509, 0.18726381251273763, 0.14170963323692254, 0.11138282347162005, 0.063895935188588673, 0.057119417238425139, 0.046817078581919143, 0.302601704414897, 0.03906485647950287, 0.016030109686236093], [0.028292382970272489, 0.13294512837755124, 0.0565575130268047, 0.057892798674912482, 0.018762102749711674, 0.02188427461637062, 0.039663233737473047, 0.23044801316709246, 0.0550459956530316, 0.35850855702677942]],
	"log_likelihood":	[-745.87797445043952, -533.19015748733455, -518.71136064106645, -529.19346529223083]
}
