{
	"input_file":	"../../instances/J100_M50_G3_I10_L50_seed7.json",
	"method":	"Hit and Run",
	"convergence_threshold":	0.001,
	"iterations_made":	3,
	"max_iterations":	10000,
	"time_taken":	1.690282,
	"ground_truth_matrix":	[[0.00808261828816172, 0.15413970663026186, 0.058751646987581382, 0.13088878561109682, 0.38859135211187357, 0.078738263100063072, 0.07080871498828735, 0.0076143966059739766, 0.0318281670743481, 0.070556348602352159], [0.11844066583086636, 0.16961555343026474, 0.0499536137283108, 0.0071052771714643923, 0.03540434652102236, 0.25035815833408864, 0.025001738498636041, 0.0626777031670133, 0.278816438584351, 0.002626504733982544], [0.0806419372660566, 0.26348510646049522, 0.023002633148146594, 0.0698763924999843, 0.2107570616409781, 0.012558716070879135, 0.06512631348954924, 0.12196815242292552, 0.0971640283229745, 0.055419658678010977]],
	"estimated_matrix":	[[0.10305202364411645, 0.29703488722292942, 0.043538953633288226, 0.10315880655841436, 0.29065649310694541, 0.04262486578782157, 0.0427215123291124, 0.016974230384696334, 0.029195892823098975, 0.031042334509576639], [0.059479554607954239, 0.22086039070158922, 0.0593084458793855, 0.042896219537409318, 0.11761684132491493, 0.24544538678461392, 0.051427104303199238, 0.074080090144532873, 0.11471476718524279, 0.01417119953115757], [0.049223307525617974, 0.091514436524086529, 0.021327234870113839, 0.0657195872022243, 0.20547609309848747, 0.056903461919496641, 0.057664585322286688, 0.12263992399242649, 0.24749053085481748, 0.082040838690442333]],
	"log_likelihood":	[-834.47993851941828, -691.40703023653577, -677.56718561230173, -686.029386517355]
}
