{
	"input_file":	"../../instances/J100_M50_G3_I10_L50_seed19.json",
	"method":	"Hit and Run",
	"convergence_threshold":	0.001,
	"iterations_made":	3,
	"max_iterations":	10000,
	"time_taken":	1.68617,
	"ground_truth_matrix":	[[0.00997967157152297, 0.13928787470867682, 0.027579478928395351, 0.014455766703033052, 0.039154695612610146, 0.00842603508963501, 0.10839645532130762, 0.15977019010638813, 0.394764314683101, 0.098185517275330023], [0.044314691186619112, 0.14507784297469581, 0.14368244984263659, 0.048582056046547389, 0.021994251157037275, 0.12615259812409607, 0.030059954829732515, 0.13859323982483718, 0.089158544885675553, 0.2123843711281225], [0.042098920851732474, 0.26356125129739461, 0.1355079862150774, 0.084486126625485977, 0.086158010636071036, 0.0929118015992064, 0.028201901225743359, 0.12510976961175574, 0.03049321518503639, 0.11147101675249657]],
	"estimated_matrix":	[[0.022353918930897637, 0.31918155730243053, 0.065394206482921144, 0.03855528432063364, 0.049779765161518136, 0.048586537136250052, 0.080014748636917737, 0.16645727164728838, 0.16359264686124178, 0.046084063519901124], [0.0333695727762228, 0.14028596674528293, 0.152709931421511, 0.050092089431353445, 0.026530486545182894, 0.12480326851389553, 0.0366268436941498, 0.14828482898949952, 0.2006044575858974, 0.086692554297004829], [0.029481432675855488, 0.092341414928023641, 0.0854985032473445, 0.049361124727397523, 0.070715333717578363, 0.077423788254697354, 0.045332402904188371, 0.150845922502599, 0.14277467521907389, 0.25622540182324216]],
	"log_likelihood":	[-822.054978274342, -690.72086353134455, -684.788047911926, -695.50414348675247]
}
