{
	"input_file":	"../../instances/J100_M50_G3_I10_L50_seed5.json",
	"method":	"Hit and Run",
	"convergence_threshold":	0.001,
	"iterations_made":	3,
	"max_iterations":	10000,
	"time_taken":	1.742631,
	"ground_truth_matrix":	[[0.026715474938408819, 0.21773719390232371, 0.024646306624725028, 0.26697533847630672, 0.071331461147205, 0.10069016905056917, 0.15453730446846922, 0.0777644459444631, 0.037474746424589631, 0.022127559022939464], [0.011432530344489289, 0.1821179371482772, 0.079056145214111834, 0.02340391124384544, 0.28785667046947466, 0.043499462919321719, 0.072629835700401, 0.047677443735614625, 0.13457350322664272, 0.11775255999782144], [0.0980656442888187, 0.033076972621810384, 0.035863752635601466, 0.031308368631353931, 0.042480730056273688, 0.016664471943367083, 0.019381380265742564, 0.35563741156193152, 0.345173883787732, 0.022347384207368561]],
	"estimated_matrix":	[[0.0612578071959424, 0.27993743349669942, 0.037629440216141771, 0.2287289884390746, 0.10562264134245723, 0.0878780476166816, 0.10154695355109983, 0.046285636080957121, 0.0303743769497034, 0.020738675111242357], [0.024930522749544222, 0.10828808685478222, 0.0884311708123653, 0.06882785648907315, 0.251420861478054, 0.0551861776543135, 0.11686547007593324, 0.136278567649252, 0.0955245890705011, 0.054246697166180975], [0.048806484188395088, 0.033362234318668652, 0.012504103288446006, 0.024470877186990061, 0.0388605754695885, 0.024278713769149859, 0.032315280997107863, 0.2958673794268229, 0.41687450406448612, 0.072659847290344748]],
	"log_likelihood":	[-792.50124685391074, -542.49503602456264, -518.103772872196, -532.1918209144352]
}
