{
	"input_file":	"../../instances/J100_M50_G3_I2_L50_seed19.json",
	"method":	"Hit and Run",
	"convergence_threshold":	0.001,
	"iterations_made":	15,
	"max_iterations":	10000,
	"time_taken":	0.658410801,
	"ground_truth_matrix":	[[0.0668576111835421, 0.933142388816458], [0.65610367000627345, 0.34389632999372649], [0.82291076733637858, 0.17708923266362139]],
	"estimated_matrix":	[[0.20714880263863752, 0.79285119736136278], [0.64281593195007081, 0.35718406804992958], [0.70564662981260351, 0.29435337018739682]],
	"log_likelihood":	[-166.94966620917964, -128.81738879773314, -105.56314126870967, -90.513591978707254, -80.4828854684671, -73.644654255486856, -68.87795133944374, -65.4820631197647, -63.014103073708284, -61.189306271488348, -59.820371733044354, -58.781040082570435, -57.984151939479965, -57.368216782809768, -56.889007235932731, -56.507255279329712]
}
