{
	"input_file":	"../../instances/J100_M50_G3_I2_L50_seed1.json",
	"method":	"Hit and Run",
	"convergence_threshold":	0.001,
	"iterations_made":	19,
	"max_iterations":	10000,
	"time_taken":	0.635488829,
	"ground_truth_matrix":	[[0.297511488970571, 0.702488511029429], [0.00031761382895504226, 0.99968238617104477], [0.620945430067681, 0.3790545699323189]],
	"estimated_matrix":	[[0.358241767194843, 0.6417582328051552], [0.038122060491409447, 0.96187793950859168], [0.52306501950739981, 0.4769349804926]],
	"log_likelihood":	[-122.02184643555712, -92.709550001204235, -76.080945612957024, -65.226672829332642, -58.196406045267054, -53.7246612661926, -50.462159504821955, -48.0530063718186, -46.3274289890932, -45.109274608707366, -44.2525789307215, -43.65015673691655, -43.226450282945827, -42.928746833712381, -42.720226538232268, -42.575030426867222, -42.474880370374059, -42.406779898430585, -42.361443783725178, -42.308954463547714]
}
