{
	"input_file":	"../../instances/J100_M50_G3_I2_L50_seed8.json",
	"method":	"Hit and Run",
	"convergence_threshold":	0.001,
	"iterations_made":	13,
	"max_iterations":	10000,
	"time_taken":	0.549939385,
	"ground_truth_matrix":	[[0.37404082947384554, 0.62595917052615457], [0.728815845450914, 0.27118415454908579], [0.9585196963066358, 0.041480303693364189]],
	"estimated_matrix":	[[0.46533381349865327, 0.534666186501346], [0.73100742081331638, 0.26899257918668468], [0.8656059030561265, 0.13439409694387447]],
	"log_likelihood":	[-121.21996443840086, -94.481671765674335, -78.1816941207056, -68.164258539529371, -61.905052670314213, -57.9045563486673, -55.281833744814129, -53.518151120107483, -52.303739536470317, -51.449645922181617, -50.837745032058322, -50.392297463710349, -50.063542366660641, -49.810752068054114]
}
