{
	"input_file":	"../../instances/J100_M50_G3_I2_L50_seed11.json",
	"method":	"Hit and Run",
	"convergence_threshold":	0.001,
	"iterations_made":	9,
	"max_iterations":	10000,
	"time_taken":	0.509276,
	"ground_truth_matrix":	[[0.90996736531017963, 0.0900326346898204], [0.3252452051574129, 0.674754794842587], [0.45066551343952227, 0.54933448656047779]],
	"estimated_matrix":	[[0.90335292256132049, 0.096647077438679077], [0.34904682439088536, 0.650953175609114], [0.41822598733219785, 0.58177401266780038]],
	"log_likelihood":	[-121.52991731567811, -75.8029749269697, -53.195609839564575, -41.95948016962538, -36.332585571040823, -33.5573415093645, -32.257301435798837, -31.71809723131118, -31.562748733446025, -31.592208533354871]
}
