{
	"input_file":	"../../instances/J100_M50_G3_I2_L50_seed17.json",
	"method":	"Hit and Run",
	"convergence_threshold":	0.001,
	"iterations_made":	11,
	"max_iterations":	10000,
	"time_taken":	0.558047329,
	"ground_truth_matrix":	[[0.315810458607232, 0.684189541392768], [0.751461243773324, 0.24853875622667579], [0.59147354310544265, 0.40852645689455724]],
	"estimated_matrix":	[[0.3914896714183842, 0.608510328581616], [0.72059107915013343, 0.27940892084986568], [0.51998192139991639, 0.4800180786000835]],
	"log_likelihood":	[-82.5409114940816, -67.880880920396947, -59.702656936035261, -54.915850366612922, -52.017172123770059, -50.203839672005387, -49.031595187263633, -48.249950583316213, -47.7144816200895, -47.339472856423079, -47.072318042095176, -46.874367595218935]
}
