{
	"input_file":	"../../instances/J100_M50_G3_I2_L50_seed10.json",
	"method":	"Hit and Run",
	"convergence_threshold":	0.001,
	"iterations_made":	18,
	"max_iterations":	10000,
	"time_taken":	0.682839532,
	"ground_truth_matrix":	[[0.98598621315062451, 0.014013786849375551], [0.42091152445267649, 0.57908847554732346], [0.73049207059464549, 0.26950792940535451]],
	"estimated_matrix":	[[0.96797632238534925, 0.032023677614649249], [0.49938306784619624, 0.50061693215380365], [0.7140804325295057, 0.285919567470495]],
	"log_likelihood":	[-103.61719671337926, -70.7560122797429, -52.845552667424151, -42.712935190541884, -36.790448837762042, -33.213509683017264, -30.984287123165153, -29.556508613563359, -28.621834869719127, -28.000022484754208, -27.581967525219358, -27.299485062333574, -27.108759935450813, -26.9809644325973, -26.896754220373531, -26.842935192685577, -26.8103865671968, -26.792733888899516, -26.762623422454062]
}
