{
	"input_file":	"../../instances/J100_M50_G3_I2_L50_seed13.json",
	"method":	"Hit and Run",
	"convergence_threshold":	0.001,
	"iterations_made":	13,
	"max_iterations":	10000,
	"time_taken":	0.582918386,
	"ground_truth_matrix":	[[0.84720269601591158, 0.15279730398408845], [0.34009172295595952, 0.65990827704404054], [0.856207255811948, 0.14379274418805191]],
	"estimated_matrix":	[[0.88833421463266937, 0.11166578536733088], [0.351556525697736, 0.64844347430226323], [0.77310138237512371, 0.2268986176248759]],
	"log_likelihood":	[-135.94574414199684, -91.6844860131928, -68.024242808026656, -55.000778749245811, -47.722971424125724, -43.575370545647971, -41.156062893507247, -39.708910666089658, -38.8204190334245, -38.2605516751078, -37.898861245371442, -37.659794071921958, -37.498564179457425, -37.38197699758733]
}
