{
	"input_file":	"../../instances/J100_M50_G3_I2_L50_seed18.json",
	"method":	"Hit and Run",
	"convergence_threshold":	0.001,
	"iterations_made":	16,
	"max_iterations":	10000,
	"time_taken":	0.5956875,
	"ground_truth_matrix":	[[0.598796857472177, 0.40120314252782313], [0.913094360419019, 0.086905639580980923], [0.57961290670290522, 0.42038709329709484]],
	"estimated_matrix":	[[0.6683779608039967, 0.33162203919600219], [0.91906682250516825, 0.0809331774948302], [0.54718388484253055, 0.45281611515746883]],
	"log_likelihood":	[-57.6947717226886, -42.044969825834677, -34.069059107253487, -29.821936380056709, -27.49090902019427, -26.187859070896536, -25.4479628107521, -25.019564520561, -24.7651195609389, -24.609382990599467, -24.511051618440543, -24.447194666313408, -24.404808037523139, -24.376286362363121, -24.357009067210345, -24.344050476893536, -24.3237901288037]
}
