{
	"input_file":	"../../instances/J100_M50_G3_I2_L50_seed3.json",
	"method":	"Hit and Run",
	"convergence_threshold":	0.001,
	"iterations_made":	2,
	"max_iterations":	10000,
	"time_taken":	0.374127,
	"ground_truth_matrix":	[[0.39388041818446978, 0.60611958181553], [0.32467278858124587, 0.675327211418754], [0.49647207203009674, 0.50352792796990342]],
	"estimated_matrix":	[[0.460263548282782, 0.53973645171721829], [0.35022086765453, 0.64977913234547047], [0.42249982887941079, 0.57750017112058982]],
	"log_likelihood":	[-37.8755916410286, -36.9479636530698, -37.1288130856846]
}
