{
	"input_file":	"../../instances/J100_M50_G3_I3_L50_seed19.json",
	"method":	"Hit and Run",
	"convergence_threshold":	0.001,
	"iterations_made":	6,
	"max_iterations":	10000,
	"time_taken":	0.556483,
	"ground_truth_matrix":	[[0.05643109664837008, 0.78761785528698358, 0.15595104806464638], [0.23302035588171555, 0.63115580747276, 0.13582383664552442], [0.16351092624063165, 0.24100577544256716, 0.595483298316801]],
	"estimated_matrix":	[[0.1164027136285961, 0.742889041974864, 0.14070824439653967], [0.17544598986882959, 0.6997282763834437, 0.12482573374772687], [0.13655964477847624, 0.26991834309593127, 0.59352201212559252]],
	"log_likelihood":	[-161.43565664774792, -115.91950246019229, -96.1470239569623, -87.9407368887416, -85.2968203544319, -84.9385182093907, -85.3780741851429]
}
