{
	"input_file":	"../../instances/J100_M50_G3_I3_L50_seed3.json",
	"method":	"Hit and Run",
	"convergence_threshold":	0.001,
	"iterations_made":	5,
	"max_iterations":	10000,
	"time_taken":	0.510824,
	"ground_truth_matrix":	[[0.33688219083814136, 0.518408337162583, 0.1447094719992755], [0.13709494665374614, 0.42840825980005576, 0.43449679354619813], [0.32007545057654463, 0.55390092484015363, 0.12602362458330174]],
	"estimated_matrix":	[[0.371122370583328, 0.49525225588722088, 0.13362537352945086], [0.16201228053615938, 0.46096008731729626, 0.37702763214654411], [0.25459063916710573, 0.54504430728058961, 0.20036505355230438]],
	"log_likelihood":	[-120.2296922597986, -105.00647677343143, -99.395927051740529, -97.8737421144073, -97.776826421027678, -98.070129544136122]
}
