{
	"input_file":	"../../instances/J100_M50_G3_I3_L50_seed6.json",
	"method":	"Hit and Run",
	"convergence_threshold":	0.001,
	"iterations_made":	14,
	"max_iterations":	10000,
	"time_taken":	0.820486362,
	"ground_truth_matrix":	[[0.51245014925241528, 0.092558832078787248, 0.39499101866879749], [0.040161431888498515, 0.10740706609794944, 0.852431502013552], [0.44236998957946888, 0.31811750394858568, 0.23951250647194552]],
	"estimated_matrix":	[[0.582894601358171, 0.078491092966314846, 0.33861430567551359], [0.071110119613186945, 0.1463142964089808, 0.78257558397783233], [0.32864338470834109, 0.2577603152062557, 0.41359630008540321]],
	"log_likelihood":	[-193.51161993592621, -147.44547828809453, -128.04918469985552, -119.06958725645573, -114.79912754382407, -112.43318427837647, -110.80580915077508, -109.62522658701118, -108.77664700985356, -108.17032937696258, -107.73790856955131, -107.43044445124795, -107.21299590652617, -107.06027409214582, -106.9422796430573]
}
