{
	"input_file":	"../../instances/J100_M50_G3_I3_L50_seed2.json",
	"method":	"Hit and Run",
	"convergence_threshold":	0.001,
	"iterations_made":	16,
	"max_iterations":	10000,
	"time_taken":	0.890249505,
	"ground_truth_matrix":	[[0.41002688019419109, 0.0188071163226876, 0.57116600348312141], [0.37652229212981631, 0.359301233438576, 0.26417647443160769], [0.14764526815067625, 0.622681621564415, 0.22967311028490894]],
	"estimated_matrix":	[[0.526586283815524, 0.062036982636842465, 0.41137673354763366], [0.33225667852845381, 0.38788203267018745, 0.2798612888013588], [0.091160477771035059, 0.56151529399432076, 0.34732422823464371]],
	"log_likelihood":	[-195.82268266850684, -155.75096559500741, -138.77754682074152, -130.55357004408171, -126.0315360346415, -123.32356164306688, -121.60484408074549, -120.50395166614339, -119.8225831548244, -119.40926939166197, -119.14824738532549, -118.96998103320304, -118.83970610827789, -118.74040142811907, -118.66275864875742, -118.601001265715, -118.53961230438676]
}
