{
	"input_file":	"../../instances/J100_M50_G3_I3_L50_seed1.json",
	"method":	"Hit and Run",
	"convergence_threshold":	0.001,
	"iterations_made":	6,
	"max_iterations":	10000,
	"time_taken":	0.569202,
	"ground_truth_matrix":	[[0.29749272785290543, 0.70244421200198748, 6.3060145107194e-05], [0.58481013050579844, 0.25781025207282132, 0.15737961742138015], [0.181511853553677, 0.373368719881009, 0.445119426565314]],
	"estimated_matrix":	[[0.40898621225287352, 0.55967181779839748, 0.031341969948728961], [0.51535902446958248, 0.36329285009714346, 0.12134812543327388], [0.138563065568416, 0.4155304665467473, 0.44590646788483629]],
	"log_likelihood":	[-175.67920948669729, -128.23829724894662, -108.6197523145208, -100.70574723479348, -98.017198006297065, -97.625801805589347, -98.129992540216548]
}
