{
	"input_file":	"../../instances/J100_M50_G3_I3_L50_seed4.json",
	"method":	"Hit and Run",
	"convergence_threshold":	0.001,
	"iterations_made":	8,
	"max_iterations":	10000,
	"time_taken":	0.622509,
	"ground_truth_matrix":	[[0.43718503692497424, 0.10152387292062479, 0.461291090154401], [0.46562077068857344, 0.4440250450179633, 0.0903541842934631], [0.92624227863670883, 0.0015473037448547695, 0.072210417618436565]],
	"estimated_matrix":	[[0.55548657380833, 0.11192462564783594, 0.33258880054383411], [0.47948414794991057, 0.38052112096731527, 0.13999473108277474], [0.78627526742054343, 0.043832441902039242, 0.16989229067741715]],
	"log_likelihood":	[-205.05798527001244, -168.97944289329575, -149.66729126416089, -139.39249957676054, -134.69739689974867, -132.6869304690583, -131.985048129619, -131.97457031810291, -132.35697479918878]
}
