{
	"input_file":	"../../instances/J100_M50_G3_I3_L50_seed15.json",
	"method":	"Hit and Run",
	"convergence_threshold":	0.001,
	"iterations_made":	8,
	"max_iterations":	10000,
	"time_taken":	0.59221899999999983,
	"ground_truth_matrix":	[[0.88190002979169, 0.0920076920293921, 0.026092278178917974], [0.294060845578166, 0.21111905408272336, 0.49482010033911067], [0.4312585359125406, 0.42880315095830712, 0.13993831312915236]],
	"estimated_matrix":	[[0.893933478963244, 0.0673691198035325, 0.038697401233223266], [0.35984942667015674, 0.2239774135839028, 0.41617315974594049], [0.35798796566375846, 0.43619096680080621, 0.2058210675354358]],
	"log_likelihood":	[-202.406909161658, -134.80373494135128, -106.24890654117422, -93.59316346765884, -88.275708110954724, -86.3317772223146, -85.781447304326647, -85.766214542596529, -85.9377109210069]
}
