{
	"input_file":	"../../instances/J100_M50_G3_I3_L50_seed17.json",
	"method":	"Hit and Run",
	"convergence_threshold":	0.001,
	"iterations_made":	11,
	"max_iterations":	10000,
	"time_taken":	0.785249242,
	"ground_truth_matrix":	[[0.26486681729550876, 0.573822371351404, 0.16131081135308734], [0.026190298800185041, 0.575982674279107, 0.397827026920708], [0.53082469934270038, 0.44833211672477563, 0.020843183932523809]],
	"estimated_matrix":	[[0.339378379663282, 0.52362892795617622, 0.136992692380542], [0.11804686473018747, 0.55127494509288943, 0.33067819017692279], [0.3544340776074611, 0.545712681501052, 0.099853240891486728]],
	"log_likelihood":	[-161.03646588240312, -141.46110434268235, -132.16176066087155, -127.20442663354335, -124.42783050092842, -122.83853473077794, -121.88550145670479, -121.27565878514697, -120.85878193098874, -120.55733299190985, -120.32988792820382, -120.14481571753353]
}
