{
	"input_file":	"../../instances/J100_M50_G3_I3_L50_seed10.json",
	"method":	"Hit and Run",
	"convergence_threshold":	0.001,
	"iterations_made":	9,
	"max_iterations":	10000,
	"time_taken":	0.628739,
	"ground_truth_matrix":	[[0.590040182963056, 0.00838622005696103, 0.401573596979983], [0.59386635266519261, 0.296677408979759, 0.10945623835504842], [0.12026555402602122, 0.77879320819781883, 0.1009412377761599]],
	"estimated_matrix":	[[0.67424315651675581, 0.052456164836788062, 0.273300678646456], [0.55950072869980949, 0.30581434688761788, 0.13468492441257238], [0.080285105217698854, 0.72174810858293048, 0.19796678619937119]],
	"log_likelihood":	[-258.348664406801, -184.64194742300947, -148.98210765063371, -130.71585908155143, -121.33599826215854, -116.78688451364057, -114.13825109366756, -112.46040377947806, -111.77174627540938, -111.82245345422081]
}
