{
	"input_file":	"../../instances/J100_M50_G3_I3_L50_seed5.json",
	"method":	"Hit and Run",
	"convergence_threshold":	0.001,
	"iterations_made":	11,
	"max_iterations":	10000,
	"time_taken":	0.724933307,
	"ground_truth_matrix":	[[0.099277505208629477, 0.80913423592827161, 0.0915882588630989], [0.608148478297384, 0.16248736605778868, 0.22936415564482709], [0.57283457335997, 0.28825508098764524, 0.13891034565238466]],
	"estimated_matrix":	[[0.259743781986959, 0.66223008751165768, 0.078026130501382629], [0.58023146255043434, 0.23120466977168205, 0.18856386767788372], [0.42492583998449118, 0.38737659430700311, 0.18769756570850554]],
	"log_likelihood":	[-180.73825099965822, -151.63434129846243, -136.02138278640743, -127.20846217242185, -122.06450427843288, -118.97880530847412, -117.09260164870334, -115.92617101827737, -115.19981118005286, -114.74567177684372, -114.46121585088072, -114.27660849790516]
}
