{
	"input_file":	"../../instances/J100_M50_G3_I3_L50_seed14.json",
	"method":	"Hit and Run",
	"convergence_threshold":	0.001,
	"iterations_made":	6,
	"max_iterations":	10000,
	"time_taken":	0.534743,
	"ground_truth_matrix":	[[0.16980903280015061, 0.34919148198550209, 0.48099948521434727], [0.0022826956347437562, 0.10472826176811086, 0.89298904259714529], [0.38331171056814639, 0.20405281529085445, 0.41263547414099916]],
	"estimated_matrix":	[[0.24539889922618091, 0.37766691400904118, 0.3769341867647773], [0.065425398215371453, 0.13356021667327284, 0.801014385111355], [0.2285948932526761, 0.170214237981125, 0.60119086876619865]],
	"log_likelihood":	[-162.542308067166, -135.3025608160689, -125.8222487028478, -122.87612324030979, -122.03327048993907, -121.88207014551679, -121.88566031594445]
}
