{
	"input_file":	"../../instances/J100_M50_G3_I4_L50_seed20.json",
	"method":	"Hit and Run",
	"convergence_threshold":	0.001,
	"iterations_made":	5,
	"max_iterations":	10000,
	"time_taken":	0.765536,
	"ground_truth_matrix":	[[0.12528497207799447, 0.32201948137817415, 0.31373002758429769, 0.23896551895953352], [0.015101828534048147, 0.48626910303626614, 0.19664095811027157, 0.301988110319414], [0.37325565430763752, 0.074973029032247326, 0.1106017466286246, 0.44116957003149054]],
	"estimated_matrix":	[[0.21307586350164015, 0.36212851312653982, 0.28235333045685379, 0.142442292914966], [0.065997031895235148, 0.42795285456207877, 0.20258310222161577, 0.30346701132107], [0.2315750195254698, 0.074818157087054471, 0.1389361041408613, 0.554670719246614]],
	"log_likelihood":	[-248.31433677990373, -196.00268008599193, -176.66484689045996, -170.26566613738871, -168.8789526649449, -169.52656653362061]
}
