{
	"input_file":	"../../instances/J100_M50_G3_I4_L50_seed15.json",
	"method":	"Hit and Run",
	"convergence_threshold":	0.001,
	"iterations_made":	5,
	"max_iterations":	10000,
	"time_taken":	0.647016,
	"ground_truth_matrix":	[[0.729175806164576, 0.076074136231428655, 0.021573712816720172, 0.17317634478727548], [0.178428232666503, 0.41819946747570369, 0.20226194250932708, 0.2011103573484663], [0.03692154969556357, 0.0895982588773646, 0.77790639491020774, 0.0955737965168639]],
	"estimated_matrix":	[[0.71206277565922, 0.1086199895475807, 0.059314359328677083, 0.12000287546452168], [0.1618412404897159, 0.423007178235931, 0.26538349486309148, 0.14976808641126205], [0.0555495148973357, 0.062864198988191372, 0.673675292914711, 0.20791099319976228]],
	"log_likelihood":	[-363.4661617395638, -221.29254243388334, -169.74364838073618, -149.97945311414705, -144.14032462521914, -144.33446691673049]
}
