{
	"input_file":	"../../instances/J100_M50_G3_I4_L50_seed19.json",
	"method":	"Hit and Run",
	"convergence_threshold":	0.001,
	"iterations_made":	5,
	"max_iterations":	10000,
	"time_taken":	0.646618,
	"ground_truth_matrix":	[[0.052166889316142627, 0.72810163049277654, 0.144166630569279, 0.075564849621801933], [0.12400640059949905, 0.026686001932657091, 0.343301206964579, 0.506006390503265], [0.664535329822959, 0.16528278438434141, 0.039819720179869643, 0.1303621656128299]],
	"estimated_matrix":	[[0.22655687372684935, 0.61243286199012081, 0.084807615651947332, 0.076202648631082448], [0.18498560399843431, 0.12450489467536334, 0.339228748907712, 0.35128075241849038], [0.41125053018512026, 0.19994734340939815, 0.106934878476514, 0.2818672479289675]],
	"log_likelihood":	[-420.58279682297922, -347.41638452554037, -322.201753500476, -314.48165736490381, -312.638098625124, -313.26442704027613]
}
