{
	"input_file":	"../../instances/J100_M50_G3_I4_L50_seed6.json",
	"method":	"Hit and Run",
	"convergence_threshold":	0.001,
	"iterations_made":	5,
	"max_iterations":	10000,
	"time_taken":	0.647066,
	"ground_truth_matrix":	[[0.507491225944653, 0.091663150517557662, 0.39116873435159927, 0.00967688918619004], [0.049198308552667672, 0.39046023301512889, 0.32594651093818944, 0.23439494749401418], [0.12416321052879148, 0.29605898381257317, 0.17519316033671811, 0.40458464532191729]],
	"estimated_matrix":	[[0.55285797595612918, 0.15803126466952935, 0.2480852166057399, 0.0410255427686018], [0.040728122837507534, 0.39022797497911876, 0.405326847621512, 0.16371705456186195], [0.0846481173183494, 0.19212841816278334, 0.24114955178172121, 0.48207391273714623]],
	"log_likelihood":	[-262.44073821069225, -167.53777089171049, -136.22807559771519, -127.20916617876649, -126.1810369182042, -127.32718210189444]
}
