{
	"input_file":	"../../instances/J100_M50_G3_I4_L50_seed11.json",
	"method":	"Hit and Run",
	"convergence_threshold":	0.001,
	"iterations_made":	7,
	"max_iterations":	10000,
	"time_taken":	0.750754,
	"ground_truth_matrix":	[[0.093264539298993046, 0.00922764103013564, 0.2919101149392348, 0.60559770473163632], [0.28831523205269738, 0.351439138882518, 0.0068038927321034627, 0.35344173633268122], [0.46088254985022259, 0.308299510147119, 0.21216300284705122, 0.018654937155607145]],
	"estimated_matrix":	[[0.26572860080957683, 0.061996562974381227, 0.2767453525980082, 0.39552948361803425], [0.26528923166792512, 0.33812669959852631, 0.053313270398339455, 0.34327079833520951], [0.28740393072624321, 0.27383334818497868, 0.20211142949699132, 0.23665129159178719]],
	"log_likelihood":	[-306.01740074201081, -278.4034524986605, -266.28517614978415, -260.38760082419475, -257.75961328264339, -256.83172329948309, -256.71504978082174, -256.93256539091368]
}
