{
	"input_file":	"../../instances/J100_M50_G3_I4_L50_seed18.json",
	"method":	"Hit and Run",
	"convergence_threshold":	0.001,
	"iterations_made":	6,
	"max_iterations":	10000,
	"time_taken":	0.771444,
	"ground_truth_matrix":	[[0.25856144603859232, 0.17324016215639787, 0.5188187471563106, 0.049379644648699164], [0.21703835825592904, 0.15741561912449081, 0.12450764575610422, 0.501038376863476], [0.092386911183075723, 0.00893155724049351, 0.31410714573850357, 0.584574385837927]],
	"estimated_matrix":	[[0.3282481092196684, 0.18960339624920924, 0.42744789519512955, 0.054700599335993062], [0.18770746048407586, 0.12868515724119178, 0.28286335670292428, 0.400744025571808], [0.05680109140819134, 0.020554581342493841, 0.25794816527972941, 0.66469616196958481]],
	"log_likelihood":	[-216.77023590074688, -158.22752017631223, -135.57487519219816, -126.22623808818783, -123.1859087603377, -122.84037371987408, -123.43002139974986]
}
