{
	"input_file":	"../../instances/J100_M50_G3_I4_L50_seed3.json",
	"method":	"Hit and Run",
	"convergence_threshold":	0.001,
	"iterations_made":	5,
	"max_iterations":	10000,
	"time_taken":	0.64320199999999983,
	"ground_truth_matrix":	[[0.25894112400042968, 0.39846937940559979, 0.11122948719780965, 0.23136000939616086], [0.4590928673412436, 0.46561749041159473, 0.027573246650422822, 0.047716395596738945], [0.041449596854558513, 0.45597510070313158, 0.023793686172073253, 0.47878161627023669]],
	"estimated_matrix":	[[0.32439694556940457, 0.41654099751040985, 0.11199542661985123, 0.14706663030033451], [0.345321831644862, 0.544667873676145, 0.031204100534081819, 0.078806194144910732], [0.0716242651280769, 0.38573469713783914, 0.024128764449113386, 0.51851227328497063]],
	"log_likelihood":	[-235.14956466627461, -183.07003623783692, -165.69971102703883, -160.52973287570353, -159.90731600656133, -160.83782355632246]
}
