{
	"input_file":	"../../instances/J100_M50_G3_I4_L50_seed14.json",
	"method":	"Hit and Run",
	"convergence_threshold":	0.001,
	"iterations_made":	5,
	"max_iterations":	10000,
	"time_taken":	0.657725,
	"ground_truth_matrix":	[[0.16948671322645967, 0.34852867125185555, 0.48008648579103436, 0.0018981297306503366], [0.079987281299932059, 0.68202951659915934, 0.15530687378570474, 0.0826763283152038], [0.25105168191104937, 0.081029441322241033, 0.532172679173297, 0.13574619759341275]],
	"estimated_matrix":	[[0.24960974130653754, 0.41556313131342038, 0.319097201816743, 0.01572992556329867], [0.073066126445708951, 0.608969344438528, 0.25822970748952656, 0.059734821626236716], [0.152462293522942, 0.11332660648059384, 0.583349516507286, 0.15086158348917786]],
	"log_likelihood":	[-239.10622204698817, -178.38696017804313, -161.852877158117, -156.38874749976782, -155.82671173259615, -157.10301432294307]
}
