{
	"input_file":	"../../instances/J100_M50_G3_I5_L50_seed8.json",
	"method":	"Hit and Run",
	"convergence_threshold":	0.001,
	"iterations_made":	4,
	"max_iterations":	10000,
	"time_taken":	0.834046,
	"ground_truth_matrix":	[[0.2408528232864513, 0.40306838613139045, 0.23701786113606288, 0.088191672404500154, 0.030869257041595231], [0.0046235208136498141, 0.22703348683302479, 0.20759874477234228, 0.29826212688429032, 0.26248212069669274], [0.15472836613195357, 0.14965678117547959, 0.27316305159423143, 0.23789096581818792, 0.18456083528014738]],
	"estimated_matrix":	[[0.2670243814514528, 0.4392055452135038, 0.18574521946425121, 0.054399821861967089, 0.053625032008825436], [0.0345063387171704, 0.25591321041978432, 0.2565553477496858, 0.29985946043615835, 0.15316564267720137], [0.0907394985570295, 0.12540410138984709, 0.27777730284378566, 0.25248971566796591, 0.25358938154137228]],
	"log_likelihood":	[-247.76653501936281, -192.81285952706, -176.56142440871048, -174.06617941754081, -177.66080542874755]
}
