{
	"input_file":	"../../instances/J100_M50_G3_I5_L50_seed15.json",
	"method":	"Hit and Run",
	"convergence_threshold":	0.001,
	"iterations_made":	3,
	"max_iterations":	10000,
	"time_taken":	0.692741,
	"ground_truth_matrix":	[[0.64854204216829081, 0.06766170140398764, 0.0191880471746618, 0.15402614754092744, 0.1105820617121324], [0.39962760023412636, 0.1932796691291607, 0.19217922484338035, 0.062716975103724426, 0.15219653068960812], [0.32331925157997, 0.0397230933730216, 0.16383271065462152, 0.2600236369715952, 0.21310130742079147]],
	"estimated_matrix":	[[0.7105638711645067, 0.055969717326535079, 0.04373870543563093, 0.10335357111173656, 0.086374134961590465], [0.43993677935417291, 0.17380005848687313, 0.17832628651536145, 0.10631677608126738, 0.10162009956232475], [0.21585876979831556, 0.0762269153163495, 0.14941376559294892, 0.27770341000489523, 0.28079713928749045]],
	"log_likelihood":	[-262.223300144489, -181.72572393052323, -167.4095085141258, -168.65524439980152]
}
