{
	"input_file":	"../../instances/J100_M50_G3_I5_L50_seed14.json",
	"method":	"Hit and Run",
	"convergence_threshold":	0.001,
	"iterations_made":	4,
	"max_iterations":	10000,
	"time_taken":	0.744339,
	"ground_truth_matrix":	[[0.15590939304920856, 0.32060857491831252, 0.44162749507565729, 0.0017460734744377071, 0.080108463482383763], [0.59766213007816038, 0.13609533714227331, 0.072449225855054339, 0.14650677874371171, 0.047286528180800258], [0.41478598240157316, 0.10580328928860022, 0.19550423839535092, 0.0014878074903490689, 0.28241868242412665]],
	"estimated_matrix":	[[0.36337593951930158, 0.29298474504057281, 0.26666209053885764, 0.012573538397730427, 0.064403686503537255], [0.51595678316914062, 0.167702822413587, 0.1610791077878154, 0.12047976711435744, 0.034781519515099432], [0.26954292813143987, 0.1253698740593841, 0.26047372990924739, 0.030142682386157246, 0.31447078551377117]],
	"log_likelihood":	[-326.726964833735, -276.25447995119066, -263.3156161251834, -260.58198158431776, -261.95521014937935]
}
