{
	"input_file":	"../../instances/J100_M50_G3_I5_L50_seed7.json",
	"method":	"Hit and Run",
	"convergence_threshold":	0.001,
	"iterations_made":	2,
	"max_iterations":	10000,
	"time_taken":	0.578834,
	"ground_truth_matrix":	[[0.010915758563635679, 0.20816915542206624, 0.0793454263047044, 0.176768261407425, 0.52480139830216865], [0.30336933090138923, 0.27281770821747647, 0.029337380742531057, 0.12263021012911926, 0.271845370009484], [0.3112604723649372, 0.445747386767779, 0.13127742314124657, 0.018672572575976328, 0.093042145150061]],
	"estimated_matrix":	[[0.21734312188034371, 0.29185922106447537, 0.082788241274502461, 0.13508945364539304, 0.272919962135286], [0.23137597622961908, 0.304020463050087, 0.056358476772270273, 0.1337546707602498, 0.27449041318777412], [0.19805881100829542, 0.31734336778376027, 0.10748326292778115, 0.049670723821110013, 0.32744383445905373]],
	"log_likelihood":	[-348.64763757168265, -341.74886783599447, -347.95693240734778]
}
