{
	"input_file":	"../../instances/J100_M50_G3_I5_L50_seed4.json",
	"method":	"Hit and Run",
	"convergence_threshold":	0.001,
	"iterations_made":	5,
	"max_iterations":	10000,
	"time_taken":	0.823869,
	"ground_truth_matrix":	[[0.33270219763982, 0.077260685478113045, 0.351047145907638, 0.12233189286483045, 0.1166580781095984], [0.050165543415490517, 0.77088292625501365, 0.0012877732599235222, 0.0600985069713388, 0.11756525009823347], [0.18899528973896992, 0.027543337100804529, 0.24857010990663789, 0.512514609975885, 0.022376653277702586]],
	"estimated_matrix":	[[0.394719824644278, 0.18247564000202954, 0.259370230438432, 0.0733068714044911, 0.0901274335107692], [0.0547653732579154, 0.62744369235874564, 0.099247978896555067, 0.1146303893469639, 0.10391256613981986], [0.12931739055399341, 0.052661860249000256, 0.23839283772260533, 0.49948064832187361, 0.080147263152526849]],
	"log_likelihood":	[-436.148316583825, -299.58295645439716, -257.67528444291747, -245.77730501070252, -243.51397355684995, -244.5089873474561]
}
