{
	"input_file":	"../../instances/J100_M50_G3_I5_L50_seed6.json",
	"method":	"Hit and Run",
	"convergence_threshold":	0.001,
	"iterations_made":	4,
	"max_iterations":	10000,
	"time_taken":	0.790688,
	"ground_truth_matrix":	[[0.4946888218813566, 0.0893507781441119, 0.38130078011302954, 0.0094327717727180245, 0.025226848088783976], [0.252222664533469, 0.2105492199535523, 0.15141034402812581, 0.11399772270882993, 0.27182004877602278], [0.12700654364811612, 0.2933042438225032, 0.16079716740511793, 0.19051619819117563, 0.22837584693308713]],
	"estimated_matrix":	[[0.56552512015913137, 0.11546159966964158, 0.25356187980419614, 0.017665063365919508, 0.0477863370011113], [0.1932724985711165, 0.25171500303618671, 0.24294699732454009, 0.11522806397112363, 0.19683743709703322], [0.10421552219610672, 0.195676361375204, 0.19463431828624167, 0.1804501451446148, 0.32502365299783315]],
	"log_likelihood":	[-309.46874138837114, -241.32033932636242, -225.307061634949, -225.146652857225, -228.32404791868524]
}
