{
	"input_file":	"../../instances/J100_M50_G3_I5_L50_seed11.json",
	"method":	"Hit and Run",
	"convergence_threshold":	0.001,
	"iterations_made":	2,
	"max_iterations":	10000,
	"time_taken":	0.593819,
	"ground_truth_matrix":	[[0.0742704298794536, 0.0073483541679689336, 0.23246015994561139, 0.48226262845984663, 0.20365842754711935], [0.10906573959976795, 0.0021115223402377388, 0.1096872263605117, 0.46684651136059585, 0.31228900033888668], [0.22595248847629812, 0.019867410510385194, 0.387186047554461, 0.33585447066553586, 0.0311395827933199]],
	"estimated_matrix":	[[0.16967373423150753, 0.00558285675933523, 0.28481900789325337, 0.39197299836345179, 0.14795140275245219], [0.10508167602238204, 0.00789629457362092, 0.18099782576920334, 0.51029175346346545, 0.19573245017132843], [0.1422300644880089, 0.016531334457178849, 0.23495406563170684, 0.40272233375745708, 0.20356220166564915]],
	"log_likelihood":	[-397.28117055726329, -377.50507484002287, -378.6379327848062]
}
