{
	"input_file":	"../../instances/J100_M50_G3_I5_L50_seed5.json",
	"method":	"Hit and Run",
	"convergence_threshold":	0.001,
	"iterations_made":	4,
	"max_iterations":	10000,
	"time_taken":	0.834823,
	"ground_truth_matrix":	[[0.043982912303551426, 0.358470733786538, 0.040576345559300911, 0.43953375062527472, 0.11743625772533485], [0.256473892537231, 0.39363112002854944, 0.198078425534879, 0.095454145901107262, 0.05636241599823328], [0.019580703375263634, 0.31191671477471344, 0.13540090275600683, 0.040084305930368942, 0.493017373163647]],
	"estimated_matrix":	[[0.11253114238843587, 0.42712147675107615, 0.0438911343209076, 0.3474128168709959, 0.069043429668584774], [0.16515259583215561, 0.445784294349397, 0.18447850796667647, 0.14180674483477915, 0.0627778570169921], [0.047440646993324787, 0.1516149898491054, 0.15150985896232813, 0.0907649116033648, 0.55866959259187676]],
	"log_likelihood":	[-397.91597910703729, -283.24762267369942, -250.906525148889, -245.81166394537934, -246.80176681226925]
}
