{
	"input_file":	"../../instances/J100_M50_G3_I5_L50_seed20.json",
	"method":	"Hit and Run",
	"convergence_threshold":	0.001,
	"iterations_made":	3,
	"max_iterations":	10000,
	"time_taken":	0.698105,
	"ground_truth_matrix":	[[0.12464155160427713, 0.320365700211782, 0.31211881819805165, 0.23773827434383188, 0.0051356556420572141], [0.32050330871114646, 0.129607407316133, 0.19904243955549125, 0.29216240134150717, 0.058684443075721966], [0.048862291507300849, 0.19490249288206324, 0.23484758945089862, 0.29193992606900426, 0.22944770009073309]],
	"estimated_matrix":	[[0.23895786481670281, 0.323472469867089, 0.26835843573726115, 0.13011833240806575, 0.039092897170881526], [0.18479587697729577, 0.20236756693949753, 0.27709495837540837, 0.28820461458772517, 0.047536983120072478], [0.054873005744496953, 0.11958029199612769, 0.201477978125191, 0.40752284025562036, 0.21654588387856383]],
	"log_likelihood":	[-235.957096207456, -185.336902920842, -177.11834262507659, -178.808563727124]
}
