{
	"input_file":	"../../instances/J100_M50_G3_I5_L50_seed17.json",
	"method":	"Hit and Run",
	"convergence_threshold":	0.001,
	"iterations_made":	4,
	"max_iterations":	10000,
	"time_taken":	0.765813,
	"ground_truth_matrix":	[[0.11895137105452967, 0.25770294108928515, 0.0724444925653346, 0.023960336247350313, 0.52694085904350019], [0.31206054417870038, 0.29648936342259824, 0.25041356224424272, 0.011641851525571994, 0.12939467862888676], [0.409075625543571, 0.0086961370341577856, 0.280225064237081, 0.294623242274094, 0.0073799309110963163]],
	"estimated_matrix":	[[0.340071406840566, 0.21064864934763419, 0.10267342319480646, 0.03822474887924765, 0.308381771737746], [0.26509982615854277, 0.26469866887962423, 0.25389978491879478, 0.048458230861319521, 0.16784348918171882], [0.22512881872891627, 0.0668981212407282, 0.26155542861947861, 0.25072747629044778, 0.19569015512042934]],
	"log_likelihood":	[-453.58217647672438, -401.073588114595, -389.38860476215137, -389.02292722500823, -391.39201755927161]
}
