{
	"input_file":	"../../instances/J100_M50_G3_I5_L50_seed10.json",
	"method":	"Hit and Run",
	"convergence_threshold":	0.001,
	"iterations_made":	5,
	"max_iterations":	10000,
	"time_taken":	0.871262,
	"ground_truth_matrix":	[[0.32269308943329617, 0.0045864253604871313, 0.21962067734703034, 0.302153293162828, 0.1509465146963585], [0.11667254894123515, 0.10113720407829543, 0.65492541293454032, 0.084886438578035225, 0.0423783954678938], [0.17470454273021377, 0.46323131664050771, 0.00059770828546104832, 0.10845461858176728, 0.25301181376205034]],
	"estimated_matrix":	[[0.44679447441565157, 0.088747744688064, 0.228495129341785, 0.17259599527823183, 0.0633666562762673], [0.10048941899400872, 0.15942822703352785, 0.53216452655084, 0.15958682987659062, 0.048330997545032131], [0.11064922234935747, 0.35207321765490573, 0.0617128279265173, 0.17121839908206157, 0.30434633298715758]],
	"log_likelihood":	[-420.87112202063656, -337.43628001171641, -306.22806871262139, -298.71538790757467, -298.21694240035481, -299.9470898734051]
}
