{
	"input_file":	"../../instances/J100_M50_G3_I5_L50_seed1.json",
	"method":	"Hit and Run",
	"convergence_threshold":	0.001,
	"iterations_made":	4,
	"max_iterations":	10000,
	"time_taken":	0.760807,
	"ground_truth_matrix":	[[0.23133554027621162, 0.546232885994193, 4.9036670050913147e-05, 0.15434181656277288, 0.068040720496771734], [0.048287721645296849, 0.10272923560641152, 0.21131337949440179, 0.25192172053433709, 0.38574794271955271], [0.13381390465004245, 0.284670660044346, 0.056330366829679117, 0.518345950749748, 0.0068391177261846641]],
	"estimated_matrix":	[[0.26786755964250758, 0.51968468288590042, 0.020733039645921734, 0.10733112585717987, 0.084383591968490629], [0.066320048670480969, 0.18179013790291551, 0.18567664597435141, 0.32918978972622631, 0.23702337772602644], [0.082066900530093453, 0.2204935670042994, 0.067804397015831228, 0.49322060216012326, 0.13641453328965281]],
	"log_likelihood":	[-398.15905412377134, -304.67305219859713, -281.94802867658058, -277.93756280317712, -279.11580497874189]
}
