{
	"input_file":	"../../instances/J100_M50_G4_I10_L50_seed17.json",
	"method":	"Hit and Run",
	"convergence_threshold":	0.001,
	"iterations_made":	2,
	"max_iterations":	10000,
	"time_taken":	2.056423,
	"ground_truth_matrix":	[[0.054910088458876, 0.1189603042476769, 0.033441678392234289, 0.011060521380987629, 0.24324536090811941, 0.16800779444181613, 0.15962455027817882, 0.13481816614048331, 0.006267763850691715, 0.069663771900935742], [0.26764821479172474, 0.0056896705827529951, 0.18334443193306962, 0.19276480901552057, 0.0048285089853900686, 0.0970980434545545, 0.0737276519453078, 0.083622163902498159, 0.060710408957484467, 0.03056609643169713], [0.061293315400922067, 0.14297314709892539, 0.0874505158885679, 0.269583459149985, 0.0940159576003571, 0.026945286382059955, 0.028369706465992364, 0.00985493121997195, 0.21955082091383865, 0.059962859879379625], [0.027978576920902727, 0.22472698094290286, 0.10596298174908114, 0.010848437656095965, 0.0994163500487766, 0.021855755802098156, 0.14258293056171176, 0.015920005850525783, 0.074333627491735846, 0.27637435297616914]],
	"estimated_matrix":	[[0.23041513409314138, 0.18612056137471811, 0.0506655387388597, 0.070362427051811144, 0.19010670572356367, 0.12243924085830278, 0.065850802022265578, 0.0394716831178372, 0.0149075569684232, 0.029660350051077335], [0.12089285465773603, 0.14628184237363037, 0.19037458265528012, 0.15488739140711313, 0.052953145692873863, 0.11100603330296042, 0.13675108259668858, 0.040902457506955613, 0.026080332044280487, 0.01987027776248124], [0.0382440201879274, 0.0812740234167876, 0.093215130687175268, 0.25200887624787044, 0.079788409625487042, 0.055507739130297981, 0.09159420506372333, 0.11708272694607372, 0.1643637153806384, 0.026921153314018734], [0.018108300126849119, 0.067734154583998576, 0.0649676312667295, 0.038690630418592047, 0.0841822598446693, 0.0469261657883269, 0.12670127106779544, 0.038541644367132373, 0.16208387771986027, 0.35206406481604663]],
	"log_likelihood":	[-1333.57741860354, -983.91258101099936, -995.72222083543329]
}
