{
	"input_file":	"../../instances/J100_M50_G4_I10_L50_seed7.json",
	"method":	"Hit and Run",
	"convergence_threshold":	0.001,
	"iterations_made":	3,
	"max_iterations":	10000,
	"time_taken":	2.864668,
	"ground_truth_matrix":	[[0.00808261828816172, 0.15413970663026186, 0.058751646987581382, 0.13088878561109682, 0.38859135211187357, 0.078738263100063072, 0.07080871498828735, 0.0076143966059739766, 0.0318281670743481, 0.070556348602352159], [0.11844066583086636, 0.16961555343026474, 0.0499536137283108, 0.0071052771714643923, 0.03540434652102236, 0.25035815833408864, 0.025001738498636041, 0.0626777031670133, 0.278816438584351, 0.002626504733982544], [0.0806419372660566, 0.26348510646049522, 0.023002633148146594, 0.0698763924999843, 0.2107570616409781, 0.012558716070879135, 0.06512631348954924, 0.12196815242292552, 0.0971640283229745, 0.055419658678010977], [0.031366796168616123, 0.092345744100205074, 0.0637436241286092, 0.088800741924861162, 0.062334941931319526, 0.249000279783515, 0.20030732258663947, 0.051570665176745537, 0.11632641597637829, 0.044203468223110373]],
	"estimated_matrix":	[[0.15841305268105407, 0.30391275541324436, 0.054583901944055678, 0.12277135476958026, 0.24403389636886361, 0.0392966280218227, 0.023616451996666284, 0.0146969087422379, 0.015639711353721383, 0.02303533870875309], [0.044012253076759669, 0.27841482900216552, 0.081040406205064, 0.039978619425219589, 0.12480363517599058, 0.275472144227457, 0.048046547879673059, 0.04293438292119986, 0.055504914633714, 0.0097922674527567248], [0.028869231652134345, 0.0788267118672162, 0.036178551565809014, 0.10634137675298491, 0.24800119736737924, 0.0973379905728767, 0.11361766803136714, 0.13444150994145049, 0.12879699754476873, 0.027588764704012926], [0.0196834952982393, 0.027202968057604748, 0.037770238423438227, 0.030761433177667927, 0.05886500085494404, 0.192939065077132, 0.15813456106680562, 0.0768266059105811, 0.287693662790094, 0.11012296934349279]],
	"log_likelihood":	[-1335.5981411611358, -948.151651146916, -943.38649651340643, -978.94070690282831]
}
