{
	"input_file":	"../../instances/J100_M50_G4_I10_L50_seed13.json",
	"method":	"Hit and Run",
	"convergence_threshold":	0.001,
	"iterations_made":	3,
	"max_iterations":	10000,
	"time_taken":	2.605712,
	"ground_truth_matrix":	[[0.095000606641782351, 0.017133841334523565, 0.109854414200967, 0.213159663431239, 0.22726109271150324, 0.038166572341381357, 0.059332412112789071, 0.0943852305406974, 0.064827896915340855, 0.080878269769776023], [0.0068883355213543232, 0.0684607808726845, 0.011645208371382151, 0.37572194421425487, 0.090114377573631624, 0.21997833859893373, 0.057186871760991957, 0.082483938626239872, 0.001826590536552423, 0.085693613923974427], [0.27956318930356217, 0.023073793909949909, 0.036123216791498255, 0.23454490768563666, 0.0030440371355612453, 0.006318257987249565, 0.0933001577690485, 0.19433754783255683, 0.00082184714507826516, 0.12887304443985828], [0.18167492691597709, 0.0085360079749319528, 0.11583046420564749, 0.077171872428467833, 0.070868524171963959, 0.33758470960167358, 1.3045793357177294e-06, 0.030752060077022, 0.13503708974239564, 0.042543040302584968]],
	"estimated_matrix":	[[0.31011583597331749, 0.034999797136645562, 0.11293508946754088, 0.23253603034645309, 0.15671646243881587, 0.046383868438965518, 0.02850727822230182, 0.029028439611075249, 0.024229497368552341, 0.024547700996332366], [0.09749293679048826, 0.051384883867247086, 0.06918480237816603, 0.32806374202277611, 0.11659065904653271, 0.21927418278763317, 0.035622117887599163, 0.0390917591141549, 0.012446593795781884, 0.030848322309620847], [0.070049546389048659, 0.020025349508890958, 0.047792734269037115, 0.30134098108996921, 0.045902513564908973, 0.072161086013144, 0.10482936596859445, 0.24725507187843723, 0.031170210308628089, 0.059473141009341222], [0.049124094060084521, 0.014356940917265418, 0.052390502546181834, 0.081818097848805574, 0.0630404833832537, 0.26733438358449046, 0.034250426959484111, 0.075098441399193638, 0.13152537192633021, 0.2310612573749114]],
	"log_likelihood":	[-1435.6187603551807, -1082.1090376103209, -1077.0788830245576, -1093.2646903013933]
}
