{
	"input_file":	"../../instances/J100_M50_G4_I10_L50_seed20.json",
	"method":	"Hit and Run",
	"convergence_threshold":	0.001,
	"iterations_made":	2,
	"max_iterations":	10000,
	"time_taken":	2.177259,
	"ground_truth_matrix":	[[0.082219907057948835, 0.21132951055997232, 0.20588944772410889, 0.15682425779427028, 0.0033877396753867507, 0.10908302458583818, 0.0441117692532601, 0.06774392256656836, 0.099437221215447555, 0.019973199567198632], [0.036851563522719288, 0.14699395741819674, 0.17712024127059539, 0.22017884136159249, 0.17304768634872764, 0.0043302193415076231, 0.01438446802344439, 0.16130282000057855, 0.031695152369169713, 0.034095050343468228], [0.15918532554909737, 0.24428049725138792, 0.067357448039370771, 0.01608475063339752, 0.12010770984818865, 0.055369517882249544, 0.0814706996585495, 0.14939832088464047, 0.050476971643638679, 0.056268758609479635], [0.17512236761584526, 0.1619564906034287, 0.048192968371954921, 0.010729382754040132, 0.22721335331152778, 0.10095756647924056, 0.061467597720307812, 0.11001516460228818, 0.047109106956295665, 0.057236001585070841]],
	"estimated_matrix":	[[0.31006739668521649, 0.23844716070074734, 0.18832556716617488, 0.0941295477405504, 0.035248418381897011, 0.0395248472385794, 0.024336626229140443, 0.027055138076954675, 0.02996877527614698, 0.012896522504592623], [0.036867241222602667, 0.27544795686847828, 0.15235612970157747, 0.19686237375712975, 0.15283521731396876, 0.052757668773075146, 0.0303591116183105, 0.049970809750003148, 0.027046678585089017, 0.025496812409765653], [0.0508083228369403, 0.17319763022731244, 0.081903581325254965, 0.059538643917869422, 0.14367697338089028, 0.10339325066027996, 0.092540843782377064, 0.24402826564373445, 0.0306163529291954, 0.020296135296146729], [0.05064195855423128, 0.057417604914203862, 0.053999800580455823, 0.047795299787726, 0.19649738927667595, 0.094011411831414149, 0.05361025617809044, 0.19922125231208423, 0.13012844868702614, 0.11667657787809273]],
	"log_likelihood":	[-1257.8576700433516, -902.35294364025674, -921.10134311782735]
}
