{
	"input_file":	"../../instances/J100_M50_G4_I10_L50_seed2.json",
	"method":	"Hit and Run",
	"convergence_threshold":	0.001,
	"iterations_made":	2,
	"max_iterations":	10000,
	"time_taken":	2.102678,
	"ground_truth_matrix":	[[0.11991661550111644, 0.0055003363088887832, 0.16704342406662817, 0.11966709003802448, 0.11419385771146613, 0.083961110968791053, 0.047944554745746416, 0.2022021665049108, 0.074581293038413141, 0.0649895511160146], [0.10911846334865041, 0.0846798451193815, 0.016250220290096911, 0.0810237270119616, 0.022921616895543978, 0.17298877101751881, 0.21630711039323489, 0.0766399545108728, 0.21073926823981, 0.0093310231729288751], [0.19966258193982236, 0.019156405580939437, 0.15855947193431905, 0.028802863437738628, 0.038588756331956124, 0.25768408299196249, 0.0726925031860041, 0.03209262146888716, 0.0706085005185904, 0.12215221260978017], [0.083419112105758, 0.029801868665378786, 0.13527487157614856, 0.0872725691336062, 0.0930693838728003, 0.064704452441190968, 0.2087249734595181, 0.11473843959917937, 0.023422700795430153, 0.15957162835098973]],
	"estimated_matrix":	[[0.3204727581716621, 0.026229216711495609, 0.18009555999609311, 0.11594169632528709, 0.097359111963379333, 0.10452400217376052, 0.046803495570272712, 0.045082444018693824, 0.038056903392190769, 0.025434811677165332], [0.081225515987811858, 0.07657765594045797, 0.13635351681354477, 0.085843709657349637, 0.040626207624215184, 0.19246060342094273, 0.201675558787474, 0.09838405392092156, 0.0628100171238905, 0.024043160723391584], [0.0638378217565113, 0.023093560050352367, 0.13363354594348387, 0.088542505958073045, 0.0719088518409511, 0.22748215797094168, 0.081775958000066831, 0.1413515744337282, 0.13307980335144015, 0.035294220694451359], [0.043620941176823032, 0.025298077474915508, 0.0392920916976009, 0.036745373943479424, 0.0708634354890956, 0.081897033284131532, 0.18115995798204532, 0.11369170244013087, 0.1494314754477675, 0.25799991106401066]],
	"log_likelihood":	[-1285.9522755955595, -931.92323160418835, -937.56694344130233]
}
