{
	"input_file":	"../../instances/J100_M50_G4_I10_L50_seed5.json",
	"method":	"Hit and Run",
	"convergence_threshold":	0.001,
	"iterations_made":	3,
	"max_iterations":	10000,
	"time_taken":	2.620038,
	"ground_truth_matrix":	[[0.026715474938408819, 0.21773719390232371, 0.024646306624725028, 0.26697533847630672, 0.071331461147205, 0.10069016905056917, 0.15453730446846922, 0.0777644459444631, 0.037474746424589631, 0.022127559022939464], [0.011432530344489289, 0.1821179371482772, 0.079056145214111834, 0.02340391124384544, 0.28785667046947466, 0.043499462919321719, 0.072629835700401, 0.047677443735614625, 0.13457350322664272, 0.11775255999782144], [0.0980656442888187, 0.033076972621810384, 0.035863752635601466, 0.031308368631353931, 0.042480730056273688, 0.016664471943367083, 0.019381380265742564, 0.35563741156193152, 0.345173883787732, 0.022347384207368561], [0.0024998014743971664, 0.023249233544709712, 0.12225828191408337, 0.15359586527260127, 0.00235689573151083, 0.087565373473592542, 0.00016696494934188776, 0.073609992628529172, 0.10373145122203967, 0.43096613978919429]],
	"estimated_matrix":	[[0.09044646014827333, 0.31579225686842627, 0.0880195329216283, 0.23488794082124737, 0.089463771736238346, 0.0816073622476455, 0.0513976227265356, 0.018504731985587736, 0.0232260280996351, 0.0066542924447821235], [0.012898344322549906, 0.094344280886492465, 0.13723568457288657, 0.12807525726790958, 0.2232027084839866, 0.05025639301892515, 0.1522746332920227, 0.097203082650775929, 0.078084461625468324, 0.026425153878982706], [0.028066126297636076, 0.020600493235740765, 0.020331981299206613, 0.0524680607731407, 0.06265539643398417, 0.061537957437899762, 0.050897137651299, 0.34704775839643842, 0.34755266891853248, 0.0088424195561223936], [0.010060451617892095, 0.0087717361762329, 0.023108944264427049, 0.031443229599747775, 0.012555069422088172, 0.040933208649772915, 0.016574889957712627, 0.11019112519633527, 0.18018798048017312, 0.56617336463561851]],
	"log_likelihood":	[-1272.3499596471272, -786.252685784028, -782.437110574641, -833.64023439539676]
}
