{
	"input_file":	"../../instances/J100_M50_G4_I10_L50_seed6.json",
	"method":	"Hit and Run",
	"convergence_threshold":	0.001,
	"iterations_made":	3,
	"max_iterations":	10000,
	"time_taken":	2.631052,
	"ground_truth_matrix":	[[0.2757785884142302, 0.049811174985890418, 0.21256714574811184, 0.0052585713872016051, 0.0140634359385901, 0.11161384679915949, 0.093172468949395029, 0.067002269496367034, 0.0504463957726052, 0.12028610250844927], [0.037829281177702068, 0.087361551550571126, 0.047893920136897319, 0.056745822878612753, 0.0680224331729206, 0.30367179058157329, 0.11247047241485471, 0.0349793289128446, 0.13711825271796652, 0.11390714645605694], [0.005413509600190102, 0.12255642412443131, 0.15659858686385889, 0.12886126867449413, 0.11934533866161898, 0.07524458775695847, 0.012885711406898518, 0.30556443953072565, 0.049894633529748239, 0.023635499851075638], [0.090164733028354122, 0.36765682516296033, 0.021069090239579279, 0.079412694323611074, 0.065221546149441673, 0.0901789470722112, 0.19771721902747164, 0.030945402439308864, 0.020879499661255487, 0.0367540428958064]],
	"estimated_matrix":	[[0.35653668129112814, 0.18343463162595017, 0.16160449154589654, 0.032768158005416569, 0.026250585772705611, 0.10305841240646274, 0.037175054415027581, 0.024394833204667028, 0.035373654596430625, 0.039403497136315364], [0.0097793640257169637, 0.23396237121166305, 0.093805496029134572, 0.055035745968973517, 0.070586328050650377, 0.25953154002104128, 0.13825717486554021, 0.052196673168644542, 0.053480280679684168, 0.033365025978952], [0.016993592945456049, 0.10842604572698561, 0.10727750506731837, 0.11225463589581203, 0.10311522812601959, 0.094177971796400653, 0.0749693356719948, 0.26827537482032415, 0.087100793385813557, 0.02740951656387532], [0.026562402892260889, 0.0940339102812498, 0.035510757382989859, 0.064792699396023, 0.048082789576710888, 0.12406568741611104, 0.17942603661896384, 0.12329135323841833, 0.090533527134132125, 0.21370083606314033]],
	"log_likelihood":	[-1346.2886854233225, -984.43238062814532, -980.125005151455, -1007.9316562110336]
}
