{
	"input_file":	"../../instances/J100_M50_G4_I10_L50_seed15.json",
	"method":	"Hit and Run",
	"convergence_threshold":	0.001,
	"iterations_made":	2,
	"max_iterations":	10000,
	"time_taken":	2.133996,
	"ground_truth_matrix":	[[0.39339948770115563, 0.041042950092062262, 0.011639288492786368, 0.093430808791668, 0.067078035960545859, 0.157217266005475, 0.0760380442620253, 0.0756051191039522, 0.02467344936176653, 0.059875550228563078], [0.2953606482247047, 0.036288091571448439, 0.14966549434619961, 0.23753843791970947, 0.19467365456822786, 0.027970400863696843, 0.021652015798033372, 0.00565896413313319, 0.00475841081323897, 0.0264338817616074], [0.4551716897329145, 0.032506860223525939, 0.099599876553778, 0.044701146428546813, 0.049670784992480038, 0.20217060418700536, 0.00807758594348576, 0.043600597580280752, 0.010636544040331203, 0.053864310317651654], [0.052571421830119418, 0.11419191992446751, 0.16211882632878732, 0.067048666787579, 0.144369323587347, 0.1523146549010575, 0.08060745680876423, 0.0763970285101682, 0.0732510321786754, 0.077129669143034332]],
	"estimated_matrix":	[[0.62169846335281365, 0.035645086669422267, 0.04819667639822043, 0.06804986251505013, 0.0600794928258583, 0.0657263230312951, 0.037848740354706735, 0.031202364379477918, 0.00996304053922255, 0.021589949933932769], [0.30656688414326433, 0.0738495466420549, 0.13880160293924823, 0.18927631064553171, 0.1317896027991772, 0.0823374297165282, 0.039668296564526931, 0.01421743053255513, 0.00985315642318591, 0.013639739593927521], [0.20915742705435406, 0.060449350934024572, 0.19832481481946537, 0.089486264564870049, 0.11532669060976446, 0.19585782653074, 0.03233343766675123, 0.051698502503851614, 0.019576802680059235, 0.027788882636119984], [0.0464568388503642, 0.0500791101921346, 0.073918060056919949, 0.077202206024162723, 0.156959221330808, 0.18186424139081195, 0.066194879236225468, 0.10700298357482788, 0.069502263113651361, 0.17082019623009354]],
	"log_likelihood":	[-1188.6176947591455, -878.265214235438, -889.47690948312322]
}
