{
	"input_file":	"../../instances/J100_M50_G4_I10_L50_seed10.json",
	"method":	"Hit and Run",
	"convergence_threshold":	0.001,
	"iterations_made":	2,
	"max_iterations":	10000,
	"time_taken":	2.116621,
	"ground_truth_matrix":	[[0.21843127705125, 0.00310455594308142, 0.14866145756024521, 0.20452786828098479, 0.10217584773651123, 0.037696783123583662, 0.032677328835812119, 0.21160574168951965, 0.027426722860244761, 0.013692416918767124], [0.089337698565748663, 0.23688004378999766, 0.000305646789730184, 0.055459840205091121, 0.12938125590902735, 0.0732507112687405, 0.0988351780171504, 0.026665214833852879, 0.19301748277755362, 0.0968669278431076], [0.10672896050204253, 0.020927421351082318, 0.063779059262355456, 0.153018180528831, 0.0795746549692582, 0.0776761725567312, 0.13124552522321278, 0.098226905335430229, 0.14342301595160181, 0.12540010431945453], [0.1919861357043022, 0.0865406000475947, 0.28084304616379091, 0.045128827850497613, 0.011127371584026975, 0.041976099394574959, 0.014202749869359089, 0.20704656332915794, 0.0056368930526053875, 0.11551171300409022]],
	"estimated_matrix":	[[0.47303054681671425, 0.051673488176824468, 0.15022931396465086, 0.142504365403913, 0.057533954390731563, 0.019785946968307693, 0.0117345748820803, 0.055048556870721972, 0.0217360208552668, 0.016723231670789179], [0.081908948735042272, 0.244045035269566, 0.12155715323762174, 0.065721850355530437, 0.11702206725507865, 0.0871380681260733, 0.0985615076370267, 0.089595969349323762, 0.059867169995637161, 0.034582230039099715], [0.0373421533432834, 0.037148383890294567, 0.11346023166634252, 0.12588484544261511, 0.07758094506088424, 0.0843904957000274, 0.11394708149188805, 0.19750457990713635, 0.15992046365835141, 0.052820819839176671], [0.051043171304139941, 0.040715559978197112, 0.15476055111081871, 0.0737789781783806, 0.043039842714623772, 0.04071898206174103, 0.048615846022830089, 0.21971435915647511, 0.092189070369968026, 0.23542363910282565]],
	"log_likelihood":	[-1318.8101086744045, -900.15952097694083, -909.32106916999328]
}
