{
	"input_file":	"../../instances/J100_M50_G4_I10_L50_seed12.json",
	"method":	"Hit and Run",
	"convergence_threshold":	0.001,
	"iterations_made":	3,
	"max_iterations":	10000,
	"time_taken":	2.609334,
	"ground_truth_matrix":	[[0.015582156525603087, 0.12538666210153721, 0.028440975506022707, 0.0710115388820721, 0.0013664386086365743, 0.2336170641797074, 0.21496368670652949, 0.0031636168665235879, 0.29273265374842722, 0.013735206874940618], [0.033685472240404149, 0.094004134275044657, 0.29125377741216613, 0.19328498797955979, 0.00022822457699712571, 0.074318804422831147, 0.0810309053295545, 0.067032982095265731, 0.14748154604349473, 0.017679165624682143], [0.20048479434601485, 0.0029150704700110059, 0.020137011718670491, 0.017134292221539584, 0.051415898857770453, 0.15429323352817573, 0.088328200571823071, 0.23478377805692366, 0.047395008217637064, 0.18311271201143423], [0.0857547781576633, 0.0280620670905269, 0.028810319901014445, 0.2700700037876394, 0.069276535430054548, 0.21227562261024174, 0.10315021172868229, 0.12325061444742259, 0.03690785596159827, 0.042441990885156468]],
	"estimated_matrix":	[[0.20053611336230037, 0.15255763183391174, 0.0879148332663762, 0.1040109453202273, 0.021973697938312955, 0.19819825365382879, 0.13503709071425471, 0.019609394459499281, 0.0703188542938624, 0.00984318515742616], [0.048966023554863569, 0.048987715840170032, 0.273836765655358, 0.22337002141947276, 0.0064798415493408984, 0.11710057713513607, 0.13920137799707932, 0.073098821690373766, 0.05539056514937208, 0.013568290008833412], [0.05908895465625992, 0.020563870155251129, 0.022646599475129519, 0.11470938994925466, 0.042359445956167974, 0.2018612401355013, 0.10425421818145394, 0.18890315526054918, 0.20092119942199368, 0.044691926808438559], [0.030336589187896924, 0.016873687860309374, 0.01468463328316311, 0.0866819168655175, 0.046826779486655472, 0.18121275227332481, 0.11667793846361094, 0.14258539018273478, 0.18956016723547828, 0.174560145161308]],
	"log_likelihood":	[-1533.840441657934, -1204.09538224236, -1202.6269318710033, -1233.3984911079806]
}
