{
	"input_file":	"../../instances/J100_M50_G4_I10_L50_seed9.json",
	"method":	"Hit and Run",
	"convergence_threshold":	0.001,
	"iterations_made":	3,
	"max_iterations":	10000,
	"time_taken":	2.620683,
	"ground_truth_matrix":	[[0.0031845878535814529, 0.21281910917822938, 0.20910140020993273, 0.043874767354241673, 0.046808571478480061, 0.075310909771104, 0.16556334873637976, 0.0870796615220599, 0.026813439019434428, 0.12944420487655667], [0.0142710070749783, 0.16490781651527461, 0.23584109291398292, 0.0030910774066948976, 0.093939200833778158, 0.066516745753404521, 0.17855868802116745, 0.085985088518246378, 0.0620822392605847, 0.0948070437018881], [0.029749867779614324, 0.072198273449989248, 0.10609433568271461, 0.038165718905451625, 0.17185928702530912, 0.099157362908030441, 0.24942287516209627, 0.011319994990374232, 0.044833360092397113, 0.177198924004023], [0.0752028946487588, 0.14144413173079354, 0.25355459418123122, 0.014719976569851292, 0.0199782340187023, 0.14823323769446353, 0.1697994559674898, 0.10184511376430988, 0.030556255175655311, 0.044666106248744418]],
	"estimated_matrix":	[[0.044317465453395676, 0.39085778752402428, 0.2349182895757958, 0.0391798806181011, 0.063153350395948771, 0.081465027642252677, 0.065941353183219559, 0.029525565057001459, 0.022212819839006456, 0.028428460711254377], [0.012875423811939481, 0.13979554199093086, 0.33355422266483387, 0.00759849914425168, 0.0933325046962092, 0.086629314829033827, 0.218222395217798, 0.043802431020145763, 0.036254674255660958, 0.027934992369196016], [0.021100665112021324, 0.019134697721929581, 0.15346938860850134, 0.040826858408828749, 0.12621791963942058, 0.092420393476811927, 0.3030980596445853, 0.097573952534123459, 0.064813981728916378, 0.081344083124861327], [0.03609328693701732, 0.04005068139330633, 0.11626825910211107, 0.02036465747178438, 0.0396586337217426, 0.1291615785333273, 0.18572985355499178, 0.096405058578363456, 0.064786642292341545, 0.27148134841501442]],
	"log_likelihood":	[-1316.5027749177264, -944.04948693040922, -940.60281430263456, -967.73007950196279]
}
