{
	"input_file":	"../../instances/J100_M50_G4_I10_L50_seed4.json",
	"method":	"Hit and Run",
	"convergence_threshold":	0.001,
	"iterations_made":	2,
	"max_iterations":	10000,
	"time_taken":	2.069547,
	"ground_truth_matrix":	[[0.22583551318107506, 0.052443917345447011, 0.23828791306220862, 0.0830378819242122, 0.079186543171321358, 0.016113585473482447, 0.24761394129387149, 0.00041364337115573342, 0.019304135128980132, 0.037762926048245667], [0.12006391970874336, 0.017497584298260781, 0.15791029373823773, 0.32558754806371482, 0.014215320954268749, 0.072264894734091964, 0.00071710695160031874, 0.038822962732027649, 0.0035880152585265278, 0.249332353560528], [0.055515405364858314, 0.28830098826938388, 0.1495248801034782, 0.19495435552022833, 0.018424095092939071, 0.00754847271122037, 0.0889614160291074, 0.017817431884025, 0.12808472611908472, 0.0508682289056748], [0.0866995985623684, 0.3203931365668275, 0.0851894114973985, 0.013226544553905954, 0.019895455387539254, 0.0910104426573138, 0.0858452373772756, 0.11724633796272703, 0.0592935471165809, 0.12120028831806316]],
	"estimated_matrix":	[[0.38722298315546838, 0.14850802528158605, 0.20103451063039057, 0.0820830461746513, 0.053575804119569019, 0.013230071568520897, 0.0538124431095424, 0.00904859571616144, 0.014800588198911085, 0.036683932045199159], [0.0341015947250356, 0.21352985489413967, 0.19701740744262092, 0.254331486760276, 0.033058849026297826, 0.078540815508917, 0.0851401160286839, 0.024380806160468338, 0.016764482980129877, 0.0631345864734306], [0.032672018963460038, 0.20609951649661917, 0.14983081050838976, 0.17732389519839267, 0.0342147430904034, 0.022954050626966784, 0.16390991569350907, 0.044652316210679679, 0.102792502678237, 0.065550230533342441], [0.033437346136806122, 0.10058592797195978, 0.0991542630224259, 0.0774541656578534, 0.019095435173415887, 0.066961031832016973, 0.12364926408182046, 0.0916504448713389, 0.094570057293273058, 0.29344206395909]],
	"log_likelihood":	[-1434.6058522006235, -1103.0506845932136, -1107.708798814084]
}
