{
	"input_file":	"../../instances/J100_M50_G4_I2_L50_seed19.json",
	"method":	"Hit and Run",
	"convergence_threshold":	0.001,
	"iterations_made":	16,
	"max_iterations":	10000,
	"time_taken":	0.804230838,
	"ground_truth_matrix":	[[0.0668576111835421, 0.933142388816458], [0.65610367000627345, 0.34389632999372649], [0.82291076733637858, 0.17708923266362139], [0.404213041291647, 0.595786958708353]],
	"estimated_matrix":	[[0.21283996523600066, 0.787160034763998], [0.682079980707034, 0.3179200192929662], [0.74482962059101832, 0.25517037940898174], [0.3476661553701621, 0.65233384462983846]],
	"log_likelihood":	[-152.64999876284062, -116.11197568179321, -97.161140608472422, -86.43501257221105, -79.699011333748473, -75.113204140046122, -71.8150063320227, -69.358146624102361, -67.488027096378261, -66.0456440858175, -64.924196183259369, -64.048000037135978, -63.3613920965454, -62.8224037050021, -62.398874750586742, -62.065902033227026, -61.800444987821663]
}
