{
	"input_file":	"../../instances/J100_M50_G4_I2_L50_seed16.json",
	"method":	"Hit and Run",
	"convergence_threshold":	0.001,
	"iterations_made":	11,
	"max_iterations":	10000,
	"time_taken":	0.648390525,
	"ground_truth_matrix":	[[0.25440151136213868, 0.74559848863786138], [0.944877609836287, 0.055122390163713141], [0.63932175408727943, 0.36067824591272069], [0.867146824078388, 0.13285317592161219]],
	"estimated_matrix":	[[0.47954282909066165, 0.52045717090933818], [0.85402806563491374, 0.14597193436508651], [0.62326092169579428, 0.37673907830420583], [0.751603480621079, 0.24839651937892052]],
	"log_likelihood":	[-125.5401028110871, -105.45805481685157, -94.792497132560271, -88.912453750666543, -85.6662977908038, -83.8988360862313, -82.9521134467697, -82.456004657667322, -82.2058868130068, -82.089228369301168, -82.043992204333776, -82.030414342076753]
}
