{
	"input_file":	"../../instances/J100_M50_G4_I2_L50_seed4.json",
	"method":	"Hit and Run",
	"convergence_threshold":	0.001,
	"iterations_made":	12,
	"max_iterations":	10000,
	"time_taken":	0.687387404,
	"ground_truth_matrix":	[[0.81154224282326637, 0.1884577571767336], [0.74157729251795246, 0.25842270748204754], [0.830917484555137, 0.16908251544486275], [0.99833226868005676, 0.0016677313199432154]],
	"estimated_matrix":	[[0.826654726645628, 0.17334527335437225], [0.77111116682614278, 0.22888883317385761], [0.82889594396647548, 0.17110405603352519], [0.935912975760338, 0.064087024239661422]],
	"log_likelihood":	[-43.4971798185328, -38.054079687849622, -34.729660000156557, -32.581132610388487, -31.120175980885175, -30.083696638010643, -29.322832374969341, -28.748909027870639, -28.30648286111083, -27.959374093942142, -27.683096368298681, -27.460558018009419, -27.270789213038444]
}
