{
	"input_file":	"../../instances/J100_M50_G4_I2_L50_seed1.json",
	"method":	"Hit and Run",
	"convergence_threshold":	0.001,
	"iterations_made":	20,
	"max_iterations":	10000,
	"time_taken":	0.88237435,
	"ground_truth_matrix":	[[0.297511488970571, 0.702488511029429], [0.00031761382895504226, 0.99968238617104477], [0.620945430067681, 0.3790545699323189], [0.327118775180985, 0.672881224819015]],
	"estimated_matrix":	[[0.399821860804421, 0.60017813919557972], [0.011514958301221642, 0.98848504169877849], [0.55911870780152517, 0.44088129219847488], [0.26933569522790984, 0.73066430477209032]],
	"log_likelihood":	[-123.12743791171692, -91.892221204109731, -75.3598268341949, -65.721517247395454, -59.670759193356368, -55.689633824949624, -52.955600310844829, -51.002102100108381, -49.5673087421475, -48.498468089276386, -47.699344129687368, -47.1041156348973, -46.664849309551265, -46.345406657504924, -46.118161062970522, -45.961898023954554, -45.8602862008883, -45.8007139382202, -45.7734051188738, -45.77075345029008, -45.741480674550118]
}
