{
	"input_file":	"../../instances/J100_M50_G4_I2_L50_seed12.json",
	"method":	"Hit and Run",
	"convergence_threshold":	0.001,
	"iterations_made":	15,
	"max_iterations":	10000,
	"time_taken":	0.752287931,
	"ground_truth_matrix":	[[0.11053619287835263, 0.88946380712164752], [0.28597542938972, 0.71402457061028], [0.0058150405982643075, 0.99418495940173579], [0.985496465528608, 0.014503534471392115]],
	"estimated_matrix":	[[0.17562631440221246, 0.82437368559778834], [0.34779014290993, 0.6522098570900694], [0.064640468887582764, 0.935359531112417], [0.80655255578649054, 0.1934474442135104]],
	"log_likelihood":	[-267.158120304618, -199.61912845802254, -162.95905336009292, -141.94149036534, -127.98059506511075, -118.52781054823615, -112.79192424302785, -109.18944276142359, -106.755228460389, -105.09699040065318, -103.99610261540954, -103.28330810656422, -102.82878030883754, -102.54072889151958, -102.35817816396062, -102.23578691097278]
}
