{
	"input_file":	"../../instances/J100_M50_G4_I2_L50_seed14.json",
	"method":	"Hit and Run",
	"convergence_threshold":	0.001,
	"iterations_made":	20,
	"max_iterations":	10000,
	"time_taken":	0.91908789,
	"ground_truth_matrix":	[[0.32718470976908715, 0.6728152902309128], [0.99606184581514945, 0.0039381541848506141], [0.104967871470104, 0.895032128529896], [0.65259594969166024, 0.34740405030833971]],
	"estimated_matrix":	[[0.46379332917834576, 0.536206670821655], [0.96617099674220974, 0.0338290032577907], [0.0937190215149242, 0.906280978485076], [0.546048260454563, 0.45395173954543711]],
	"log_likelihood":	[-200.62392043260937, -138.83901506898542, -108.47274087132934, -91.469619030409476, -80.8405498618723, -73.569101190885945, -68.3041651153462, -64.3379668707417, -61.236883600637, -58.75039065024, -56.762779824281814, -55.222255994069911, -54.081223964217322, -53.273272778415127, -52.720709354138116, -52.351189885445244, -52.1076573348215, -51.949319514453613, -51.84825829856937, -51.78556036277552, -51.730211939609745]
}
