{
	"input_file":	"../../instances/J100_M50_G4_I2_L50_seed11.json",
	"method":	"Hit and Run",
	"convergence_threshold":	0.001,
	"iterations_made":	14,
	"max_iterations":	10000,
	"time_taken":	0.736107,
	"ground_truth_matrix":	[[0.90996736531017963, 0.0900326346898204], [0.3252452051574129, 0.674754794842587], [0.45066551343952227, 0.54933448656047779], [0.018886815503540464, 0.98111318449645957]],
	"estimated_matrix":	[[0.923243351286921, 0.0767566487130787], [0.322922651966539, 0.67707734803346042], [0.41706725051332977, 0.58293274948667029], [0.028134572186649373, 0.97186542781335028]],
	"log_likelihood":	[-195.00063709937484, -120.69817427719347, -83.2007980879962, -63.153234894113311, -51.502848378547235, -44.515582095900221, -40.362007917710983, -37.934599599422079, -36.543307404131575, -35.7686835115445, -35.359005495147784, -35.163262844359679, -35.090641754892061, -35.086550867543117, -35.118360217674123]
}
