{
	"input_file":	"../../instances/J100_M50_G4_I2_L50_seed9.json",
	"method":	"Hit and Run",
	"convergence_threshold":	0.001,
	"iterations_made":	13,
	"max_iterations":	10000,
	"time_taken":	0.734319762,
	"ground_truth_matrix":	[[0.014743209941968996, 0.985256790058031], [0.82656560980942351, 0.17343439019057644], [0.38330142741774459, 0.61669857258225547], [0.65532526930793666, 0.34467473069206339]],
	"estimated_matrix":	[[0.18508734669495036, 0.81491265330505036], [0.79733769523533427, 0.20266230476466524], [0.37291899312640753, 0.627081006873593], [0.53080911978024425, 0.46919088021975586]],
	"log_likelihood":	[-170.7597321853824, -127.82489831055361, -105.4792969972259, -92.970626958548664, -85.578489664453045, -80.9844759411544, -77.993753197853465, -75.97102831555685, -74.562345348146152, -73.5598216751283, -72.835047662863232, -72.305128677334437, -71.914560350073941, -71.620365850448039]
}
