{
	"input_file":	"../../instances/J100_M50_G4_I2_L50_seed3.json",
	"method":	"Hit and Run",
	"convergence_threshold":	0.001,
	"iterations_made":	2,
	"max_iterations":	10000,
	"time_taken":	0.416132,
	"ground_truth_matrix":	[[0.39388041818446978, 0.60611958181553], [0.32467278858124587, 0.675327211418754], [0.49647207203009674, 0.50352792796990342], [0.3662289503236717, 0.63377104967632825]],
	"estimated_matrix":	[[0.47625206974336848, 0.52374793025663147], [0.38708538837168055, 0.612914611628319], [0.40877219294047784, 0.591227807059522], [0.32124233336626967, 0.67875766663373]],
	"log_likelihood":	[-42.5840517183202, -42.000103492766428, -43.983866082528166]
}
