{
	"input_file":	"../../instances/J100_M50_G4_I3_L50_seed3.json",
	"method":	"Hit and Run",
	"convergence_threshold":	0.001,
	"iterations_made":	4,
	"max_iterations":	10000,
	"time_taken":	0.600269,
	"ground_truth_matrix":	[[0.33688219083814136, 0.518408337162583, 0.1447094719992755], [0.13709494665374614, 0.42840825980005576, 0.43449679354619813], [0.32007545057654463, 0.55390092484015363, 0.12602362458330174], [0.475692357133093, 0.024822571764609672, 0.49948507110229734]],
	"estimated_matrix":	[[0.42831897493132953, 0.428292928829276, 0.14338809623939455], [0.23846599532317186, 0.475955913639149, 0.28557809103767934], [0.27800284345779719, 0.5242407202629038, 0.19775643627929959], [0.32384502797256765, 0.13343867045527319, 0.542716301572159]],
	"log_likelihood":	[-203.95636824853341, -161.57320028792427, -150.27133773128165, -148.48948916870359, -149.94628114415875]
}
