{
	"input_file":	"../../instances/J100_M50_G4_I3_L50_seed1.json",
	"method":	"Hit and Run",
	"convergence_threshold":	0.001,
	"iterations_made":	5,
	"max_iterations":	10000,
	"time_taken":	0.777299,
	"ground_truth_matrix":	[[0.29749272785290543, 0.70244421200198748, 6.3060145107194e-05], [0.58481013050579844, 0.25781025207282132, 0.15737961742138015], [0.181511853553677, 0.373368719881009, 0.445119426565314], [0.31294128737882621, 0.2196927122672046, 0.467366000353969]],
	"estimated_matrix":	[[0.45238198447877487, 0.50619838569504583, 0.041419629826179513], [0.551759954140212, 0.338360377983734, 0.10987966787605405], [0.17347935180769569, 0.42423212280258688, 0.40228852538971771], [0.17393319150455883, 0.29166586147988971, 0.534400947015552]],
	"log_likelihood":	[-233.50275793657286, -175.55000830776018, -154.87800571487438, -149.51893035489928, -149.05938643712668, -149.75065532963822]
}
