{
	"input_file":	"../../instances/J100_M50_G4_I3_L50_seed18.json",
	"method":	"Hit and Run",
	"convergence_threshold":	0.001,
	"iterations_made":	4,
	"max_iterations":	10000,
	"time_taken":	0.60695,
	"ground_truth_matrix":	[[0.2719923306744691, 0.18223906229356635, 0.54576860703196461], [0.0573478133834925, 0.54637337389464335, 0.39627881272186422], [0.18885986669153693, 0.76000184958232464, 0.051138283726138462], [0.0098407100454399737, 0.34608044948750466, 0.64407884046705544]],
	"estimated_matrix":	[[0.29501274472965944, 0.357993893546718, 0.34699336172362272], [0.069393395660715743, 0.60163552494094352, 0.32897107939834114], [0.13062274552389175, 0.662542126546647, 0.20683512792946118], [0.030948611472521606, 0.23603331804488881, 0.73301807048258982]],
	"log_likelihood":	[-223.28950918403336, -163.56836125552044, -151.59775681138512, -151.35076010258069, -153.894830162503]
}
