{
	"input_file":	"../../instances/J100_M50_G4_I3_L50_seed16.json",
	"method":	"Hit and Run",
	"convergence_threshold":	0.001,
	"iterations_made":	12,
	"max_iterations":	10000,
	"time_taken":	1.052682372,
	"ground_truth_matrix":	[[0.14090457732224396, 0.41296232609275713, 0.44613309658499889], [0.062522697791787138, 0.599349633264765, 0.3381276689434477], [0.82257953957974517, 0.12602514504674908, 0.0513953153735057], [0.7565924537553117, 0.22170157285653438, 0.021705973388153763]],
	"estimated_matrix":	[[0.37945975788216374, 0.33745658327596983, 0.28308365884186665], [0.20153628096191323, 0.57367126546520475, 0.22479245357288236], [0.68640523329347125, 0.18212353564707032, 0.13147123105945879], [0.50720311723742051, 0.28266094258665259, 0.21013594017592679]],
	"log_likelihood":	[-324.58735979795517, -293.622331335989, -279.63518169862, -272.18137538780138, -268.48819743912048, -266.76915169722986, -266.01085830081024, -265.687766653297, -265.54894401357558, -265.482671455099, -265.44277830349125, -265.41200886377214, -265.37949521900316]
}
