{
	"input_file":	"../../instances/J100_M50_G4_I3_L50_seed14.json",
	"method":	"Hit and Run",
	"convergence_threshold":	0.001,
	"iterations_made":	5,
	"max_iterations":	10000,
	"time_taken":	0.651976,
	"ground_truth_matrix":	[[0.16980903280015061, 0.34919148198550209, 0.48099948521434727], [0.0022826956347437562, 0.10472826176811086, 0.89298904259714529], [0.38331171056814639, 0.20405281529085445, 0.41263547414099916], [0.10819096507086004, 0.71055994962537883, 0.18124908530376127]],
	"estimated_matrix":	[[0.24725453207383907, 0.44438449121984036, 0.30836097670632034], [0.0663459766882474, 0.2138850292325972, 0.71976899407915551], [0.24658747657959348, 0.30228810496925934, 0.451124418451147], [0.0971718824188719, 0.411389582724711, 0.49143853485641731]],
	"log_likelihood":	[-240.46050199212215, -215.66661979738575, -208.20902571667031, -206.20813512265738, -206.12845730909956, -206.63048270104687]
}
