{
	"input_file":	"../../instances/J100_M50_G4_I3_L50_seed20.json",
	"method":	"Hit and Run",
	"convergence_threshold":	0.001,
	"iterations_made":	4,
	"max_iterations":	10000,
	"time_taken":	0.59165,
	"ground_truth_matrix":	[[0.16462456721633445, 0.42313389130268786, 0.41224154148097764], [0.582351120333567, 0.012580030813523983, 0.405068848852909], [0.20877069949759983, 0.3206161607287713, 0.47061313977362884], [0.11962298431176888, 0.17647027434518489, 0.70390674134304621]],
	"estimated_matrix":	[[0.31154326224410456, 0.38307689924719146, 0.305379838508704], [0.48069963962502732, 0.10312971089308876, 0.41617064948188381], [0.17055372800244117, 0.296146776600702, 0.533299495396857], [0.0872444920961902, 0.13324688523660083, 0.779508622667209]],
	"log_likelihood":	[-196.29969293873057, -133.74773498386534, -118.98437648001075, -117.74610878346319, -119.76921568121813]
}
