{
	"input_file":	"../../instances/J100_M50_G4_I3_L50_seed19.json",
	"method":	"Hit and Run",
	"convergence_threshold":	0.001,
	"iterations_made":	6,
	"max_iterations":	10000,
	"time_taken":	0.720298,
	"ground_truth_matrix":	[[0.05643109664837008, 0.78761785528698358, 0.15595104806464638], [0.23302035588171555, 0.63115580747276, 0.13582383664552442], [0.16351092624063165, 0.24100577544256716, 0.595483298316801], [0.49269803671758838, 0.11870019027295735, 0.38860177300945425]],
	"estimated_matrix":	[[0.19314433491755076, 0.673022624829881, 0.13383304025256856], [0.24683168083106813, 0.64613187734818334, 0.10703644182074867], [0.14002428749175061, 0.30778158157083979, 0.55219413093741], [0.3370299136856596, 0.17466654652580985, 0.48830353978853058]],
	"log_likelihood":	[-271.1104486587202, -204.05726254267654, -182.16305532299438, -175.60010449175451, -173.24601139194789, -172.69336764197874, -173.10767094520651]
}
