{
	"input_file":	"../../instances/J100_M50_G4_I3_L50_seed9.json",
	"method":	"Hit and Run",
	"convergence_threshold":	0.001,
	"iterations_made":	5,
	"max_iterations":	10000,
	"time_taken":	0.647637,
	"ground_truth_matrix":	[[0.0074912953861159658, 0.50062704625065, 0.491881658363234], [0.26431498514720508, 0.28198911632292084, 0.45369589852987391], [0.5924477648098716, 0.31160369262214915, 0.095948542567979231], [0.15614525105695157, 0.067210269891934848, 0.77664447905111356]],
	"estimated_matrix":	[[0.16661897991846369, 0.47910201405043373, 0.35427900603110224], [0.33063385260355643, 0.31006610034299342, 0.35930004705345], [0.431757778203929, 0.3130224135657862, 0.25521980823028462], [0.11170152134032581, 0.056333041685001625, 0.83196543697467229]],
	"log_likelihood":	[-275.66151563118586, -192.10727444354561, -164.877821814421, -157.0951234449787, -155.72995236709392, -156.26023887337936]
}
