{
	"input_file":	"../../instances/J100_M50_G4_I3_L50_seed2.json",
	"method":	"Hit and Run",
	"convergence_threshold":	0.001,
	"iterations_made":	4,
	"max_iterations":	10000,
	"time_taken":	0.624458,
	"ground_truth_matrix":	[[0.41002688019419109, 0.0188071163226876, 0.57116600348312141], [0.37652229212981631, 0.359301233438576, 0.26417647443160769], [0.14764526815067625, 0.622681621564415, 0.22967311028490894], [0.15258201494443627, 0.47714012095480163, 0.370277864100762]],
	"estimated_matrix":	[[0.513465714332686, 0.14562057623968808, 0.340913709427626], [0.36493054529239266, 0.37974866030389431, 0.25532079440371269], [0.11044145073801059, 0.56563217431149759, 0.32392637495049187], [0.12253680337938558, 0.3885873359604734, 0.48887586066014183]],
	"log_likelihood":	[-189.43298101469705, -149.10880161544858, -136.71219944137, -134.71775500299523, -135.84228483755507]
}
