{
	"input_file":	"../../instances/J100_M50_G4_I3_L50_seed7.json",
	"method":	"Hit and Run",
	"convergence_threshold":	0.001,
	"iterations_made":	4,
	"max_iterations":	10000,
	"time_taken":	0.610631,
	"ground_truth_matrix":	[[0.036577241285230634, 0.697546888897068, 0.26587586981770139], [0.21879765890019268, 0.6495810753685386, 0.13162126573126864], [0.64224846952680181, 0.069064020825201869, 0.28868750964799622], [0.20036480098911963, 0.32878764303571356, 0.47084755597516686]],
	"estimated_matrix":	[[0.20637348451941032, 0.61355576333018724, 0.18007075215040277], [0.32302635478563141, 0.576581280606813, 0.10039236460755584], [0.43293782752015614, 0.22137695651090289, 0.34568521596894086], [0.15838555248354452, 0.31681120826399162, 0.52480323925246375]],
	"log_likelihood":	[-207.400616602783, -163.21356897807277, -147.3212095286641, -142.55654722994419, -143.96030856713386]
}
