{
	"input_file":	"../../instances/J100_M50_G4_I3_L50_seed11.json",
	"method":	"Hit and Run",
	"convergence_threshold":	0.001,
	"iterations_made":	12,
	"max_iterations":	10000,
	"time_taken":	1.077083034,
	"ground_truth_matrix":	[[0.23647057945119962, 0.02339651959646144, 0.740132900952339], [0.516247965232227, 0.218010359126032, 0.265741675641741], [0.0036490791266723327, 0.1895586707975162, 0.80679225007581146], [0.571859638491515, 0.3935376285596176, 0.03460273294886753]],
	"estimated_matrix":	[[0.40958219635171883, 0.056668778880138417, 0.53374902476814223], [0.44818077118488725, 0.22144663597120026, 0.33037259284391246], [0.068300689729538927, 0.2033254474121044, 0.7283738628583567], [0.368270243609467, 0.35423524408087825, 0.27749451230965472]],
	"log_likelihood":	[-280.506814714936, -237.20180573910764, -221.24144102111867, -212.72783590690776, -207.57307926322267, -204.41386264813937, -202.55623580301071, -201.50214588216858, -200.92086341260355, -200.60817840732074, -200.44376354559108, -200.35929008045318, -200.30600438391974]
}
