{
	"input_file":	"../../instances/J100_M50_G4_I3_L50_seed17.json",
	"method":	"Hit and Run",
	"convergence_threshold":	0.001,
	"iterations_made":	5,
	"max_iterations":	10000,
	"time_taken":	0.651393,
	"ground_truth_matrix":	[[0.26486681729550876, 0.573822371351404, 0.16131081135308734], [0.026190298800185041, 0.575982674279107, 0.397827026920708], [0.53082469934270038, 0.44833211672477563, 0.020843183932523809], [0.12958245300864712, 0.85229935197772044, 0.018118195013632533]],
	"estimated_matrix":	[[0.353112742930264, 0.50652680931422056, 0.14036044775551584], [0.10923423919602256, 0.64237776327411067, 0.24838799752986687], [0.35978219537253264, 0.548890854309665, 0.091326950317802857], [0.13592331942357028, 0.74178097977474122, 0.12229570080168838]],
	"log_likelihood":	[-236.65404425593812, -215.56971866971281, -208.95466312574084, -206.67200974417383, -205.90276835648811, -205.91897132195157]
}
