{
	"input_file":	"../../instances/J100_M50_G4_I4_L50_seed13.json",
	"method":	"Hit and Run",
	"convergence_threshold":	0.001,
	"iterations_made":	3,
	"max_iterations":	10000,
	"time_taken":	0.740561,
	"ground_truth_matrix":	[[0.218317657192871, 0.0393746969740127, 0.25245268623476663, 0.48985495959834957], [0.542201209301642, 0.091058092837147178, 0.14155571116247334, 0.22518498669873749], [0.380550442114957, 0.4747687767594026, 0.013226562056458096, 0.13145421906918225], [0.016696599894866992, 0.53870044864833833, 0.129203674089631, 0.31539927736716344]],
	"estimated_matrix":	[[0.39055244804959754, 0.15070481429629043, 0.19389837434761553, 0.26484436330649663], [0.44815649817041475, 0.24056414627979875, 0.13172874930529105, 0.17955060624449506], [0.21249855517270061, 0.47895930585995328, 0.0857969072206986, 0.22274523174664693], [0.0802960884318985, 0.31243049465252681, 0.13167641398982219, 0.475597002925752]],
	"log_likelihood":	[-379.09072142890517, -316.03017508193386, -308.84685988832933, -311.19396866027944]
}
