{
	"input_file":	"../../instances/J100_M50_G4_I4_L50_seed20.json",
	"method":	"Hit and Run",
	"convergence_threshold":	0.001,
	"iterations_made":	3,
	"max_iterations":	10000,
	"time_taken":	0.805272,
	"ground_truth_matrix":	[[0.12528497207799447, 0.32201948137817415, 0.31373002758429769, 0.23896551895953352], [0.015101828534048147, 0.48626910303626614, 0.19664095811027157, 0.301988110319414], [0.37325565430763752, 0.074973029032247326, 0.1106017466286246, 0.44116957003149054], [0.30820834115463464, 0.38313495378391749, 0.30112165593037288, 0.0075350491310749142]],
	"estimated_matrix":	[[0.2618288645222987, 0.35104835064019158, 0.21002814791116675, 0.17709463692634311], [0.12201246979071256, 0.47511165067772981, 0.20826609366523527, 0.194609785866322], [0.23370668225264521, 0.18170032393110624, 0.15296035453469178, 0.43163263928155737], [0.18953631535567711, 0.251179885206278, 0.3401536046196395, 0.21913019481840507]],
	"log_likelihood":	[-396.52715693738742, -347.81434009896691, -339.98668081197582, -341.28285990199936]
}
