{
	"input_file":	"../../instances/J100_M50_G4_I4_L50_seed10.json",
	"method":	"Hit and Run",
	"convergence_threshold":	0.001,
	"iterations_made":	4,
	"max_iterations":	10000,
	"time_taken":	0.935029,
	"ground_truth_matrix":	[[0.380062145693794, 0.0054018097091338329, 0.25866530336247168, 0.35587074123460055], [0.26597509126643765, 0.0981289174874491, 0.0850627199283102, 0.550833271317803], [0.041167866022291, 0.020552495028497372, 0.25695642103798533, 0.68132321791122641], [0.001182855267320227, 0.214629979163991, 0.500706387852455, 0.283480777716234]],
	"estimated_matrix":	[[0.46356950689548115, 0.0483964520454297, 0.2890287564190317, 0.19900528464005751], [0.19856284000442484, 0.14142914201867568, 0.17925519566817616, 0.48075282230872346], [0.045130956863849117, 0.034522234996312726, 0.28294876729035889, 0.63739804084947926], [0.02243087442429088, 0.12217020895063026, 0.364087374411221, 0.49131154221385814]],
	"log_likelihood":	[-351.41681147342734, -268.5035401412037, -248.81073864941442, -246.138580289537, -249.23215053567452]
}
