{
	"input_file":	"../../instances/J100_M50_G4_I4_L50_seed4.json",
	"method":	"Hit and Run",
	"convergence_threshold":	0.001,
	"iterations_made":	4,
	"max_iterations":	10000,
	"time_taken":	0.838465,
	"ground_truth_matrix":	[[0.37664033529374275, 0.0874640765523398, 0.39740799933549775, 0.1384875888184196], [0.23064419241874784, 0.046933541478898853, 0.72121745986295, 0.0012048062394032465], [0.11244721555034376, 0.21997027355988638, 0.58266717542103574, 0.084915335468733921], [0.27704626812045552, 0.57122821446376149, 0.024940119654536592, 0.12678539776124645]],
	"estimated_matrix":	[[0.523894845553024, 0.095605397887539162, 0.28790803606553111, 0.0925917204939057], [0.25654701623986548, 0.15570337324233816, 0.54912842562452358, 0.038621184893273465], [0.085096080855219441, 0.20977699034059591, 0.64331550719624642, 0.061811421607938385], [0.15226745352464569, 0.441868259107479, 0.22675017854166135, 0.17911410882621417]],
	"log_likelihood":	[-350.4600583871179, -262.01759132506834, -243.78845278426388, -242.6076234390415, -245.44723719107878]
}
