{
	"input_file":	"../../instances/J100_M50_G4_I4_L50_seed14.json",
	"method":	"Hit and Run",
	"convergence_threshold":	0.001,
	"iterations_made":	4,
	"max_iterations":	10000,
	"time_taken":	0.832536,
	"ground_truth_matrix":	[[0.16948671322645967, 0.34852867125185555, 0.48008648579103436, 0.0018981297306503366], [0.079987281299932059, 0.68202951659915934, 0.15530687378570474, 0.0826763283152038], [0.25105168191104937, 0.081029441322241033, 0.532172679173297, 0.13574619759341275], [0.3627498793244377, 0.0027605641290022972, 0.524015969214685, 0.1104735873318748]],
	"estimated_matrix":	[[0.35343389459053737, 0.373768945480604, 0.25036621597064768, 0.022430943958211467], [0.15145530842208688, 0.574644616967918, 0.21822288446927809, 0.055677190140716731], [0.17712013589525974, 0.14303692951047595, 0.60156162768170873, 0.078281306912555929], [0.16488898924356082, 0.067259092275874857, 0.59119459728847468, 0.17665732119209004]],
	"log_likelihood":	[-427.122251582249, -304.73771739659259, -282.19487193987186, -282.06417094955981, -286.14590629412891]
}
