{
	"input_file":	"../../instances/J100_M50_G4_I4_L50_seed11.json",
	"method":	"Hit and Run",
	"convergence_threshold":	0.001,
	"iterations_made":	3,
	"max_iterations":	10000,
	"time_taken":	0.705509,
	"ground_truth_matrix":	[[0.093264539298993046, 0.00922764103013564, 0.2919101149392348, 0.60559770473163632], [0.28831523205269738, 0.351439138882518, 0.0068038927321034627, 0.35344173633268122], [0.46088254985022259, 0.308299510147119, 0.21216300284705122, 0.018654937155607145], [0.41773579520977072, 0.362354055019222, 0.033596557682875387, 0.18631359208813192]],
	"estimated_matrix":	[[0.31418915875351028, 0.10129431303942217, 0.25919508306668659, 0.325321445140381], [0.341734491742769, 0.33302208183084214, 0.033318176353902516, 0.29192525007248649], [0.370144236134528, 0.28445117855546737, 0.18003187149126892, 0.16537271381873567], [0.22018170143748705, 0.304757968422882, 0.072756567463176269, 0.40230376267645468]],
	"log_likelihood":	[-432.283393778841, -391.01237019698362, -383.57920151907746, -385.2668339325179]
}
