{
	"input_file":	"../../instances/J100_M50_G4_I4_L50_seed6.json",
	"method":	"Hit and Run",
	"convergence_threshold":	0.001,
	"iterations_made":	4,
	"max_iterations":	10000,
	"time_taken":	0.81487,
	"ground_truth_matrix":	[[0.507491225944653, 0.091663150517557662, 0.39116873435159927, 0.00967688918619004], [0.049198308552667672, 0.39046023301512889, 0.32594651093818944, 0.23439494749401418], [0.12416321052879148, 0.29605898381257317, 0.17519316033671811, 0.40458464532191729], [0.10054693445790465, 0.11913033047675195, 0.14280407847917545, 0.637518656586168]],
	"estimated_matrix":	[[0.568902290261323, 0.14810836913842, 0.22898287161842129, 0.05400646898183533], [0.063016529057285248, 0.39272914801312381, 0.3951296477158765, 0.14912467521371411], [0.0818771299256493, 0.25517260928923563, 0.268993874170473, 0.39395638661464233], [0.0653984446026884, 0.059047375970151035, 0.14996718139086518, 0.725586998036296]],
	"log_likelihood":	[-352.753853288672, -193.301442317487, -160.853102163693, -157.90650455329822, -161.81142507828]
}
