{
	"input_file":	"../../instances/J100_M50_G4_I4_L50_seed5.json",
	"method":	"Hit and Run",
	"convergence_threshold":	0.001,
	"iterations_made":	4,
	"max_iterations":	10000,
	"time_taken":	0.811907,
	"ground_truth_matrix":	[[0.04983539454067374, 0.40616979444752377, 0.04597554104672593, 0.49801926996507662], [0.17642180632607257, 0.24903375337454553, 0.38221213978536139, 0.19233230051402056], [0.17736032732383658, 0.10472522126556412, 0.042405367741133453, 0.675509083669466], [0.18223419748820011, 0.053948911524286144, 0.66354524613560528, 0.1002716448519083]],
	"estimated_matrix":	[[0.20472551987399792, 0.35016958313373747, 0.15511671440134012, 0.289988182590924], [0.1285799967032828, 0.30438358466156651, 0.3481472018730718, 0.21888921676207843], [0.12092397525573483, 0.10333183025331349, 0.1532095794531694, 0.622534615037782], [0.10961833667386409, 0.041621324737948787, 0.478443827653622, 0.37031651093456486]],
	"log_likelihood":	[-425.61693303775718, -345.96357449702242, -328.517601759846, -327.35238846961789, -329.11237536780919]
}
