{
	"input_file":	"../../instances/J100_M50_G4_I4_L50_seed19.json",
	"method":	"Hit and Run",
	"convergence_threshold":	0.001,
	"iterations_made":	4,
	"max_iterations":	10000,
	"time_taken":	0.838716,
	"ground_truth_matrix":	[[0.052166889316142627, 0.72810163049277654, 0.144166630569279, 0.075564849621801933], [0.12400640059949905, 0.026686001932657091, 0.343301206964579, 0.506006390503265], [0.664535329822959, 0.16528278438434141, 0.039819720179869643, 0.1303621656128299], [0.422084773790076, 0.14271573291742995, 0.064610803438190062, 0.3705886898543041]],
	"estimated_matrix":	[[0.328957654790127, 0.527168873520677, 0.060679914127899283, 0.083193557561296441], [0.208238032783332, 0.11534609164374256, 0.34461240421758127, 0.33180347135534383], [0.50817465722634, 0.232531451871055, 0.091432623983509251, 0.16786126691909575], [0.23207464238034531, 0.18120003281940283, 0.076901011426688273, 0.50982431337356326]],
	"log_likelihood":	[-473.7378487755683, -368.53650060056987, -347.08357163133, -344.32453926918117, -346.45960642012022]
}
