{
	"input_file":	"../../instances/J100_M50_G4_I4_L50_seed17.json",
	"method":	"Hit and Run",
	"convergence_threshold":	0.001,
	"iterations_made":	3,
	"max_iterations":	10000,
	"time_taken":	0.721097,
	"ground_truth_matrix":	[[0.251451374164373, 0.54475840075349535, 0.15314045600906431, 0.0506497690730673], [0.3446886550413053, 0.23807393689403214, 0.22619453600901995, 0.19104287205564249], [0.011524386006546622, 0.12808909480050026, 0.84247712525239948, 0.01790939394055354], [0.3835370373281905, 0.40324346352626877, 0.010100726874787774, 0.203118772270753]],
	"estimated_matrix":	[[0.34568777624786684, 0.497298345744097, 0.11425378094844754, 0.0427600970595892], [0.31975112365896469, 0.3416774786773133, 0.23585136733620038, 0.10272003032752161], [0.089059058303031249, 0.14738342863833062, 0.73211032142456556, 0.0314471916340722], [0.21008507747209607, 0.35821821873704784, 0.16266198341473231, 0.26903472037612319]],
	"log_likelihood":	[-385.52362581492446, -275.82527368990117, -253.33944099646334, -253.3713179888444]
}
