{
	"input_file":	"../../instances/J100_M50_G4_I4_L50_seed12.json",
	"method":	"Hit and Run",
	"convergence_threshold":	0.001,
	"iterations_made":	3,
	"max_iterations":	10000,
	"time_taken":	0.730356,
	"ground_truth_matrix":	[[0.064811871434951526, 0.52152885323862519, 0.11829638888251422, 0.2953628864439089], [0.0030156831164753, 0.515584843486113, 0.47441747954048219, 0.00698199385692937], [0.69001613232409476, 0.032376006581974162, 0.073235027922700938, 0.2043728331712302], [0.52094648144142852, 0.345716149325363, 0.000408210294889534, 0.13292915893831883]],
	"estimated_matrix":	[[0.29306860853127437, 0.42689002383741709, 0.1102197521498626, 0.16982161548144631], [0.1609858189154148, 0.468003157796489, 0.31198652605096383, 0.059024497237132038], [0.53649382653273225, 0.16005145167353776, 0.1457090362898037, 0.15774568550392645], [0.28944594976655524, 0.3889947342291829, 0.061606904953856075, 0.25995241105040573]],
	"log_likelihood":	[-536.00498040130037, -474.57110174607857, -463.68319070622925, -464.51198617040575]
}
