{
	"input_file":	"../../instances/J100_M50_G4_I4_L50_seed8.json",
	"method":	"Hit and Run",
	"convergence_threshold":	0.001,
	"iterations_made":	3,
	"max_iterations":	10000,
	"time_taken":	0.735656,
	"ground_truth_matrix":	[[0.248524592823477, 0.41590713024020765, 0.2445674774618472, 0.0910007994744682], [0.195642639627116, 0.0084665094920574734, 0.41573970330401455, 0.380151147576812], [0.24777481565370346, 0.21805134881656238, 0.27153704946869556, 0.26263678606103863], [0.34076211243970533, 0.29676132101110025, 0.23023370011666558, 0.13224286643252883]],
	"estimated_matrix":	[[0.42539428787195255, 0.35905753716536065, 0.11982737852430971, 0.095720796438377165], [0.23329892144999917, 0.10502794964948921, 0.43672109125705266, 0.22495203764345906], [0.1874344045019673, 0.23185926672857093, 0.31563087185331551, 0.26507545691614648], [0.20391802415413246, 0.26871069150352017, 0.28087833990352917, 0.24649294443881786]],
	"log_likelihood":	[-345.72845902287526, -283.657824254203, -277.6574847572989, -282.41762070178567]
}
