{
	"input_file":	"../../instances/J100_M50_G4_I4_L50_seed16.json",
	"method":	"Hit and Run",
	"convergence_threshold":	0.001,
	"iterations_made":	3,
	"max_iterations":	10000,
	"time_taken":	0.731465,
	"ground_truth_matrix":	[[0.13733033971538156, 0.402486971039085, 0.43481631950235439, 0.025366369743179053], [0.21871205928257512, 0.12338807712654326, 0.57049577727443768, 0.087404086316444057], [0.019119524157554624, 0.74212676605831351, 0.217462744278536, 0.02129096550559572], [0.61348344045944758, 0.0825250715096998, 0.13779843141340273, 0.16619305661744993]],
	"estimated_matrix":	[[0.33026111398218455, 0.39271172373654628, 0.25168010764777432, 0.025347054633494633], [0.24438638964227111, 0.21163153748288674, 0.46575183573849227, 0.0782302371363498], [0.13215965556698064, 0.532626567025059, 0.30877663261481647, 0.026437144793144147], [0.26348600062719579, 0.20432875901194869, 0.36196788444178735, 0.17021735591906847]],
	"log_likelihood":	[-463.12169757962181, -404.75899955457265, -396.46252693072614, -398.06493372914332]
}
