{
	"input_file":	"../../instances/J100_M50_G4_I4_L50_seed9.json",
	"method":	"Hit and Run",
	"convergence_threshold":	0.001,
	"iterations_made":	4,
	"max_iterations":	10000,
	"time_taken":	0.89707,
	"ground_truth_matrix":	[[0.0067904575313161844, 0.453791570266173, 0.445864345135731, 0.093553627066779749], [0.12490196468201752, 0.20095636964109462, 0.44178206861140756, 0.23235959706548037], [0.031330988253750372, 0.15125306603020736, 0.065104505715419259, 0.75231144000062322], [0.59050603392987744, 0.0077395327397986, 0.23520780127629609, 0.16654663205402792]],
	"estimated_matrix":	[[0.22947786236162346, 0.39994754306239738, 0.28266449907031516, 0.0879100955056635], [0.17338374877873267, 0.20529479939429393, 0.46547330699844158, 0.15584814482853229], [0.10202409995600462, 0.13018224950302346, 0.17318818840041056, 0.5946054621405612], [0.25114896266412329, 0.061634106541851974, 0.30671248230400688, 0.38050444849001774]],
	"log_likelihood":	[-482.949484224536, -399.3266086585171, -382.61827714046, -381.43056770022025, -383.47547529903085]
}
