{
	"input_file":	"../../instances/J100_M50_G4_I5_L50_seed6.json",
	"method":	"Hit and Run",
	"convergence_threshold":	0.001,
	"iterations_made":	3,
	"max_iterations":	10000,
	"time_taken":	0.93668,
	"ground_truth_matrix":	[[0.4946888218813566, 0.0893507781441119, 0.38130078011302954, 0.0094327717727180245, 0.025226848088783976], [0.252222664533469, 0.2105492199535523, 0.15141034402812581, 0.11399772270882993, 0.27182004877602278], [0.12700654364811612, 0.2933042438225032, 0.16079716740511793, 0.19051619819117563, 0.22837584693308713], [0.43249033954138028, 0.16018080806887949, 0.0498176725914289, 0.19528425594534821, 0.162226923852963]],
	"estimated_matrix":	[[0.654706280545779, 0.0826019856921258, 0.19133767102500646, 0.026464253511516309, 0.044889809225572577], [0.287950709734934, 0.23201574309150455, 0.21672583211111432, 0.11302108513330369, 0.15028662992914429], [0.1313129652758768, 0.27872812346229842, 0.201794584840815, 0.20499854981771951, 0.18316577660329053], [0.20370844791119538, 0.11390423134711952, 0.14046050856312545, 0.19017805361763054, 0.35174875856092952]],
	"log_likelihood":	[-489.23377461513138, -359.52874155467288, -348.24591580188888, -355.64987022328188]
}
