{
	"input_file":	"../../instances/J100_M50_G4_I5_L50_seed9.json",
	"method":	"Hit and Run",
	"convergence_threshold":	0.001,
	"iterations_made":	3,
	"max_iterations":	10000,
	"time_taken":	0.968435,
	"ground_truth_matrix":	[[0.0061742133612349686, 0.4126093070211917, 0.40540148941948045, 0.085063495583889731, 0.090751494614203052], [0.15553306732402988, 0.34192357446845528, 0.17983804603115919, 0.055375461920108081, 0.26732985025624767], [0.027870328380781784, 0.32205400604816126, 0.460581980701258, 0.0060366687454068944, 0.18345701612439208], [0.13631882836515025, 0.36593659039938975, 0.17621707723248239, 0.12723079011806104, 0.19429671388491665]],
	"estimated_matrix":	[[0.11784017456298275, 0.47957661419292624, 0.274985946902922, 0.055648824918395255, 0.071948439422773638], [0.0796449679655988, 0.45580411021785283, 0.29057187817411811, 0.064283180894837075, 0.109695862747593], [0.0421980701025299, 0.3185549432746963, 0.43662751561850344, 0.02338991752833583, 0.17922955347593433], [0.085064346043256953, 0.21444011391407819, 0.23214611557433018, 0.12318613635673323, 0.34516328811160119]],
	"log_likelihood":	[-494.45250949983551, -405.59961507671829, -400.03713600968615, -402.9064067835983]
}
