{
	"input_file":	"../../instances/J100_M50_G4_I5_L50_seed8.json",
	"method":	"Hit and Run",
	"convergence_threshold":	0.001,
	"iterations_made":	4,
	"max_iterations":	10000,
	"time_taken":	1.106837,
	"ground_truth_matrix":	[[0.2408528232864513, 0.40306838613139045, 0.23701786113606288, 0.088191672404500154, 0.030869257041595231], [0.0046235208136498141, 0.22703348683302479, 0.20759874477234228, 0.29826212688429032, 0.26248212069669274], [0.15472836613195357, 0.14965678117547959, 0.27316305159423143, 0.23789096581818792, 0.18456083528014738], [0.10691664683877969, 0.065693592652813437, 0.70164889803094044, 0.0781969831597336, 0.047543879317732969]],
	"estimated_matrix":	[[0.323929073468726, 0.421484058606976, 0.16720154784402216, 0.049674112089104258, 0.037711207991171711], [0.036220604482020385, 0.25081967590578169, 0.34280360188169245, 0.24820622669585263, 0.121949891034653], [0.0729871264997433, 0.13066001351024434, 0.35710994138871349, 0.28418847384902113, 0.15505444475227775], [0.072060205360537075, 0.058054765107398931, 0.5639196578616, 0.13326493267896594, 0.17270043899149812]],
	"log_likelihood":	[-519.8752688391794, -419.00717707706559, -381.67227318068848, -379.03079821141051, -387.391554929581]
}
