{
	"input_file":	"../../instances/J100_M50_G4_I5_L50_seed15.json",
	"method":	"Hit and Run",
	"convergence_threshold":	0.001,
	"iterations_made":	3,
	"max_iterations":	10000,
	"time_taken":	1.024214,
	"ground_truth_matrix":	[[0.64854204216829081, 0.06766170140398764, 0.0191880471746618, 0.15402614754092744, 0.1105820617121324], [0.39962760023412636, 0.1932796691291607, 0.19217922484338035, 0.062716975103724426, 0.15219653068960812], [0.32331925157997, 0.0397230933730216, 0.16383271065462152, 0.2600236369715952, 0.21310130742079147], [0.323455680483378, 0.25038852814153373, 0.0654414680516559, 0.055027277410719534, 0.30568704591271284]],
	"estimated_matrix":	[[0.77667218478293543, 0.047014722456024352, 0.0260088265897093, 0.087242896170271853, 0.063061370001059158], [0.464212666643861, 0.2056392677996243, 0.16347826322943121, 0.076560497636100872, 0.090109304690982328], [0.28112212890235477, 0.087990246583441928, 0.15342980934719613, 0.318879411204456, 0.15857840396255074], [0.17062334152163061, 0.21161913021332082, 0.086780335247515827, 0.078903852519329562, 0.452073340498203]],
	"log_likelihood":	[-435.1153277095288, -261.88526604875989, -250.40483568542615, -257.885776141943]
}
