{
	"input_file":	"../../instances/J100_M50_G4_I5_L50_seed5.json",
	"method":	"Hit and Run",
	"convergence_threshold":	0.001,
	"iterations_made":	3,
	"max_iterations":	10000,
	"time_taken":	0.955318,
	"ground_truth_matrix":	[[0.043982912303551426, 0.358470733786538, 0.040576345559300911, 0.43953375062527472, 0.11743625772533485], [0.256473892537231, 0.39363112002854944, 0.198078425534879, 0.095454145901107262, 0.05636241599823328], [0.019580703375263634, 0.31191671477471344, 0.13540090275600683, 0.040084305930368942, 0.493017373163647], [0.1045326451941551, 0.17453523184552874, 0.11457266309294029, 0.32339075752304669, 0.28296870234432914]],
	"estimated_matrix":	[[0.17137341844284928, 0.4120699891983628, 0.05982408493724127, 0.26878587984831342, 0.0879466275732328], [0.13344560495929156, 0.4400192538892308, 0.19965828778720271, 0.18857128794534714, 0.038305565418927753], [0.0487232866713881, 0.23739385599507176, 0.16919113592602589, 0.17064384209982533, 0.374047879307689], [0.069494683951284442, 0.089200309429704458, 0.0809603093085241, 0.295241318808851, 0.4651033785016358]],
	"log_likelihood":	[-502.65565836501082, -372.41872439884241, -363.4009691635344, -367.83362675920455]
}
