{
	"input_file":	"../../instances/J100_M50_G4_I5_L50_seed18.json",
	"method":	"Hit and Run",
	"convergence_threshold":	0.001,
	"iterations_made":	3,
	"max_iterations":	10000,
	"time_taken":	0.974922,
	"ground_truth_matrix":	[[0.17583738578154742, 0.11781376416577459, 0.35282805535055234, 0.033581138096485837, 0.31993965660563983], [0.19198564982437369, 0.15185075922920055, 0.611071372104512, 0.041117190992067849, 0.0039750278498458178], [0.23155809514120673, 0.4309450870170965, 0.30554024270356456, 0.0048214909585465749, 0.027135084179585732], [0.0738664498887953, 0.24274418629645989, 0.4133587578967442, 0.046280476115563726, 0.22375012980243691]],
	"estimated_matrix":	[[0.32014886328616382, 0.18544503288961647, 0.34345771354179444, 0.02852618398807942, 0.12242220629434582], [0.18164518604716573, 0.25699003628193234, 0.49279800099718252, 0.037595258213470324, 0.030971518460249366], [0.11033981306073613, 0.41291011422912516, 0.38456495274131841, 0.014556852800028037, 0.077628267168792758], [0.0570451716993956, 0.12375611432963013, 0.48821093787864417, 0.0361338773077337, 0.29485389878459639]],
	"log_likelihood":	[-507.53328393802246, -414.84918976746576, -411.5267972931598, -419.17041630594485]
}
