{
	"input_file":	"../../instances/J100_M50_G4_I5_L50_seed2.json",
	"method":	"Hit and Run",
	"convergence_threshold":	0.001,
	"iterations_made":	3,
	"max_iterations":	10000,
	"time_taken":	0.963991,
	"ground_truth_matrix":	[[0.22783917374835463, 0.010450529100728561, 0.317379168519664, 0.2273650803535196, 0.21696604827773336], [0.17725330515516027, 0.10121746478598845, 0.42687622768416966, 0.15745123595039329, 0.1372017664242883], [0.34751781116712555, 0.26968629801752636, 0.0517533038213183, 0.25804238256025486, 0.073000204433774835], [0.25216796778434986, 0.31531367108009073, 0.1117190524356903, 0.30719735559605849, 0.013601953103810769]],
	"estimated_matrix":	[[0.42814638166527846, 0.054456985417133057, 0.288558886719508, 0.10394395590128538, 0.1248937902967953], [0.23016090072004039, 0.134288218217976, 0.36067721846103656, 0.16435105762747729, 0.11052260497346969], [0.18398508553283277, 0.32018792758722109, 0.11996832193215992, 0.28457787188993516, 0.091280793057851556], [0.17971013408572123, 0.22654220512920964, 0.12733761885871828, 0.35312580554072565, 0.11328423638562568]],
	"log_likelihood":	[-509.91860822771866, -390.44993367711766, -377.3174251042239, -380.05677013941448]
}
