{
	"input_file":	"../../instances/J100_M50_G4_I5_L50_seed4.json",
	"method":	"Hit and Run",
	"convergence_threshold":	0.001,
	"iterations_made":	3,
	"max_iterations":	10000,
	"time_taken":	0.953284,
	"ground_truth_matrix":	[[0.33270219763982, 0.077260685478113045, 0.351047145907638, 0.12233189286483045, 0.1166580781095984], [0.050165543415490517, 0.77088292625501365, 0.0012877732599235222, 0.0600985069713388, 0.11756525009823347], [0.18899528973896992, 0.027543337100804529, 0.24857010990663789, 0.512514609975885, 0.022376653277702586], [0.19813511195609393, 0.0019661561351834679, 0.1064443820984169, 0.0098375816856057, 0.6836167681247]],
	"estimated_matrix":	[[0.4585232126018392, 0.14834994639682711, 0.24495759439450146, 0.0742837399832746, 0.073885506623557029], [0.10914679278507326, 0.6264812260432604, 0.10012799235769368, 0.093000213772662668, 0.071243775041309729], [0.12037982399927878, 0.082035063111656842, 0.23107997641143774, 0.48508579072565988, 0.081419345751966646], [0.084151175354212127, 0.031747200054107062, 0.0963967394684852, 0.056401644165093745, 0.73130324095810151]],
	"log_likelihood":	[-653.37266084172722, -351.19140393900165, -302.66671980119827, -303.76775655820978]
}
