{
	"input_file":	"../../instances/J100_M50_G4_I5_L50_seed10.json",
	"method":	"Hit and Run",
	"convergence_threshold":	0.001,
	"iterations_made":	3,
	"max_iterations":	10000,
	"time_taken":	0.945399,
	"ground_truth_matrix":	[[0.32269308943329617, 0.0045864253604871313, 0.21962067734703034, 0.302153293162828, 0.1509465146963585], [0.11667254894123515, 0.10113720407829543, 0.65492541293454032, 0.084886438578035225, 0.0423783954678938], [0.17470454273021377, 0.46323131664050771, 0.00059770828546104832, 0.10845461858176728, 0.25301181376205034], [0.1499086927966258, 0.20226769245305082, 0.054570767022571375, 0.39501320914034888, 0.19823963858740321]],
	"estimated_matrix":	[[0.47515753910377712, 0.083628373555836771, 0.20830427341744012, 0.15638782074539792, 0.07652199317754757], [0.13755587112816725, 0.20427679133218582, 0.486710524058639, 0.11257572112848643, 0.0588810923525213], [0.11056761465243435, 0.37355973716784874, 0.0980501283578633, 0.248751113416189, 0.16907140640566462], [0.092907374852819649, 0.11137949974603295, 0.12840723891084657, 0.37223069330602343, 0.295075193184277]],
	"log_likelihood":	[-564.56364326263042, -416.227699134996, -388.81021617075163, -394.76790935281247]
}
