{
    "log_likelihood_mean_(last_iteration_value)": -24.877227684194573,
    "time_taken_mean": 0.033734094449999995,
    "time_from_paper": 2.8,
    "percentage_improvement(%)": 8200.20798142397,
    "iterations_made_mean": 11.95,
    "MAE": 0.011224052807957803
}