{
	"input_file":	"../../instances/J100_M50_G2_I10_L50_seed15.json",
	"method":	"MVN PDF",
	"convergence_threshold":	0.001,
	"iterations_made":	9,
	"max_iterations":	10000,
	"time_taken":	0.003969,
	"ground_truth_matrix":	[[0.39339948770115563, 0.041042950092062262, 0.011639288492786368, 0.093430808791668, 0.067078035960545859, 0.157217266005475, 0.0760380442620253, 0.0756051191039522, 0.02467344936176653, 0.059875550228563078], [0.2953606482247047, 0.036288091571448439, 0.14966549434619961, 0.23753843791970947, 0.19467365456822786, 0.027970400863696843, 0.021652015798033372, 0.00565896413313319, 0.00475841081323897, 0.0264338817616074]],
	"estimated_matrix":	[[0.39318629505538016, 0.047867386476096924, 0.013722561561630976, 0.0976595768542806, 0.077685119326449, 0.1550599983935658, 0.060299858866222023, 0.0700660437042155, 0.0198946052787058, 0.064558554483453254], [0.30221103838345, 0.0284579962551031, 0.1430285123831323, 0.24797807527574051, 0.16488263451444649, 0.027246903834236967, 0.034549872809184923, 0.016360257720398522, 0.007193528347747496, 0.02809118047655966]],
	"log_likelihood":	[-314.00246700885322, -269.69710604082246, -252.72621643559813, -242.64304126257318, -237.38295847527624, -234.61678461899919, -233.309925621026, -232.76770578829084, -232.63052405480579, -232.6871416154207]
}
