{
	"input_file":	"../../instances/J100_M50_G2_I10_L50_seed17.json",
	"method":	"MVN PDF",
	"convergence_threshold":	0.001,
	"iterations_made":	9,
	"max_iterations":	10000,
	"time_taken":	0.005105,
	"ground_truth_matrix":	[[0.054910088458876, 0.1189603042476769, 0.033441678392234289, 0.011060521380987629, 0.24324536090811941, 0.16800779444181613, 0.15962455027817882, 0.13481816614048331, 0.006267763850691715, 0.069663771900935742], [0.26764821479172474, 0.0056896705827529951, 0.18334443193306962, 0.19276480901552057, 0.0048285089853900686, 0.0970980434545545, 0.0737276519453078, 0.083622163902498159, 0.060710408957484467, 0.03056609643169713]],
	"estimated_matrix":	[[0.055050410922533613, 0.10848086489677314, 0.035983173831140934, 0.020720751472171433, 0.21384877125300364, 0.18921270764996553, 0.16862807832984733, 0.13389486690100841, 0.0038344030635553, 0.070345971680000674], [0.26939173477755868, 0.0067809684703016753, 0.17565648974284437, 0.17530814246113782, 0.0291633261682293, 0.09830766083240676, 0.077901167571830743, 0.079461913854012023, 0.0606621059508061, 0.027366490170872483]],
	"log_likelihood":	[-357.00174803610918, -290.345843057441, -258.45455074843227, -239.22084053496022, -227.99441347619936, -221.64209269099891, -218.29297882609089, -216.75408259533739, -216.26449784868342, -216.3462125753432]
}
