{
	"input_file":	"../../instances/J100_M50_G2_I10_L50_seed12.json",
	"method":	"MVN PDF",
	"convergence_threshold":	0.001,
	"iterations_made":	3,
	"max_iterations":	10000,
	"time_taken":	0.001478,
	"ground_truth_matrix":	[[0.015582156525603087, 0.12538666210153721, 0.028440975506022707, 0.0710115388820721, 0.0013664386086365743, 0.2336170641797074, 0.21496368670652949, 0.0031636168665235879, 0.29273265374842722, 0.013735206874940618], [0.033685472240404149, 0.094004134275044657, 0.29125377741216613, 0.19328498797955979, 0.00022822457699712571, 0.074318804422831147, 0.0810309053295545, 0.067032982095265731, 0.14748154604349473, 0.017679165624682143]],
	"estimated_matrix":	[[0.014632127679241132, 0.11298215587014325, 0.068454498229974972, 0.0848024225891294, 0.01111530146366824, 0.22086146901748369, 0.203713548911577, 0.0089846904242481471, 0.26170531154156279, 0.012748474272971374], [0.0365417437928175, 0.092621358933540635, 0.26425366824249874, 0.17222951448118384, 0.00245994629280689, 0.0965199223220678, 0.097040129979646852, 0.064656579824476534, 0.15217958006860746, 0.0214975560623538]],
	"log_likelihood":	[-1151.8305021359254, -310.26834632143937, -255.46227009641336, -356.10616308330231]
}
