{
	"input_file":	"../../instances/J100_M50_G2_I10_L50_seed18.json",
	"method":	"MVN PDF",
	"convergence_threshold":	0.001,
	"iterations_made":	6,
	"max_iterations":	10000,
	"time_taken":	0.003963,
	"ground_truth_matrix":	[[0.079612049573285548, 0.053341302769557571, 0.15974625935528347, 0.01520417981069265, 0.14485572387769835, 0.10506232004872461, 0.083098883069512963, 0.33440299380389882, 0.022500991524444326, 0.0021752961669017148], [0.11041562041843452, 0.20549084721159183, 0.14569309460047292, 0.0022990684700750739, 0.012939030064866993, 0.038644144714774474, 0.1269946163384455, 0.21625373472435236, 0.024212202145507448, 0.11705764131147908]],
	"estimated_matrix":	[[0.092662418520922843, 0.062919018438982, 0.15501649451097207, 0.014651582519100821, 0.12875558107919838, 0.10751974230658171, 0.080488048032386, 0.33222612001266011, 0.0137855386669927, 0.011975455912203423], [0.11195392593639214, 0.19659684865416308, 0.15003639778014569, 0.00861209267623108, 0.026986113962209048, 0.048531117276166068, 0.12953296419281976, 0.20165960327532956, 0.029908537180858581, 0.096182399065685]],
	"log_likelihood":	[-335.66558503722769, -286.169507268244, -279.48532636505178, -266.17959249045538, -265.23628605760439, -261.146631964899, -261.51761730761291]
}
