{
	"input_file":	"../../instances/J100_M50_G2_I10_L50_seed8.json",
	"method":	"MVN PDF",
	"convergence_threshold":	0.001,
	"iterations_made":	11,
	"max_iterations":	10000,
	"time_taken":	0.004852,
	"ground_truth_matrix":	[[0.18686245439528151, 0.31271523785328015, 0.1838871500988386, 0.068422334178453253, 0.023949501846988717, 0.0010364237832000416, 0.050892580529086434, 0.0465360241937968, 0.066859429077963328, 0.058838864043111186], [0.077693951352584556, 0.0751473499456211, 0.13716371065268357, 0.11945249334395132, 0.092673767042944846, 0.053230454927533574, 0.032706785389616029, 0.34932904412825921, 0.038931832512760181, 0.023670610704045591]],
	"estimated_matrix":	[[0.18768016538205715, 0.30387827199159484, 0.2014197246198858, 0.07036692913740647, 0.028104606676773822, 0.0018644159181031175, 0.055159386467578751, 0.036704309387791359, 0.062982199050687, 0.051839991368121723], [0.080847188841217055, 0.0810123983931706, 0.14269349724133129, 0.13299576817816985, 0.088787085227165663, 0.04532329280038766, 0.021972495613818546, 0.34844781718204737, 0.032577326183842722, 0.02534313033884928]],
	"log_likelihood":	[-329.805976028878, -274.240381340957, -249.74159059100788, -234.76918743417752, -226.2633494803832, -221.36314498284227, -218.63524709450485, -217.1719630788709, -216.43835146348155, -216.11498609657716, -216.01536751091368, -216.032407475706]
}
