{
	"input_file":	"../../instances/J100_M50_G2_I10_L50_seed10.json",
	"method":	"MVN PDF",
	"convergence_threshold":	0.001,
	"iterations_made":	13,
	"max_iterations":	10000,
	"time_taken":	0.006133,
	"ground_truth_matrix":	[[0.21843127705125, 0.00310455594308142, 0.14866145756024521, 0.20452786828098479, 0.10217584773651123, 0.037696783123583662, 0.032677328835812119, 0.21160574168951965, 0.027426722860244761, 0.013692416918767124], [0.089337698565748663, 0.23688004378999766, 0.000305646789730184, 0.055459840205091121, 0.12938125590902735, 0.0732507112687405, 0.0988351780171504, 0.026665214833852879, 0.19301748277755362, 0.0968669278431076]],
	"estimated_matrix":	[[0.2255677073857883, 0.015472114161814069, 0.14702778603182354, 0.18917501516806162, 0.089194605698760351, 0.047911995713806221, 0.0412117704639467, 0.20244403766124444, 0.02845051841172129, 0.013544449303033442], [0.0972714308130276, 0.23440168405218509, 0.010814956000107193, 0.0512347139771162, 0.13661976731452335, 0.064403061605083078, 0.10548149839172866, 0.035321501036794468, 0.17044440466186672, 0.094006982147567655]],
	"log_likelihood":	[-406.67408856642555, -335.78245068361247, -302.46904160623455, -280.94223327249483, -267.38506561396059, -258.82458215434752, -253.51484377527339, -250.31321103006735, -248.4626658412167, -247.4602441733484, -246.9756432181087, -246.79607890762173, -246.78771462024136, -246.868647353846]
}
