{
	"input_file":	"../../instances/J100_M50_G2_I10_L50_seed6.json",
	"method":	"MVN PDF",
	"convergence_threshold":	0.001,
	"iterations_made":	12,
	"max_iterations":	10000,
	"time_taken":	0.006379708,
	"ground_truth_matrix":	[[0.2757785884142302, 0.049811174985890418, 0.21256714574811184, 0.0052585713872016051, 0.0140634359385901, 0.11161384679915949, 0.093172468949395029, 0.067002269496367034, 0.0504463957726052, 0.12028610250844927], [0.037829281177702068, 0.087361551550571126, 0.047893920136897319, 0.056745822878612753, 0.0680224331729206, 0.30367179058157329, 0.11247047241485471, 0.0349793289128446, 0.13711825271796652, 0.11390714645605694]],
	"estimated_matrix":	[[0.259316343646152, 0.054561305805369123, 0.20463563657088327, 0.0028930276268019643, 0.0050392314022607923, 0.121135122108691, 0.0947436238442878, 0.061093811204355, 0.066327477321363126, 0.13025442046983582], [0.053985068769519612, 0.088593975721752, 0.036548957023453371, 0.055839584306219187, 0.066143079853631062, 0.28625814188633447, 0.1162394319813934, 0.0370729614681975, 0.143193712449787, 0.11612508653971237]],
	"log_likelihood":	[-302.86469008292738, -251.79930084896907, -230.61244326116491, -216.97682881773179, -208.94581039487744, -204.16379219124454, -201.38088038484773, -199.80924315102178, -198.96522010928993, -198.551226264552, -198.38585049926238, -198.35970408294338, -198.29745468750127]
}
