{
	"input_file":	"../../instances/J100_M50_G2_I10_L50_seed16.json",
	"method":	"MVN PDF",
	"convergence_threshold":	0.001,
	"iterations_made":	9,
	"max_iterations":	10000,
	"time_taken":	0.004918,
	"ground_truth_matrix":	[[0.037220072406000837, 0.10908437447685727, 0.11784646370736214, 0.0068749419864193783, 0.0659039693392477, 0.03718022718294757, 0.17190609579094332, 0.026337259333659491, 0.010740806916152435, 0.41690578886040985], [0.14673895330909076, 0.014366663143133332, 0.22689653856502881, 0.03052185574293443, 0.050964679802890864, 0.061466417499061822, 0.21102591149970712, 0.11042169790901495, 0.042842649101018683, 0.10475463342811923]],
	"estimated_matrix":	[[0.041845825119495077, 0.11416487799434547, 0.10029583529790614, 0.0055944080472085621, 0.061183669962642059, 0.039557823557981271, 0.18350764139710532, 0.033561655778703431, 0.0063691280726049185, 0.41391913477200776], [0.134483741400465, 0.020319606559858157, 0.22086000046318938, 0.032829907607076776, 0.060861185810162324, 0.0593997168895892, 0.210049267554304, 0.11005942191349737, 0.056406991521566363, 0.094730160280291423]],
	"log_likelihood":	[-367.29362192144919, -286.110561850829, -273.33284277930386, -258.064227340617, -251.57025289927776, -247.52845814187765, -245.70768625323882, -244.94824818622058, -244.84268990432, -245.05421251545766]
}
