{
	"input_file":	"../../instances/J100_M50_G2_I10_L50_seed7.json",
	"method":	"MVN PDF",
	"convergence_threshold":	0.001,
	"iterations_made":	13,
	"max_iterations":	10000,
	"time_taken":	0.003316,
	"ground_truth_matrix":	[[0.00808261828816172, 0.15413970663026186, 0.058751646987581382, 0.13088878561109682, 0.38859135211187357, 0.078738263100063072, 0.07080871498828735, 0.0076143966059739766, 0.0318281670743481, 0.070556348602352159], [0.11844066583086636, 0.16961555343026474, 0.0499536137283108, 0.0071052771714643923, 0.03540434652102236, 0.25035815833408864, 0.025001738498636041, 0.0626777031670133, 0.278816438584351, 0.002626504733982544]],
	"estimated_matrix":	[[0.00859986230029905, 0.16341597279765041, 0.0554608978234473, 0.13451424128183109, 0.37307023098970526, 0.078496685656216453, 0.067258630031108, 0.00949084762756843, 0.039644694304175818, 0.0700479371879982], [0.11128842477304872, 0.1849212806460355, 0.047844299225986126, 0.010112431010834028, 0.041508952134256129, 0.24287252557431432, 0.022358346692813336, 0.061758151362180852, 0.27620520852465513, 0.0011303800558758758]],
	"log_likelihood":	[-385.0948840786503, -301.78591766578916, -268.69327459786837, -245.54971816730838, -231.05636718455983, -221.71419276497863, -215.81282515865936, -212.17109022567629, -210.00702581038726, -208.79216650532447, -208.17267057566232, -207.915140399079, -207.86880311009958, -207.93860051608726]
}
