{
	"input_file":	"../../instances/J100_M50_G2_I10_L50_seed7.json",
	"method":	"MVN PDF",
	"convergence_threshold":	0.001,
	"iterations_made":	13,
	"max_iterations":	10000,
	"time_taken":	0.008707,
	"ground_truth_matrix":	[[0.00808261828816172, 0.15413970663026186, 0.058751646987581382, 0.13088878561109682, 0.38859135211187357, 0.078738263100063072, 0.07080871498828735, 0.0076143966059739766, 0.0318281670743481, 0.070556348602352159], [0.11844066583086636, 0.16961555343026474, 0.0499536137283108, 0.0071052771714643923, 0.03540434652102236, 0.25035815833408864, 0.025001738498636041, 0.0626777031670133, 0.278816438584351, 0.002626504733982544]],
	"estimated_matrix":	[[0.00859986230029905, 0.16341597279765044, 0.055460897823447319, 0.13451424128183115, 0.37307023098970532, 0.0784966856562164, 0.067258630031108, 0.00949084762756843, 0.039644694304175783, 0.0700479371879982], [0.11128842477304871, 0.18492128064603547, 0.0478442992259861, 0.010112431010834028, 0.041508952134256157, 0.24287252557431432, 0.02235834669281335, 0.061758151362180852, 0.276205208524655, 0.0011303800558758806]],
	"log_likelihood":	[-385.09488407865047, -301.78591766578927, -268.69327459786859, -245.5497181673083, -231.05636718455958, -221.71419276497875, -215.81282515865931, -212.17109022567649, -210.00702581038715, -208.79216650532447, -208.17267057566266, -207.91514039907906, -207.86880311009915, -207.93860051608689]
}
