{
	"input_file":	"../../instances/J100_M50_G2_I10_L50_seed4.json",
	"method":	"MVN PDF",
	"convergence_threshold":	0.001,
	"iterations_made":	9,
	"max_iterations":	10000,
	"time_taken":	0.005355,
	"ground_truth_matrix":	[[0.22583551318107506, 0.052443917345447011, 0.23828791306220862, 0.0830378819242122, 0.079186543171321358, 0.016113585473482447, 0.24761394129387149, 0.00041364337115573342, 0.019304135128980132, 0.037762926048245667], [0.12006391970874336, 0.017497584298260781, 0.15791029373823773, 0.32558754806371482, 0.014215320954268749, 0.072264894734091964, 0.00071710695160031874, 0.038822962732027649, 0.0035880152585265278, 0.249332353560528]],
	"estimated_matrix":	[[0.24157337990741237, 0.043980824386288558, 0.23771668357512413, 0.081285164400057341, 0.0795828572770141, 0.020601919313681483, 0.23272867091933755, 0.00027252112340903138, 0.022593729434946506, 0.039664249662729044], [0.11524070320964618, 0.017747710761559218, 0.14940576383000911, 0.31591863755657457, 0.016709599913672681, 0.075597299408416932, 0.014846428934028096, 0.041080922925583331, 0.0077841397096633687, 0.24566879375084646]],
	"log_likelihood":	[-375.67778651831509, -294.38316931046853, -269.55185634933486, -251.04694599444412, -241.67396038454837, -236.18561484309, -233.52136053030705, -232.35443575962509, -232.08405425986444, -232.26046919377779]
}
