{
	"input_file":	"../../instances/J100_M50_G2_I10_L50_seed5.json",
	"method":	"MVN PDF",
	"convergence_threshold":	0.001,
	"iterations_made":	10,
	"max_iterations":	10000,
	"time_taken":	0.002663,
	"ground_truth_matrix":	[[0.026715474938408819, 0.21773719390232371, 0.024646306624725028, 0.26697533847630672, 0.071331461147205, 0.10069016905056917, 0.15453730446846922, 0.0777644459444631, 0.037474746424589631, 0.022127559022939464], [0.011432530344489289, 0.1821179371482772, 0.079056145214111834, 0.02340391124384544, 0.28785667046947466, 0.043499462919321719, 0.072629835700401, 0.047677443735614625, 0.13457350322664272, 0.11775255999782144]],
	"estimated_matrix":	[[0.0249467854413777, 0.21624915325561844, 0.020440469551172988, 0.26782118267578142, 0.0694174316643176, 0.10620210289378457, 0.15699293432621092, 0.0702106164844385, 0.042197267513593165, 0.025522056193704724], [0.0072050242594244342, 0.17517063015819576, 0.0774595931010797, 0.019305698173192814, 0.29421901884910645, 0.0485041061763837, 0.0751334946369499, 0.059830186553225743, 0.13360364564470659, 0.10956860244773489]],
	"log_likelihood":	[-329.15888514202834, -278.70025044835074, -253.36952298894681, -239.96565862742713, -232.55767370079994, -228.71127303031855, -226.80048410275606, -225.9477193865954, -225.6375772957129, -225.58976624144654, -225.65436661675005]
}
