{
	"input_file":	"../../instances/J100_M50_G2_I10_L50_seed1.json",
	"method":	"MVN PDF",
	"convergence_threshold":	0.001,
	"iterations_made":	10,
	"max_iterations":	10000,
	"time_taken":	0.002666,
	"ground_truth_matrix":	[[0.12436308318824252, 0.2936479442801595, 2.6361498408479558e-05, 0.0829722235922016, 0.036577837427075648, 0.0223288485003637, 0.047503287797740747, 0.0977139586640639, 0.11649176519617498, 0.17837468985556892], [0.078737587506692047, 0.16750337765308135, 0.033145413394336042, 0.3050005136808091, 0.0040242128188571836, 0.16086639690315654, 0.078266859223934074, 0.11854087140099424, 0.021921593367001047, 0.031993174051138537]],
	"estimated_matrix":	[[0.11815027192992104, 0.27664342255828389, 0.0011646495576443064, 0.090595037703263728, 0.0386178945650861, 0.025035170883972762, 0.052978079985146649, 0.0977598075634865, 0.11535583268328997, 0.18369983256990507], [0.074838837776480274, 0.18917094378873528, 0.029959993428158287, 0.30498198641539387, 0.0015089418889497794, 0.152353643163193, 0.074611462526699, 0.1263008781246458, 0.011740834951984006, 0.034532477935760746]],
	"log_likelihood":	[-316.38494599612716, -250.56915253810519, -229.56623802925031, -215.11243019876389, -207.48186686907283, -203.1526681354411, -200.92574649339531, -199.86640153176032, -199.47284728355149, -199.43599326122433, -199.58036442320346]
}
