{
	"input_file":	"../../instances/J100_M50_G2_I2_L50_seed1.json",
	"method":	"MVN PDF",
	"convergence_threshold":	0.001,
	"iterations_made":	13,
	"max_iterations":	10000,
	"time_taken":	0.001557146,
	"ground_truth_matrix":	[[0.297511488970571, 0.702488511029429], [0.00031761382895504226, 0.99968238617104477]],
	"estimated_matrix":	[[0.28656204079882724, 0.7134379592011727], [0.011254236596595158, 0.98874576340340481]],
	"log_likelihood":	[-88.2777106602709, -55.6023518851715, -44.508202272335012, -37.569286406885645, -33.3992670376259, -30.917431676983284, -29.46260675697016, -28.6268395186473, -28.160215604279333, -27.911275832905513, -27.789158054947315, -27.739798350778376, -27.731238600514377, -27.656795914892939]
}
