{
	"input_file":	"../../instances/J100_M50_G2_I2_L50_seed7.json",
	"method":	"MVN PDF",
	"convergence_threshold":	0.001,
	"iterations_made":	14,
	"max_iterations":	10000,
	"time_taken":	0.001751434,
	"ground_truth_matrix":	[[0.049824327768858021, 0.950175672231142], [0.30980548916967027, 0.69019451083032979]],
	"estimated_matrix":	[[0.049052075939327769, 0.950947924060672], [0.306619911105913, 0.693380088894087]],
	"log_likelihood":	[-64.307930903590062, -44.933202306025677, -36.181009616018478, -30.7537795116423, -27.400844383759345, -25.323149341093242, -24.036228926629228, -23.242760020503969, -22.758623217699572, -22.468889575060388, -22.301302744631048, -22.21015614752935, -22.16640425432465, -22.1515421365949, -22.129005322099516]
}
