{
	"input_file":	"../../instances/J100_M50_G2_I2_L50_seed8.json",
	"method":	"MVN PDF",
	"convergence_threshold":	0.001,
	"iterations_made":	1,
	"max_iterations":	10000,
	"time_taken":	0.037695,
	"ground_truth_matrix":	[[0.37404082947384554, 0.62595917052615457], [0.728815845450914, 0.27118415454908579]],
	"estimated_matrix":	[[0.000580558020308197, 0.99941944197969179], [0.00021770531145597655, 0.99978229468854418]],
	"log_likelihood":	[-1297.7712974767953, -1649.5813069673634]
}
