{
	"input_file":	"../../instances/J100_M50_G2_I2_L50_seed14.json",
	"method":	"MVN PDF",
	"convergence_threshold":	0.001,
	"iterations_made":	16,
	"max_iterations":	10000,
	"time_taken":	0.002072,
	"ground_truth_matrix":	[[0.32718470976908715, 0.6728152902309128], [0.99606184581514945, 0.0039381541848506141]],
	"estimated_matrix":	[[0.343989386252623, 0.656010613747377], [0.97256566705174674, 0.027434332948253124]],
	"log_likelihood":	[-178.39311341283533, -120.78331742588874, -90.4642751864227, -70.840839161604663, -57.772276176791721, -48.968472008346218, -43.022092396733, -39.016887737173747, -36.336944530313275, -34.561933404138372, -33.4035442109132, -32.664025944577318, -32.20800681808295, -31.9430161387385, -31.8059890522372, -31.753954454830129, -31.757645701031887]
}
