{
	"input_file":	"../../instances/J100_M50_G2_I2_L50_seed16.json",
	"method":	"MVN PDF",
	"convergence_threshold":	0.001,
	"iterations_made":	13,
	"max_iterations":	10000,
	"time_taken":	0.001521,
	"ground_truth_matrix":	[[0.25440151136213868, 0.74559848863786138], [0.944877609836287, 0.055122390163713141]],
	"estimated_matrix":	[[0.27012881086607471, 0.72987118913392535], [0.9292697971782975, 0.070730202821702379]],
	"log_likelihood":	[-170.98212792708273, -111.6902961362364, -77.822885562290168, -56.246388731424027, -42.215013819975539, -33.107517040347581, -27.295157785030355, -23.693760799708013, -21.556846713274343, -20.3670579742868, -19.770174519558172, -19.52932644944816, -19.490811275078077, -19.558266576366957]
}
