{
	"input_file":	"../../instances/J100_M50_G2_I2_L50_seed11.json",
	"method":	"MVN PDF",
	"convergence_threshold":	0.001,
	"iterations_made":	11,
	"max_iterations":	10000,
	"time_taken":	0.00183,
	"ground_truth_matrix":	[[0.90996736531017963, 0.0900326346898204], [0.3252452051574129, 0.674754794842587]],
	"estimated_matrix":	[[0.89594015757903123, 0.10405984242096887], [0.35433479374873711, 0.64566520625126278]],
	"log_likelihood":	[-138.4971767475557, -91.441190919491646, -65.941890570134476, -50.669472587769121, -41.4789328333513, -36.034852700734177, -32.909109827422121, -31.199513367819474, -30.333828914751663, -29.953791878370364, -29.840163939598451, -29.862655093082115]
}
