{
	"input_file":	"../../instances/J100_M50_G2_I2_L50_seed4.json",
	"method":	"MVN PDF",
	"convergence_threshold":	0.001,
	"iterations_made":	5,
	"max_iterations":	10000,
	"time_taken":	0.000701023,
	"ground_truth_matrix":	[[0.81154224282326637, 0.1884577571767336], [0.74157729251795246, 0.25842270748204754]],
	"estimated_matrix":	[[0.794841416824648, 0.20515858317535204], [0.758074823694809, 0.241925176305191]],
	"log_likelihood":	[-16.644326227604488, -16.26365691467797, -16.0127311968389, -15.876888367766222, -15.802982755557554, -15.751535657120748]
}
