{
	"input_file":	"../../instances/J100_M50_G2_I2_L50_seed15.json",
	"method":	"MVN PDF",
	"convergence_threshold":	0.001,
	"iterations_made":	12,
	"max_iterations":	10000,
	"time_taken":	0.000469,
	"ground_truth_matrix":	[[0.905527300001945, 0.0944726999980548], [0.11077641301954382, 0.889223586980456]],
	"estimated_matrix":	[[0.892126985290473, 0.1078730147095272], [0.11719952601384348, 0.88280047398615658]],
	"log_likelihood":	[-223.81305527386414, -150.6009258950827, -106.15184145314592, -77.022957042897929, -57.320825481095987, -43.934725268572151, -34.992521857156, -29.241717160576453, -25.771366015678872, -23.883527400850934, -23.036843991008812, -22.822567492872075, -22.9496370915893]
}
