{
	"input_file":	"../../instances/J100_M50_G2_I2_L50_seed7.json",
	"method":	"MVN PDF",
	"convergence_threshold":	0.001,
	"iterations_made":	14,
	"max_iterations":	10000,
	"time_taken":	0.002448918,
	"ground_truth_matrix":	[[0.049824327768858021, 0.950175672231142], [0.30980548916967027, 0.69019451083032979]],
	"estimated_matrix":	[[0.049052075939327755, 0.95094792406067219], [0.30661991110591286, 0.693380088894087]],
	"log_likelihood":	[-64.307930903590062, -44.933202306025386, -36.181009616018677, -30.75377951164241, -27.400844383759829, -25.323149341092865, -24.036228926629693, -23.24276002050307, -22.758623217698617, -22.468889575060352, -22.301302744631343, -22.210156147528977, -22.166404254324682, -22.151542136594578, -22.129005322099282]
}
