{
	"input_file":	"../../instances/J100_M50_G2_I3_L50_seed6.json",
	"method":	"MVN PDF",
	"convergence_threshold":	0.001,
	"iterations_made":	14,
	"max_iterations":	10000,
	"time_taken":	0.0015600000000000004,
	"ground_truth_matrix":	[[0.51245014925241528, 0.092558832078787248, 0.39499101866879749], [0.040161431888498515, 0.10740706609794944, 0.852431502013552]],
	"estimated_matrix":	[[0.50261489913513557, 0.0898877830803532, 0.40749731778451131], [0.04617130133850586, 0.10222494139630792, 0.85160375726518622]],
	"log_likelihood":	[-147.45898822096794, -107.60756960259164, -87.499701344029248, -75.1596662203794, -67.4713036472441, -62.6797570305147, -59.709765939085422, -57.888454717733055, -56.7904266761718, -56.146093498112613, -55.78468304547016, -55.5981557687697, -55.518263610362361, -55.501982749005059, -55.522282476998384]
}
