{
	"input_file":	"../../instances/J100_M50_G2_I3_L50_seed9.json",
	"method":	"MVN PDF",
	"convergence_threshold":	0.001,
	"iterations_made":	15,
	"max_iterations":	10000,
	"time_taken":	0.003220771,
	"ground_truth_matrix":	[[0.0074912953861159658, 0.50062704625065, 0.491881658363234], [0.26431498514720508, 0.28198911632292084, 0.45369589852987391]],
	"estimated_matrix":	[[0.018142713837909129, 0.49591674374861167, 0.48594054241347923], [0.25669658223785635, 0.2942053312033443, 0.4490980865587994]],
	"log_likelihood":	[-91.272190546622923, -69.390206939074133, -59.969985696258767, -53.881410548204187, -49.983101893228117, -47.462497201041877, -45.819506192789923, -44.741303995675665, -44.030328975758522, -43.5606352993146, -43.251126339381841, -43.0490238086088, -42.9195939025472, -42.83971677340184, -42.793828428364826, -42.7105971169787]
}
