{
	"input_file":	"../../instances/J100_M50_G2_I3_L50_seed3.json",
	"method":	"MVN PDF",
	"convergence_threshold":	0.001,
	"iterations_made":	9,
	"max_iterations":	10000,
	"time_taken":	0.001973,
	"ground_truth_matrix":	[[0.33688219083814136, 0.518408337162583, 0.1447094719992755], [0.13709494665374614, 0.42840825980005576, 0.43449679354619813]],
	"estimated_matrix":	[[0.33006195536801913, 0.52375960350656581, 0.14617844112541512], [0.13963176019298032, 0.4248569968612963, 0.43551124294572346]],
	"log_likelihood":	[-93.8357515214537, -73.120745159236563, -63.244086603810281, -58.014506259834654, -55.3252469683934, -54.008229445592363, -53.417784086757223, -53.199115101607532, -53.160545912678785, -53.201179683412583]
}
