{
	"input_file":	"../../instances/J100_M50_G2_I3_L50_seed12.json",
	"method":	"MVN PDF",
	"convergence_threshold":	0.001,
	"iterations_made":	15,
	"max_iterations":	10000,
	"time_taken":	0.003217,
	"ground_truth_matrix":	[[0.0919790771562763, 0.74013821186145934, 0.16788271098226437], [0.23206761290778644, 0.004465558007663243, 0.76346682908455032]],
	"estimated_matrix":	[[0.0732042941966598, 0.7386674565253, 0.18812824927804014], [0.24237648621942959, 0.013330420113003734, 0.74429309366756669]],
	"log_likelihood":	[-251.2601899934817, -172.24330939756334, -129.43615452325994, -102.214684423202, -84.267937140524538, -72.309589391034223, -64.373143790240746, -59.179066128612469, -55.851822533220187, -53.779785876466775, -52.536491693437064, -51.829174465553756, -51.461104101111715, -51.3029513216815, -51.271365682266079, -51.313540198245228]
}
