{
	"input_file":	"../../instances/J100_M50_G2_I3_L50_seed16.json",
	"method":	"MVN PDF",
	"convergence_threshold":	0.001,
	"iterations_made":	11,
	"max_iterations":	10000,
	"time_taken":	0.001230862,
	"ground_truth_matrix":	[[0.14090457732224396, 0.41296232609275713, 0.44613309658499889], [0.062522697791787138, 0.599349633264765, 0.3381276689434477]],
	"estimated_matrix":	[[0.145499094618724, 0.3910543891950507, 0.46344651618622534], [0.069884170443733226, 0.59984986497219228, 0.33026596458407448]],
	"log_likelihood":	[-69.161699170203121, -60.948323824028172, -56.667843444572071, -54.352909122955857, -53.121825639335668, -52.4816703953753, -52.160117352882871, -52.007349571429828, -51.941787370661913, -51.919637150759463, -51.917833362337433, -51.917884072605069]
}
