{
	"input_file":	"../../instances/J100_M50_G2_I3_L50_seed10.json",
	"method":	"MVN PDF",
	"convergence_threshold":	0.001,
	"iterations_made":	15,
	"max_iterations":	10000,
	"time_taken":	0.003454539,
	"ground_truth_matrix":	[[0.590040182963056, 0.00838622005696103, 0.401573596979983], [0.59386635266519261, 0.296677408979759, 0.10945623835504842]],
	"estimated_matrix":	[[0.5791471171794258, 0.021357762913873625, 0.39949511990670067], [0.62438852174777948, 0.27290082231665, 0.10271065593557066]],
	"log_likelihood":	[-110.11114881483275, -79.504365186440822, -65.288100056245369, -56.217840796345669, -50.4592484891163, -46.783071167019216, -44.433618066050734, -42.9347303836368, -41.983093508051944, -41.38428277515527, -41.0131881551439, -40.7890808311696, -40.659752624160724, -40.5913728645189, -40.561980240998565, -40.493033249312745]
}
