{
	"input_file":	"../../instances/J100_M50_G2_I3_L50_seed7.json",
	"method":	"MVN PDF",
	"convergence_threshold":	0.001,
	"iterations_made":	11,
	"max_iterations":	10000,
	"time_taken":	0.004156656,
	"ground_truth_matrix":	[[0.036577241285230634, 0.697546888897068, 0.26587586981770139], [0.21879765890019268, 0.6495810753685386, 0.13162126573126864]],
	"estimated_matrix":	[[0.039311300700875247, 0.722401206754678, 0.23828749254444681], [0.211440348874259, 0.63973543328666382, 0.14882421783907715]],
	"log_likelihood":	[-78.5789368146949, -63.661002631723719, -57.429926153452655, -53.674420700566372, -51.467093867328778, -50.181428399165931, -49.445184607938067, -49.035618820161375, -48.819177142840324, -48.7156851598639, -48.677021725712386, -48.638199273296429]
}
