{
	"input_file":	"../../instances/J100_M50_G2_I3_L50_seed2.json",
	"method":	"MVN PDF",
	"convergence_threshold":	0.001,
	"iterations_made":	14,
	"max_iterations":	10000,
	"time_taken":	0.0030210000000000007,
	"ground_truth_matrix":	[[0.41002688019419109, 0.0188071163226876, 0.57116600348312141], [0.37652229212981631, 0.359301233438576, 0.26417647443160769]],
	"estimated_matrix":	[[0.42006041584812615, 0.030331258995282887, 0.549608325156591], [0.38140368172721423, 0.35656845412119736, 0.26202786415158841]],
	"log_likelihood":	[-107.46288408753512, -77.294093324138444, -63.669167700217834, -55.275456632900216, -50.114366524377118, -46.936196484116465, -44.984960357768053, -43.796296144978264, -43.082880273223033, -42.666099032533843, -42.4344624710517, -42.318087120751073, -42.2729819484062, -42.2713448374503, -42.295550623330385]
}
