{
	"input_file":	"../../instances/J100_M50_G2_I4_L50_seed10.json",
	"method":	"MVN PDF",
	"convergence_threshold":	0.001,
	"iterations_made":	10,
	"max_iterations":	10000,
	"time_taken":	0.003686,
	"ground_truth_matrix":	[[0.380062145693794, 0.0054018097091338329, 0.25866530336247168, 0.35587074123460055], [0.26597509126643765, 0.0981289174874491, 0.0850627199283102, 0.550833271317803]],
	"estimated_matrix":	[[0.39943916676139463, 0.0059195054631875164, 0.244666155303175, 0.34997517247224286], [0.27701124427081886, 0.099723686940265371, 0.0868405525198024, 0.53642451626911336]],
	"log_likelihood":	[-110.49044406665787, -87.9976263561026, -78.982134617291578, -73.4341374198874, -70.2798283449226, -68.526265020185065, -67.5983816435748, -67.1491343750685, -66.9717579683102, -66.9443012213629, -66.995725647346958]
}
