{
	"input_file":	"../../instances/J100_M50_G2_I4_L50_seed20.json",
	"method":	"MVN PDF",
	"convergence_threshold":	0.001,
	"iterations_made":	10,
	"max_iterations":	10000,
	"time_taken":	0.001538569,
	"ground_truth_matrix":	[[0.12528497207799447, 0.32201948137817415, 0.31373002758429769, 0.23896551895953352], [0.015101828534048147, 0.48626910303626614, 0.19664095811027157, 0.301988110319414]],
	"estimated_matrix":	[[0.13173401234183127, 0.33304192914502145, 0.303065424315956, 0.23215863419719129], [0.0108155283269693, 0.462983529671146, 0.20402398958664289, 0.32217695241524175]],
	"log_likelihood":	[-130.08478394568783, -103.67750651688291, -97.337339767640472, -92.7287648067548, -89.972049738449954, -88.2739906799388, -87.2222758908142, -86.565963122007233, -86.1541536099029, -85.895295726200558, -85.6156891752398]
}
