{
	"input_file":	"../../instances/J100_M50_G2_I4_L50_seed9.json",
	"method":	"MVN PDF",
	"convergence_threshold":	0.001,
	"iterations_made":	11,
	"max_iterations":	10000,
	"time_taken":	0.002883212,
	"ground_truth_matrix":	[[0.0067904575313161844, 0.453791570266173, 0.445864345135731, 0.093553627066779749], [0.12490196468201752, 0.20095636964109462, 0.44178206861140756, 0.23235959706548037]],
	"estimated_matrix":	[[0.0095820461654656242, 0.44640470347208566, 0.45595799449992747, 0.088055255862521123], [0.11855865732083279, 0.21465821119046755, 0.4398328743480065, 0.22695025714069311]],
	"log_likelihood":	[-135.35468914619955, -103.47503999156662, -93.8298038238624, -87.5463519099181, -83.975502824599261, -81.9152050810713, -80.734912958222949, -80.063374950970129, -79.6854749563155, -79.4766796356772, -79.365091284955525, -79.242150446946155]
}
