{
	"input_file":	"../../instances/J100_M50_G2_I4_L50_seed14.json",
	"method":	"MVN PDF",
	"convergence_threshold":	0.001,
	"iterations_made":	13,
	"max_iterations":	10000,
	"time_taken":	0.003639582,
	"ground_truth_matrix":	[[0.16948671322645967, 0.34852867125185555, 0.48008648579103436, 0.0018981297306503366], [0.079987281299932059, 0.68202951659915934, 0.15530687378570474, 0.0826763283152038]],
	"estimated_matrix":	[[0.15702880615477324, 0.37129277281025364, 0.46390598910898445, 0.0077724319259888435], [0.084413070146793723, 0.662073099182287, 0.17364888581717347, 0.079864944853746025]],
	"log_likelihood":	[-114.67875160281486, -89.5155599307953, -77.6657135555213, -70.141130397042232, -65.6193515216261, -62.904409685059633, -61.300988760246, -60.373377985479955, -59.851513340643763, -59.5692448805237, -59.425633078515354, -59.3602540247451, -59.3375407132591, -59.299024109949414]
}
