{
	"input_file":	"../../instances/J100_M50_G2_I4_L50_seed2.json",
	"method":	"MVN PDF",
	"convergence_threshold":	0.001,
	"iterations_made":	11,
	"max_iterations":	10000,
	"time_taken":	0.0011279999999999379,
	"ground_truth_matrix":	[[0.29096972519164355, 0.013346201755036091, 0.4053198048712896, 0.29036426818203082], [0.25472546786309014, 0.1872870721984784, 0.10694707564706017, 0.45104038429137128]],
	"estimated_matrix":	[[0.286792730161525, 0.025993799476104272, 0.39965267764663409, 0.28756079271573659], [0.27251873853216879, 0.18454132043664456, 0.11738085101298834, 0.4255590900181983]],
	"log_likelihood":	[-138.87939097787853, -110.00045267556337, -97.2382918025902, -89.684630771248266, -85.347902395609054, -82.9029998664955, -81.5702742214802, -80.88419150419513, -80.567712084832038, -80.4571613451494, -80.4568371625828, -80.511551624995761]
}
