{
	"input_file":	"../../instances/J100_M50_G2_I4_L50_seed12.json",
	"method":	"MVN PDF",
	"convergence_threshold":	0.001,
	"iterations_made":	1,
	"max_iterations":	10000,
	"time_taken":	0.009858,
	"ground_truth_matrix":	[[0.064811871434951526, 0.52152885323862519, 0.11829638888251422, 0.2953628864439089], [0.0030156831164753, 0.515584843486113, 0.47441747954048219, 0.00698199385692937]],
	"estimated_matrix":	[[8.03063484859432e-260, null, null, 9.5528029515789035e-59], [2.2602786922233233e-264, null, null, 1.7862685755127574e-59]],
	"log_likelihood":	[null, null]
}
