{
	"input_file":	"../../instances/J100_M50_G2_I4_L50_seed11.json",
	"method":	"MVN PDF",
	"convergence_threshold":	0.001,
	"iterations_made":	16,
	"max_iterations":	10000,
	"time_taken":	0.004017291,
	"ground_truth_matrix":	[[0.093264539298993046, 0.00922764103013564, 0.2919101149392348, 0.60559770473163632], [0.28831523205269738, 0.351439138882518, 0.0068038927321034627, 0.35344173633268122]],
	"estimated_matrix":	[[0.087780271550186029, 0.008819753287719204, 0.290169139939998, 0.61323083522209676], [0.28847588701382915, 0.35344716254656711, 0.010069697507355018, 0.34800725293224871]],
	"log_likelihood":	[-216.19727621094833, -150.7347880203136, -122.26727785152177, -103.4068979108623, -90.965736006341729, -82.646695527917146, -77.053790631782746, -73.281890228099826, -70.72995219014453, -68.9951143258313, -67.8071785934131, -66.985530468852232, -66.409951811756173, -66.0006880010492, -65.70489202858117, -65.4874918477145, -65.129588955010831]
}
