{
	"input_file":	"../../instances/J100_M50_G2_I4_L50_seed8.json",
	"method":	"MVN PDF",
	"convergence_threshold":	0.001,
	"iterations_made":	15,
	"max_iterations":	10000,
	"time_taken":	0.015182,
	"ground_truth_matrix":	[[0.248524592823477, 0.41590713024020765, 0.2445674774618472, 0.0910007994744682], [0.195642639627116, 0.0084665094920574734, 0.41573970330401455, 0.380151147576812]],
	"estimated_matrix":	[[0.24229798716820067, 0.4133160147810771, 0.23256504076705628, 0.111820957283666], [0.19878751968870864, 0.024528096918547189, 0.42643232465491682, 0.35025205873782739]],
	"log_likelihood":	[-171.38451263833852, -129.4401693086931, -109.12844709314979, -96.3620118975461, -88.283610830239624, -83.1474889002846, -79.883100514191042, -77.8155019343606, -76.5142895908331, -75.7039312500193, -75.207896631698247, -74.913073079302251, -74.746944566391846, -74.66295749345, -74.631158961292471, -74.632222089550055]
}
