{
	"input_file":	"../../instances/J100_M50_G2_I5_L50_seed4.json",
	"method":	"MVN PDF",
	"convergence_threshold":	0.001,
	"iterations_made":	1,
	"max_iterations":	10000,
	"time_taken":	0.011895,
	"ground_truth_matrix":	[[0.33270219763982, 0.077260685478113045, 0.351047145907638, 0.12233189286483045, 0.1166580781095984], [0.050165543415490517, 0.77088292625501365, 0.0012877732599235222, 0.0600985069713388, 0.11756525009823347]],
	"estimated_matrix":	[[0.13428011231958381, 0, 0.13664299132421934, 0.00037436283293581282, 0.728702533523261], [0.26422258922589925, 0, 0.15322748657248611, 0.0027510647523568471, 0.579798859449258]],
	"log_likelihood":	[null, -5736.8222021776874]
}
