{
	"input_file":	"../../instances/J100_M50_G2_I5_L50_seed10.json",
	"method":	"MVN PDF",
	"convergence_threshold":	0.001,
	"iterations_made":	10,
	"max_iterations":	10000,
	"time_taken":	0.0034570000000000009,
	"ground_truth_matrix":	[[0.32269308943329617, 0.0045864253604871313, 0.21962067734703034, 0.302153293162828, 0.1509465146963585], [0.11667254894123515, 0.10113720407829543, 0.65492541293454032, 0.084886438578035225, 0.0423783954678938]],
	"estimated_matrix":	[[0.34330736890989122, 0.010862074978577926, 0.19881023136767184, 0.30722395972234118, 0.13979636502151782], [0.13010383950462853, 0.0965076683019147, 0.648305153120548, 0.0764951512156227, 0.048588187857286018]],
	"log_likelihood":	[-196.57357057501633, -151.65260756633774, -126.52354513497185, -111.58495746205146, -102.793709772391, -97.782151063034, -95.093741071651053, -93.801620506893272, -93.315914439561865, -93.2688513362677, -93.438952661206471]
}
