{
	"input_file":	"../../instances/J100_M50_G2_I5_L50_seed6.json",
	"method":	"MVN PDF",
	"convergence_threshold":	0.001,
	"iterations_made":	11,
	"max_iterations":	10000,
	"time_taken":	0.003003,
	"ground_truth_matrix":	[[0.4946888218813566, 0.0893507781441119, 0.38130078011302954, 0.0094327717727180245, 0.025226848088783976], [0.252222664533469, 0.2105492199535523, 0.15141034402812581, 0.11399772270882993, 0.27182004877602278]],
	"estimated_matrix":	[[0.48410133823431128, 0.093726170512188858, 0.382341388545263, 0.014307973187396215, 0.025523129520840588], [0.247480719252455, 0.19156776848309384, 0.154924652350389, 0.10874436524159437, 0.29728249467246781]],
	"log_likelihood":	[-209.53110825451824, -158.7720649572374, -135.76525676023317, -122.23520303167149, -114.302471338802, -109.70745030959503, -107.10834584850144, -105.69446011435431, -104.97536948429909, -104.65632065092329, -104.56187427564193, -104.58876992042616]
}
