{
	"input_file":	"../../instances/J100_M50_G2_I5_L50_seed8.json",
	"method":	"MVN PDF",
	"convergence_threshold":	0.001,
	"iterations_made":	12,
	"max_iterations":	10000,
	"time_taken":	0.00328,
	"ground_truth_matrix":	[[0.2408528232864513, 0.40306838613139045, 0.23701786113606288, 0.088191672404500154, 0.030869257041595231], [0.0046235208136498141, 0.22703348683302479, 0.20759874477234228, 0.29826212688429032, 0.26248212069669274]],
	"estimated_matrix":	[[0.22778363348353561, 0.40490656564570471, 0.22779263233293709, 0.10455017055848478, 0.0349669979793379], [0.016307032217168789, 0.23320440181225052, 0.22994579598877718, 0.26568218748576822, 0.25486058249603533]],
	"log_likelihood":	[-173.86759370342145, -132.9170147324086, -114.93958338721782, -103.61681459350274, -96.635628937351072, -92.355209810135577, -89.772637663523838, -88.2548405663327, -87.399983891659858, -86.953451609533261, -86.754796663319, -86.703636708701353, -86.737675066885842]
}
