{
	"input_file":	"../../instances/J100_M50_G2_I5_L50_seed18.json",
	"method":	"MVN PDF",
	"convergence_threshold":	0.001,
	"iterations_made":	15,
	"max_iterations":	10000,
	"time_taken":	0.004934007,
	"ground_truth_matrix":	[[0.17583738578154742, 0.11781376416577459, 0.35282805535055234, 0.033581138096485837, 0.31993965660563983], [0.19198564982437369, 0.15185075922920055, 0.611071372104512, 0.041117190992067849, 0.0039750278498458178]],
	"estimated_matrix":	[[0.17623853734898426, 0.11409924948078105, 0.387669913969075, 0.041341778408551758, 0.280650520792608], [0.19602351518919517, 0.16262162250580806, 0.58967933591192934, 0.030565945776913746, 0.021109580616153811]],
	"log_likelihood":	[-151.56340010712111, -129.11583828991181, -118.13742524641424, -111.40598325718227, -107.17016124444019, -104.48638941339476, -102.76823810657892, -101.66009689282581, -100.94191611149486, -100.47612292894448, -100.17558537750715, -99.9843897536435, -99.866172962029424, -99.796975595880568, -99.760814490584124, -99.696338642985978]
}
