{
	"input_file":	"../../instances/J100_M50_G2_I5_L50_seed9.json",
	"method":	"MVN PDF",
	"convergence_threshold":	0.001,
	"iterations_made":	10,
	"max_iterations":	10000,
	"time_taken":	0.002967,
	"ground_truth_matrix":	[[0.0061742133612349686, 0.4126093070211917, 0.40540148941948045, 0.085063495583889731, 0.090751494614203052], [0.15553306732402988, 0.34192357446845528, 0.17983804603115919, 0.055375461920108081, 0.26732985025624767]],
	"estimated_matrix":	[[0.013920091434170572, 0.41790025664635416, 0.390525483267349, 0.085244058427010036, 0.0924101102251163], [0.14768739631482367, 0.34773953323127837, 0.1964430133086332, 0.0504325007985003, 0.25769755634676439]],
	"log_likelihood":	[-149.13195064351984, -120.11730670252608, -108.67626490930824, -101.98063155952286, -98.266602891614255, -96.2614973013064, -95.233774874506267, -94.755735939046772, -94.5795379405107, -94.563166528502762, -94.626435060753323]
}
