{
	"input_file":	"../../instances/J100_M50_G2_I5_L50_seed18.json",
	"method":	"MVN PDF",
	"convergence_threshold":	0.001,
	"iterations_made":	15,
	"max_iterations":	10000,
	"time_taken":	0.005880867,
	"ground_truth_matrix":	[[0.17583738578154742, 0.11781376416577459, 0.35282805535055234, 0.033581138096485837, 0.31993965660563983], [0.19198564982437369, 0.15185075922920055, 0.611071372104512, 0.041117190992067849, 0.0039750278498458178]],
	"estimated_matrix":	[[0.17623853734898423, 0.11409924948078107, 0.387669913969075, 0.041341778408551758, 0.280650520792608], [0.19602351518919511, 0.162621622505808, 0.58967933591192934, 0.030565945776913746, 0.021109580616153818]],
	"log_likelihood":	[-151.56340010712125, -129.11583828991161, -118.13742524641405, -111.40598325718285, -107.17016124444012, -104.48638941339451, -102.76823810657868, -101.66009689282534, -100.941916111495, -100.47612292894493, -100.17558537750691, -99.9843897536432, -99.8661729620293, -99.7969755958805, -99.7608144905845, -99.696338642986078]
}
