{
	"input_file":	"../../instances/J100_M50_G2_I5_L50_seed3.json",
	"method":	"MVN PDF",
	"convergence_threshold":	0.001,
	"iterations_made":	10,
	"max_iterations":	10000,
	"time_taken":	0.003126,
	"ground_truth_matrix":	[[0.15028701708190306, 0.2312679172167543, 0.064556558588510629, 0.13427919500392829, 0.41960931210890373], [0.69371710750865156, 0.041081001690991485, 0.0710920028043775, 0.016174863536975309, 0.17793502445900408]],
	"estimated_matrix":	[[0.13696441302451359, 0.23594195557496206, 0.0689690047385398, 0.1459079717951374, 0.41221665486684711], [0.69634115198544855, 0.042016581199944558, 0.072357875026294857, 0.014213848632014504, 0.17507054315629758]],
	"log_likelihood":	[-243.70464576550376, -180.64712937939649, -149.55809952351643, -131.03958470703932, -120.24391200127421, -114.11266197607354, -110.81770599199, -109.20836801628961, -108.56159068090966, -108.43288114936846, -108.55874498236483]
}
