{
	"input_file":	"../../instances/J100_M50_G2_I5_L50_seed13.json",
	"method":	"MVN PDF",
	"convergence_threshold":	0.001,
	"iterations_made":	12,
	"max_iterations":	10000,
	"time_taken":	0.003766402,
	"ground_truth_matrix":	[[0.14341670775059129, 0.0258659307785686, 0.16584060853400148, 0.321794336217292, 0.34308241671954659], [0.11305586418501984, 0.17575267345451986, 0.27958507014032441, 0.19203123202957184, 0.23957516019056416]],
	"estimated_matrix":	[[0.14976320528563414, 0.024343479185305893, 0.17896670641877024, 0.3199933918720862, 0.32693321723820357], [0.097605132461088873, 0.18014245750975477, 0.282092221868465, 0.19208876923337068, 0.24807141892732074]],
	"log_likelihood":	[-165.829325774058, -141.38862794999415, -132.55845820793019, -126.84539275931165, -123.32252658708589, -121.11871554533451, -119.72513990974144, -118.83316563014812, -118.25463759837187, -117.87409332677728, -117.62014223364807, -117.44823731686597, -117.2851116692412]
}
