{
	"input_file":	"../../instances/J100_M50_G2_I5_L50_seed3.json",
	"method":	"MVN PDF",
	"convergence_threshold":	0.001,
	"iterations_made":	10,
	"max_iterations":	10000,
	"time_taken":	0.001098,
	"ground_truth_matrix":	[[0.15028701708190306, 0.2312679172167543, 0.064556558588510629, 0.13427919500392829, 0.41960931210890373], [0.69371710750865156, 0.041081001690991485, 0.0710920028043775, 0.016174863536975309, 0.17793502445900408]],
	"estimated_matrix":	[[0.13696441302451359, 0.23594195557496209, 0.0689690047385398, 0.1459079717951374, 0.412216654866847], [0.69634115198544833, 0.042016581199944558, 0.072357875026294829, 0.014213848632014518, 0.17507054315629761]],
	"log_likelihood":	[-243.70464576550381, -180.64712937939692, -149.55809952351629, -131.03958470703924, -120.24391200127425, -114.11266197607397, -110.81770599198981, -109.20836801628961, -108.56159068090938, -108.43288114936878, -108.55874498236486]
}
