{
	"input_file":	"../../instances/J100_M50_G3_I10_L50_seed9.json",
	"method":	"MVN PDF",
	"convergence_threshold":	0.001,
	"iterations_made":	10,
	"max_iterations":	10000,
	"time_taken":	0.006033,
	"ground_truth_matrix":	[[0.0031845878535814529, 0.21281910917822938, 0.20910140020993273, 0.043874767354241673, 0.046808571478480061, 0.075310909771104, 0.16556334873637976, 0.0870796615220599, 0.026813439019434428, 0.12944420487655667], [0.0142710070749783, 0.16490781651527461, 0.23584109291398292, 0.0030910774066948976, 0.093939200833778158, 0.066516745753404521, 0.17855868802116745, 0.085985088518246378, 0.0620822392605847, 0.0948070437018881], [0.029749867779614324, 0.072198273449989248, 0.10609433568271461, 0.038165718905451625, 0.17185928702530912, 0.099157362908030441, 0.24942287516209627, 0.011319994990374232, 0.044833360092397113, 0.177198924004023]],
	"estimated_matrix":	[[0.0014785897382178534, 0.18876096303553982, 0.22684519053860863, 0.037207980171995732, 0.0579180796879302, 0.084926677482260071, 0.17579339925552817, 0.078335620061903963, 0.0266174793945986, 0.122116020633417], [0.016283779660041561, 0.16858377593751309, 0.23509003676068987, 0.00375395388700119, 0.09551453538077545, 0.0583398972302409, 0.19706506384072286, 0.070910065404673164, 0.072350242270737247, 0.082108649627604724], [0.026089487447935444, 0.0831386167451106, 0.11234602527553661, 0.046837668351139755, 0.14868847042862457, 0.12151727704642115, 0.224147489077432, 0.022652035739242384, 0.041783273798828111, 0.17279965608972939]],
	"log_likelihood":	[-288.07787494439464, -244.78390655362173, -241.57242775975811, -232.83116757497635, -230.71912451044085, -228.45834314795115, -227.71111421513862, -227.168266133072, -227.00555733540241, -226.94204038566556, -226.973163574625]
}
