{
	"input_file":	"../../instances/J100_M50_G3_I10_L50_seed8.json",
	"method":	"MVN PDF",
	"convergence_threshold":	0.001,
	"iterations_made":	15,
	"max_iterations":	10000,
	"time_taken":	0.012878,
	"ground_truth_matrix":	[[0.18686245439528151, 0.31271523785328015, 0.1838871500988386, 0.068422334178453253, 0.023949501846988717, 0.0010364237832000416, 0.050892580529086434, 0.0465360241937968, 0.066859429077963328, 0.058838864043111186], [0.077693951352584556, 0.0751473499456211, 0.13716371065268357, 0.11945249334395132, 0.092673767042944846, 0.053230454927533574, 0.032706785389616029, 0.34932904412825921, 0.038931832512760181, 0.023670610704045591], [0.0055072216856861637, 0.329020230196156, 0.011067270247359991, 0.031454329030375532, 0.0059530913362825962, 0.020596990261568617, 0.040472518156600683, 0.18322100316570472, 0.034287810719799784, 0.33841953520046592]],
	"estimated_matrix":	[[0.16095041295732632, 0.31802394223530622, 0.20166954659275091, 0.0685092072763261, 0.0270500379082214, 0.0035107618176204382, 0.05126468436197297, 0.05433963632894015, 0.057118300138675984, 0.057563470382859569], [0.07730689930830377, 0.0519826472462842, 0.14903243754587653, 0.13009818628127889, 0.068312769031518158, 0.063884690512709161, 0.0356859047746939, 0.35279047020284832, 0.0564807779824827, 0.014425217114004477], [0.022928108964943652, 0.36573895396114331, 0.017349797770532336, 0.032704584605519255, 0.0051571278288577976, 0.017309105886226053, 0.033536447151418652, 0.15597690790077551, 0.023818991561105857, 0.32547997436947762]],
	"log_likelihood":	[-421.98501849318041, -337.225234990731, -298.7378548044739, -276.607104252552, -263.80496883172856, -256.18720468682665, -251.61423436006461, -248.85592090252044, -247.19594454088585, -246.20710057091242, -245.63141334653352, -245.31132857274, -245.14967307241812, -245.08595100296881, -245.08217446092968, -245.11431455815816]
}
