{
	"input_file":	"../../instances/J100_M50_G3_I10_L50_seed10.json",
	"method":	"MVN PDF",
	"convergence_threshold":	0.001,
	"iterations_made":	12,
	"max_iterations":	10000,
	"time_taken":	0.010222,
	"ground_truth_matrix":	[[0.21843127705125, 0.00310455594308142, 0.14866145756024521, 0.20452786828098479, 0.10217584773651123, 0.037696783123583662, 0.032677328835812119, 0.21160574168951965, 0.027426722860244761, 0.013692416918767124], [0.089337698565748663, 0.23688004378999766, 0.000305646789730184, 0.055459840205091121, 0.12938125590902735, 0.0732507112687405, 0.0988351780171504, 0.026665214833852879, 0.19301748277755362, 0.0968669278431076], [0.10672896050204253, 0.020927421351082318, 0.063779059262355456, 0.153018180528831, 0.0795746549692582, 0.0776761725567312, 0.13124552522321278, 0.098226905335430229, 0.14342301595160181, 0.12540010431945453]],
	"estimated_matrix":	[[0.22516235427597769, 0.018294744659517453, 0.16926690108884371, 0.17791601060932355, 0.09702517832105427, 0.020523026938846854, 0.019660249580886708, 0.23397976164348672, 0.025806901075829489, 0.012364871806233633], [0.11424373002160516, 0.2378000657773742, 0.0082556763914585947, 0.029696936370511563, 0.11430653191654562, 0.091209867116512924, 0.1065653828589464, 0.0310636803490173, 0.16816210157896608, 0.0986960276190621], [0.10606876184655356, 0.01448060073445929, 0.048331772486560162, 0.18196480737220791, 0.095820467638872336, 0.07593533840455885, 0.13328583159018875, 0.096462276975974537, 0.1320054307683958, 0.11564471218222876]],
	"log_likelihood":	[-385.52951227485812, -305.0083512008693, -270.15541342960125, -249.14914079406455, -236.47735820861783, -228.75637955618672, -224.08543645618244, -221.318542363583, -219.743500852438, -218.91003082089733, -218.53155490986811, -218.42576913601437, -218.477347385102]
}
