{
	"input_file":	"../../instances/J100_M50_G3_I10_L50_seed20.json",
	"method":	"MVN PDF",
	"convergence_threshold":	0.001,
	"iterations_made":	14,
	"max_iterations":	10000,
	"time_taken":	0.004992602,
	"ground_truth_matrix":	[[0.082219907057948835, 0.21132951055997232, 0.20588944772410889, 0.15682425779427028, 0.0033877396753867507, 0.10908302458583818, 0.0441117692532601, 0.06774392256656836, 0.099437221215447555, 0.019973199567198632], [0.036851563522719288, 0.14699395741819674, 0.17712024127059539, 0.22017884136159249, 0.17304768634872764, 0.0043302193415076231, 0.01438446802344439, 0.16130282000057855, 0.031695152369169713, 0.034095050343468228], [0.15918532554909737, 0.24428049725138792, 0.067357448039370771, 0.01608475063339752, 0.12010770984818865, 0.055369517882249544, 0.0814706996585495, 0.14939832088464047, 0.050476971643638679, 0.056268758609479635]],
	"estimated_matrix":	[[0.10068616338871531, 0.18719096900642496, 0.21516338257273537, 0.14396501156592975, 0.0091985623362189455, 0.10592857200542459, 0.037906490652777666, 0.080776041832843065, 0.094652731595574538, 0.024532075043355823], [0.045240506840716926, 0.15622335185299877, 0.17236674458681328, 0.20901079939414322, 0.15869589420132824, 0.0047745247988877143, 0.020024429160986554, 0.1709645445611486, 0.029542820135718961, 0.03315638446725773], [0.13183482266302668, 0.242765359124294, 0.066417492216135562, 0.029169475287097565, 0.12301354342788466, 0.0625048007413198, 0.0928474029354495, 0.14789703290088577, 0.045586697376623422, 0.05796337332728306]],
	"log_likelihood":	[-300.83210653134142, -263.41344416093187, -245.35304537346312, -234.780793897199, -228.54951856259174, -224.82901868845178, -222.59999169144913, -221.2686839455539, -220.48237029113088, -220.02841735116556, -219.777362466868, -219.64982038050661, -219.5968795073814, -219.58832568640176, -219.48104835231081]
}
