{
	"input_file":	"../../instances/J100_M50_G3_I10_L50_seed17.json",
	"method":	"MVN PDF",
	"convergence_threshold":	0.001,
	"iterations_made":	10,
	"max_iterations":	10000,
	"time_taken":	0.005655,
	"ground_truth_matrix":	[[0.054910088458876, 0.1189603042476769, 0.033441678392234289, 0.011060521380987629, 0.24324536090811941, 0.16800779444181613, 0.15962455027817882, 0.13481816614048331, 0.006267763850691715, 0.069663771900935742], [0.26764821479172474, 0.0056896705827529951, 0.18334443193306962, 0.19276480901552057, 0.0048285089853900686, 0.0970980434545545, 0.0737276519453078, 0.083622163902498159, 0.060710408957484467, 0.03056609643169713], [0.061293315400922067, 0.14297314709892539, 0.0874505158885679, 0.269583459149985, 0.0940159576003571, 0.026945286382059955, 0.028369706465992364, 0.00985493121997195, 0.21955082091383865, 0.059962859879379625]],
	"estimated_matrix":	[[0.0565810669531017, 0.10605871278251545, 0.032004435431452448, 0.030261894801905512, 0.24108702200663396, 0.17320665836469248, 0.1725327220420306, 0.12600004152217428, 0.013514053903885473, 0.048753392191608146], [0.25435209713363033, 0.0250641963981461, 0.1906056709143179, 0.15766376754368353, 0.014401512254873964, 0.11467831439279462, 0.082855954108728369, 0.077297824480610844, 0.046537707422953246, 0.0365429553502611], [0.073134145358991751, 0.12706285650536117, 0.070408883505497441, 0.274648296480274, 0.0801232445761468, 0.034191165471374414, 0.028006774585113279, 0.022382694252707343, 0.21681020283780611, 0.0732317364267277]],
	"log_likelihood":	[-419.7266529753295, -327.3261068098592, -282.955304517293, -259.082989187743, -246.01967681027963, -238.99468303390046, -235.3699360588225, -233.6470733955446, -232.9651441276977, -232.83295595121658, -232.97453959642959]
}
