{
	"input_file":	"../../instances/J100_M50_G3_I10_L50_seed14.json",
	"method":	"MVN PDF",
	"convergence_threshold":	0.001,
	"iterations_made":	10,
	"max_iterations":	10000,
	"time_taken":	0.008703,
	"ground_truth_matrix":	[[0.072756559579671962, 0.1496149553698512, 0.20608955322757225, 0.00081482132852198129, 0.037383355051305023, 0.318757571955605, 0.0725851899237404, 0.038640124848800833, 0.07813803605270303, 0.025219832662228388], [0.16106647274809777, 0.04108471195722066, 0.075916688175726, 0.000577733854966009, 0.10966663037368535, 0.023120032174088642, 0.26444084160278358, 0.04597428467004392, 0.13690581024077314, 0.141246794202615], [0.27457020663254578, 0.015670213003462923, 0.047928096851870335, 0.086529298626726064, 0.15012209735757456, 0.040009698419252678, 0.16224042461034441, 0.14373135909456444, 0.02698626539329689, 0.05221234001036193]],
	"estimated_matrix":	[[0.071555887843538349, 0.15833736571150336, 0.21144617611822855, 0.0039693312610423158, 0.052217210040218426, 0.32464480721424838, 0.0583792916400326, 0.019044122284442286, 0.064696659172712834, 0.03570914871403285], [0.16856134971705122, 0.0326542688901454, 0.07832377728211, 0.0053477164575402528, 0.099833990930849922, 0.028117621322770469, 0.26901624157603143, 0.047717710321791465, 0.12283188967019645, 0.14759543383151338], [0.261089261299184, 0.012401654644946832, 0.0360922378043842, 0.0784158363850585, 0.17174186526810012, 0.026800723344359768, 0.15436173585526233, 0.164475719365995, 0.042423271706798285, 0.0521976943259112]],
	"log_likelihood":	[-456.03985774175317, -333.8685698645217, -286.82571300591741, -259.31439888813316, -244.29092192288886, -236.05357602633461, -231.7872233985469, -229.78712955265189, -229.04720692943712, -228.97121234997988, -229.21474459250211]
}
