{
	"input_file":	"../../instances/J100_M50_G3_I10_L50_seed16.json",
	"method":	"MVN PDF",
	"convergence_threshold":	0.001,
	"iterations_made":	11,
	"max_iterations":	10000,
	"time_taken":	0.009006,
	"ground_truth_matrix":	[[0.037220072406000837, 0.10908437447685727, 0.11784646370736214, 0.0068749419864193783, 0.0659039693392477, 0.03718022718294757, 0.17190609579094332, 0.026337259333659491, 0.010740806916152435, 0.41690578886040985], [0.14673895330909076, 0.014366663143133332, 0.22689653856502881, 0.03052185574293443, 0.050964679802890864, 0.061466417499061822, 0.21102591149970712, 0.11042169790901495, 0.042842649101018683, 0.10475463342811923], [0.013250987302843993, 0.256850768624498, 0.0859595215094735, 0.065692664325043046, 0.038848493972169149, 0.00454383432734067, 0.14359733763946944, 0.0806029761315524, 0.149913861489711, 0.16073955467789863]],
	"estimated_matrix":	[[0.037313369941047961, 0.10723810215473997, 0.122877275616239, 0.0095645742440625056, 0.0739410474642815, 0.034516525379039063, 0.17370135426032748, 0.0225999689140816, 0.012244715385278087, 0.40600306664090269], [0.13888959785613991, 0.023890326209158777, 0.21690466458153293, 0.036003042630937843, 0.0425670181336488, 0.071120688960464626, 0.19743699112723928, 0.11677610050739969, 0.047512222335842985, 0.10889934765763518], [0.01325009315904273, 0.25077408174065841, 0.070703343552863, 0.052472213923868478, 0.061374710357950973, 0.0048283846608528, 0.130407395242147, 0.0911966371108771, 0.16584589864403268, 0.15914724160770682]],
	"log_likelihood":	[-383.528188328014, -310.60473195230509, -281.28423119997512, -265.42770529396313, -257.020431745707, -252.58247075360654, -250.29155323090845, -249.15964726500513, -248.64678105840272, -248.45905844038185, -248.43768846995994, -248.49780860562757]
}
