{
	"input_file":	"../../instances/J100_M50_G3_I10_L50_seed18.json",
	"method":	"MVN PDF",
	"convergence_threshold":	0.001,
	"iterations_made":	9,
	"max_iterations":	10000,
	"time_taken":	0.004948,
	"ground_truth_matrix":	[[0.079612049573285548, 0.053341302769557571, 0.15974625935528347, 0.01520417981069265, 0.14485572387769835, 0.10506232004872461, 0.083098883069512963, 0.33440299380389882, 0.022500991524444326, 0.0021752961669017148], [0.11041562041843452, 0.20549084721159183, 0.14569309460047292, 0.0022990684700750739, 0.012939030064866993, 0.038644144714774474, 0.1269946163384455, 0.21625373472435236, 0.024212202145507448, 0.11705764131147908], [0.10266653452655629, 0.037083991797034088, 0.13319222292738928, 0.1435889494144332, 0.018771610259097959, 0.254774298579153, 0.0552593377388751, 0.0937544862565924, 0.020261829253660643, 0.14064673924720819]],
	"estimated_matrix":	[[0.075451943142101463, 0.044075934940914857, 0.16557288995936437, 0.021115095363559641, 0.1471912091557378, 0.11198579639480265, 0.08111614082929447, 0.30829208970691085, 0.025999699632674508, 0.019199200874639454], [0.11415617804413525, 0.22683995366225421, 0.13005833459567234, 0.012302407237330427, 0.00621452912218949, 0.047802595107041532, 0.13909541673581374, 0.21953737909173926, 0.021900740025937, 0.082092466377886766], [0.11330041152307949, 0.0368265900515926, 0.14044653544011718, 0.12816803808137653, 0.020059679301914234, 0.25124647164591768, 0.0529992298234391, 0.095285181734209357, 0.022856833442618189, 0.13881102895573569]],
	"log_likelihood":	[-383.37500288482761, -298.27303970584052, -267.07173363016341, -250.44039110083722, -241.83474948832261, -237.581197717716, -235.6212626563962, -234.87125023523109, -234.73142421128088, -234.88035457303994]
}
