{
	"input_file":	"../../instances/J100_M50_G3_I10_L50_seed14.json",
	"method":	"MVN PDF",
	"convergence_threshold":	0.001,
	"iterations_made":	10,
	"max_iterations":	10000,
	"time_taken":	0.007168,
	"ground_truth_matrix":	[[0.072756559579671962, 0.1496149553698512, 0.20608955322757225, 0.00081482132852198129, 0.037383355051305023, 0.318757571955605, 0.0725851899237404, 0.038640124848800833, 0.07813803605270303, 0.025219832662228388], [0.16106647274809777, 0.04108471195722066, 0.075916688175726, 0.000577733854966009, 0.10966663037368535, 0.023120032174088642, 0.26444084160278358, 0.04597428467004392, 0.13690581024077314, 0.141246794202615], [0.27457020663254578, 0.015670213003462923, 0.047928096851870335, 0.086529298626726064, 0.15012209735757456, 0.040009698419252678, 0.16224042461034441, 0.14373135909456444, 0.02698626539329689, 0.05221234001036193]],
	"estimated_matrix":	[[0.071555887843538377, 0.15833736571150331, 0.2114461761182285, 0.00396933126104232, 0.052217210040218433, 0.32464480721424838, 0.0583792916400326, 0.019044122284442289, 0.064696659172712848, 0.035709148714032919], [0.16856134971705125, 0.0326542688901454, 0.078323777282110027, 0.0053477164575402537, 0.0998339909308499, 0.028117621322770472, 0.26901624157603143, 0.047717710321791465, 0.12283188967019645, 0.14759543383151333], [0.261089261299184, 0.012401654644946828, 0.036092237804384177, 0.07841583638505846, 0.17174186526810012, 0.026800723344359761, 0.15436173585526236, 0.164475719365995, 0.042423271706798264, 0.052197694325911211]],
	"log_likelihood":	[-456.039857741753, -333.86856986452187, -286.82571300591735, -259.31439888813316, -244.29092192288888, -236.05357602633461, -231.78722339854673, -229.7871295526522, -229.047206929437, -228.97121234997968, -229.21474459250217]
}
