{
	"input_file":	"../../instances/J100_M50_G3_I10_L50_seed10.json",
	"method":	"MVN PDF",
	"convergence_threshold":	0.001,
	"iterations_made":	12,
	"max_iterations":	10000,
	"time_taken":	0.004748,
	"ground_truth_matrix":	[[0.21843127705125, 0.00310455594308142, 0.14866145756024521, 0.20452786828098479, 0.10217584773651123, 0.037696783123583662, 0.032677328835812119, 0.21160574168951965, 0.027426722860244761, 0.013692416918767124], [0.089337698565748663, 0.23688004378999766, 0.000305646789730184, 0.055459840205091121, 0.12938125590902735, 0.0732507112687405, 0.0988351780171504, 0.026665214833852879, 0.19301748277755362, 0.0968669278431076], [0.10672896050204253, 0.020927421351082318, 0.063779059262355456, 0.153018180528831, 0.0795746549692582, 0.0776761725567312, 0.13124552522321278, 0.098226905335430229, 0.14342301595160181, 0.12540010431945453]],
	"estimated_matrix":	[[0.22516235427597769, 0.018294744659517449, 0.16926690108884371, 0.17791601060932349, 0.097025178321054228, 0.020523026938846858, 0.019660249580886722, 0.23397976164348672, 0.025806901075829464, 0.012364871806233631], [0.11424373002160516, 0.23780006577737417, 0.0082556763914585964, 0.029696936370511563, 0.11430653191654565, 0.0912098671165129, 0.1065653828589464, 0.03106368034901728, 0.16816210157896608, 0.098696027619062141], [0.1060687618465536, 0.014480600734459281, 0.048331772486560169, 0.181964807372208, 0.095820467638872336, 0.07593533840455885, 0.13328583159018878, 0.096462276975974551, 0.1320054307683958, 0.11564471218222865]],
	"log_likelihood":	[-385.529512274858, -305.00835120086936, -270.1554134296012, -249.14914079406478, -236.4773582086182, -228.7563795561866, -224.08543645618235, -221.31854236358308, -219.74350085243776, -218.9100308208973, -218.53155490986813, -218.42576913601428, -218.47734738510215]
}
