{
	"input_file":	"../../instances/J100_M50_G3_I10_L50_seed4.json",
	"method":	"MVN PDF",
	"convergence_threshold":	0.001,
	"iterations_made":	10,
	"max_iterations":	10000,
	"time_taken":	0.004079,
	"ground_truth_matrix":	[[0.22583551318107506, 0.052443917345447011, 0.23828791306220862, 0.0830378819242122, 0.079186543171321358, 0.016113585473482447, 0.24761394129387149, 0.00041364337115573342, 0.019304135128980132, 0.037762926048245667], [0.12006391970874336, 0.017497584298260781, 0.15791029373823773, 0.32558754806371482, 0.014215320954268749, 0.072264894734091964, 0.00071710695160031874, 0.038822962732027649, 0.0035880152585265278, 0.249332353560528], [0.055515405364858314, 0.28830098826938388, 0.1495248801034782, 0.19495435552022833, 0.018424095092939071, 0.00754847271122037, 0.0889614160291074, 0.017817431884025, 0.12808472611908472, 0.0508682289056748]],
	"estimated_matrix":	[[0.24557548307179208, 0.043664405374767623, 0.238052481059326, 0.0897004071702195, 0.090804131984176847, 0.0073416015215008274, 0.20360622491146863, 0.0052995489766361576, 0.039891918730880938, 0.0360637971992314], [0.10489112570758309, 0.031618362284298984, 0.15655143901034752, 0.3029134240188015, 0.014691035697094542, 0.0861014145890227, 0.020714343695540184, 0.033813424806795757, 0.0021950672383698419, 0.2465103629521459], [0.058768812461293923, 0.26162976289780465, 0.178798972285248, 0.18334286430681671, 0.01425850882197782, 0.00908305323399844, 0.094636140423308465, 0.022124798030253981, 0.11573199854336336, 0.061625088995934683]],
	"log_likelihood":	[-400.42061566829034, -294.35654381089961, -256.05324127642473, -235.21316999950076, -224.55215295263153, -219.15146748488618, -216.55748110983063, -215.43718870106665, -215.067063336209, -215.05818946449219, -215.205717019971]
}
