{
	"input_file":	"../../instances/J100_M50_G3_I10_L50_seed11.json",
	"method":	"MVN PDF",
	"convergence_threshold":	0.001,
	"iterations_made":	11,
	"max_iterations":	10000,
	"time_taken":	0.004352,
	"ground_truth_matrix":	[[0.022670189430670222, 0.0022430000911789036, 0.07095577431831715, 0.14720508768109594, 0.062164378732414968, 0.075774684449878463, 0.0014670045756580005, 0.076206469567349347, 0.32434701506348212, 0.21696639608995485], [0.17475220147373904, 0.015365503375000471, 0.29945062630790814, 0.2597506605011623, 0.024083428701327351, 0.1335574362557338, 0.0027625429341148482, 0.0165692122202841, 0.050767037043357562, 0.022941351187372273], [0.20286311633434817, 0.24312411956007066, 0.060243706866737655, 0.05473336022465846, 0.016880923775346772, 0.012501891955236983, 0.17783373523956272, 0.1304755028070759, 0.00816706959117638, 0.093176573645786145]],
	"estimated_matrix":	[[0.015465492465499941, 0.0072899945122426833, 0.0535872854830282, 0.15478653395847283, 0.057214363517070856, 0.081398034334777852, 0.0051166682944622016, 0.087368328630593739, 0.31954377549197671, 0.218229523311875], [0.15495754451693036, 0.013365818034849472, 0.29849366058268934, 0.273553670871104, 0.030263454848774244, 0.1263775861157565, 0.016618738160896426, 0.028472124416636768, 0.0294631081493429, 0.028434294303020056], [0.21383769661318458, 0.2406107499903597, 0.072795697625193265, 0.040870310207910369, 0.018111385216640356, 0.0206897156151176, 0.15830921793239824, 0.12279827846481882, 0.016139887854950838, 0.0958370604794262]],
	"log_likelihood":	[-456.56451309453223, -331.406099363385, -276.57720297703668, -245.357665302446, -227.31768080368585, -216.9517993614881, -211.14896523258409, -208.07072767256241, -206.59874901860883, -206.05080459211436, -206.01407707626794, -206.24285485052175]
}
