{
	"input_file":	"../../instances/J100_M50_G3_I2_L50_seed2.json",
	"method":	"MVN PDF",
	"convergence_threshold":	0.001,
	"iterations_made":	16,
	"max_iterations":	10000,
	"time_taken":	0.000961,
	"ground_truth_matrix":	[[0.956143597579845, 0.043856402420155059], [0.582620503431051, 0.417379496568949], [0.57628561358826846, 0.42371438641173154]],
	"estimated_matrix":	[[0.952501313719582, 0.04749868628041784], [0.58836938748527923, 0.41163061251472066], [0.595531716405927, 0.404468283594073]],
	"log_likelihood":	[-77.145019440574032, -58.6475046469076, -48.760657420612674, -42.3675320459365, -38.181078235344529, -35.418992575107971, -33.590711199981655, -32.380807591502787, -31.583302470759659, -31.06227022244045, -30.727288475689264, -30.517789586812164, -30.392949961689531, -30.325097149563241, -30.295378989083758, -30.290899215956653, -30.302810029149313]
}
