{
	"input_file":	"../../instances/J100_M50_G3_I2_L50_seed20.json",
	"method":	"MVN PDF",
	"convergence_threshold":	0.001,
	"iterations_made":	21,
	"max_iterations":	10000,
	"time_taken":	0.003450876,
	"ground_truth_matrix":	[[0.28008881000392533, 0.71991118999607473], [0.56763625027584241, 0.43236374972415759], [0.030121069218649359, 0.96987893078135068]],
	"estimated_matrix":	[[0.27302596004358376, 0.7269740399564163], [0.56044414494195527, 0.43955585505804468], [0.0199595017582117, 0.98004049824178818]],
	"log_likelihood":	[-109.97590510851346, -75.1485720249159, -58.490832473013242, -48.3889820270475, -42.051407412456726, -37.964768375807779, -35.2654440905614, -33.442642905938051, -32.18630214243, -31.30407899261963, -30.67420882230331, -30.218038925223677, -29.883726903920433, -29.63641053909808, -29.452186617371261, -29.3143617998022, -29.211077297829821, -29.13377651370082, -29.076198214853324, -29.03370292222267, -29.002814285473491, -28.943450928244683]
}
