{
	"input_file":	"../../instances/J100_M50_G3_I2_L50_seed9.json",
	"method":	"MVN PDF",
	"convergence_threshold":	0.001,
	"iterations_made":	18,
	"max_iterations":	10000,
	"time_taken":	0.002417,
	"ground_truth_matrix":	[[0.014743209941968996, 0.985256790058031], [0.82656560980942351, 0.17343439019057644], [0.38330142741774459, 0.61669857258225547]],
	"estimated_matrix":	[[0.02945084874132195, 0.970549151258678], [0.83367483332890624, 0.16632516667109379], [0.37217424260359616, 0.627825757396404]],
	"log_likelihood":	[-161.51400769500222, -108.44230049233995, -77.500686610981475, -57.515335789496739, -44.143027464532643, -35.052336706107987, -28.844618050165852, -24.617100684259679, -21.759022377191734, -19.846382438111018, -18.582067745090978, -17.758287649269967, -17.230955513155017, -16.901286320097437, -16.702332214522372, -16.589181940483623, -16.531948495660579, -16.510855361355709, -16.512861283992574]
}
