{
	"input_file":	"../../instances/J100_M50_G3_I2_L50_seed10.json",
	"method":	"MVN PDF",
	"convergence_threshold":	0.001,
	"iterations_made":	19,
	"max_iterations":	10000,
	"time_taken":	0.006231,
	"ground_truth_matrix":	[[0.98598621315062451, 0.014013786849375551], [0.42091152445267649, 0.57908847554732346], [0.73049207059464549, 0.26950792940535451]],
	"estimated_matrix":	[[0.967737007372884, 0.032262992627115877], [0.45118949699543726, 0.5488105030045628], [0.76333053099338644, 0.23666946900661345]],
	"log_likelihood":	[-96.005777965959922, -61.533799081416539, -45.089019192621933, -35.504102355472178, -29.743663086783492, -26.193811031998909, -23.955999146912553, -22.515139780958133, -21.569501305975855, -20.93877110955437, -20.5129235241503, -20.223304522255017, -20.0260667058189, -19.892548794125076, -19.803597031019684, -19.746149167822558, -19.7111356155702, -19.69216073031939, -19.6846553660076, -19.685320248380556]
}
