{
	"input_file":	"../../instances/J100_M50_G3_I2_L50_seed12.json",
	"method":	"MVN PDF",
	"convergence_threshold":	0.001,
	"iterations_made":	9,
	"max_iterations":	10000,
	"time_taken":	0.001218,
	"ground_truth_matrix":	[[0.11053619287835263, 0.88946380712164752], [0.28597542938972, 0.71402457061028], [0.0058150405982643075, 0.99418495940173579]],
	"estimated_matrix":	[[0.083296079033394546, 0.91670392096660547], [0.2975781396401152, 0.70242186035988474], [0.031497712687820076, 0.96850228731218]],
	"log_likelihood":	[-61.115149455791588, -38.629326050758351, -30.554312872205553, -26.123302189124658, -23.770949591811977, -22.55514423770811, -21.9612475352043, -21.7050851315858, -21.629047875902124, -21.645717290003919]
}
