{
	"input_file":	"../../instances/J100_M50_G3_I2_L50_seed3.json",
	"method":	"MVN PDF",
	"convergence_threshold":	0.001,
	"iterations_made":	10,
	"max_iterations":	10000,
	"time_taken":	0.001788,
	"ground_truth_matrix":	[[0.39388041818446978, 0.60611958181553], [0.32467278858124587, 0.675327211418754], [0.49647207203009674, 0.50352792796990342]],
	"estimated_matrix":	[[0.41466372791535433, 0.58533627208464567], [0.323533093676465, 0.676466906323535], [0.49508823879798131, 0.50491176120201864]],
	"log_likelihood":	[-29.710022393648813, -26.534906160187024, -24.826475580208044, -23.906450477933852, -23.418738258410713, -23.167215828826958, -23.043446017668526, -22.987592476234894, -22.96685211378113, -22.963443534168313, -22.96789654650264]
}
