{
	"input_file":	"../../instances/J100_M50_G3_I2_L50_seed13.json",
	"method":	"MVN PDF",
	"convergence_threshold":	0.001,
	"iterations_made":	11,
	"max_iterations":	10000,
	"time_taken":	0.00248,
	"ground_truth_matrix":	[[0.84720269601591158, 0.15279730398408845], [0.34009172295595952, 0.65990827704404054], [0.856207255811948, 0.14379274418805191]],
	"estimated_matrix":	[[0.86882498588350565, 0.13117501411649427], [0.29354059884730177, 0.706459401152698], [0.851679584332601, 0.14832041566739892]],
	"log_likelihood":	[-131.24889012884415, -81.458430779729667, -55.556015913858147, -40.345462580894711, -31.380825488521008, -26.204746521715993, -23.334133735915042, -21.840047178149014, -21.139033805974947, -20.872207106327068, -20.8266366961667, -20.88175151617925]
}
