{
	"input_file":	"../../instances/J100_M50_G3_I2_L50_seed6.json",
	"method":	"MVN PDF",
	"convergence_threshold":	0.001,
	"iterations_made":	13,
	"max_iterations":	10000,
	"time_taken":	0.001866,
	"ground_truth_matrix":	[[0.84701246603789282, 0.15298753396210726], [0.97585881292457777, 0.024141187075422219], [0.11190117762122714, 0.888098822378773]],
	"estimated_matrix":	[[0.841600728371464, 0.15839927162853606], [0.957446394784974, 0.042553605215025915], [0.14042117887595831, 0.85957882112404149]],
	"log_likelihood":	[-213.82310909775538, -141.10572274885791, -100.85847885309222, -74.8594397885917, -57.420371588512644, -45.579847237574675, -37.58109185558537, -32.282283475595541, -28.888982976616749, -26.823862671938372, -25.660202066188511, -25.085025554396452, -24.8749127878923, -24.876657217483]
}
