{
	"input_file":	"../../instances/J100_M50_G3_I2_L50_seed20.json",
	"method":	"MVN PDF",
	"convergence_threshold":	0.001,
	"iterations_made":	21,
	"max_iterations":	10000,
	"time_taken":	0.002413905,
	"ground_truth_matrix":	[[0.28008881000392533, 0.71991118999607473], [0.56763625027584241, 0.43236374972415759], [0.030121069218649359, 0.96987893078135068]],
	"estimated_matrix":	[[0.27302596004358376, 0.7269740399564163], [0.56044414494195538, 0.43955585505804456], [0.0199595017582117, 0.98004049824178818]],
	"log_likelihood":	[-109.97590510851347, -75.1485720249158, -58.490832473013128, -48.388982027047533, -42.051407412456562, -37.964768375807871, -35.26544409056104, -33.442642905937561, -32.186302142431, -31.304078992619633, -30.674208822303275, -30.218038925223091, -29.883726903920429, -29.636410539097575, -29.452186617371517, -29.314361799802494, -29.21107729782976, -29.133776513700894, -29.076198214853221, -29.033702922222428, -29.002814285473576, -28.9434509282447]
}
