{
	"input_file":	"../../instances/J100_M50_G3_I2_L50_seed11.json",
	"method":	"MVN PDF",
	"convergence_threshold":	0.001,
	"iterations_made":	13,
	"max_iterations":	10000,
	"time_taken":	0.00174,
	"ground_truth_matrix":	[[0.90996736531017963, 0.0900326346898204], [0.3252452051574129, 0.674754794842587], [0.45066551343952227, 0.54933448656047779]],
	"estimated_matrix":	[[0.889972662556713, 0.11002733744328708], [0.30581652941767284, 0.69418347058232732], [0.475728524886774, 0.524271475113226]],
	"log_likelihood":	[-105.96380569403338, -72.6523594310766, -53.454341483554288, -41.7287299613604, -34.4639496392988, -29.969618296513822, -27.221778139128592, -25.5757537929521, -24.619409407880408, -24.088912925074734, -23.816456102608761, -23.69645182051941, -23.663365866484583, -23.677192261826576]
}
