{
	"input_file":	"../../instances/J100_M50_G3_I3_L50_seed8.json",
	"method":	"MVN PDF",
	"convergence_threshold":	0.001,
	"iterations_made":	18,
	"max_iterations":	10000,
	"time_taken":	0.005554789,
	"ground_truth_matrix":	[[0.27340463300715134, 0.457544000038453, 0.26905136695439574], [0.73250839185554451, 0.25639597500319711, 0.011095633141258382], [0.30977655129027537, 0.28325875669197409, 0.40696469201775065]],
	"estimated_matrix":	[[0.26607545259293613, 0.472499142176823, 0.26142540523024083], [0.74655587876758323, 0.23759514758891268, 0.015848973643503961], [0.31745607469386949, 0.3070663793028216, 0.3754775460033089]],
	"log_likelihood":	[-126.67355546792959, -92.5186879734464, -74.818929565480261, -64.2698163503218, -57.8569437828769, -53.9079613517331, -51.457591930561151, -49.928077408476526, -48.967253190031336, -48.358836884772913, -47.96972276302705, -47.717974265934366, -47.553113511891688, -47.4439548356658, -47.371118973274754, -47.322449629806613, -47.29021936965124, -47.269430882294877, -47.204863606283112]
}
