{
	"input_file":	"../../instances/J100_M50_G3_I3_L50_seed16.json",
	"method":	"MVN PDF",
	"convergence_threshold":	0.001,
	"iterations_made":	11,
	"max_iterations":	10000,
	"time_taken":	0.001263,
	"ground_truth_matrix":	[[0.14090457732224396, 0.41296232609275713, 0.44613309658499889], [0.062522697791787138, 0.599349633264765, 0.3381276689434477], [0.82257953957974517, 0.12602514504674908, 0.0513953153735057]],
	"estimated_matrix":	[[0.15598122274463386, 0.37876443189718079, 0.46525434535818533], [0.06906078405105677, 0.611531694351557, 0.31940752159738611], [0.81857295322787527, 0.12994766300316921, 0.05147938376895566]],
	"log_likelihood":	[-226.76548403477062, -148.26163809559108, -107.3826650253267, -83.0553367763197, -68.1454140509567, -59.020340458274966, -53.582499646965687, -50.5089886483991, -48.9216013641948, -48.229386743188968, -48.0422408959099, -48.113601791022667]
}
