{
	"input_file":	"../../instances/J100_M50_G3_I3_L50_seed18.json",
	"method":	"MVN PDF",
	"convergence_threshold":	0.001,
	"iterations_made":	22,
	"max_iterations":	10000,
	"time_taken":	0.006867482,
	"ground_truth_matrix":	[[0.2719923306744691, 0.18223906229356635, 0.54576860703196461], [0.0573478133834925, 0.54637337389464335, 0.39627881272186422], [0.18885986669153693, 0.76000184958232464, 0.051138283726138462]],
	"estimated_matrix":	[[0.24541989808728218, 0.1881001319735115, 0.566479969939206], [0.073527761305917941, 0.54650260066062317, 0.379969638033459], [0.20379267905600118, 0.76901122919787457, 0.027196091746124314]],
	"log_likelihood":	[-145.07452972173468, -108.88060566677512, -87.660520377288478, -74.191813600720621, -65.415882464968661, -59.615950099010632, -55.749314265022562, -53.1554173236999, -51.405954953438787, -50.2198989433099, -49.411735825965849, -48.858539894940236, -48.478563090884769, -48.217193685729853, -48.0377309634118, -47.915327853985836, -47.8330159438891, -47.779095103733852, -47.74541490224086, -47.726238095993246, -47.717484348737912, -47.716223046192432, -47.690021870233558]
}
