{
	"input_file":	"../../instances/J100_M50_G3_I3_L50_seed15.json",
	"method":	"MVN PDF",
	"convergence_threshold":	0.001,
	"iterations_made":	12,
	"max_iterations":	10000,
	"time_taken":	0.002876,
	"ground_truth_matrix":	[[0.88190002979169, 0.0920076920293921, 0.026092278178917974], [0.294060845578166, 0.21111905408272336, 0.49482010033911067], [0.4312585359125406, 0.42880315095830712, 0.13993831312915236]],
	"estimated_matrix":	[[0.86668596274759679, 0.098776096534637675, 0.0345379407177655], [0.29670364193233889, 0.19746654269454961, 0.50582981537311156], [0.4472993469519721, 0.43146832413771191, 0.12123232891031592]],
	"log_likelihood":	[-189.9955969016934, -122.10425532326323, -91.1462505263894, -74.0904501612488, -64.5742026156891, -59.2781104310418, -56.373588283072912, -54.8236345102502, -54.0340019263292, -53.664295481302041, -53.5208696623758, -53.49482970896814, -53.52592857689303]
}
