{
	"input_file":	"../../instances/J100_M50_G3_I3_L50_seed11.json",
	"method":	"MVN PDF",
	"convergence_threshold":	0.001,
	"iterations_made":	20,
	"max_iterations":	10000,
	"time_taken":	0.006680755,
	"ground_truth_matrix":	[[0.23647057945119962, 0.02339651959646144, 0.740132900952339], [0.516247965232227, 0.218010359126032, 0.265741675641741], [0.0036490791266723327, 0.1895586707975162, 0.80679225007581146]],
	"estimated_matrix":	[[0.19605690766192774, 0.024353938849779745, 0.7795891534882925], [0.516659470394876, 0.23477425477986505, 0.248566274825259], [0.019018277692377669, 0.1896151902263063, 0.791366532081316]],
	"log_likelihood":	[-163.58212817336982, -115.91933140057742, -91.0438728843687, -76.3051653172912, -67.354005336083574, -61.853153155302287, -58.443334343865956, -56.309718569062454, -54.958424499363218, -54.0897082183838, -53.521825552139639, -53.144430203742651, -52.890107568652461, -52.717168624588673, -52.599365362101423, -52.519790558821, -52.467267867736453, -52.4342074500399, -52.415319300565727, -52.406828766601478, -52.360752462517063]
}
