{
	"input_file":	"../../instances/J100_M50_G3_I3_L50_seed10.json",
	"method":	"MVN PDF",
	"convergence_threshold":	0.001,
	"iterations_made":	21,
	"max_iterations":	10000,
	"time_taken":	0.0058850000000000013,
	"ground_truth_matrix":	[[0.590040182963056, 0.00838622005696103, 0.401573596979983], [0.59386635266519261, 0.296677408979759, 0.10945623835504842], [0.12026555402602122, 0.77879320819781883, 0.1009412377761599]],
	"estimated_matrix":	[[0.56877147264490269, 0.015211694940877957, 0.41601683241421938], [0.6311257405544497, 0.27455458504770469, 0.094319674397845651], [0.11406940974966287, 0.79055586112170662, 0.095374729128630653]],
	"log_likelihood":	[-218.53962312301067, -146.9025738850228, -108.58493795878154, -85.348455157854247, -70.7184347297513, -61.319229542759921, -55.221881255763819, -51.250388877132444, -48.658902078931426, -46.9648431769712, -45.85411153396484, -45.122694676691772, -44.638722903886936, -44.317266458736917, -44.1036285005044, -43.962421184986141, -43.870538674867156, -43.812697643974218, -43.778630371564937, -43.761321802571175, -43.755898100163847, -43.758919575561926]
}
