{
	"input_file":	"../../instances/J100_M50_G3_I4_L50_seed13.json",
	"method":	"MVN PDF",
	"convergence_threshold":	0.001,
	"iterations_made":	10,
	"max_iterations":	10000,
	"time_taken":	0.0032530000000000007,
	"ground_truth_matrix":	[[0.218317657192871, 0.0393746969740127, 0.25245268623476663, 0.48985495959834957], [0.542201209301642, 0.091058092837147178, 0.14155571116247334, 0.22518498669873749], [0.380550442114957, 0.4747687767594026, 0.013226562056458096, 0.13145421906918225]],
	"estimated_matrix":	[[0.23109008801589312, 0.050931489570552275, 0.23141619396895233, 0.48656222844460223], [0.53108580606265632, 0.11138748040505435, 0.13127882633821628, 0.22624788719407313], [0.37374616652635767, 0.46455637776206765, 0.027312316898288835, 0.13438513881328581]],
	"log_likelihood":	[-199.9084837193067, -138.85514838555559, -111.28547243593322, -96.416794253848138, -88.407386576687671, -84.162083514466872, -81.992604997869449, -80.9530068751673, -80.5122301840503, -80.375832059261356, -80.384195200829026]
}
