{
	"input_file":	"../../instances/J100_M50_G3_I4_L50_seed7.json",
	"method":	"MVN PDF",
	"convergence_threshold":	0.001,
	"iterations_made":	13,
	"max_iterations":	10000,
	"time_taken":	0.0017660000000000004,
	"ground_truth_matrix":	[[0.022970939991479138, 0.43806769354602731, 0.16697318978046674, 0.37198817668202688], [0.712028237377669, 0.14427461235209513, 0.12974505029533678, 0.0139520999748993], [0.0828928445429555, 0.18375599268884832, 0.30153350005390939, 0.43181766271428679]],
	"estimated_matrix":	[[0.044900524160585056, 0.450608325534519, 0.15061431386475757, 0.35387683644013829], [0.709869411209271, 0.13342921226032894, 0.1183876158681276, 0.0383137606622724], [0.0689434098363067, 0.21157571680203427, 0.30916250744664547, 0.41031836591501342]],
	"log_likelihood":	[-252.62929212284217, -168.81341176831583, -127.34099810474065, -102.39042600738274, -86.9375379669737, -77.310529422415769, -71.376240875692673, -67.805024409868, -65.7343776742363, -64.5972834299746, -64.023698739759666, -63.7772536338138, -63.7114414589995, -63.7386250440634]
}
