{
	"input_file":	"../../instances/J100_M50_G3_I4_L50_seed20.json",
	"method":	"MVN PDF",
	"convergence_threshold":	0.001,
	"iterations_made":	19,
	"max_iterations":	10000,
	"time_taken":	0.007779754,
	"ground_truth_matrix":	[[0.12528497207799447, 0.32201948137817415, 0.31373002758429769, 0.23896551895953352], [0.015101828534048147, 0.48626910303626614, 0.19664095811027157, 0.301988110319414], [0.37325565430763752, 0.074973029032247326, 0.1106017466286246, 0.44116957003149054]],
	"estimated_matrix":	[[0.12685477060074032, 0.32164183331660579, 0.33335001231702971, 0.21815338376562415], [0.013775873747189958, 0.49315781433507527, 0.15967545657241813, 0.33339085534531659], [0.37138283019012824, 0.049165716010264683, 0.13085975014214363, 0.44859170365746354]],
	"log_likelihood":	[-172.67840663621973, -126.09322562065734, -103.63632164634927, -90.2560594664916, -82.09716458192905, -77.006856586679, -73.77526333179695, -71.6934663497715, -70.33519700229995, -69.439349374178775, -68.8435667176346, -68.4454740585483, -68.179589481991826, -68.0033908754533, -67.888822646012372, -67.8170694489498, -67.775307253834029, -67.754659916677454, -67.7488967021086, -67.6975036199997]
}
