{
	"input_file":	"../../instances/J100_M50_G3_I4_L50_seed6.json",
	"method":	"MVN PDF",
	"convergence_threshold":	0.001,
	"iterations_made":	15,
	"max_iterations":	10000,
	"time_taken":	0.005316,
	"ground_truth_matrix":	[[0.507491225944653, 0.091663150517557662, 0.39116873435159927, 0.00967688918619004], [0.049198308552667672, 0.39046023301512889, 0.32594651093818944, 0.23439494749401418], [0.12416321052879148, 0.29605898381257317, 0.17519316033671811, 0.40458464532191729]],
	"estimated_matrix":	[[0.521037403269692, 0.10336955315416284, 0.3543534829538349, 0.021239560622310295], [0.04102491413996958, 0.369077364798445, 0.36121448478959067, 0.22868323627199469], [0.11824069006071412, 0.26771050563756582, 0.17772105807228566, 0.43632774622943438]],
	"log_likelihood":	[-206.78609939006745, -141.60359604225516, -111.3884511386148, -93.868824607309236, -83.497124353792742, -77.288211519495334, -73.568953091526453, -71.355712523038477, -70.055166282783873, -69.305427913047339, -68.885412487382951, -68.6605907749667, -68.5496798009326, -68.50400235780684, -68.4947074694243, -68.504902857864764]
}
