{
	"input_file":	"../../instances/J100_M50_G3_I4_L50_seed6.json",
	"method":	"MVN PDF",
	"convergence_threshold":	0.001,
	"iterations_made":	15,
	"max_iterations":	10000,
	"time_taken":	0.004634,
	"ground_truth_matrix":	[[0.507491225944653, 0.091663150517557662, 0.39116873435159927, 0.00967688918619004], [0.049198308552667672, 0.39046023301512889, 0.32594651093818944, 0.23439494749401418], [0.12416321052879148, 0.29605898381257317, 0.17519316033671811, 0.40458464532191729]],
	"estimated_matrix":	[[0.52103740326969217, 0.10336955315416282, 0.35435348295383484, 0.021239560622310274], [0.041024914139969615, 0.369077364798445, 0.36121448478959067, 0.22868323627199474], [0.11824069006071419, 0.26771050563756588, 0.17772105807228566, 0.43632774622943432]],
	"log_likelihood":	[-206.78609939006742, -141.60359604225508, -111.38845113861454, -93.86882460730935, -83.4971243537926, -77.2882115194957, -73.5689530915264, -71.355712523038576, -70.055166282783858, -69.305427913047055, -68.885412487383263, -68.660590774966778, -68.54967980093285, -68.504002357807053, -68.494707469424426, -68.504902857865]
}
