{
	"input_file":	"../../instances/J100_M50_G3_I4_L50_seed14.json",
	"method":	"MVN PDF",
	"convergence_threshold":	0.001,
	"iterations_made":	15,
	"max_iterations":	10000,
	"time_taken":	0.00386,
	"ground_truth_matrix":	[[0.16948671322645967, 0.34852867125185555, 0.48008648579103436, 0.0018981297306503366], [0.079987281299932059, 0.68202951659915934, 0.15530687378570474, 0.0826763283152038], [0.25105168191104937, 0.081029441322241033, 0.532172679173297, 0.13574619759341275]],
	"estimated_matrix":	[[0.16570539987884331, 0.35664690631334628, 0.47374115365526964, 0.0039065401525406286], [0.076276290454041731, 0.680335662834663, 0.17037442647874082, 0.073013620232554463], [0.23298782130947288, 0.0998608670250505, 0.51872709648736481, 0.14842421517811177]],
	"log_likelihood":	[-164.28352492451569, -124.31547202640763, -102.97325433291978, -89.7983028663144, -81.590356642468336, -76.432663413464056, -73.196319984514432, -71.181167276598956, -69.943139120477028, -69.1975907314143, -68.761612579905574, -68.5179525709297, -68.39185660235006, -68.33602860028796, -68.320836967140977, -68.327950002991642]
}
