{
	"input_file":	"../../instances/J100_M50_G3_I4_L50_seed9.json",
	"method":	"MVN PDF",
	"convergence_threshold":	0.001,
	"iterations_made":	12,
	"max_iterations":	10000,
	"time_taken":	0.004002,
	"ground_truth_matrix":	[[0.0067904575313161844, 0.453791570266173, 0.445864345135731, 0.093553627066779749], [0.12490196468201752, 0.20095636964109462, 0.44178206861140756, 0.23235959706548037], [0.031330988253750372, 0.15125306603020736, 0.065104505715419259, 0.75231144000062322]],
	"estimated_matrix":	[[0.017295302216902338, 0.4322072331052107, 0.45015527214265022, 0.10034219253523674], [0.11173637789147597, 0.23136845258260769, 0.44127627694616622, 0.21561889257975017], [0.0302057736511636, 0.1450807291046205, 0.0829681631381818, 0.741745334106034]],
	"log_likelihood":	[-228.21187693226094, -161.98921325286827, -131.08531235645975, -112.6338445592355, -101.81752291286284, -95.4413760467913, -91.761772136760442, -89.715601677133648, -88.6454742659765, -88.143221070725929, -87.9588554077535, -87.9428209562146, -88.008351310647072]
}
