{
	"input_file":	"../../instances/J100_M50_G3_I4_L50_seed1.json",
	"method":	"MVN PDF",
	"convergence_threshold":	0.001,
	"iterations_made":	13,
	"max_iterations":	10000,
	"time_taken":	0.004558,
	"ground_truth_matrix":	[[0.24822494433396575, 0.58611239568895857, 5.2616751750196278e-05, 0.16561004322532558], [0.179194262029625, 0.10938868480049078, 0.23271787507579811, 0.478699178094086], [0.16969288050778514, 0.25983737889369862, 0.18241242309601466, 0.38805731750250161]],
	"estimated_matrix":	[[0.24704931890979132, 0.57113600815097854, 0.022565336762041865, 0.15924933617718814], [0.18556712221523836, 0.11874042809362213, 0.21159806469873957, 0.4840943849924], [0.14791516132594004, 0.28445844912270529, 0.16534709044848686, 0.40227929910286775]],
	"log_likelihood":	[-150.87284433199517, -118.16402842290411, -100.33999804046228, -89.883512992934143, -83.698297977969673, -80.055811711143278, -77.939930424920945, -76.737280708111072, -76.075184538625649, -75.728189096289427, -75.5612673893556, -75.494604118721256, -75.481741532051871, -75.496126671487247]
}
