{
	"input_file":	"../../instances/J100_M50_G3_I4_L50_seed18.json",
	"method":	"MVN PDF",
	"convergence_threshold":	0.001,
	"iterations_made":	17,
	"max_iterations":	10000,
	"time_taken":	0.007139,
	"ground_truth_matrix":	[[0.25856144603859232, 0.17324016215639787, 0.5188187471563106, 0.049379644648699164], [0.21703835825592904, 0.15741561912449081, 0.12450764575610422, 0.501038376863476], [0.092386911183075723, 0.00893155724049351, 0.31410714573850357, 0.584574385837927]],
	"estimated_matrix":	[[0.24737919736077429, 0.19329605746595518, 0.51133403280903744, 0.047990712364233135], [0.24973048008885565, 0.12702708032297855, 0.13971168330590689, 0.483530756282259], [0.077333369733841764, 0.015862124762443183, 0.31696707126277779, 0.58983743424093726]],
	"log_likelihood":	[-158.55731194818205, -120.75190867364186, -98.316857088347263, -84.03536187268675, -74.7392318098569, -68.614360378600651, -64.556654457772765, -61.864883842139953, -60.0827978732707, -58.909395535110214, -58.1444338107383, -57.653948125016655, -57.34792481383726, -57.165659069030127, -57.0660819515578, -57.021337123107479, -57.0124964634061, -57.0266897398769]
}
