{
	"input_file":	"../../instances/J100_M50_G3_I4_L50_seed8.json",
	"method":	"MVN PDF",
	"convergence_threshold":	0.001,
	"iterations_made":	16,
	"max_iterations":	10000,
	"time_taken":	0.00598,
	"ground_truth_matrix":	[[0.248524592823477, 0.41590713024020765, 0.2445674774618472, 0.0910007994744682], [0.195642639627116, 0.0084665094920574734, 0.41573970330401455, 0.380151147576812], [0.24777481565370346, 0.21805134881656238, 0.27153704946869556, 0.26263678606103863]],
	"estimated_matrix":	[[0.22667284667492171, 0.43557175546835475, 0.24830535535747289, 0.0894500424992506], [0.17667218824756764, 0.021560939715584152, 0.42293928498329753, 0.37882758705355069], [0.28150470658247834, 0.2338312922475427, 0.23160455985353146, 0.25305944131644748]],
	"log_likelihood":	[-136.93218044294855, -104.59099865270645, -87.942077225014373, -77.864254006999175, -71.6370723671544, -67.735769877900054, -65.271745052387, -63.708585316112334, -62.715627499389889, -62.086344420849443, -61.690546783618949, -61.445539602519034, -61.298417434047138, -61.215087779770165, -61.1734193426909, -61.158939962895033, -61.162119163693944]
}
