{
	"input_file":	"../../instances/J100_M50_G3_I4_L50_seed19.json",
	"method":	"MVN PDF",
	"convergence_threshold":	0.001,
	"iterations_made":	12,
	"max_iterations":	10000,
	"time_taken":	0.002279,
	"ground_truth_matrix":	[[0.052166889316142627, 0.72810163049277654, 0.144166630569279, 0.075564849621801933], [0.12400640059949905, 0.026686001932657091, 0.343301206964579, 0.506006390503265], [0.664535329822959, 0.16528278438434141, 0.039819720179869643, 0.1303621656128299]],
	"estimated_matrix":	[[0.058416980807274352, 0.73832806366395554, 0.13482301937448438, 0.0684319361542857], [0.10412432164955612, 0.040644286104679545, 0.35561489967767679, 0.49961649256808766], [0.65858649305062733, 0.15858420458740646, 0.041450843533128362, 0.14137845882883782]],
	"log_likelihood":	[-354.25241066993868, -226.39651097305122, -161.85372226295013, -125.63970618945457, -104.70414249215449, -92.6304904844787, -85.833494172038542, -82.1689605449798, -80.323911957593324, -79.499904161366274, -79.22335528957484, -79.22287728227333, -79.3490369685772]
}
