{
	"input_file":	"../../instances/J100_M50_G3_I4_L50_seed8.json",
	"method":	"MVN PDF",
	"convergence_threshold":	0.001,
	"iterations_made":	16,
	"max_iterations":	10000,
	"time_taken":	0.00273,
	"ground_truth_matrix":	[[0.248524592823477, 0.41590713024020765, 0.2445674774618472, 0.0910007994744682], [0.195642639627116, 0.0084665094920574734, 0.41573970330401455, 0.380151147576812], [0.24777481565370346, 0.21805134881656238, 0.27153704946869556, 0.26263678606103863]],
	"estimated_matrix":	[[0.22667284667492171, 0.4355717554683548, 0.24830535535747286, 0.0894500424992506], [0.17667218824756756, 0.021560939715584142, 0.42293928498329747, 0.37882758705355069], [0.28150470658247834, 0.23383129224754279, 0.2316045598535314, 0.25305944131644753]],
	"log_likelihood":	[-136.93218044294863, -104.59099865270647, -87.9420772250142, -77.864254006999076, -71.637072367155042, -67.7357698779003, -65.271745052387132, -63.708585316112583, -62.715627499389676, -62.086344420849358, -61.690546783618963, -61.4455396025188, -61.2984174340473, -61.215087779770073, -61.173419342691, -61.158939962895552, -61.16211916369393]
}
