{
	"input_file":	"../../instances/J100_M50_G3_I4_L50_seed5.json",
	"method":	"MVN PDF",
	"convergence_threshold":	0.001,
	"iterations_made":	11,
	"max_iterations":	10000,
	"time_taken":	0.001744,
	"ground_truth_matrix":	[[0.04983539454067374, 0.40616979444752377, 0.04597554104672593, 0.49801926996507662], [0.17642180632607257, 0.24903375337454553, 0.38221213978536139, 0.19233230051402056], [0.17736032732383658, 0.10472522126556412, 0.042405367741133453, 0.675509083669466]],
	"estimated_matrix":	[[0.050654560005924887, 0.3858557548149, 0.039429692325418181, 0.52405999285375682], [0.172875245826143, 0.23741169853219987, 0.38222932083153927, 0.20748373481011786], [0.17157705543080043, 0.11986694744721274, 0.03453111432657608, 0.67402488279541073]],
	"log_likelihood":	[-187.99183431049877, -128.96025231589263, -102.33038872892851, -86.932760136643324, -77.947988336381457, -72.7232806700627, -69.736171393371365, -68.085880681728028, -67.229750391570164, -66.8383808009649, -66.7118343290015, -66.729549170432023]
}
