{
	"input_file":	"../../instances/J100_M50_G3_I5_L50_seed5.json",
	"method":	"MVN PDF",
	"convergence_threshold":	0.001,
	"iterations_made":	11,
	"max_iterations":	10000,
	"time_taken":	0.0033900000000000007,
	"ground_truth_matrix":	[[0.043982912303551426, 0.358470733786538, 0.040576345559300911, 0.43953375062527472, 0.11743625772533485], [0.256473892537231, 0.39363112002854944, 0.198078425534879, 0.095454145901107262, 0.05636241599823328], [0.019580703375263634, 0.31191671477471344, 0.13540090275600683, 0.040084305930368942, 0.493017373163647]],
	"estimated_matrix":	[[0.041805208938308837, 0.35721851291218665, 0.027579624867211151, 0.47014291562960514, 0.10325373765268825], [0.26182704775545856, 0.38878806597996846, 0.20828793209880653, 0.063214616821068645, 0.077882337344697822], [0.023247728873523419, 0.2796578129165524, 0.14286320404932, 0.045843166522963989, 0.50838808763764021]],
	"log_likelihood":	[-277.32683587497189, -172.32949354187622, -129.50344896131062, -105.73143038344683, -92.649386360956555, -85.537759787372323, -81.7953212350895, -79.9353319124409, -79.1040594698073, -78.816015047704127, -78.800212190243371, -78.909213852359969]
}
