{
	"input_file":	"../../instances/J100_M50_G3_I5_L50_seed8.json",
	"method":	"MVN PDF",
	"convergence_threshold":	0.001,
	"iterations_made":	14,
	"max_iterations":	10000,
	"time_taken":	0.007109,
	"ground_truth_matrix":	[[0.2408528232864513, 0.40306838613139045, 0.23701786113606288, 0.088191672404500154, 0.030869257041595231], [0.0046235208136498141, 0.22703348683302479, 0.20759874477234228, 0.29826212688429032, 0.26248212069669274], [0.15472836613195357, 0.14965678117547959, 0.27316305159423143, 0.23789096581818792, 0.18456083528014738]],
	"estimated_matrix":	[[0.23163809666190141, 0.41995514121848626, 0.23619978324458771, 0.06057923244076717, 0.051627746434257417], [0.021185093084198109, 0.24650163358236379, 0.1835714369108796, 0.31532908024709488, 0.23341275617546364], [0.13866215091352208, 0.15473686361033595, 0.29883968982028336, 0.22975326317759487, 0.17800803247826372]],
	"log_likelihood":	[-163.64259487985674, -132.776418328023, -116.35782454176589, -106.39225524235189, -100.28029477345713, -96.509693245942643, -94.187590471210626, -92.769167576659271, -91.916263755257546, -91.417021000483857, -91.1380548998033, -90.995194013887257, -90.935302497397842, -90.92488856581987, -90.942925518940328]
}
