{
	"input_file":	"../../instances/J100_M50_G3_I5_L50_seed7.json",
	"method":	"MVN PDF",
	"convergence_threshold":	0.001,
	"iterations_made":	14,
	"max_iterations":	10000,
	"time_taken":	0.002732,
	"ground_truth_matrix":	[[0.010915758563635679, 0.20816915542206624, 0.0793454263047044, 0.176768261407425, 0.52480139830216865], [0.30336933090138923, 0.27281770821747647, 0.029337380742531057, 0.12263021012911926, 0.271845370009484], [0.3112604723649372, 0.445747386767779, 0.13127742314124657, 0.018672572575976328, 0.093042145150061]],
	"estimated_matrix":	[[0.034020468380945725, 0.23793306069887732, 0.080269018067035153, 0.15374483731419564, 0.49403261553894617], [0.29118220906018827, 0.26154816099158573, 0.034059947345783513, 0.13603011431047579, 0.27717956829196666], [0.321508553355803, 0.41682174807952854, 0.13259241296920454, 0.027800012509359925, 0.10127727308610414]],
	"log_likelihood":	[-169.88549720775063, -140.33969938179612, -123.08614738966776, -112.25185558897871, -105.32067254718649, -100.85424452019778, -97.9788990070606, -96.142751244837257, -94.988609133572155, -94.282052347661121, -93.8681259539263, -93.644110834990158, -93.541916819738063, -93.516505736513452, -93.538207971505543]
}
