{
	"input_file":	"../../instances/J100_M50_G4_I10_L50_seed14.json",
	"method":	"MVN PDF",
	"convergence_threshold":	0.001,
	"iterations_made":	8,
	"max_iterations":	10000,
	"time_taken":	0.008861,
	"ground_truth_matrix":	[[0.072756559579671962, 0.1496149553698512, 0.20608955322757225, 0.00081482132852198129, 0.037383355051305023, 0.318757571955605, 0.0725851899237404, 0.038640124848800833, 0.07813803605270303, 0.025219832662228388], [0.16106647274809777, 0.04108471195722066, 0.075916688175726, 0.000577733854966009, 0.10966663037368535, 0.023120032174088642, 0.26444084160278358, 0.04597428467004392, 0.13690581024077314, 0.141246794202615], [0.27457020663254578, 0.015670213003462923, 0.047928096851870335, 0.086529298626726064, 0.15012209735757456, 0.040009698419252678, 0.16224042461034441, 0.14373135909456444, 0.02698626539329689, 0.05221234001036193], [0.17521412386860613, 0.00697835471180187, 0.11006490846913713, 0.0051621694983193618, 0.10542941003364474, 0.1087927986118222, 0.042025252126242911, 0.38119891987403859, 0.048249509222306627, 0.016884553584080437]],
	"estimated_matrix":	[[0.066378420260512272, 0.13870429791903249, 0.22462728840548016, 0.0016877562853599524, 0.066996748706819376, 0.2984822647338653, 0.055156326676807955, 0.045657399576375067, 0.0798841598628973, 0.022425337572850087], [0.14570019005705, 0.038950876936715041, 0.061240207518242336, 0.00709624030121669, 0.094812689467037678, 0.04590039822126802, 0.25286932687255, 0.0572875707186899, 0.13668020405991022, 0.15946229584732019], [0.289461903112175, 0.011117667227627168, 0.054018922062793129, 0.0695794612136585, 0.16593196766236445, 0.04979588884182945, 0.16067970259694925, 0.1425661097460329, 0.014815900651815922, 0.042032476884754054], [0.18066409309857451, 0.021637642797186236, 0.0863610617335531, 0.0097869814231461762, 0.10573135836098803, 0.078931090653527561, 0.085259998127667769, 0.35439651939418165, 0.037698286775332858, 0.039532967635842131]],
	"log_likelihood":	[-400.26128489600745, -291.121501839728, -248.90782528220538, -228.13301751982226, -218.60639486651417, -214.4673525870887, -213.01869914306911, -212.84143740265262, -213.21669658932169]
}
