{
	"input_file":	"../../instances/J100_M50_G4_I10_L50_seed16.json",
	"method":	"MVN PDF",
	"convergence_threshold":	0.001,
	"iterations_made":	17,
	"max_iterations":	10000,
	"time_taken":	0.013872756,
	"ground_truth_matrix":	[[0.037220072406000837, 0.10908437447685727, 0.11784646370736214, 0.0068749419864193783, 0.0659039693392477, 0.03718022718294757, 0.17190609579094332, 0.026337259333659491, 0.010740806916152435, 0.41690578886040985], [0.14673895330909076, 0.014366663143133332, 0.22689653856502881, 0.03052185574293443, 0.050964679802890864, 0.061466417499061822, 0.21102591149970712, 0.11042169790901495, 0.042842649101018683, 0.10475463342811923], [0.013250987302843993, 0.256850768624498, 0.0859595215094735, 0.065692664325043046, 0.038848493972169149, 0.00454383432734067, 0.14359733763946944, 0.0806029761315524, 0.149913861489711, 0.16073955467789863], [0.012188846753831348, 0.17527867314719919, 0.0089059835851186368, 0.187845388056902, 0.095254420314843463, 0.10261763664422197, 0.17592191677477387, 0.19041692058761223, 0.049692943565485183, 0.001877270570012024]],
	"estimated_matrix":	[[0.014423363731452006, 0.1167986582982745, 0.090037482743900277, 0.0080586328578917468, 0.064386339235411635, 0.056269184656180561, 0.15740406738370788, 0.035358886120465581, 0.023651997898840389, 0.43361138707387537], [0.16369098921903746, 0.01674424678431222, 0.21044364261292739, 0.045788958352882263, 0.0733949911533232, 0.054444826417168676, 0.21129441405921884, 0.079880929416267468, 0.05380446921867018, 0.0905125327661923], [0.00849322125750908, 0.24831704880226543, 0.10700965626290725, 0.0805187664167451, 0.041215429562017361, 0.0079762626434962437, 0.12095135500997246, 0.0950186620418155, 0.12944499167943546, 0.16105460632383614], [0.011628389890629753, 0.185452860662684, 0.011361697645588219, 0.14995793678234506, 0.0917682199894925, 0.0850566059566677, 0.20799077177491909, 0.20597178533751739, 0.045535641035813312, 0.0052760909243429761]],
	"log_likelihood":	[-397.73035054944427, -295.71924171101745, -258.961081132398, -238.55167259775746, -227.20808981629264, -220.63984754147143, -216.7359889793552, -214.36100887281663, -212.88477947579088, -211.94814560536184, -211.34199718159189, -210.94224357674381, -210.67389162949425, -210.49079227527625, -210.36402679499426, -210.27514337522933, -210.21215799701261, -210.04040688453841]
}
