{
	"input_file":	"../../instances/J100_M50_G4_I10_L50_seed18.json",
	"method":	"MVN PDF",
	"convergence_threshold":	0.001,
	"iterations_made":	11,
	"max_iterations":	10000,
	"time_taken":	0.011547,
	"ground_truth_matrix":	[[0.079612049573285548, 0.053341302769557571, 0.15974625935528347, 0.01520417981069265, 0.14485572387769835, 0.10506232004872461, 0.083098883069512963, 0.33440299380389882, 0.022500991524444326, 0.0021752961669017148], [0.11041562041843452, 0.20549084721159183, 0.14569309460047292, 0.0022990684700750739, 0.012939030064866993, 0.038644144714774474, 0.1269946163384455, 0.21625373472435236, 0.024212202145507448, 0.11705764131147908], [0.10266653452655629, 0.037083991797034088, 0.13319222292738928, 0.1435889494144332, 0.018771610259097959, 0.254774298579153, 0.0552593377388751, 0.0937544862565924, 0.020261829253660643, 0.14064673924720819], [0.049671840307513773, 0.0448811195838579, 0.0463472346759975, 0.22690352342756678, 0.10369601946895482, 0.0274398872646683, 0.16153126623860123, 0.13169595376499768, 0.098242519444682264, 0.1095906358231598]],
	"estimated_matrix":	[[0.071079420361211176, 0.052223983167948344, 0.14290570051435747, 0.017701054304953962, 0.1514640152423356, 0.11520964787064686, 0.0882765710064343, 0.333195240860721, 0.015530007042330931, 0.01241435962906038], [0.11696344231873561, 0.215135887279012, 0.12433719105542823, 0.015708586388384, 0.0062251681802773344, 0.023022918497465687, 0.10865633055566852, 0.23799962825642415, 0.044115005232058913, 0.10783584223654559], [0.107873813403561, 0.038198868696565767, 0.143279044428852, 0.15064765305482256, 0.013822149236407073, 0.27134639594356014, 0.0705642637007737, 0.072281129458395044, 0.028995245764192851, 0.10299143631286989], [0.05179833784863757, 0.0450229533135784, 0.072184457017329937, 0.21613905692009885, 0.10706019364400286, 0.043192138686685554, 0.1702665762673706, 0.1024569771328087, 0.074676943236644436, 0.11720236593284312]],
	"log_likelihood":	[-360.46745854749719, -275.95130666752976, -240.33937048684834, -221.30061858668171, -210.891751829277, -205.15237004963953, -202.01043104887393, -200.33304484067159, -199.48517693078657, -199.10625231364577, -198.990060080938, -199.01819177924136]
}
