{
	"input_file":	"../../instances/J100_M50_G4_I10_L50_seed19.json",
	"method":	"MVN PDF",
	"convergence_threshold":	0.001,
	"iterations_made":	17,
	"max_iterations":	10000,
	"time_taken":	0.012701735,
	"ground_truth_matrix":	[[0.00997967157152297, 0.13928787470867682, 0.027579478928395351, 0.014455766703033052, 0.039154695612610146, 0.00842603508963501, 0.10839645532130762, 0.15977019010638813, 0.394764314683101, 0.098185517275330023], [0.044314691186619112, 0.14507784297469581, 0.14368244984263659, 0.048582056046547389, 0.021994251157037275, 0.12615259812409607, 0.030059954829732515, 0.13859323982483718, 0.089158544885675553, 0.2123843711281225], [0.042098920851732474, 0.26356125129739461, 0.1355079862150774, 0.084486126625485977, 0.086158010636071036, 0.0929118015992064, 0.028201901225743359, 0.12510976961175574, 0.03049321518503639, 0.11147101675249657], [0.0091947790217126457, 0.16071148208847358, 0.11027804659106387, 0.11078741918084128, 0.0584045461434473, 0.026011234892600814, 0.10717594487047974, 0.0072971516700121846, 0.23970420654092939, 0.17043518900043916]],
	"estimated_matrix":	[[0.00851595359910442, 0.12015769219812904, 0.055034322769029774, 0.029171919876186107, 0.029751025462189391, 0.0025777805680584865, 0.10418061330458957, 0.14602921967596927, 0.416607105341162, 0.087974367205582], [0.034736685980693766, 0.15719922392440988, 0.11852056195325568, 0.0508577065277854, 0.024200107830091595, 0.15425019147381877, 0.01509877314633977, 0.14524225131424706, 0.064650794879458851, 0.23524370296989919], [0.025093394075264768, 0.2679104906462999, 0.1236520719035837, 0.0798883026935497, 0.097819816860697531, 0.10119367569161809, 0.035041951160050315, 0.14347736645049644, 0.030619515917379516, 0.095303414601060038], [0.018402148029349981, 0.14956368592875563, 0.15348009684681818, 0.092488160958354021, 0.062393396256254383, 0.022097022374746988, 0.11131345209783071, 0.0099862403695737661, 0.24107114777107577, 0.13920464936724056]],
	"log_likelihood":	[-314.936990729697, -258.927609114442, -231.4754382164584, -216.28034421661783, -207.37707092863775, -202.07687254942331, -198.87483005155977, -196.93039979977135, -195.74899508908837, -195.03452951233916, -194.60694000597309, -194.35573288071086, -194.21270263284291, -194.13561525037917, -194.09829711908307, -194.0845523430018, -194.0844007311178, -194.01962755159875]
}
