{
	"input_file":	"../../instances/J100_M50_G4_I10_L50_seed17.json",
	"method":	"MVN PDF",
	"convergence_threshold":	0.001,
	"iterations_made":	12,
	"max_iterations":	10000,
	"time_taken":	0.013442,
	"ground_truth_matrix":	[[0.054910088458876, 0.1189603042476769, 0.033441678392234289, 0.011060521380987629, 0.24324536090811941, 0.16800779444181613, 0.15962455027817882, 0.13481816614048331, 0.006267763850691715, 0.069663771900935742], [0.26764821479172474, 0.0056896705827529951, 0.18334443193306962, 0.19276480901552057, 0.0048285089853900686, 0.0970980434545545, 0.0737276519453078, 0.083622163902498159, 0.060710408957484467, 0.03056609643169713], [0.061293315400922067, 0.14297314709892539, 0.0874505158885679, 0.269583459149985, 0.0940159576003571, 0.026945286382059955, 0.028369706465992364, 0.00985493121997195, 0.21955082091383865, 0.059962859879379625], [0.027978576920902727, 0.22472698094290286, 0.10596298174908114, 0.010848437656095965, 0.0994163500487766, 0.021855755802098156, 0.14258293056171176, 0.015920005850525783, 0.074333627491735846, 0.27637435297616914]],
	"estimated_matrix":	[[0.046457029755666741, 0.087089786302718, 0.019467350536270567, 0.039968666077991953, 0.258494581191498, 0.18003862701160608, 0.1748695087602895, 0.10318971129216867, 0.0090524859720361728, 0.0813722530997544], [0.26181566476232465, 0.011795915515191416, 0.17284511810037126, 0.15672246902052162, 0.012791501941493968, 0.11076729481141588, 0.10519919283201462, 0.085560596771307659, 0.0578058169824845, 0.024696429262874516], [0.0685176873652245, 0.15543520123593163, 0.0779236216079737, 0.29639258266713958, 0.058760751317986172, 0.021661334448499468, 0.021952414578345372, 0.02664199116138111, 0.21696909555979418, 0.055745320057724347], [0.031148933935504521, 0.22558961193410851, 0.12791755510154987, 0.026999213216992318, 0.0749922228827037, 0.030164721372075681, 0.12369668733010646, 0.012068017386066448, 0.086688243187021952, 0.26073479365387059]],
	"log_likelihood":	[-438.26136886539467, -325.038438208156, -274.90225800517453, -249.2431631907092, -235.5374666463679, -228.07946769094437, -224.00872579868835, -221.80692920719648, -220.64461203595121, -220.06202628281738, -219.80236398697485, -219.72143980583073, -219.73797118737326]
}
