{
	"input_file":	"../../instances/J100_M50_G4_I10_L50_seed11.json",
	"method":	"MVN PDF",
	"convergence_threshold":	0.001,
	"iterations_made":	10,
	"max_iterations":	10000,
	"time_taken":	0.007135,
	"ground_truth_matrix":	[[0.022670189430670222, 0.0022430000911789036, 0.07095577431831715, 0.14720508768109594, 0.062164378732414968, 0.075774684449878463, 0.0014670045756580005, 0.076206469567349347, 0.32434701506348212, 0.21696639608995485], [0.17475220147373904, 0.015365503375000471, 0.29945062630790814, 0.2597506605011623, 0.024083428701327351, 0.1335574362557338, 0.0027625429341148482, 0.0165692122202841, 0.050767037043357562, 0.022941351187372273], [0.20286311633434817, 0.24312411956007066, 0.060243706866737655, 0.05473336022465846, 0.016880923775346772, 0.012501891955236983, 0.17783373523956272, 0.1304755028070759, 0.00816706959117638, 0.093176573645786145], [0.0343273927566179, 0.12589716907363471, 0.0845656401474236, 0.06158490365408481, 0.053722243761459378, 0.19902684345401958, 0.288587305178316, 0.027573689441473526, 0.018330622154757868, 0.10638419037821256]],
	"estimated_matrix":	[[0.032498404787033926, 0.026061826080771237, 0.063156387557830831, 0.16043633666439205, 0.053955143164552542, 0.0726233884080154, 0.022869318890769267, 0.0745789379453447, 0.29965694071089588, 0.19416331579039414], [0.16722573895607676, 0.030431731733422368, 0.31136219391471459, 0.228046058205345, 0.030206736768441544, 0.169861868018168, 0.00610328456112554, 0.0048147160724699052, 0.0237467550990998, 0.028200916671136462], [0.19301860119359526, 0.21516468787965318, 0.047137756987559475, 0.0500881964505258, 0.021768354929945211, 0.031203789383416791, 0.17414724911094712, 0.15147875133158417, 0.023241238683915252, 0.092751374048857749], [0.0396396199824411, 0.12954862525315966, 0.0785684501949156, 0.072568793078384236, 0.060234692877731942, 0.16129613849649013, 0.26553572842509648, 0.028338649452203209, 0.030656414756727812, 0.13361288748284991]],
	"log_likelihood":	[-418.67512411554219, -303.93839880097181, -253.22895096879029, -227.03506594909652, -213.07591921844084, -205.7216720557422, -201.99322770291536, -200.25368794770074, -199.58417133736219, -199.46890565140907, -199.62168249946404]
}
