{
	"input_file":	"../../instances/J100_M50_G4_I10_L50_seed10.json",
	"method":	"MVN PDF",
	"convergence_threshold":	0.001,
	"iterations_made":	14,
	"max_iterations":	10000,
	"time_taken":	0.010611,
	"ground_truth_matrix":	[[0.21843127705125, 0.00310455594308142, 0.14866145756024521, 0.20452786828098479, 0.10217584773651123, 0.037696783123583662, 0.032677328835812119, 0.21160574168951965, 0.027426722860244761, 0.013692416918767124], [0.089337698565748663, 0.23688004378999766, 0.000305646789730184, 0.055459840205091121, 0.12938125590902735, 0.0732507112687405, 0.0988351780171504, 0.026665214833852879, 0.19301748277755362, 0.0968669278431076], [0.10672896050204253, 0.020927421351082318, 0.063779059262355456, 0.153018180528831, 0.0795746549692582, 0.0776761725567312, 0.13124552522321278, 0.098226905335430229, 0.14342301595160181, 0.12540010431945453], [0.1919861357043022, 0.0865406000475947, 0.28084304616379091, 0.045128827850497613, 0.011127371584026975, 0.041976099394574959, 0.014202749869359089, 0.20704656332915794, 0.0056368930526053875, 0.11551171300409022]],
	"estimated_matrix":	[[0.2582423375552772, 0.013942031805131542, 0.14889274666450447, 0.17038363709438054, 0.0802460644901097, 0.042397797889312132, 0.010461020596812405, 0.23128648339010829, 0.022716672437154646, 0.021431208077209041], [0.10617621688283665, 0.23705152411703342, 0.0189880124375656, 0.035913438734944139, 0.12099734179756581, 0.079691529918829038, 0.099260214766367039, 0.034324417498783968, 0.17677419344755066, 0.090823110398523643], [0.097179436070822175, 0.02122758437126188, 0.086950401960539173, 0.14386304518948753, 0.0786005510107588, 0.0872254258476449, 0.13086600933942777, 0.0838567655252508, 0.12736598216540809, 0.14286479851939887], [0.17692668964077635, 0.10181540333793333, 0.2815416011898989, 0.062149191315221869, 0.017390301017713973, 0.024945462421646421, 0.028566168794483666, 0.21543649183815261, 0.0047749319594570534, 0.0864537584847158]],
	"log_likelihood":	[-389.70657484704418, -314.09677352993771, -277.526708232167, -256.93297381602719, -244.85898543958038, -237.65661394428676, -233.33016352616693, -230.73492040975574, -229.19135476738663, -228.28891771337433, -227.77731199902482, -227.50328831275888, -227.37283264984657, -227.32821887981132, -227.33399546365069]
}
