{
	"input_file":	"../../instances/J100_M50_G4_I10_L50_seed18.json",
	"method":	"MVN PDF",
	"convergence_threshold":	0.001,
	"iterations_made":	11,
	"max_iterations":	10000,
	"time_taken":	0.010506,
	"ground_truth_matrix":	[[0.079612049573285548, 0.053341302769557571, 0.15974625935528347, 0.01520417981069265, 0.14485572387769835, 0.10506232004872461, 0.083098883069512963, 0.33440299380389882, 0.022500991524444326, 0.0021752961669017148], [0.11041562041843452, 0.20549084721159183, 0.14569309460047292, 0.0022990684700750739, 0.012939030064866993, 0.038644144714774474, 0.1269946163384455, 0.21625373472435236, 0.024212202145507448, 0.11705764131147908], [0.10266653452655629, 0.037083991797034088, 0.13319222292738928, 0.1435889494144332, 0.018771610259097959, 0.254774298579153, 0.0552593377388751, 0.0937544862565924, 0.020261829253660643, 0.14064673924720819], [0.049671840307513773, 0.0448811195838579, 0.0463472346759975, 0.22690352342756678, 0.10369601946895482, 0.0274398872646683, 0.16153126623860123, 0.13169595376499768, 0.098242519444682264, 0.1095906358231598]],
	"estimated_matrix":	[[0.071079420361211162, 0.052223983167948358, 0.1429057005143575, 0.017701054304953955, 0.15146401524233563, 0.1152096478706469, 0.088276571006434365, 0.333195240860721, 0.015530007042330934, 0.012414359629060335], [0.11696344231873561, 0.215135887279012, 0.12433719105542823, 0.015708586388384, 0.006225168180277337, 0.023022918497465673, 0.10865633055566851, 0.23799962825642429, 0.044115005232058913, 0.10783584223654555], [0.107873813403561, 0.038198868696565788, 0.143279044428852, 0.15064765305482256, 0.013822149236407073, 0.27134639594356014, 0.070564263700773677, 0.07228112945839503, 0.028995245764192844, 0.10299143631286989], [0.051798337848637563, 0.0450229533135784, 0.072184457017329923, 0.2161390569200988, 0.10706019364400286, 0.043192138686685554, 0.17026657626737063, 0.10245697713280874, 0.074676943236644464, 0.1172023659328431]],
	"log_likelihood":	[-360.46745854749713, -275.95130666753, -240.33937048684817, -221.30061858668185, -210.8917518292771, -205.15237004963964, -202.01043104887353, -200.33304484067165, -199.48517693078679, -199.10625231364568, -198.99006008093838, -199.01819177924139]
}
