{
	"input_file":	"../../instances/J100_M50_G4_I10_L50_seed8.json",
	"method":	"MVN PDF",
	"convergence_threshold":	0.001,
	"iterations_made":	10,
	"max_iterations":	10000,
	"time_taken":	0.011425,
	"ground_truth_matrix":	[[0.18686245439528151, 0.31271523785328015, 0.1838871500988386, 0.068422334178453253, 0.023949501846988717, 0.0010364237832000416, 0.050892580529086434, 0.0465360241937968, 0.066859429077963328, 0.058838864043111186], [0.077693951352584556, 0.0751473499456211, 0.13716371065268357, 0.11945249334395132, 0.092673767042944846, 0.053230454927533574, 0.032706785389616029, 0.34932904412825921, 0.038931832512760181, 0.023670610704045591], [0.0055072216856861637, 0.329020230196156, 0.011067270247359991, 0.031454329030375532, 0.0059530913362825962, 0.020596990261568617, 0.040472518156600683, 0.18322100316570472, 0.034287810719799784, 0.33841953520046592], [0.0032112087624079858, 0.047736865071508, 0.052826418603713579, 0.15912379608073038, 0.30772463923047316, 0.042430714836817818, 0.062397241703006617, 0.034687569390003614, 0.17786361809560214, 0.11199792822573663]],
	"estimated_matrix":	[[0.16382001544183822, 0.31768693758823885, 0.18770334493380378, 0.0743763183404788, 0.019921345934031727, 0.0067499041305718625, 0.044722666411800081, 0.0756763958016033, 0.062418684609127334, 0.046924386808505983], [0.078188563145812878, 0.08839054265869814, 0.17065671634120838, 0.0883215628931468, 0.058560993549288377, 0.062498175669875, 0.048479020432810424, 0.33442504253815414, 0.0374687351899301, 0.033010647581075712], [0.0075900298252981318, 0.2970936294340451, 0.019004120749113493, 0.0615450109723984, 0.017829814926098378, 0.01536616657562102, 0.039484834750765571, 0.13829162326821914, 0.0581408228017453, 0.34565394669669541], [0.014338686538155922, 0.0679930263674346, 0.040159986386057188, 0.150787449081549, 0.33336388939254363, 0.042195933126783283, 0.061276901945974169, 0.035151219430009477, 0.16222451113598516, 0.092508396595507525]],
	"log_likelihood":	[-444.13823529688017, -321.9294508830348, -270.2022594566381, -244.53268769638782, -231.19955900949623, -224.37381631626349, -221.006067827756, -219.48246147634967, -218.92676373651619, -218.86309972888139, -219.03506803575064]
}
