{
	"input_file":	"../../instances/J100_M50_G4_I10_L50_seed14.json",
	"method":	"MVN PDF",
	"convergence_threshold":	0.001,
	"iterations_made":	8,
	"max_iterations":	10000,
	"time_taken":	0.007255,
	"ground_truth_matrix":	[[0.072756559579671962, 0.1496149553698512, 0.20608955322757225, 0.00081482132852198129, 0.037383355051305023, 0.318757571955605, 0.0725851899237404, 0.038640124848800833, 0.07813803605270303, 0.025219832662228388], [0.16106647274809777, 0.04108471195722066, 0.075916688175726, 0.000577733854966009, 0.10966663037368535, 0.023120032174088642, 0.26444084160278358, 0.04597428467004392, 0.13690581024077314, 0.141246794202615], [0.27457020663254578, 0.015670213003462923, 0.047928096851870335, 0.086529298626726064, 0.15012209735757456, 0.040009698419252678, 0.16224042461034441, 0.14373135909456444, 0.02698626539329689, 0.05221234001036193], [0.17521412386860613, 0.00697835471180187, 0.11006490846913713, 0.0051621694983193618, 0.10542941003364474, 0.1087927986118222, 0.042025252126242911, 0.38119891987403859, 0.048249509222306627, 0.016884553584080437]],
	"estimated_matrix":	[[0.0663784202605123, 0.13870429791903249, 0.22462728840548007, 0.0016877562853599524, 0.0669967487068194, 0.29848226473386535, 0.055156326676807955, 0.045657399576375074, 0.0798841598628973, 0.02242533757285007], [0.14570019005705, 0.038950876936715048, 0.061240207518242343, 0.0070962403012166872, 0.0948126894670377, 0.04590039822126802, 0.25286932687255, 0.0572875707186899, 0.13668020405991019, 0.15946229584732011], [0.28946190311217512, 0.011117667227627172, 0.054018922062793129, 0.069579461213658531, 0.16593196766236448, 0.049795888841829471, 0.16067970259694925, 0.1425661097460329, 0.014815900651815917, 0.042032476884754047], [0.18066409309857454, 0.021637642797186239, 0.086361061733553152, 0.00978698142314617, 0.105731358360988, 0.078931090653527575, 0.085259998127667769, 0.35439651939418165, 0.037698286775332858, 0.039532967635842083]],
	"log_likelihood":	[-400.26128489600762, -291.12150183972778, -248.90782528220512, -228.13301751982229, -218.60639486651431, -214.46735258708844, -213.01869914306891, -212.84143740265284, -213.21669658932171]
}
