{
	"input_file":	"../../instances/J100_M50_G4_I10_L50_seed17.json",
	"method":	"MVN PDF",
	"convergence_threshold":	0.001,
	"iterations_made":	12,
	"max_iterations":	10000,
	"time_taken":	0.006186,
	"ground_truth_matrix":	[[0.054910088458876, 0.1189603042476769, 0.033441678392234289, 0.011060521380987629, 0.24324536090811941, 0.16800779444181613, 0.15962455027817882, 0.13481816614048331, 0.006267763850691715, 0.069663771900935742], [0.26764821479172474, 0.0056896705827529951, 0.18334443193306962, 0.19276480901552057, 0.0048285089853900686, 0.0970980434545545, 0.0737276519453078, 0.083622163902498159, 0.060710408957484467, 0.03056609643169713], [0.061293315400922067, 0.14297314709892539, 0.0874505158885679, 0.269583459149985, 0.0940159576003571, 0.026945286382059955, 0.028369706465992364, 0.00985493121997195, 0.21955082091383865, 0.059962859879379625], [0.027978576920902727, 0.22472698094290286, 0.10596298174908114, 0.010848437656095965, 0.0994163500487766, 0.021855755802098156, 0.14258293056171176, 0.015920005850525783, 0.074333627491735846, 0.27637435297616914]],
	"estimated_matrix":	[[0.046457029755666769, 0.087089786302718, 0.019467350536270554, 0.039968666077991939, 0.258494581191498, 0.18003862701160606, 0.17486950876028948, 0.10318971129216863, 0.0090524859720361728, 0.08137225309975446], [0.2618156647623246, 0.011795915515191416, 0.17284511810037126, 0.15672246902052156, 0.01279150194149397, 0.11076729481141588, 0.10519919283201463, 0.0855605967713077, 0.057805816982484479, 0.0246964292628745], [0.0685176873652245, 0.15543520123593163, 0.077923621607973739, 0.29639258266713958, 0.058760751317986137, 0.021661334448499464, 0.021952414578345382, 0.026641991161381093, 0.2169690955597941, 0.055745320057724326], [0.031148933935504521, 0.22558961193410845, 0.12791755510154987, 0.026999213216992318, 0.0749922228827037, 0.030164721372075681, 0.12369668733010646, 0.012068017386066452, 0.086688243187022, 0.26073479365387048]],
	"log_likelihood":	[-438.26136886539479, -325.038438208156, -274.90225800517476, -249.24316319070891, -235.53746664636776, -228.07946769094465, -224.0087257986882, -221.80692920719645, -220.64461203595161, -220.06202628281747, -219.80236398697468, -219.72143980583041, -219.7379711873732]
}
