{
	"input_file":	"../../instances/J100_M50_G4_I10_L50_seed15.json",
	"method":	"MVN PDF",
	"convergence_threshold":	0.001,
	"iterations_made":	16,
	"max_iterations":	10000,
	"time_taken":	0.010929,
	"ground_truth_matrix":	[[0.39339948770115563, 0.041042950092062262, 0.011639288492786368, 0.093430808791668, 0.067078035960545859, 0.157217266005475, 0.0760380442620253, 0.0756051191039522, 0.02467344936176653, 0.059875550228563078], [0.2953606482247047, 0.036288091571448439, 0.14966549434619961, 0.23753843791970947, 0.19467365456822786, 0.027970400863696843, 0.021652015798033372, 0.00565896413313319, 0.00475841081323897, 0.0264338817616074], [0.4551716897329145, 0.032506860223525939, 0.099599876553778, 0.044701146428546813, 0.049670784992480038, 0.20217060418700536, 0.00807758594348576, 0.043600597580280752, 0.010636544040331203, 0.053864310317651654], [0.052571421830119418, 0.11419191992446751, 0.16211882632878732, 0.067048666787579, 0.144369323587347, 0.1523146549010575, 0.08060745680876423, 0.0763970285101682, 0.0732510321786754, 0.077129669143034332]],
	"estimated_matrix":	[[0.36882120177026512, 0.036693279928626227, 0.015544091759898061, 0.070923254365214072, 0.052445903015798961, 0.16349510344762175, 0.099746169573910567, 0.08920527655237, 0.025704714636225607, 0.077421004950069733], [0.30012068820973109, 0.029312752530050546, 0.15479830031821643, 0.2452050264527729, 0.17167168956183745, 0.043463920610646946, 0.027526698700881116, 0.00905774071204829, 0.000986741597465405, 0.017856441306349839], [0.45449713510645817, 0.0355420010312981, 0.11942001274382233, 0.057104028385407138, 0.071100642719981025, 0.16615674470864089, 0.001154004603094675, 0.023098310230236029, 0.01447132852996684, 0.057455791941094812], [0.063237838137498822, 0.11570356167346259, 0.17256002571041376, 0.046802954735131456, 0.16827706596810038, 0.153165091347484, 0.047652940080368862, 0.0812480733468653, 0.064049237210791, 0.0873032117898839]],
	"log_likelihood":	[-358.59061717910964, -292.40713788233825, -263.4992365924976, -246.44246018948655, -236.48134002336872, -230.47486658475108, -226.81170873154809, -224.5603585315778, -223.17266601174191, -222.31841910471235, -221.79617432115975, -221.48183210408882, -221.29832779352952, -221.19744709196911, -221.14880364721117, -221.13310671173633, -221.13802253736364]
}
