{
	"input_file":	"../../instances/J100_M50_G4_I10_L50_seed4.json",
	"method":	"MVN PDF",
	"convergence_threshold":	0.001,
	"iterations_made":	12,
	"max_iterations":	10000,
	"time_taken":	0.012808,
	"ground_truth_matrix":	[[0.22583551318107506, 0.052443917345447011, 0.23828791306220862, 0.0830378819242122, 0.079186543171321358, 0.016113585473482447, 0.24761394129387149, 0.00041364337115573342, 0.019304135128980132, 0.037762926048245667], [0.12006391970874336, 0.017497584298260781, 0.15791029373823773, 0.32558754806371482, 0.014215320954268749, 0.072264894734091964, 0.00071710695160031874, 0.038822962732027649, 0.0035880152585265278, 0.249332353560528], [0.055515405364858314, 0.28830098826938388, 0.1495248801034782, 0.19495435552022833, 0.018424095092939071, 0.00754847271122037, 0.0889614160291074, 0.017817431884025, 0.12808472611908472, 0.0508682289056748], [0.0866995985623684, 0.3203931365668275, 0.0851894114973985, 0.013226544553905954, 0.019895455387539254, 0.0910104426573138, 0.0858452373772756, 0.11724633796272703, 0.0592935471165809, 0.12120028831806316]],
	"estimated_matrix":	[[0.2406204787272534, 0.047785052642615213, 0.23264577127508973, 0.0742528753802029, 0.093429487110171322, 0.014283551323433143, 0.21267057956287785, 0.0040307310081719736, 0.020780714248936346, 0.059500758721248069], [0.086227646903288241, 0.015587035880443386, 0.19648011059390905, 0.30603357825772742, 0.015973810994923458, 0.092399797716471374, 0.013261893465422767, 0.031254778083711673, 0.011199462791685056, 0.23158188531241758], [0.0707011335847683, 0.29401174630087051, 0.12258855121667625, 0.16904113845359839, 0.026414421590904378, 0.0060007103596463034, 0.085639489904323129, 0.020055763280055885, 0.14992521546808549, 0.055621829841071328], [0.0871630986158821, 0.311402552250958, 0.088980773992042225, 0.038532183563919187, 0.0053223700810680367, 0.078753382267672, 0.11516188624373778, 0.10598993416156818, 0.051139705226055439, 0.117554113597097]],
	"log_likelihood":	[-443.24158533187119, -325.84635810650769, -285.77210745213665, -263.13402730506874, -251.48453879444344, -245.24532154718557, -241.96063912032241, -240.26441643569851, -239.42288773788223, -239.03541675080874, -238.88470926437193, -238.85375275827741, -238.88029671662]
}
