{
	"input_file":	"../../instances/J100_M50_G4_I10_L50_seed6.json",
	"method":	"MVN PDF",
	"convergence_threshold":	0.001,
	"iterations_made":	10,
	"max_iterations":	10000,
	"time_taken":	0.01026,
	"ground_truth_matrix":	[[0.2757785884142302, 0.049811174985890418, 0.21256714574811184, 0.0052585713872016051, 0.0140634359385901, 0.11161384679915949, 0.093172468949395029, 0.067002269496367034, 0.0504463957726052, 0.12028610250844927], [0.037829281177702068, 0.087361551550571126, 0.047893920136897319, 0.056745822878612753, 0.0680224331729206, 0.30367179058157329, 0.11247047241485471, 0.0349793289128446, 0.13711825271796652, 0.11390714645605694], [0.005413509600190102, 0.12255642412443131, 0.15659858686385889, 0.12886126867449413, 0.11934533866161898, 0.07524458775695847, 0.012885711406898518, 0.30556443953072565, 0.049894633529748239, 0.023635499851075638], [0.090164733028354122, 0.36765682516296033, 0.021069090239579279, 0.079412694323611074, 0.065221546149441673, 0.0901789470722112, 0.19771721902747164, 0.030945402439308864, 0.020879499661255487, 0.0367540428958064]],
	"estimated_matrix":	[[0.25623966076638316, 0.048143268794984824, 0.20316074109300611, 0.01614193932885263, 0.017766523774916006, 0.14199281892889595, 0.072987614944149445, 0.046011748300153338, 0.054513272507706267, 0.14304241156095235], [0.032948981237525224, 0.0953447614508562, 0.0410822860682251, 0.057718894401644523, 0.0718675466669799, 0.29074446981517421, 0.11043538526414781, 0.032968028482087, 0.14915570934377478, 0.11773393726958523], [0.010875327739079949, 0.13881546766429151, 0.12464522162110857, 0.13689953926707776, 0.10827539184230295, 0.0697387265763037, 0.019798986530752127, 0.33375651452569166, 0.038312689380393741, 0.018882134852998014], [0.10556323597975756, 0.337891413696799, 0.026035631255585317, 0.058915448903986971, 0.043949727810393774, 0.084105367839465123, 0.22765680942167385, 0.053972119754189973, 0.025599203831696855, 0.0363110415064517]],
	"log_likelihood":	[-424.52528764759131, -309.934410839538, -258.70721019879642, -233.02497841551013, -219.756957230446, -212.92428955206842, -209.49898202880814, -207.87851870364236, -207.2010062082019, -207.0034111636252, -207.03962669168121]
}
