{
	"input_file":	"../../instances/J100_M50_G4_I10_L50_seed2.json",
	"method":	"MVN PDF",
	"convergence_threshold":	0.001,
	"iterations_made":	10,
	"max_iterations":	10000,
	"time_taken":	0.010318,
	"ground_truth_matrix":	[[0.11991661550111644, 0.0055003363088887832, 0.16704342406662817, 0.11966709003802448, 0.11419385771146613, 0.083961110968791053, 0.047944554745746416, 0.2022021665049108, 0.074581293038413141, 0.0649895511160146], [0.10911846334865041, 0.0846798451193815, 0.016250220290096911, 0.0810237270119616, 0.022921616895543978, 0.17298877101751881, 0.21630711039323489, 0.0766399545108728, 0.21073926823981, 0.0093310231729288751], [0.19966258193982236, 0.019156405580939437, 0.15855947193431905, 0.028802863437738628, 0.038588756331956124, 0.25768408299196249, 0.0726925031860041, 0.03209262146888716, 0.0706085005185904, 0.12215221260978017], [0.083419112105758, 0.029801868665378786, 0.13527487157614856, 0.0872725691336062, 0.0930693838728003, 0.064704452441190968, 0.2087249734595181, 0.11473843959917937, 0.023422700795430153, 0.15957162835098973]],
	"estimated_matrix":	[[0.098994202545938464, 0.013239357902641524, 0.19429937476456116, 0.13544573375351121, 0.11181473490988138, 0.089118551444729563, 0.0707897911621323, 0.16556965796120973, 0.050083626178864429, 0.0706449693765303], [0.12184627002569413, 0.071749105671395821, 0.02298466129917591, 0.0645961049685271, 0.024668580354942141, 0.19250773827665621, 0.17895510430624889, 0.0737421867498973, 0.23264673409691683, 0.016303514250545725], [0.20671337599086786, 0.02892082624123999, 0.16834517860534109, 0.0576789519921165, 0.031390852733364845, 0.25422288930514586, 0.048062209220318189, 0.051829673305572012, 0.054760439101047213, 0.0980756035049865], [0.091987929334897078, 0.036802347120851064, 0.10503959942272331, 0.064630839550122277, 0.11664248174376236, 0.070457889846051225, 0.21115494857947417, 0.10581494179529574, 0.043981806093366375, 0.1534872165134564]],
	"log_likelihood":	[-304.60393195330187, -250.49365654608383, -224.55898124733594, -210.8435963251535, -203.52437694210076, -199.65228279979377, -197.66903434979463, -196.72221633758133, -196.3379968174446, -196.251633393358, -196.31559116099325]
}
