{
	"input_file":	"../../instances/J100_M50_G4_I2_L50_seed2.json",
	"method":	"MVN PDF",
	"convergence_threshold":	0.001,
	"iterations_made":	15,
	"max_iterations":	10000,
	"time_taken":	0.001377,
	"ground_truth_matrix":	[[0.956143597579845, 0.043856402420155059], [0.582620503431051, 0.417379496568949], [0.57628561358826846, 0.42371438641173154], [0.19166573323863, 0.80833426676137]],
	"estimated_matrix":	[[0.92884086787650644, 0.071159132123493535], [0.606119317498469, 0.39388068250153085], [0.58872582877927548, 0.41127417122072468], [0.1965230755473712, 0.803476924452629]],
	"log_likelihood":	[-115.93591918133276, -79.1421271506549, -58.258127032703129, -45.481966274861726, -37.453149725510926, -32.35973100402, -29.130856097425546, -27.099203808327694, -25.837264745299162, -25.068064264116046, -24.611890623467076, -24.352577699382021, -24.215502218867055, -24.153074850597591, -24.135183254116143, -24.1429369094498]
}
