{
	"input_file":	"../../instances/J100_M50_G4_I2_L50_seed9.json",
	"method":	"MVN PDF",
	"convergence_threshold":	0.001,
	"iterations_made":	20,
	"max_iterations":	10000,
	"time_taken":	0.003735,
	"ground_truth_matrix":	[[0.014743209941968996, 0.985256790058031], [0.82656560980942351, 0.17343439019057644], [0.38330142741774459, 0.61669857258225547], [0.65532526930793666, 0.34467473069206339]],
	"estimated_matrix":	[[0.027916890331420509, 0.97208310966857947], [0.81484776656638225, 0.18515223343361778], [0.37410887464644066, 0.62589112535355929], [0.66984407149800318, 0.33015592850199682]],
	"log_likelihood":	[-140.03243808670885, -94.9850057102973, -68.701331423323936, -52.221834765107417, -41.5463831520848, -34.515000516223324, -29.844235458530893, -26.727288636736333, -24.641043231963135, -23.241212717900122, -22.299869881082277, -21.665848373766782, -21.238795571245994, -20.951962128414031, -20.760782511733517, -20.635331094280311, -20.55536216785277, -20.50705830856711, -20.48089909554724, -20.470260468479768, -20.470489455357754]
}
