{
	"input_file":	"../../instances/J100_M50_G4_I2_L50_seed17.json",
	"method":	"MVN PDF",
	"convergence_threshold":	0.001,
	"iterations_made":	12,
	"max_iterations":	10000,
	"time_taken":	0.001277,
	"ground_truth_matrix":	[[0.315810458607232, 0.684189541392768], [0.751461243773324, 0.24853875622667579], [0.59147354310544265, 0.40852645689455724], [0.542124295753378, 0.45787570424662188]],
	"estimated_matrix":	[[0.3078436884374085, 0.69215631156259139], [0.772922530123496, 0.22707746987650379], [0.60404215121158666, 0.39595784878841328], [0.505809167097514, 0.49419083290248583]],
	"log_likelihood":	[-60.628170203696882, -44.2338745527798, -34.902668765923984, -29.483097580646291, -26.3339008427352, -24.524744931256343, -23.507615489016864, -22.954780021479085, -22.669977035247012, -22.536476160223948, -22.485687467051676, -22.477970054197357, -22.490907580064192]
}
