{
	"input_file":	"../../instances/J100_M50_G4_I2_L50_seed15.json",
	"method":	"MVN PDF",
	"convergence_threshold":	0.001,
	"iterations_made":	14,
	"max_iterations":	10000,
	"time_taken":	0.002957,
	"ground_truth_matrix":	[[0.905527300001945, 0.0944726999980548], [0.11077641301954382, 0.889223586980456], [0.29906126152703688, 0.70093873847296317], [0.501427447002765, 0.498572552997235]],
	"estimated_matrix":	[[0.89113910417781872, 0.10886089582218134], [0.10349592566293868, 0.89650407433706136], [0.29397072269062063, 0.70602927730937937], [0.53559471260323044, 0.46440528739676962]],
	"log_likelihood":	[-139.698468740692, -95.443768967073652, -69.434023459999068, -53.12360950153, -42.6209649303877, -35.813233251434013, -31.429507520949453, -28.654537772000879, -26.945841313167641, -25.93652152301679, -25.37795968428324, -25.102962543043525, -25.00063165696826, -24.9987238961878, -25.051195731526271]
}
