{
	"input_file":	"../../instances/J100_M50_G4_I2_L50_seed7.json",
	"method":	"MVN PDF",
	"convergence_threshold":	0.001,
	"iterations_made":	14,
	"max_iterations":	10000,
	"time_taken":	0.001175,
	"ground_truth_matrix":	[[0.049824327768858021, 0.950175672231142], [0.30980548916967027, 0.69019451083032979], [0.831514501677034, 0.16848549832296594], [0.90290621666010051, 0.0970937833398996]],
	"estimated_matrix":	[[0.0547261308265391, 0.94527386917346079], [0.36188560121673358, 0.63811439878326648], [0.823532114758209, 0.176467885241791], [0.882806440635578, 0.117193559364422]],
	"log_likelihood":	[-174.85283923221672, -117.66228547427673, -83.4046828843007, -61.371467320318253, -46.7545051971159, -36.966301143731087, -30.4421130017411, -26.158394027786283, -23.41240444181085, -21.71028520562135, -20.703677274678444, -20.149285159597941, -19.880278050260458, -19.784848699312082, -19.789938778325723]
}
