{
	"input_file":	"../../instances/J100_M50_G4_I2_L50_seed14.json",
	"method":	"MVN PDF",
	"convergence_threshold":	0.001,
	"iterations_made":	18,
	"max_iterations":	10000,
	"time_taken":	0.003682,
	"ground_truth_matrix":	[[0.32718470976908715, 0.6728152902309128], [0.99606184581514945, 0.0039381541848506141], [0.104967871470104, 0.895032128529896], [0.65259594969166024, 0.34740405030833971]],
	"estimated_matrix":	[[0.35926681527761817, 0.64073318472238183], [0.967723487401015, 0.032276512598985015], [0.083181736250354771, 0.916818263749645], [0.660251908504083, 0.33974809149591689]],
	"log_likelihood":	[-166.11466751281972, -116.40488215222811, -86.189751276670563, -66.435839810127831, -53.033302564898946, -43.765150556114627, -37.30304089907937, -32.792595610968561, -29.657382969357993, -27.4963098946234, -26.025185520229382, -25.040889168767361, -24.397941968563217, -23.992384564456536, -23.750287456725378, -23.619404668572638, -23.563070406182383, -23.555742517657265, -23.579767292570835]
}
