{
	"input_file":	"../../instances/J100_M50_G4_I2_L50_seed8.json",
	"method":	"MVN PDF",
	"convergence_threshold":	0.001,
	"iterations_made":	14,
	"max_iterations":	10000,
	"time_taken":	0.003091,
	"ground_truth_matrix":	[[0.37404082947384554, 0.62595917052615457], [0.728815845450914, 0.27118415454908579], [0.9585196963066358, 0.041480303693364189], [0.52235768616250344, 0.47764231383749667]],
	"estimated_matrix":	[[0.3430209829018529, 0.65697901709814721], [0.761062611129552, 0.23893738887044805], [0.93883838077953952, 0.06116161922046065], [0.59082057934214383, 0.40917942065785617]],
	"log_likelihood":	[-99.7230027512754, -69.520946443066151, -53.230328080877328, -43.3647173820165, -37.295446702270567, -33.55030731280052, -31.24974401413181, -29.851026355536977, -29.014544417793946, -28.527019308868741, -28.254717862803712, -28.114085502838641, -28.0531245592674, -28.0395937578952, -28.053569256151444]
}
