{
	"input_file":	"../../instances/J100_M50_G4_I2_L50_seed10.json",
	"method":	"MVN PDF",
	"convergence_threshold":	0.001,
	"iterations_made":	22,
	"max_iterations":	10000,
	"time_taken":	0.007396,
	"ground_truth_matrix":	[[0.98598621315062451, 0.014013786849375551], [0.42091152445267649, 0.57908847554732346], [0.73049207059464549, 0.26950792940535451], [0.13376829088294734, 0.86623170911705261]],
	"estimated_matrix":	[[0.980959024153211, 0.019040975846788974], [0.422508076699478, 0.577491923300522], [0.739530688885444, 0.26046931111455579], [0.1424349617607602, 0.85756503823923969]],
	"log_likelihood":	[-154.7829575084063, -106.35256321350157, -78.06644904415424, -60.059200414107, -48.179584520686831, -40.199357128661177, -34.792612020675215, -31.118067273575431, -28.62050560763382, -26.925292450965859, -25.776998266298946, -25.000967259401971, -24.47793548938866, -24.126715968414629, -23.892216707282206, -23.737134826815666, -23.636229086784105, -23.572401786568044, -23.534039812995168, -23.513222024762971, -23.5045161470126, -23.50417314869868, -23.509587847244866]
}
