{
	"input_file":	"../../instances/J100_M50_G4_I2_L50_seed18.json",
	"method":	"MVN PDF",
	"convergence_threshold":	0.001,
	"iterations_made":	14,
	"max_iterations":	10000,
	"time_taken":	0.004808,
	"ground_truth_matrix":	[[0.598796857472177, 0.40120314252782313], [0.913094360419019, 0.086905639580980923], [0.57961290670290522, 0.42038709329709484], [0.19903834610714546, 0.80096165389285456]],
	"estimated_matrix":	[[0.61081834764282172, 0.38918165235717833], [0.93366548847438957, 0.066334511525610471], [0.58348676566513835, 0.41651323433486159], [0.21943398232610725, 0.78056601767389278]],
	"log_likelihood":	[-110.55195894643448, -76.324400835377759, -56.722150795712722, -44.601498837094624, -36.927919740315659, -32.0353767233978, -28.925506942585653, -26.969191010692676, -25.759522119285005, -25.030597151391436, -24.608508228248677, -24.379994333480717, -24.271778136760744, -24.236810894917042, -24.245131470289007]
}
