{
	"input_file":	"../../instances/J100_M50_G4_I2_L50_seed12.json",
	"method":	"MVN PDF",
	"convergence_threshold":	0.001,
	"iterations_made":	17,
	"max_iterations":	10000,
	"time_taken":	0.003345,
	"ground_truth_matrix":	[[0.11053619287835263, 0.88946380712164752], [0.28597542938972, 0.71402457061028], [0.0058150405982643075, 0.99418495940173579], [0.985496465528608, 0.014503534471392115]],
	"estimated_matrix":	[[0.079225245844890879, 0.920774754155109], [0.32688256686421413, 0.67311743313578576], [0.0160422522600144, 0.98395774773998568], [0.9722507635872, 0.02774923641279994]],
	"log_likelihood":	[-228.5746453479932, -150.15913304075747, -108.36701699339784, -81.883312980295159, -64.056091516850842, -51.677153775044822, -42.966698713256655, -36.83325293861072, -32.5522577111915, -29.6131565217663, -27.642232887767751, -26.361383573554242, -25.563935670189149, -25.098332960887905, -24.855583854278553, -24.75896016738313, -24.7555432989141, -24.809509217435579]
}
