{
	"input_file":	"../../instances/J100_M50_G4_I2_L50_seed14.json",
	"method":	"MVN PDF",
	"convergence_threshold":	0.001,
	"iterations_made":	18,
	"max_iterations":	10000,
	"time_taken":	0.001087,
	"ground_truth_matrix":	[[0.32718470976908715, 0.6728152902309128], [0.99606184581514945, 0.0039381541848506141], [0.104967871470104, 0.895032128529896], [0.65259594969166024, 0.34740405030833971]],
	"estimated_matrix":	[[0.35926681527761817, 0.64073318472238183], [0.96772348740101477, 0.032276512598985], [0.0831817362503547, 0.916818263749645], [0.660251908504083, 0.33974809149591689]],
	"log_likelihood":	[-166.11466751281975, -116.40488215222793, -86.189751276670577, -66.435839810127959, -53.033302564898662, -43.765150556114548, -37.303040899079214, -32.792595610968455, -29.657382969357908, -27.4963098946236, -26.025185520229645, -25.040889168766991, -24.397941968563437, -23.992384564456444, -23.750287456724951, -23.619404668572326, -23.563070406182092, -23.555742517657155, -23.579767292570537]
}
