{
	"input_file":	"../../instances/J100_M50_G4_I2_L50_seed18.json",
	"method":	"MVN PDF",
	"convergence_threshold":	0.001,
	"iterations_made":	14,
	"max_iterations":	10000,
	"time_taken":	0.002661,
	"ground_truth_matrix":	[[0.598796857472177, 0.40120314252782313], [0.913094360419019, 0.086905639580980923], [0.57961290670290522, 0.42038709329709484], [0.19903834610714546, 0.80096165389285456]],
	"estimated_matrix":	[[0.61081834764282172, 0.38918165235717828], [0.93366548847438968, 0.066334511525610443], [0.58348676566513846, 0.41651323433486159], [0.21943398232610734, 0.78056601767389278]],
	"log_likelihood":	[-110.55195894643452, -76.324400835377546, -56.722150795712167, -44.601498837095129, -36.927919740316213, -32.0353767233985, -28.925506942585731, -26.969191010692963, -25.759522119284956, -25.030597151391255, -24.608508228248521, -24.379994333480635, -24.271778136760524, -24.236810894917056, -24.245131470289394]
}
