{
	"input_file":	"../../instances/J100_M50_G4_I2_L50_seed20.json",
	"method":	"MVN PDF",
	"convergence_threshold":	0.001,
	"iterations_made":	22,
	"max_iterations":	10000,
	"time_taken":	0.001737107,
	"ground_truth_matrix":	[[0.28008881000392533, 0.71991118999607473], [0.56763625027584241, 0.43236374972415759], [0.030121069218649359, 0.96987893078135068], [0.39436320615953213, 0.605636793840468]],
	"estimated_matrix":	[[0.28787632718640116, 0.71212367281359878], [0.5936326041944725, 0.40636739580552739], [0.032146876572476252, 0.96785312342752383], [0.35137559250042755, 0.64862440749957251]],
	"log_likelihood":	[-80.3322620221058, -55.535036684161149, -42.42666968197048, -34.4175952663524, -29.353144731248346, -26.065840310794766, -23.88385017947801, -22.405806581844381, -21.385644214407307, -20.669368885448257, -20.158773751380213, -19.790049779324846, -19.520947543915177, -19.322959192611219, -19.176490384858994, -19.06783407199319, -18.987243023798822, -18.927681165103479, -18.884000421563059, -18.852388531062648, -18.829992284460261, -18.814656269892843, -18.78563569303126]
}
