{
	"input_file":	"../../instances/J100_M50_G4_I2_L50_seed1.json",
	"method":	"MVN PDF",
	"convergence_threshold":	0.001,
	"iterations_made":	19,
	"max_iterations":	10000,
	"time_taken":	0.003956127,
	"ground_truth_matrix":	[[0.297511488970571, 0.702488511029429], [0.00031761382895504226, 0.99968238617104477], [0.620945430067681, 0.3790545699323189], [0.327118775180985, 0.672881224819015]],
	"estimated_matrix":	[[0.30642040902489359, 0.69357959097510635], [0.011122471426082291, 0.98887752857391775], [0.599357466267383, 0.400642533732617], [0.32367220919955331, 0.67632779080044669]],
	"log_likelihood":	[-99.6564534581715, -68.575544400195, -53.240726630993038, -44.094721781835645, -38.434899177271845, -34.832581226050543, -32.482122178301076, -30.911404823716456, -29.836692836551073, -29.084140961305749, -28.545350288775285, -28.1515138729622, -27.858124043177032, -27.635813790855064, -27.4648071264446, -27.331513155438845, -27.22640551641809, -27.142680809861172, -27.075395085988841, -26.9689624426991]
}
