{
	"input_file":	"../../instances/J100_M50_G4_I2_L50_seed20.json",
	"method":	"MVN PDF",
	"convergence_threshold":	0.001,
	"iterations_made":	22,
	"max_iterations":	10000,
	"time_taken":	0.004426456,
	"ground_truth_matrix":	[[0.28008881000392533, 0.71991118999607473], [0.56763625027584241, 0.43236374972415759], [0.030121069218649359, 0.96987893078135068], [0.39436320615953213, 0.605636793840468]],
	"estimated_matrix":	[[0.2878763271864011, 0.71212367281359878], [0.5936326041944725, 0.40636739580552739], [0.032146876572476252, 0.96785312342752372], [0.35137559250042755, 0.64862440749957251]],
	"log_likelihood":	[-80.332262022105724, -55.535036684161142, -42.426669681970651, -34.417595266352237, -29.353144731248175, -26.0658403107949, -23.883850179477555, -22.405806581843766, -21.385644214407566, -20.669368885448318, -20.158773751380025, -19.790049779324711, -19.520947543915433, -19.322959192610952, -19.176490384858361, -19.067834071994007, -18.987243023799032, -18.927681165103291, -18.884000421562945, -18.852388531062594, -18.82999228445966, -18.814656269893383, -18.785635693031427]
}
