{
	"input_file":	"../../instances/J100_M50_G4_I3_L50_seed14.json",
	"method":	"MVN PDF",
	"convergence_threshold":	0.001,
	"iterations_made":	18,
	"max_iterations":	10000,
	"time_taken":	0.008267313,
	"ground_truth_matrix":	[[0.16980903280015061, 0.34919148198550209, 0.48099948521434727], [0.0022826956347437562, 0.10472826176811086, 0.89298904259714529], [0.38331171056814639, 0.20405281529085445, 0.41263547414099916], [0.10819096507086004, 0.71055994962537883, 0.18124908530376127]],
	"estimated_matrix":	[[0.1757208903556256, 0.40657629677727752, 0.41770281286709687], [0.0071182814251617328, 0.095695427752447743, 0.89718629082239054], [0.38413204727453032, 0.19517901164414569, 0.420688941081324], [0.089793121211305824, 0.6761504234865775, 0.23405645530211672]],
	"log_likelihood":	[-177.743875898358, -115.98062901943996, -86.1230507847868, -69.025687929413465, -58.987335510782827, -53.0306709306589, -49.499903603167752, -47.425710207757128, -46.225183213036537, -45.544142471604687, -45.167504681220571, -44.965649836452037, -44.861438539142235, -44.809730921718149, -44.784684321249976, -44.7719321150771, -44.763817437681382, -44.7565234531498, -44.707596153616777]
}
