{
	"input_file":	"../../instances/J100_M50_G4_I3_L50_seed10.json",
	"method":	"MVN PDF",
	"convergence_threshold":	0.001,
	"iterations_made":	23,
	"max_iterations":	10000,
	"time_taken":	0.006757857,
	"ground_truth_matrix":	[[0.590040182963056, 0.00838622005696103, 0.401573596979983], [0.59386635266519261, 0.296677408979759, 0.10945623835504842], [0.12026555402602122, 0.77879320819781883, 0.1009412377761599], [0.021434925155496692, 0.26798895440852949, 0.710576120435974]],
	"estimated_matrix":	[[0.56618121548445666, 0.018646474720690663, 0.41517230979485265], [0.616738624754856, 0.28455908040169, 0.098702294843454039], [0.15575174020055729, 0.73494839207998675, 0.109299867719456], [0.020968585308767478, 0.28177702650345243, 0.69725438818778]],
	"log_likelihood":	[-234.788827961274, -153.8062015181109, -111.76022471697559, -87.590213876787843, -72.8744611746358, -63.5667733555001, -57.508048337035333, -53.469724020322076, -50.722820727964418, -48.8213544008146, -47.485462978194349, -46.535446174579327, -45.853407026430887, -45.360421118602424, -45.002660511473117, -44.742786132250835, -44.554499125985281, -44.419022991407012, -44.322789019066335, -44.255886272919881, -44.211006499540424, -44.18271514423563, -44.166940807302872, -44.10266942933665]
}
