{
	"input_file":	"../../instances/J100_M50_G4_I3_L50_seed3.json",
	"method":	"MVN PDF",
	"convergence_threshold":	0.001,
	"iterations_made":	17,
	"max_iterations":	10000,
	"time_taken":	0.002595,
	"ground_truth_matrix":	[[0.33688219083814136, 0.518408337162583, 0.1447094719992755], [0.13709494665374614, 0.42840825980005576, 0.43449679354619813], [0.32007545057654463, 0.55390092484015363, 0.12602362458330174], [0.475692357133093, 0.024822571764609672, 0.49948507110229734]],
	"estimated_matrix":	[[0.296956694903778, 0.558140067509792, 0.14490323758642987], [0.17311914759453306, 0.43438102446207649, 0.39249982794339039], [0.31977264452905263, 0.52973720972710758, 0.15049014574383981], [0.47747618817978, 0.04022465158975385, 0.48229916023046626]],
	"log_likelihood":	[-117.58949800959104, -89.1487869149299, -72.633487207837177, -62.337849388587365, -55.778856197155733, -51.5498917019955, -48.806014280501337, -47.020851584606952, -45.859503667898615, -45.106228059971357, -44.620942439371312, -44.312170245984213, -44.119890901392, -44.004551004966771, -43.939976369496584, -43.90877799578422, -43.899361823043975, -43.903974177293918]
}
