{
	"input_file":	"../../instances/J100_M50_G4_I3_L50_seed20.json",
	"method":	"MVN PDF",
	"convergence_threshold":	0.001,
	"iterations_made":	13,
	"max_iterations":	10000,
	"time_taken":	0.008261,
	"ground_truth_matrix":	[[0.16462456721633445, 0.42313389130268786, 0.41224154148097764], [0.582351120333567, 0.012580030813523983, 0.405068848852909], [0.20877069949759983, 0.3206161607287713, 0.47061313977362884], [0.11962298431176888, 0.17647027434518489, 0.70390674134304621]],
	"estimated_matrix":	[[0.18634007892464563, 0.37876034861545316, 0.4348995724599013], [0.52881306934654881, 0.035588403920872577, 0.43559852673257848], [0.23818144865774557, 0.2948199691879777, 0.46699858215427675], [0.0981193046507041, 0.20516730591751808, 0.69671338943177774]],
	"log_likelihood":	[-122.16832786367893, -89.2481244102141, -74.084040551679166, -65.9317993086443, -61.454496441510159, -58.960139273073729, -57.558348152463445, -56.767478370513842, -56.322608941552488, -56.076161751729181, -55.944908237330544, -55.8812732816964, -55.857650953435048, -55.857762688762925]
}
