{
	"input_file":	"../../instances/J100_M50_G4_I3_L50_seed8.json",
	"method":	"MVN PDF",
	"convergence_threshold":	0.001,
	"iterations_made":	20,
	"max_iterations":	10000,
	"time_taken":	0.010086491,
	"ground_truth_matrix":	[[0.27340463300715134, 0.457544000038453, 0.26905136695439574], [0.73250839185554451, 0.25639597500319711, 0.011095633141258382], [0.30977655129027537, 0.28325875669197409, 0.40696469201775065], [0.289875097715659, 0.3609784079546185, 0.34914649432972239]],
	"estimated_matrix":	[[0.24364529073892091, 0.49258079107096792, 0.26377391819011137], [0.74906319478317218, 0.23644247979337807, 0.014494325423449842], [0.32517298171613374, 0.25233799208012514, 0.42248902620374118], [0.30951460442923967, 0.37727784212778454, 0.31320755344297579]],
	"log_likelihood":	[-118.7633742314699, -85.73643747508585, -68.456289898578177, -58.493844205096956, -52.558054381779179, -48.927463134474841, -46.65217284848088, -45.189371083278736, -44.222250409020226, -43.563262308484347, -43.100035629137736, -42.764364037392319, -42.514189390196634, -42.3230660920292, -42.173972835151034, -42.055659599561984, -41.960475654289986, -41.883064757701831, -41.819570396521748, -41.767143171030632, -41.6860330533092]
}
