{
	"input_file":	"../../instances/J100_M50_G4_I3_L50_seed15.json",
	"method":	"MVN PDF",
	"convergence_threshold":	0.001,
	"iterations_made":	12,
	"max_iterations":	10000,
	"time_taken":	0.001642,
	"ground_truth_matrix":	[[0.88190002979169, 0.0920076920293921, 0.026092278178917974], [0.294060845578166, 0.21111905408272336, 0.49482010033911067], [0.4312585359125406, 0.42880315095830712, 0.13993831312915236], [0.093033188364916641, 0.80772900137502379, 0.099237810260059636]],
	"estimated_matrix":	[[0.8512949154935624, 0.109163774213992, 0.039541310292445647], [0.30481375162015573, 0.21007993265419977, 0.4851063157256445], [0.42211086404021425, 0.44718431424971239, 0.1307048217100733], [0.10883525627012582, 0.79445257260291358, 0.0967121711269606]],
	"log_likelihood":	[-223.05639025564571, -139.226201884565, -98.0894365583617, -75.2614614755858, -62.251935254237786, -54.822702236771114, -50.648706420772747, -48.3801238826193, -47.2134173199476, -46.6686714117611, -46.462468479610827, -46.4309292973835, -46.481986890120766]
}
