{
	"input_file":	"../../instances/J100_M50_G4_I3_L50_seed5.json",
	"method":	"MVN PDF",
	"convergence_threshold":	0.001,
	"iterations_made":	12,
	"max_iterations":	10000,
	"time_taken":	0.004437,
	"ground_truth_matrix":	[[0.099277505208629477, 0.80913423592827161, 0.0915882588630989], [0.608148478297384, 0.16248736605778868, 0.22936415564482709], [0.57283457335997, 0.28825508098764524, 0.13891034565238466], [0.12730387889618566, 0.0515479245040332, 0.82114819659978122]],
	"estimated_matrix":	[[0.11046508655021067, 0.814292173994016, 0.0752427394557733], [0.59760121766921148, 0.14438566061347885, 0.25801312171730961], [0.566681419630038, 0.31734498070442718, 0.1159735996655349], [0.11814767409286024, 0.0509137983525272, 0.8309385275546125]],
	"log_likelihood":	[-276.978373082942, -168.55261344342759, -113.74179010394457, -82.763646912112577, -64.548100328484026, -53.773680421312129, -47.515206800472953, -44.023847118355917, -42.2064804624111, -41.37104827927844, -41.0842758321771, -41.082495917584858, -41.211782368682712]
}
