{
	"input_file":	"../../instances/J100_M50_G4_I4_L50_seed8.json",
	"method":	"MVN PDF",
	"convergence_threshold":	0.001,
	"iterations_made":	16,
	"max_iterations":	10000,
	"time_taken":	0.003169,
	"ground_truth_matrix":	[[0.248524592823477, 0.41590713024020765, 0.2445674774618472, 0.0910007994744682], [0.195642639627116, 0.0084665094920574734, 0.41573970330401455, 0.380151147576812], [0.24777481565370346, 0.21805134881656238, 0.27153704946869556, 0.26263678606103863], [0.34076211243970533, 0.29676132101110025, 0.23023370011666558, 0.13224286643252883]],
	"estimated_matrix":	[[0.26573260844386232, 0.41509834536538409, 0.2303637915447832, 0.0888052546459704], [0.19366107446805675, 0.030312651507055127, 0.4115417310190998, 0.36448454300578825], [0.242595086311043, 0.19604124364770506, 0.27055900272522532, 0.29080466731602667], [0.34863754146042936, 0.32579998521888681, 0.23912196904206112, 0.086440504278622751]],
	"log_likelihood":	[-143.1935978879535, -115.75128180360278, -101.02940269475816, -91.9793954333957, -86.3433894074841, -82.8042999352187, -80.5747432409191, -79.17013567456226, -78.287598287378955, -77.736276482388959, -77.395392090532638, -77.188319920442552, -77.066350586774149, -76.998458518780822, -76.964838410785561, -76.952817674551326, -76.954268882471638]
}
