{
	"input_file":	"../../instances/J100_M50_G4_I4_L50_seed5.json",
	"method":	"MVN PDF",
	"convergence_threshold":	0.001,
	"iterations_made":	12,
	"max_iterations":	10000,
	"time_taken":	0.005135,
	"ground_truth_matrix":	[[0.04983539454067374, 0.40616979444752377, 0.04597554104672593, 0.49801926996507662], [0.17642180632607257, 0.24903375337454553, 0.38221213978536139, 0.19233230051402056], [0.17736032732383658, 0.10472522126556412, 0.042405367741133453, 0.675509083669466], [0.18223419748820011, 0.053948911524286144, 0.66354524613560528, 0.1002716448519083]],
	"estimated_matrix":	[[0.047910144875031313, 0.38425573321719991, 0.062979922179095441, 0.5048541997286734], [0.15772117802019858, 0.28273982846610923, 0.363505099368645, 0.19603389414504713], [0.17836012952573743, 0.0892638021361007, 0.052661891348157734, 0.679714176990004], [0.17752691274385249, 0.0455624906858899, 0.65840208815449364, 0.11850850841576392]],
	"log_likelihood":	[-240.90122396647925, -168.80865354795367, -131.69758006276251, -110.05014432793558, -97.011879625692231, -89.0940367066128, -84.328766886093334, -81.5328448165318, -79.9665875494674, -79.158760028540669, -78.807955020398623, -78.722710485588834, -78.783212938973236]
}
