{
	"input_file":	"../../instances/J100_M50_G4_I4_L50_seed19.json",
	"method":	"MVN PDF",
	"convergence_threshold":	0.001,
	"iterations_made":	10,
	"max_iterations":	10000,
	"time_taken":	0.0032470000000000008,
	"ground_truth_matrix":	[[0.052166889316142627, 0.72810163049277654, 0.144166630569279, 0.075564849621801933], [0.12400640059949905, 0.026686001932657091, 0.343301206964579, 0.506006390503265], [0.664535329822959, 0.16528278438434141, 0.039819720179869643, 0.1303621656128299], [0.422084773790076, 0.14271573291742995, 0.064610803438190062, 0.3705886898543041]],
	"estimated_matrix":	[[0.0759785217443517, 0.712018842991751, 0.11431429955083264, 0.0976883357130648], [0.09973207989031, 0.041919538142585228, 0.358870702568435, 0.49947767939866983], [0.67187576435231, 0.16397607793171348, 0.041534039057809016, 0.1226141186581676], [0.4325041599444987, 0.13810027606644057, 0.056901744534061084, 0.37249381945499965]],
	"log_likelihood":	[-332.35498507804056, -213.25704154624256, -157.32226128432006, -127.52161002737913, -111.32238654226694, -102.65000371768879, -98.218881287376064, -96.146671237230763, -95.34170048326, -95.180595242535063, -95.318646871747362]
}
