{
	"input_file":	"../../instances/J100_M50_G4_I4_L50_seed15.json",
	"method":	"MVN PDF",
	"convergence_threshold":	0.001,
	"iterations_made":	11,
	"max_iterations":	10000,
	"time_taken":	0.014468000000000003,
	"ground_truth_matrix":	[[0.729175806164576, 0.076074136231428655, 0.021573712816720172, 0.17317634478727548], [0.178428232666503, 0.41819946747570369, 0.20226194250932708, 0.2011103573484663], [0.03692154969556357, 0.0895982588773646, 0.77790639491020774, 0.0955737965168639], [0.2454144268167292, 0.3895043399526712, 0.31921668759311272, 0.0458645456374869]],
	"estimated_matrix":	[[0.709524546300444, 0.0794978971261305, 0.039718559179280757, 0.17125899739414471], [0.16900239026445649, 0.42573241199906031, 0.2062183248282343, 0.19904687290824888], [0.038434406796209873, 0.10365997186838256, 0.752259696540906, 0.10564592479450152], [0.23655652305470662, 0.416532532918216, 0.2984194153714127, 0.048491528655664612]],
	"log_likelihood":	[-267.50930334104964, -172.88724471576435, -127.47769416723264, -102.94499958258183, -89.313540005167255, -81.7460039523963, -77.628963012861178, -75.4734513869665, -74.415654503432037, -73.956249921736557, -73.811120109129249, -73.82220903815643]
}
