{
	"input_file":	"../../instances/J100_M50_G4_I4_L50_seed16.json",
	"method":	"MVN PDF",
	"convergence_threshold":	0.001,
	"iterations_made":	11,
	"max_iterations":	10000,
	"time_taken":	0.005108,
	"ground_truth_matrix":	[[0.13733033971538156, 0.402486971039085, 0.43481631950235439, 0.025366369743179053], [0.21871205928257512, 0.12338807712654326, 0.57049577727443768, 0.087404086316444057], [0.019119524157554624, 0.74212676605831351, 0.217462744278536, 0.02129096550559572], [0.61348344045944758, 0.0825250715096998, 0.13779843141340273, 0.16619305661744993]],
	"estimated_matrix":	[[0.14734081372548069, 0.39854842489446091, 0.44142205880994811, 0.012688702570110287], [0.21365283844344321, 0.11454814687261287, 0.56389845916261661, 0.10790055552132738], [0.0378606389701026, 0.7389923737847226, 0.20170511093615989, 0.021441876309014864], [0.57437753539442138, 0.0867475013576846, 0.181632579405032, 0.15724238384286204]],
	"log_likelihood":	[-239.22821011854785, -162.04207581702093, -123.29784506183181, -101.48214054787752, -88.861322761586038, -81.5430233119594, -77.371721585359055, -75.083117598489068, -73.912886306315869, -73.393985507524278, -73.2419016669724, -73.2855804859979]
}
