{
	"input_file":	"../../instances/J100_M50_G4_I4_L50_seed10.json",
	"method":	"MVN PDF",
	"convergence_threshold":	0.001,
	"iterations_made":	15,
	"max_iterations":	10000,
	"time_taken":	0.007143,
	"ground_truth_matrix":	[[0.380062145693794, 0.0054018097091338329, 0.25866530336247168, 0.35587074123460055], [0.26597509126643765, 0.0981289174874491, 0.0850627199283102, 0.550833271317803], [0.041167866022291, 0.020552495028497372, 0.25695642103798533, 0.68132321791122641], [0.001182855267320227, 0.214629979163991, 0.500706387852455, 0.283480777716234]],
	"estimated_matrix":	[[0.37390992475576412, 0.013126420570592639, 0.25204726992994286, 0.36091638474370036], [0.28156698469014252, 0.0816114399857302, 0.07519340337815357, 0.5616281719459737], [0.053995079797357071, 0.021415695341206981, 0.27503339975717234, 0.64955582510426368], [0.018831990404654792, 0.23004822858466512, 0.51518828561623153, 0.23593149539444852]],
	"log_likelihood":	[-196.60944752555289, -133.22697309396463, -105.63361593761985, -89.8094734417884, -80.6451192567144, -75.254418033713648, -72.0619194552446, -70.166454533603471, -69.042560820967651, -68.3806829030331, -67.997275080572948, -67.782842134555537, -67.6715803474768, -67.6235794268011, -67.614373907418738, -67.6287940263102]
}
