{
	"input_file":	"../../instances/J100_M50_G4_I4_L50_seed7.json",
	"method":	"MVN PDF",
	"convergence_threshold":	0.001,
	"iterations_made":	18,
	"max_iterations":	10000,
	"time_taken":	0.007197,
	"ground_truth_matrix":	[[0.022970939991479138, 0.43806769354602731, 0.16697318978046674, 0.37198817668202688], [0.712028237377669, 0.14427461235209513, 0.12974505029533678, 0.0139520999748993], [0.0828928445429555, 0.18375599268884832, 0.30153350005390939, 0.43181766271428679], [0.14571323244954967, 0.020725886013673991, 0.10327344488830011, 0.73028743664847617]],
	"estimated_matrix":	[[0.029552314130659247, 0.43975715359786766, 0.16861106186710492, 0.36207947040436816], [0.727299374681439, 0.11277225351077129, 0.12597356335748819, 0.033954808450301334], [0.076822043081490057, 0.18929619180049873, 0.291553924595679, 0.44232784052233221], [0.14306456548858776, 0.050259308329226433, 0.11287645410581575, 0.69379967207637]],
	"log_likelihood":	[-278.4480379940893, -180.47424945599587, -136.06958234997433, -111.53443972444788, -97.4351678933158, -89.2130541121816, -84.422734060549146, -81.6612989639365, -80.0945164719425, -79.2212330974165, -78.7428478392816, -78.484801525191628, -78.347436880684938, -78.275218442144762, -78.2378828232691, -78.219254086943153, -78.2108177532477, -78.2081354712149, -78.2088952810778]
}
