{
	"input_file":	"../../instances/J100_M50_G4_I4_L50_seed1.json",
	"method":	"MVN PDF",
	"convergence_threshold":	0.001,
	"iterations_made":	13,
	"max_iterations":	10000,
	"time_taken":	0.002348,
	"ground_truth_matrix":	[[0.24822494433396575, 0.58611239568895857, 5.2616751750196278e-05, 0.16561004322532558], [0.179194262029625, 0.10938868480049078, 0.23271787507579811, 0.478699178094086], [0.16969288050778514, 0.25983737889369862, 0.18241242309601466, 0.38805731750250161], [0.065890667913256137, 0.60631880861527865, 0.00799984200845411, 0.31979068146301121]],
	"estimated_matrix":	[[0.25554396705742366, 0.56416066360439754, 0.022199208424668986, 0.15809616091350984], [0.13931016547806757, 0.14464979992871471, 0.2172753164457327, 0.498764718147485], [0.18853799245044708, 0.2922592290920849, 0.13557676459881349, 0.38362601385865452], [0.064786749881016265, 0.58149794536266641, 0.01772185849902036, 0.335993446257297]],
	"log_likelihood":	[-151.10728095261678, -114.46357935302, -95.541456037031452, -84.326695985525632, -77.6042001051107, -73.5601384428405, -71.145989152666331, -69.730233631822145, -68.925177396549444, -68.490915628219227, -68.278818731642957, -68.197095785911571, -68.189430456334222, -68.221619862774943]
}
