{
	"input_file":	"../../instances/J100_M50_G4_I4_L50_seed6.json",
	"method":	"MVN PDF",
	"convergence_threshold":	0.001,
	"iterations_made":	14,
	"max_iterations":	10000,
	"time_taken":	0.0031160000000000007,
	"ground_truth_matrix":	[[0.507491225944653, 0.091663150517557662, 0.39116873435159927, 0.00967688918619004], [0.049198308552667672, 0.39046023301512889, 0.32594651093818944, 0.23439494749401418], [0.12416321052879148, 0.29605898381257317, 0.17519316033671811, 0.40458464532191729], [0.10054693445790465, 0.11913033047675195, 0.14280407847917545, 0.637518656586168]],
	"estimated_matrix":	[[0.503495677837158, 0.0991845423580016, 0.36098875319634127, 0.036331026608499149], [0.0534556849648826, 0.34886293251954148, 0.35288193645775134, 0.24479944605782458], [0.11184381953663551, 0.30865384843298754, 0.1876376910060758, 0.391864641024301], [0.11212100744448993, 0.099097438833702159, 0.14117145678269077, 0.647610096939117]],
	"log_likelihood":	[-214.9484682058212, -145.52502783049937, -112.78575425421555, -94.9158670699465, -84.884857549975536, -79.177733760529065, -75.9180085919182, -74.059397512632756, -73.006384621831344, -72.417214595664646, -72.095297233857778, -71.9274990545645, -71.8486703707974, -71.8212177054376, -71.8233647153427]
}
