{
	"input_file":	"../../instances/J100_M50_G4_I4_L50_seed16.json",
	"method":	"MVN PDF",
	"convergence_threshold":	0.001,
	"iterations_made":	11,
	"max_iterations":	10000,
	"time_taken":	0.004198,
	"ground_truth_matrix":	[[0.13733033971538156, 0.402486971039085, 0.43481631950235439, 0.025366369743179053], [0.21871205928257512, 0.12338807712654326, 0.57049577727443768, 0.087404086316444057], [0.019119524157554624, 0.74212676605831351, 0.217462744278536, 0.02129096550559572], [0.61348344045944758, 0.0825250715096998, 0.13779843141340273, 0.16619305661744993]],
	"estimated_matrix":	[[0.14734081372548072, 0.3985484248944608, 0.44142205880994828, 0.01268870257011029], [0.21365283844344313, 0.11454814687261282, 0.56389845916261661, 0.10790055552132746], [0.0378606389701026, 0.7389923737847226, 0.20170511093615984, 0.021441876309014885], [0.57437753539442149, 0.086747501357684553, 0.181632579405032, 0.15724238384286213]],
	"log_likelihood":	[-239.22821011854779, -162.04207581702093, -123.29784506183138, -101.48214054787736, -88.861322761586123, -81.54302331195926, -77.371721585359154, -75.083117598488954, -73.912886306316, -73.393985507524278, -73.241901666972439, -73.285580485997727]
}
