{
	"input_file":	"../../instances/J100_M50_G4_I4_L50_seed15.json",
	"method":	"MVN PDF",
	"convergence_threshold":	0.001,
	"iterations_made":	11,
	"max_iterations":	10000,
	"time_taken":	0.004996,
	"ground_truth_matrix":	[[0.729175806164576, 0.076074136231428655, 0.021573712816720172, 0.17317634478727548], [0.178428232666503, 0.41819946747570369, 0.20226194250932708, 0.2011103573484663], [0.03692154969556357, 0.0895982588773646, 0.77790639491020774, 0.0955737965168639], [0.2454144268167292, 0.3895043399526712, 0.31921668759311272, 0.0458645456374869]],
	"estimated_matrix":	[[0.709524546300444, 0.079497897126130465, 0.03971855917928073, 0.17125899739414471], [0.16900239026445651, 0.42573241199906042, 0.2062183248282343, 0.19904687290824885], [0.038434406796209859, 0.10365997186838254, 0.752259696540906, 0.10564592479450152], [0.23655652305470662, 0.416532532918216, 0.2984194153714127, 0.04849152865566457]],
	"log_likelihood":	[-267.50930334105, -172.88724471576447, -127.47769416723268, -102.94499958258162, -89.313540005167326, -81.746003952396649, -77.628963012861249, -75.473451386966943, -74.4156545034319, -73.956249921737125, -73.811120109128666, -73.8222090381564]
}
