{
	"input_file":	"../../instances/J100_M50_G4_I4_L50_seed13.json",
	"method":	"MVN PDF",
	"convergence_threshold":	0.001,
	"iterations_made":	14,
	"max_iterations":	10000,
	"time_taken":	0.004809,
	"ground_truth_matrix":	[[0.218317657192871, 0.0393746969740127, 0.25245268623476663, 0.48985495959834957], [0.542201209301642, 0.091058092837147178, 0.14155571116247334, 0.22518498669873749], [0.380550442114957, 0.4747687767594026, 0.013226562056458096, 0.13145421906918225], [0.016696599894866992, 0.53870044864833833, 0.129203674089631, 0.31539927736716344]],
	"estimated_matrix":	[[0.23856607663000892, 0.0803421979492588, 0.21837020258941739, 0.4627215228313149], [0.51735718481609361, 0.12501716026887169, 0.14363354041798726, 0.21399211449704736], [0.33245967868440723, 0.472464276614012, 0.058015674757304632, 0.13706036994427612], [0.042266283498653121, 0.50009583696063831, 0.13222872496486721, 0.3254091545758413]],
	"log_likelihood":	[-197.65704357330847, -150.12353507088591, -125.11786239118986, -110.87467155883456, -102.55621397362907, -97.63749924053775, -94.719701630210835, -92.996452509528964, -91.9920497921482, -91.421768382494932, -91.1135656601199, -90.9628340830181, -90.905729978216243, -90.903234572611524, -90.931530568331553]
}
