{
	"input_file":	"../../instances/J100_M50_G4_I4_L50_seed12.json",
	"method":	"MVN PDF",
	"convergence_threshold":	0.001,
	"iterations_made":	16,
	"max_iterations":	10000,
	"time_taken":	0.005798,
	"ground_truth_matrix":	[[0.064811871434951526, 0.52152885323862519, 0.11829638888251422, 0.2953628864439089], [0.0030156831164753, 0.515584843486113, 0.47441747954048219, 0.00698199385692937], [0.69001613232409476, 0.032376006581974162, 0.073235027922700938, 0.2043728331712302], [0.52094648144142852, 0.345716149325363, 0.000408210294889534, 0.13292915893831883]],
	"estimated_matrix":	[[0.051500626539645822, 0.48676536458649472, 0.13074330507971824, 0.33099070379414119], [0.031987552397937165, 0.529596042282494, 0.42821838174187932, 0.010198023577689445], [0.70279741849001021, 0.066424780631528, 0.065006125434476758, 0.16577167544398505], [0.49473631620306324, 0.3599657309461573, 0.00804689028845074, 0.13725106256232875]],
	"log_likelihood":	[-299.44491730545536, -201.49411037944779, -156.288023928735, -129.87838610408338, -113.84418226237766, -103.88222574401208, -97.649106052069527, -93.7591903085488, -91.354122893889354, -89.88953844955364, -89.017388102192953, -88.515279808740132, -88.2417855180114, -88.1075232475267, -88.056375670133662, -88.053357156160544, -88.0768379391817]
}
