{
	"input_file":	"../../instances/J100_M50_G4_I4_L50_seed14.json",
	"method":	"MVN PDF",
	"convergence_threshold":	0.001,
	"iterations_made":	21,
	"max_iterations":	10000,
	"time_taken":	0.016523292,
	"ground_truth_matrix":	[[0.16948671322645967, 0.34852867125185555, 0.48008648579103436, 0.0018981297306503366], [0.079987281299932059, 0.68202951659915934, 0.15530687378570474, 0.0826763283152038], [0.25105168191104937, 0.081029441322241033, 0.532172679173297, 0.13574619759341275], [0.3627498793244377, 0.0027605641290022972, 0.524015969214685, 0.1104735873318748]],
	"estimated_matrix":	[[0.17026270646524122, 0.38902430942395161, 0.43632433366504453, 0.00438865044576257], [0.071565654592729538, 0.666743102187429, 0.19394547253320543, 0.067745770686635842], [0.24089432575294742, 0.092200888667276867, 0.55474944902326218, 0.11215533655651366], [0.36164853362324278, 0.0110512005815643, 0.47940551374140583, 0.14789475205378716]],
	"log_likelihood":	[-196.69445083630282, -143.69816060545986, -116.94392742485751, -100.54256817406697, -90.223039136429549, -83.61374945478174, -79.3334488991229, -76.535286649056459, -74.6870407081728, -73.450407084553632, -72.6094825224752, -72.0263296701626, -71.612742957274548, -71.312186612615349, -71.088253219681633, -70.9173185383713, -70.783886353661828, -70.677646908210477, -70.5916203195263, -70.520983796293564, -70.462328597292156, -70.347092647667935]
}
