{
	"input_file":	"../../instances/J100_M50_G4_I5_L50_seed16.json",
	"method":	"MVN PDF",
	"convergence_threshold":	0.001,
	"iterations_made":	14,
	"max_iterations":	10000,
	"time_taken":	0.005894,
	"ground_truth_matrix":	[[0.11046832303046365, 0.32375992679000548, 0.34976560708473542, 0.020404670466171049, 0.19560147262862432], [0.056072838761014418, 0.259257770101578, 0.039720168700331022, 0.016198597480567022, 0.62875062495650935], [0.31255056034065565, 0.030600658614167615, 0.48328435407656345, 0.065010843405680863, 0.1085535835629325], [0.11586259596294285, 0.39777834656095723, 0.2081420243919308, 0.0807572776280516, 0.19745975545611746]],
	"estimated_matrix":	[[0.080996847868924346, 0.31491361271647933, 0.36499178087636175, 0.020212928640579726, 0.21888482989765473], [0.059003046142975225, 0.24174432991165326, 0.044094338213350986, 0.015763842633366436, 0.639394443098654], [0.330993772447655, 0.041489750912462639, 0.47255706271364067, 0.074516565060845738, 0.080442848865395947], [0.12154170962111056, 0.38211652731718715, 0.21520145183318953, 0.084701971434365433, 0.19643833979414732]],
	"log_likelihood":	[-222.66618669324092, -162.27437974861948, -130.52535020436358, -112.60536142989396, -102.10318321563827, -95.852326364548375, -92.122141551095268, -89.914463953945827, -88.632693883731577, -87.913004020467255, -87.5314629720181, -87.350069095650028, -87.284176633036623, -87.282368956418324, -87.31387242356503]
}
