{
	"input_file":	"../../instances/J100_M50_G4_I5_L50_seed19.json",
	"method":	"MVN PDF",
	"convergence_threshold":	0.001,
	"iterations_made":	12,
	"max_iterations":	10000,
	"time_taken":	0.002614,
	"ground_truth_matrix":	[[0.0433037419557625, 0.604397263048471, 0.11967273975203206, 0.06272639200543513, 0.16989986323829925], [0.010949408191273125, 0.14085830680435835, 0.2076171069384817, 0.51298571330785936, 0.12758946475802732], [0.10978458920334491, 0.35941379635053472, 0.355956869140207, 0.12035649855401814, 0.054488246751895043], [0.21154166390255172, 0.050406673790910683, 0.23240301820301118, 0.14950739990065737, 0.356141244202869]],
	"estimated_matrix":	[[0.035013912072808871, 0.63594080909333961, 0.1235098581599562, 0.05962120132335276, 0.14591421935054258], [0.027821512666006555, 0.12723138914538576, 0.18431858453766461, 0.5419387389300454, 0.11868977472089769], [0.10228176626544852, 0.34905450008701933, 0.368390326558903, 0.11666271565713945, 0.063610691431489647], [0.1925707765208492, 0.0721483080275148, 0.22889223054671384, 0.13798579008512968, 0.36840289481979244]],
	"log_likelihood":	[-266.38243185326621, -174.63088621713692, -133.53582150688271, -112.803866913727, -101.98448420286809, -96.265698057412365, -93.2454801579198, -91.673070560341969, -90.882636449637062, -90.514879907127863, -90.3739629809975, -90.3523354135052, -90.390692751929137]
}
