{
	"input_file":	"../../instances/J100_M50_G4_I5_L50_seed18.json",
	"method":	"MVN PDF",
	"convergence_threshold":	0.001,
	"iterations_made":	12,
	"max_iterations":	10000,
	"time_taken":	0.006003,
	"ground_truth_matrix":	[[0.17583738578154742, 0.11781376416577459, 0.35282805535055234, 0.033581138096485837, 0.31993965660563983], [0.19198564982437369, 0.15185075922920055, 0.611071372104512, 0.041117190992067849, 0.0039750278498458178], [0.23155809514120673, 0.4309450870170965, 0.30554024270356456, 0.0048214909585465749, 0.027135084179585732], [0.0738664498887953, 0.24274418629645989, 0.4133587578967442, 0.046280476115563726, 0.22375012980243691]],
	"estimated_matrix":	[[0.16528708415995289, 0.11790762118602115, 0.37462830758480464, 0.0467179630720621, 0.29545902399715929], [0.214958164332582, 0.1506843457508166, 0.5845528058295355, 0.035123502652174066, 0.014681181434891917], [0.21389873795103176, 0.44033996775209472, 0.310976293035989, 0.00362776350463506, 0.031157237756249491], [0.074314609284864, 0.271968146453102, 0.4398747303394967, 0.033600331544567048, 0.18024218237797029]],
	"log_likelihood":	[-179.44824972568082, -136.0921087542971, -118.85172341755141, -108.89749539688772, -103.4153393539, -100.31467823559639, -98.5751323260907, -97.6118539438606, -97.0971693543645, -96.842632873849553, -96.7390112891185, -96.7222949044314, -96.754676432673776]
}
