{
	"input_file":	"../../instances/J100_M50_G4_I5_L50_seed6.json",
	"method":	"MVN PDF",
	"convergence_threshold":	0.001,
	"iterations_made":	13,
	"max_iterations":	10000,
	"time_taken":	0.006829,
	"ground_truth_matrix":	[[0.4946888218813566, 0.0893507781441119, 0.38130078011302954, 0.0094327717727180245, 0.025226848088783976], [0.252222664533469, 0.2105492199535523, 0.15141034402812581, 0.11399772270882993, 0.27182004877602278], [0.12700654364811612, 0.2933042438225032, 0.16079716740511793, 0.19051619819117563, 0.22837584693308713], [0.43249033954138028, 0.16018080806887949, 0.0498176725914289, 0.19528425594534821, 0.162226923852963]],
	"estimated_matrix":	[[0.52403042473791028, 0.049908125265397639, 0.3763618050290663, 0.019833380598455672, 0.029866264369169889], [0.202325238614293, 0.22954480959797507, 0.15579412218570329, 0.11378579969436362, 0.2985500299076651], [0.12502177936989911, 0.297705383409414, 0.15737174198266279, 0.20720746196774847, 0.21269363327027568], [0.42576467726541467, 0.12814191338604927, 0.063351496509254451, 0.19578984764128732, 0.18695206519799426]],
	"log_likelihood":	[-198.50923987457927, -152.736989032247, -128.38206827547791, -114.34950120175911, -106.0660801371008, -101.13053875984335, -98.1953325449302, -96.4700181901745, -95.479768827393457, -94.935760598135644, -94.661191626920242, -94.547515298389655, -94.528047260474324, -94.5618869097615]
}
