{
	"input_file":	"../../instances/J100_M50_G4_I5_L50_seed11.json",
	"method":	"MVN PDF",
	"convergence_threshold":	0.001,
	"iterations_made":	10,
	"max_iterations":	10000,
	"time_taken":	0.004858,
	"ground_truth_matrix":	[[0.0742704298794536, 0.0073483541679689336, 0.23246015994561139, 0.48226262845984663, 0.20365842754711935], [0.10906573959976795, 0.0021115223402377388, 0.1096872263605117, 0.46684651136059585, 0.31228900033888668], [0.22595248847629812, 0.019867410510385194, 0.387186047554461, 0.33585447066553586, 0.0311395827933199], [0.589403631174749, 0.012191405303151244, 0.0731217528737282, 0.22404050883429075, 0.10124270181408079]],
	"estimated_matrix":	[[0.073538907311137131, 0.0025887063394517407, 0.206616016572775, 0.48524086804773947, 0.23201550172889662], [0.082771769643138343, 4.9098418657813125e-05, 0.099765416571470367, 0.51012618619571137, 0.307287529171022], [0.23125811331557719, 0.017584724857178283, 0.399240686137079, 0.31110206576749821, 0.040814409922667313], [0.59765475552217018, 0.024000041586259652, 0.081815774658154039, 0.2145523780063131, 0.081977050227103068]],
	"log_likelihood":	[-253.23813184781591, -161.00578000185257, -136.63580187410744, -115.01530186430072, -107.46349471046955, -101.69780551933185, -99.591526800111652, -98.2957282068511, -97.951609716210626, -97.862981392093573, -97.988819891149177]
}
