{
	"input_file":	"../../instances/J100_M50_G4_I5_L50_seed12.json",
	"method":	"MVN PDF",
	"convergence_threshold":	0.001,
	"iterations_made":	16,
	"max_iterations":	10000,
	"time_taken":	0.007943871,
	"ground_truth_matrix":	[[0.0644455938402166, 0.51858148681146043, 0.11762784906370648, 0.29369367360951, 0.0056513966751065665], [0.308115663974515, 0.28351387469299938, 0.0041724687997965176, 0.386082738833395, 0.018115253699294016], [0.055000586872240034, 0.15348701412423124, 0.47555007013414252, 0.3155896909089051, 0.00037263796048121083], [0.19176898316060689, 0.20908859393408555, 0.1729689667973614, 0.38055491257373758, 0.0456185435342085]],
	"estimated_matrix":	[[0.046891472901749637, 0.5090936973425626, 0.146273136313197, 0.28698932568458629, 0.010752367757904441], [0.34083883468322818, 0.27446349118765478, 0.033639902448884387, 0.330930046458658, 0.020127725221574643], [0.0544376188565982, 0.16482067969101805, 0.47555238055497723, 0.30425455719637623, 0.000934763701030412], [0.188928030245511, 0.2086183739321337, 0.1475871227722815, 0.40952297962422218, 0.045343493425851686]],
	"log_likelihood":	[-211.99021004843118, -142.63580172284546, -121.03110051017184, -107.94500225118695, -101.52713024446116, -97.884481727251867, -95.890776822629448, -94.7452302196736, -94.081243165837847, -93.6869326662285, -93.449895291848151, -93.306243850812848, -93.219583401332073, -93.168431872917353, -93.1398204104349, -93.125699880622548, -93.0917126317268]
}
