{
	"input_file":	"../../instances/J100_M50_G4_I5_L50_seed2.json",
	"method":	"MVN PDF",
	"convergence_threshold":	0.001,
	"iterations_made":	16,
	"max_iterations":	10000,
	"time_taken":	0.009081334,
	"ground_truth_matrix":	[[0.22783917374835463, 0.010450529100728561, 0.317379168519664, 0.2273650803535196, 0.21696604827773336], [0.17725330515516027, 0.10121746478598845, 0.42687622768416966, 0.15745123595039329, 0.1372017664242883], [0.34751781116712555, 0.26968629801752636, 0.0517533038213183, 0.25804238256025486, 0.073000204433774835], [0.25216796778434986, 0.31531367108009073, 0.1117190524356903, 0.30719735559605849, 0.013601953103810769]],
	"estimated_matrix":	[[0.24867816506747861, 0.0084396475045205241, 0.33296318214020709, 0.21325198569732784, 0.19666701959046595], [0.18061677212716035, 0.093255410941628661, 0.41393914256358982, 0.16720268512786321, 0.14498598923975792], [0.31326364512061233, 0.30786280719866282, 0.078305550001906, 0.21590743533057394, 0.084660562348244858], [0.27936122070905717, 0.32524022238592376, 0.072839518897991271, 0.30902041847602529, 0.013538619531002617]],
	"log_likelihood":	[-187.67122881110515, -145.16967479063706, -124.36548616617365, -111.91116418954697, -104.36224675892134, -99.7426239167654, -96.9021261196803, -95.148877571763, -94.0611723120989, -93.380938405149251, -92.95028600186204, -92.672791925467, -92.489683822155868, -92.3651855982238, -92.2775255973302, -92.213439120116377, -92.076020367978046]
}
