{
	"input_file":	"../../instances/J100_M50_G4_I5_L50_seed10.json",
	"method":	"MVN PDF",
	"convergence_threshold":	0.001,
	"iterations_made":	18,
	"max_iterations":	10000,
	"time_taken":	0.006512392,
	"ground_truth_matrix":	[[0.32269308943329617, 0.0045864253604871313, 0.21962067734703034, 0.302153293162828, 0.1509465146963585], [0.11667254894123515, 0.10113720407829543, 0.65492541293454032, 0.084886438578035225, 0.0423783954678938], [0.17470454273021377, 0.46323131664050771, 0.00059770828546104832, 0.10845461858176728, 0.25301181376205034], [0.1499086927966258, 0.20226769245305082, 0.054570767022571375, 0.39501320914034888, 0.19823963858740321]],
	"estimated_matrix":	[[0.332820593285234, 0.016014895650920943, 0.18989375182577312, 0.32583607067212644, 0.13543468856594534], [0.11279168727885265, 0.12212054378362279, 0.637243824596396, 0.06871976683725, 0.059124177503878515], [0.2072901035809151, 0.43657762377033932, 0.013675555056549441, 0.10177318516108359, 0.24068353243111251], [0.16589642369058039, 0.20178578568964881, 0.0790006413559645, 0.393239393069598, 0.16007775619420825]],
	"log_likelihood":	[-274.16766100621015, -186.213451835504, -145.53136723082122, -122.84781576997807, -109.67804779390249, -101.8451807647395, -97.1159857665725, -94.227279697295529, -92.442174366509477, -91.324046790091529, -90.6122642377774, -90.15059283541963, -89.844984208763464, -89.638473467991247, -89.496237358799448, -89.3967129682371, -89.3263241597996, -89.2763476887949, -89.1548019588237]
}
