{
	"input_file":	"../../instances/J100_M50_G4_I5_L50_seed11.json",
	"method":	"MVN PDF",
	"convergence_threshold":	0.001,
	"iterations_made":	10,
	"max_iterations":	10000,
	"time_taken":	0.004979,
	"ground_truth_matrix":	[[0.0742704298794536, 0.0073483541679689336, 0.23246015994561139, 0.48226262845984663, 0.20365842754711935], [0.10906573959976795, 0.0021115223402377388, 0.1096872263605117, 0.46684651136059585, 0.31228900033888668], [0.22595248847629812, 0.019867410510385194, 0.387186047554461, 0.33585447066553586, 0.0311395827933199], [0.589403631174749, 0.012191405303151244, 0.0731217528737282, 0.22404050883429075, 0.10124270181408079]],
	"estimated_matrix":	[[0.073538907311137131, 0.00258870633945174, 0.206616016572775, 0.48524086804773947, 0.23201550172889668], [0.082771769643138357, 4.909841865781318e-05, 0.0997654165714704, 0.51012618619571148, 0.307287529171022], [0.23125811331557719, 0.017584724857178283, 0.399240686137079, 0.31110206576749816, 0.04081440992266732], [0.59765475552217018, 0.024000041586259648, 0.081815774658154, 0.2145523780063131, 0.081977050227103054]],
	"log_likelihood":	[-253.238131847816, -161.00578000185263, -136.63580187410682, -115.01530186430081, -107.46349471046938, -101.69780551933152, -99.5915268001118, -98.295728206851223, -97.95160971621074, -97.862981392093758, -97.9888198911492]
}
