{
	"input_file":	"../../instances/J100_M50_G4_I5_L50_seed17.json",
	"method":	"MVN PDF",
	"convergence_threshold":	0.001,
	"iterations_made":	17,
	"max_iterations":	10000,
	"time_taken":	0.009138449,
	"ground_truth_matrix":	[[0.11895137105452967, 0.25770294108928515, 0.0724444925653346, 0.023960336247350313, 0.52694085904350019], [0.31206054417870038, 0.29648936342259824, 0.25041356224424272, 0.011641851525571994, 0.12939467862888676], [0.409075625543571, 0.0086961370341577856, 0.280225064237081, 0.294623242274094, 0.0073799309110963163], [0.280853921132189, 0.21325558588006421, 0.24187524063311674, 0.17560350139525388, 0.088411750959376076]],
	"estimated_matrix":	[[0.11172546518251086, 0.23498274003444281, 0.0855597194644037, 0.022382026022026911, 0.54535004929661579], [0.30913143975858276, 0.29588809459039633, 0.26972601851685368, 0.011744037423891129, 0.113510409710276], [0.37099902811235286, 0.017016317629770187, 0.29303795093978446, 0.31508388139294918, 0.0038628219251433107], [0.30898419210698252, 0.20469359679099858, 0.23868426984526772, 0.15879301602661508, 0.088844925230136138]],
	"log_likelihood":	[-278.00007965825142, -187.71656435500387, -152.94805112718842, -133.8743518896124, -123.06254945274046, -116.7267471589925, -112.92386173358388, -110.59850134204791, -109.15649554325519, -108.25384907876297, -107.68670553532949, -107.33175925613817, -107.11303067343835, -106.98288676702003, -106.91097174665853, -106.8776336119229, -106.86995719615707, -106.77163915731238]
}
