{
	"input_file":	"../../instances/J100_M50_G4_I5_L50_seed5.json",
	"method":	"MVN PDF",
	"convergence_threshold":	0.001,
	"iterations_made":	12,
	"max_iterations":	10000,
	"time_taken":	0.004041,
	"ground_truth_matrix":	[[0.043982912303551426, 0.358470733786538, 0.040576345559300911, 0.43953375062527472, 0.11743625772533485], [0.256473892537231, 0.39363112002854944, 0.198078425534879, 0.095454145901107262, 0.05636241599823328], [0.019580703375263634, 0.31191671477471344, 0.13540090275600683, 0.040084305930368942, 0.493017373163647], [0.1045326451941551, 0.17453523184552874, 0.11457266309294029, 0.32339075752304669, 0.28296870234432914]],
	"estimated_matrix":	[[0.054110271622718233, 0.34448220298386373, 0.03793347221774606, 0.42330447266115967, 0.14016958051451237], [0.23609867706551191, 0.375028999242921, 0.22338499741935908, 0.11083466021961191, 0.054652666052596229], [0.018226993472032781, 0.29176107590064437, 0.14682673450522635, 0.068756439148627141, 0.47442875697346942], [0.11324404381465723, 0.16604648530163457, 0.10278498146919163, 0.321213821777352, 0.29671066763716464]],
	"log_likelihood":	[-227.18098947980747, -171.07722701330826, -144.16248938175332, -129.01162418555791, -120.38571968233694, -115.46462365274459, -112.68647260202107, -111.15542329863953, -110.3492087279969, -109.961127384263, -109.81067586851586, -109.79175972367831, -109.84231114419298]
}
