{
	"input_file":	"../../instances/J100_M50_G4_I5_L50_seed17.json",
	"method":	"MVN PDF",
	"convergence_threshold":	0.001,
	"iterations_made":	17,
	"max_iterations":	10000,
	"time_taken":	0.011273646,
	"ground_truth_matrix":	[[0.11895137105452967, 0.25770294108928515, 0.0724444925653346, 0.023960336247350313, 0.52694085904350019], [0.31206054417870038, 0.29648936342259824, 0.25041356224424272, 0.011641851525571994, 0.12939467862888676], [0.409075625543571, 0.0086961370341577856, 0.280225064237081, 0.294623242274094, 0.0073799309110963163], [0.280853921132189, 0.21325558588006421, 0.24187524063311674, 0.17560350139525388, 0.088411750959376076]],
	"estimated_matrix":	[[0.11172546518251085, 0.23498274003444281, 0.08555971946440373, 0.022382026022026907, 0.54535004929661579], [0.30913143975858276, 0.29588809459039639, 0.26972601851685368, 0.011744037423891131, 0.11351040971027608], [0.37099902811235286, 0.017016317629770177, 0.29303795093978441, 0.31508388139294929, 0.0038628219251433081], [0.30898419210698252, 0.20469359679099852, 0.23868426984526769, 0.15879301602661505, 0.088844925230136151]],
	"log_likelihood":	[-278.00007965825159, -187.71656435500381, -152.948051127188, -133.87435188961231, -123.06254945274043, -116.72674715899264, -112.92386173358422, -110.59850134204829, -109.15649554325488, -108.25384907876354, -107.68670553532964, -107.33175925613823, -107.1130306734385, -106.98288676701975, -106.91097174665865, -106.87763361192292, -106.869957196157, -106.77163915731234]
}
