{
	"input_file":	"../../instances/J100_M50_G4_I5_L50_seed15.json",
	"method":	"MVN PDF",
	"convergence_threshold":	0.001,
	"iterations_made":	13,
	"max_iterations":	10000,
	"time_taken":	0.0062479999999999376,
	"ground_truth_matrix":	[[0.64854204216829081, 0.06766170140398764, 0.0191880471746618, 0.15402614754092744, 0.1105820617121324], [0.39962760023412636, 0.1932796691291607, 0.19217922484338035, 0.062716975103724426, 0.15219653068960812], [0.32331925157997, 0.0397230933730216, 0.16383271065462152, 0.2600236369715952, 0.21310130742079147], [0.323455680483378, 0.25038852814153373, 0.0654414680516559, 0.055027277410719534, 0.30568704591271284]],
	"estimated_matrix":	[[0.66015161812340251, 0.048757352878277573, 0.022464464794676779, 0.16283068708855977, 0.10579587711508319], [0.37517700395939579, 0.21464532840685624, 0.18273128348601617, 0.052728099984802483, 0.17471828416292934], [0.319278271754624, 0.037200325389555, 0.14781837462628955, 0.30598222567931255, 0.189720802550219], [0.34193199606971075, 0.25318658754193168, 0.071598714347973172, 0.040144729318754978, 0.29313797272162939]],
	"log_likelihood":	[-178.48784023892841, -135.58271101779957, -115.73333726027487, -104.69818312496176, -98.4422512312634, -94.850686977093829, -92.7863425874494, -91.610960069472952, -90.957152032805965, -90.610055931867578, -90.442730819779868, -90.379702368605734, -90.375945604558439, -90.404592072255369]
}
