{
	"input_file":	"../../instances/J100_M50_G4_I5_L50_seed4.json",
	"method":	"MVN PDF",
	"convergence_threshold":	0.001,
	"iterations_made":	11,
	"max_iterations":	10000,
	"time_taken":	0.004088,
	"ground_truth_matrix":	[[0.33270219763982, 0.077260685478113045, 0.351047145907638, 0.12233189286483045, 0.1166580781095984], [0.050165543415490517, 0.77088292625501365, 0.0012877732599235222, 0.0600985069713388, 0.11756525009823347], [0.18899528973896992, 0.027543337100804529, 0.24857010990663789, 0.512514609975885, 0.022376653277702586], [0.19813511195609393, 0.0019661561351834679, 0.1064443820984169, 0.0098375816856057, 0.6836167681247]],
	"estimated_matrix":	[[0.35420447067902189, 0.0690456475154775, 0.34243621222986842, 0.11799427808404436, 0.1163193914915879], [0.049431360876799224, 0.754318715007062, 0.030519610414841587, 0.062355269582944732, 0.10337504411835226], [0.1840644407170535, 0.050803280340546063, 0.20478599697174643, 0.51012743080512835, 0.050218851165525637], [0.18343563904475074, 0.014536814541157961, 0.093954661522645269, 0.01821457591613531, 0.68985830897531064]],
	"log_likelihood":	[-468.88932620786983, -267.518135363317, -185.99947372574962, -144.10191964948993, -121.30694349449425, -108.67765062667088, -101.75067389169664, -98.094518601302227, -96.3124564403994, -95.579279842942768, -95.4046920564582, -95.502286039798037]
}
