{
	"input_file":	"/Users/daniel/ecological-inference-elections/instances/J1000_M50_G2_I2_seed4.json",
	"method":	"Multinomial",
	"convergence_threshold":	0.001,
	"iterations_made":	21,
	"max_iterations":	10000,
	"time_taken":	5.1102e-05,
	"ground_truth_matrix":	[[0.45403170907593449, 0.54596829092406551], [0.999960733812615, 3.9266187384807764e-05]],
	"estimated_matrix":	[[0.47185825225747924, 0.52814174774252065], [0.98141576612834125, 0.01858423387165874]]
}
