{
	"input_file":	"/Users/daniel/ecological-inference-elections/instances/J1000_M50_G2_I3_seed7.json",
	"method":	"Multinomial",
	"convergence_threshold":	0.001,
	"iterations_made":	5,
	"max_iterations":	10000,
	"time_taken":	3.5883e-05,
	"ground_truth_matrix":	[[4.0561362900338953e-12, 0.00015892501586517376, 0.99984107498007879], [0.04559779822644356, 8.8711167476432446e-05, 0.95431349060608]],
	"estimated_matrix":	[[0.0051672098393193127, 0.00016240345459755731, 0.994670386706083], [0.039165047434903726, 0.00015760671287523732, 0.960677345852221]]
}
