{
	"input_file":	"/Users/daniel/ecological-inference-elections/instances/J1000_M50_G2_I3_seed1.json",
	"method":	"Multinomial",
	"convergence_threshold":	0.001,
	"iterations_made":	32,
	"max_iterations":	10000,
	"time_taken":	0.000181772,
	"ground_truth_matrix":	[[0.99997086915642619, 2.4082510966307938e-36, 2.913084357385133e-05], [0.00019016042659505717, 0.365830454360628, 0.633979385212777]],
	"estimated_matrix":	[[0.97294968084435729, 0.011359500044847655, 0.015690819110795059], [0.027260707489180021, 0.35997791956540554, 0.61276137294541444]]
}
