{
	"input_file":	"/Users/daniel/ecological-inference-elections/instances/J1000_M50_G2_I4_seed12.json",
	"method":	"Multinomial",
	"convergence_threshold":	0.001,
	"iterations_made":	0,
	"max_iterations":	10000,
	"time_taken":	2.2933e-05,
	"ground_truth_matrix":	[[8.8840901708602064e-09, 1.8774661529067814e-06, 5.0686268930973675e-19, 0.999998113649757], [5.1690918106506737e-06, 0.99599037673084545, 5.2779795463246e-27, 0.0040044541773439669]],
	"estimated_matrix":	[[null, null, null, null], [null, null, null, null]]
}
