{
	"input_file":	"/Users/daniel/ecological-inference-elections/instances/J1000_M50_G2_I4_seed13.json",
	"method":	"Multinomial",
	"convergence_threshold":	0.001,
	"iterations_made":	30,
	"max_iterations":	10000,
	"time_taken":	0.001082226,
	"ground_truth_matrix":	[[0.051559837075464764, 0.092239508151280861, 0.851727099428211, 0.0044735553450434432], [0.995627283691327, 2.3473240574343677e-13, 3.9614013620773675e-11, 0.0043727162688239132]],
	"estimated_matrix":	[[0.070499527157990224, 0.08841803767327587, 0.836990792941475, 0.0040916422272589629], [0.972613412454318, 0.00298543994823524, 0.02041414171149674, 0.0039870058859501345]]
}
