{
	"input_file":	"/Users/daniel/ecological-inference-elections/instances/J1000_M50_G2_I4_seed14.json",
	"method":	"Multinomial",
	"convergence_threshold":	0.001,
	"iterations_made":	15,
	"max_iterations":	10000,
	"time_taken":	8.4547e-05,
	"ground_truth_matrix":	[[0.277315797262229, 0.0017528225930946296, 0.2728875682509, 0.4480438118937764], [0.17303146702208214, 0.0030702499343959952, 0.02839986330688115, 0.79549841973664071]],
	"estimated_matrix":	[[0.28056700985898841, 0.0017756038342904054, 0.26177841016256209, 0.455878976144159], [0.16768391143669295, 0.0025441221032478692, 0.039270556790431559, 0.79050140966962767]]
}
