{
	"input_file":	"/Users/daniel/ecological-inference-elections/instances/J1000_M50_G2_I4_seed16.json",
	"method":	"Multinomial",
	"convergence_threshold":	0.001,
	"iterations_made":	30,
	"max_iterations":	10000,
	"time_taken":	0.000160047,
	"ground_truth_matrix":	[[1.157583930174721e-05, 0.096383127517382927, 0.0014016751020481349, 0.90220362154126732], [7.03187870012956e-11, 0.076969573524923549, 0.92300750367545847, 2.2922729299127316e-05]],
	"estimated_matrix":	[[1.5524322045666381e-18, 0.09269812874205316, 0.028984573694937753, 0.87831729756300925], [3.950267172978722e-05, 0.079623023423869635, 0.89501384094541, 0.025323632958990525]]
}
