{
	"input_file":	"/Users/daniel/ecological-inference-elections/instances/J1000_M50_G3_I2_seed13.json",
	"method":	"Multinomial",
	"convergence_threshold":	0.001,
	"iterations_made":	25,
	"max_iterations":	10000,
	"time_taken":	0.000137185,
	"ground_truth_matrix":	[[0.35855404622437054, 0.64144595377562952], [0.994775108708334, 0.00522489129166593], [0.99999999999976419, 2.3576333190981048e-13]],
	"estimated_matrix":	[[0.36763822814492308, 0.632361771855077], [0.988858973205349, 0.011141026794651022], [0.99035520951195566, 0.00964479048804411]]
}
