{
	"input_file":	"/Users/daniel/ecological-inference-elections/instances/J1000_M50_G3_I2_seed14.json",
	"method":	"Multinomial",
	"convergence_threshold":	0.001,
	"iterations_made":	24,
	"max_iterations":	10000,
	"time_taken":	0.000618144,
	"ground_truth_matrix":	[[0.993719026546219, 0.0062809734537811468], [0.37852086310369365, 0.62147913689630641], [0.982565474161988, 0.017434525838012006]],
	"estimated_matrix":	[[0.981335182017537, 0.018664817982462834], [0.39372149063789946, 0.60627850936210048], [0.977410732300251, 0.022589267699748988]]
}
