{
	"input_file":	"/Users/daniel/ecological-inference-elections/instances/J1000_M50_G3_I3_seed1.json",
	"method":	"Multinomial",
	"convergence_threshold":	0.001,
	"iterations_made":	37,
	"max_iterations":	10000,
	"time_taken":	0.001105373,
	"ground_truth_matrix":	[[0.99997086915642619, 2.4082510966307938e-36, 2.913084357385133e-05], [0.00019016042659505717, 0.365830454360628, 0.633979385212777], [0.00079623116992384648, 1.4813542288901605e-12, 0.99920376882859474]],
	"estimated_matrix":	[[0.96938589106410478, 0.004605306373479297, 0.026008802562415882], [0.016236532762154827, 0.35884140037005474, 0.6249220668677905], [0.013696081024705068, 0.0038125196380681152, 0.982491399337227]]
}
