{
	"input_file":	"/Users/daniel/ecological-inference-elections/instances/J1000_M50_G3_I3_seed11.json",
	"method":	"Multinomial",
	"convergence_threshold":	0.001,
	"iterations_made":	37,
	"max_iterations":	10000,
	"time_taken":	0.001205944,
	"ground_truth_matrix":	[[5.78495577108146e-05, 0.72599254048754636, 0.27394960995474271], [1.7402545015928414e-19, 0.935724621868451, 0.064275378131548863], [0.99999995384603235, 4.6153967646176253e-08, 3.99168187869589e-17]],
	"estimated_matrix":	[[0.013747601480864766, 0.71919565205102243, 0.26705674646811267], [0.015389855810670846, 0.91854806039475778, 0.066062083794571222], [0.9690972775646457, 0.026708339545556306, 0.00419438288979805]]
}
