{
	"input_file":	"/Users/daniel/ecological-inference-elections/instances/J1000_M50_G3_I3_seed4.json",
	"method":	"Multinomial",
	"convergence_threshold":	0.001,
	"iterations_made":	32,
	"max_iterations":	10000,
	"time_taken":	0.000208081,
	"ground_truth_matrix":	[[0.44903245838889477, 0.53995674525678361, 0.011010796354321745], [3.4434047031098527e-06, 0.2652128006240817, 0.734783755971215], [0.9999979768098, 2.4629276849086678e-13, 2.0231899539520577e-06]],
	"estimated_matrix":	[[0.44160114119672628, 0.54041166481903735, 0.017987193984236368], [0.029116152849063149, 0.25851266880387, 0.712371178347067], [0.97687152194697136, 0.013011353128924073, 0.010117124924104482]]
}
