{
	"input_file":	"/Users/daniel/ecological-inference-elections/instances/J1000_M50_G3_I3_seed10.json",
	"method":	"Multinomial",
	"convergence_threshold":	0.001,
	"iterations_made":	32,
	"max_iterations":	10000,
	"time_taken":	0.001267989,
	"ground_truth_matrix":	[[0.916725452722713, 0.083266385447026539, 8.16183026054843e-06], [8.36618816157671e-07, 0.999999163381184, 4.0260359565668867e-23], [0.2105817349153711, 0.064333978998089944, 0.725084286086539]],
	"estimated_matrix":	[[0.90470364037578421, 0.085569078972015, 0.0097272806522008346], [0.016305698746793218, 0.9761097155759435, 0.0075845856772632564], [0.20536977261562037, 0.078557727634702951, 0.71607249974967679]]
}
