{
	"input_file":	"/Users/daniel/ecological-inference-elections/instances/J1000_M50_G3_I3_seed2.json",
	"method":	"Multinomial",
	"convergence_threshold":	0.001,
	"iterations_made":	34,
	"max_iterations":	10000,
	"time_taken":	0.000235823,
	"ground_truth_matrix":	[[0.08448275778432715, 0.85686989007177727, 0.058647352143895617], [1.5063768197053862e-05, 0.000682426179565458, 0.99930251005223747], [9.4482269800761762e-09, 2.2084868313386674e-07, 0.99999976970309]],
	"estimated_matrix":	[[0.082441384351419927, 0.83658990812200773, 0.080968707526572245], [0.000935033078231459, 0.011468552310909952, 0.98759641461085856], [0.0026671760877344454, 0.011349112291724859, 0.985983711620541]]
}
