{
	"input_file":	"/Users/daniel/ecological-inference-elections/instances/J1000_M50_G3_I3_seed13.json",
	"method":	"Multinomial",
	"convergence_threshold":	0.001,
	"iterations_made":	29,
	"max_iterations":	10000,
	"time_taken":	0.000184109,
	"ground_truth_matrix":	[[0.051791529348409325, 0.0926540009524815, 0.85555446969910931], [0.3726234214099422, 0.62737657858991, 1.4791239253056914e-13], [8.8510305846895726e-09, 0.97700389069473559, 0.022996100454233736]],
	"estimated_matrix":	[[0.047169080191110567, 0.10649550300996712, 0.84633541679892244], [0.37164235234302345, 0.61562465615501472, 0.012732991501961846], [0.0073332751964014561, 0.969367792953288, 0.023298931850310539]]
}
