{
	"input_file":	"/Users/daniel/ecological-inference-elections/instances/J1000_M50_G3_I3_seed7.json",
	"method":	"Multinomial",
	"convergence_threshold":	0.001,
	"iterations_made":	36,
	"max_iterations":	10000,
	"time_taken":	0.001223713,
	"ground_truth_matrix":	[[4.0561362900338953e-12, 0.00015892501586517376, 0.99984107498007879], [0.04559779822644356, 8.8711167476432446e-05, 0.95431349060608], [0.939538132863061, 0.057604396431039567, 0.0028574707058993515]],
	"estimated_matrix":	[[0.017352624950119553, 0.00093714233928743752, 0.981710232710593], [0.049583438911892444, 0.0012212018061044359, 0.949195359282003], [0.914340332780937, 0.057107149514201032, 0.028552517704862036]]
}
