{
	"input_file":	"/Users/daniel/ecological-inference-elections/instances/J1000_M50_G3_I3_seed6.json",
	"method":	"Multinomial",
	"convergence_threshold":	0.001,
	"iterations_made":	37,
	"max_iterations":	10000,
	"time_taken":	0.000239277,
	"ground_truth_matrix":	[[0.99461627254662432, 6.4599770659159347e-10, 0.0053837268073778548], [0.010785958780962172, 0.15605213438158222, 0.83316190683745561], [0.030075475835514683, 0.32931574928328533, 0.6406087748812]],
	"estimated_matrix":	[[0.9693221074511853, 0.0066316324281099018, 0.024046260120704807], [0.0236474061159673, 0.16062543306626048, 0.815727160817772], [0.037787042711951747, 0.325925472454069, 0.63628748483397923]]
}
