{
	"input_file":	"/Users/daniel/ecological-inference-elections/instances/J1000_M50_G3_I4_seed4.json",
	"method":	"Multinomial",
	"convergence_threshold":	0.001,
	"iterations_made":	36,
	"max_iterations":	10000,
	"time_taken":	0.000245485,
	"ground_truth_matrix":	[[0.449032264241277, 0.53995651179634252, 0.011010791593597122, 4.3236878344292071e-07], [0.26521370200613031, 0.7347862532899182, 4.4703951446509437e-08, 1.1010282240137227e-20], [3.1130405822493e-13, 0.0027492473631910144, 0.99725048502782676, 2.676086708724578e-07]],
	"estimated_matrix":	[[0.452780606866313, 0.526290478493333, 0.020928914640354, 0], [0.2587316797257449, 0.72495373778714634, 0.016314582487108768, 0], [0.00951511510488338, 0.022387908388529221, 0.96809697650658744, 0]]
}
