{
	"input_file":	"/Users/daniel/ecological-inference-elections/instances/J1000_M50_G3_I4_seed1.json",
	"method":	"Multinomial",
	"convergence_threshold":	0.001,
	"iterations_made":	36,
	"max_iterations":	10000,
	"time_taken":	0.000463127,
	"ground_truth_matrix":	[[0.999655042554651, 2.4074904847134567e-36, 2.9121643010498387e-05, 0.00031583580233853539], [0.36572340039044, 0.63379386208479382, 0.00048273752386814153, 8.9811263291090547e-13], [0.0014754207997198117, 2.7393600041192819e-08, 0.99844027520152867, 8.427660515152243e-05]],
	"estimated_matrix":	[[0.97861812511925961, 0.0077772125649635225, 0.013492815876501921, 0.0001118464392750908], [0.36535887584966475, 0.6189389753920902, 0.015635321026982382, 6.6827731262840363e-05], [0.022619830895621924, 0.00848489981303944, 0.96889526929133873, 1.4155756412446116e-17]]
}
