{
	"input_file":	"/Users/daniel/ecological-inference-elections/instances/J1000_M50_G3_I4_seed15.json",
	"method":	"Multinomial",
	"convergence_threshold":	0.001,
	"iterations_made":	35,
	"max_iterations":	10000,
	"time_taken":	0.000241429,
	"ground_truth_matrix":	[[0.99995009920620637, 1.1611420200241996e-12, 1.2926712010845151e-05, 3.6974080621763533e-05], [5.18687826323303e-10, 0.73754759574575124, 0.062036190599123277, 0.20041621313643762], [2.5975124936117613e-07, 1.375619159481824e-13, 0.98203776540977361, 0.01796197483883942]],
	"estimated_matrix":	[[0.969401616997471, 0.010303021737635382, 0.017478644619256294, 0.0028167166456371647], [0.017145979129856919, 0.72564847852952075, 0.0612112254330279, 0.19599431690759431], [0.012408033902716659, 0.0068008374258516921, 0.9628468085204247, 0.017944320151007]]
}
