{
	"input_file":	"/Users/daniel/ecological-inference-elections/instances/J1000_M50_G3_I4_seed3.json",
	"method":	"Multinomial",
	"convergence_threshold":	0.001,
	"iterations_made":	31,
	"max_iterations":	10000,
	"time_taken":	0.000225669,
	"ground_truth_matrix":	[[0.0079106308946006038, 1.3359687628713447e-05, 0.99207600641393079, 3.0038398784776768e-09], [3.9173543631709834e-12, 1.70193247748301e-14, 0.399114912726801, 0.6008850872692646], [2.2512335977835538e-13, 0.0049070051827384649, 0.01200888592695798, 0.98308410889007847]],
	"estimated_matrix":	[[0.0059339003738786951, 7.87579269301057e-07, 0.96588872096143163, 0.028176591085420252], [0.000523730807972707, 0.00033586215613756569, 0.404474145951587, 0.59466626108430276], [4.5322633208437355e-05, 0.0042174430629876337, 0.034613291025947561, 0.96112394327785633]]
}
