{
	"input_file":	"/Users/daniel/ecological-inference-elections/instances/J1000_M50_G3_I4_seed6.json",
	"method":	"Multinomial",
	"convergence_threshold":	0.001,
	"iterations_made":	34,
	"max_iterations":	10000,
	"time_taken":	0.000777295,
	"ground_truth_matrix":	[[0.99456091398991675, 6.4596175151860667e-10, 0.0053834271588058466, 5.5658205315555012e-05], [0.0017220035834117475, 0.0091937722916886431, 0.082771021112504922, 0.9063132030123946], [0.65197182588208158, 5.62074866987922e-13, 0.26948104335471768, 0.078547130762638778]],
	"estimated_matrix":	[[0.973131063059313, 0.00029736344783117045, 0.010926269291281905, 0.01564530420157418], [0.029306125067933089, 0.0067655609945057654, 0.076580868295529, 0.887347445642032], [0.6526658868998817, 0.00010913488387191709, 0.2644119300249575, 0.082813048191289]]
}
