{
	"input_file":	"/Users/daniel/ecological-inference-elections/instances/J1000_M50_G4_I2_seed7.json",
	"method":	"Multinomial",
	"convergence_threshold":	0.001,
	"iterations_made":	33,
	"max_iterations":	10000,
	"time_taken":	0.000229149,
	"ground_truth_matrix":	[[2.5522326767945322e-08, 0.9999999744776733], [0.999395184355074, 0.00060481564492609124], [9.29494581127132e-05, 0.99990705054188733], [0.94223052899787663, 0.057769471002123436]],
	"estimated_matrix":	[[0.023090785902785516, 0.97690921409721432], [0.97075191148090945, 0.029248088519090432], [0.0228012463777536, 0.9771987536222464], [0.92848808584780562, 0.071511914152194253]]
}
