{
	"input_file":	"/Users/daniel/ecological-inference-elections/instances/J1000_M50_G4_I2_seed6.json",
	"method":	"Multinomial",
	"convergence_threshold":	0.001,
	"iterations_made":	28,
	"max_iterations":	10000,
	"time_taken":	0.000199618,
	"ground_truth_matrix":	[[0.99999999935050554, 6.4949440704202767e-10], [0.98976699176617067, 0.01023300823382935], [0.15775365884341325, 0.84224634115658681], [0.083684502384756235, 0.91631549761524378]],
	"estimated_matrix":	[[0.977347155109153, 0.022652844890847419], [0.97729405915567125, 0.022705940844328771], [0.16723375455116221, 0.83276624544883782], [0.10617336941764, 0.89382663058236]]
}
