{
	"input_file":	"/Users/daniel/ecological-inference-elections/instances/J1000_M50_G4_I2_seed11.json",
	"method":	"Multinomial",
	"convergence_threshold":	0.001,
	"iterations_made":	36,
	"max_iterations":	10000,
	"time_taken":	0.000237645,
	"ground_truth_matrix":	[[7.9677056171278447e-05, 0.9999203229438286], [0.99999999999999944, 6.776221769702628e-16], [0.935724621868451, 0.064275378131548863], [0.99999995384603235, 4.6153967646176253e-08]],
	"estimated_matrix":	[[0.031529559710957215, 0.96847044028904283], [0.986421106061369, 0.013578893938631036], [0.93334851068605373, 0.066651489313946155], [0.98858000848801419, 0.011419991511985896]]
}
