{
	"input_file":	"/Users/daniel/ecological-inference-elections/instances/J1000_M50_G4_I3_seed16.json",
	"method":	"Multinomial",
	"convergence_threshold":	0.001,
	"iterations_made":	38,
	"max_iterations":	10000,
	"time_taken":	0.000411392,
	"ground_truth_matrix":	[[0.00011836674817802049, 0.9855490462569, 0.014332586994922319], [0.88116886790925131, 1.0856317212505253e-10, 0.11883113198218569], [0.590689285699045, 1.4669664701593805e-05, 0.40929604463625319], [6.2233600486696146e-05, 1.9583255105989552e-07, 0.999937570566962]],
	"estimated_matrix":	[[0.0158747629592276, 0.9574863898567133, 0.026638847184059167], [0.865800788542626, 0.0092126186950325165, 0.12498659276234142], [0.59469737454280036, 0.011061592367861028, 0.39424103308933861], [0.011003289920020242, 0.0067206945491312562, 0.98227601553084842]]
}
