{
	"input_file":	"/Users/daniel/ecological-inference-elections/instances/J1000_M50_G4_I3_seed3.json",
	"method":	"Multinomial",
	"convergence_threshold":	0.001,
	"iterations_made":	33,
	"max_iterations":	10000,
	"time_taken":	0.000286411,
	"ground_truth_matrix":	[[0.00791063091836287, 1.3359687668843812e-05, 0.99207600939396834], [0.99986580333509434, 0.00013361615659477971, 5.8050831082086e-07], [0.39911491272837052, 0.6008850872716277, 1.89025262423649e-15], [0.0049070051827395681, 0.012008885926960682, 0.98308410889029962]],
	"estimated_matrix":	[[0.02464801417337268, 0.0073047185618039532, 0.96804726726482326], [0.973316412867779, 0.0050891532502235484, 0.021594433881997367], [0.386796889354867, 0.58720060491835258, 0.0260025057267804], [0.022097366152689681, 0.014735716287963533, 0.96316691755934669]]
}
