{
	"input_file":	"/Users/daniel/ecological-inference-elections/instances/J1000_M50_G4_I3_seed5.json",
	"method":	"Multinomial",
	"convergence_threshold":	0.001,
	"iterations_made":	36,
	"max_iterations":	10000,
	"time_taken":	0.000184376,
	"ground_truth_matrix":	[[0.00037609419255136086, 0.00018437740377465111, 0.999439528403674], [0.99992364299903247, 7.6356831472323554e-05, 1.69495155286752e-10], [0.0010051832741895443, 0.998461133779651, 0.00053368294615954324], [0.615205015808287, 0.38457232669041319, 0.000222657501299991]],
	"estimated_matrix":	[[0.015690662894658976, 0.014801174845791524, 0.9695081622595495], [0.978935438059725, 0.012225103216890939, 0.0088394587233841], [0.01712184788423354, 0.974643063794457, 0.00823508832130946], [0.6077828376893325, 0.37979789184496321, 0.012419270465704294]]
}
