{
	"input_file":	"/Users/daniel/ecological-inference-elections/instances/J1000_M50_G4_I3_seed17.json",
	"method":	"Multinomial",
	"convergence_threshold":	0.001,
	"iterations_made":	32,
	"max_iterations":	10000,
	"time_taken":	0.000261629,
	"ground_truth_matrix":	[[5.414952588197314e-05, 7.28564918840207e-07, 0.999945121909199], [0.016234905472499978, 1.2110222997625257e-14, 0.983765094527488], [0.98885150573290248, 5.2716224428981656e-13, 0.011148494266570243], [0.87432240155746577, 0.0068487802904490924, 0.11882881815208524]],
	"estimated_matrix":	[[0.02072040650978307, 1.57845370488433e-05, 0.979263808953168], [0.030419468343323982, 0.0002305872743790586, 0.96934994438229682], [0.965374702352147, 1.1347988808330847e-05, 0.034613949659044727], [0.86403291191815268, 0.0057791610365192456, 0.13018792704532814]]
}
