{
	"input_file":	"/Users/daniel/ecological-inference-elections/instances/J1000_M50_G4_I3_seed7.json",
	"method":	"Multinomial",
	"convergence_threshold":	0.001,
	"iterations_made":	33,
	"max_iterations":	10000,
	"time_taken":	0.000258593,
	"ground_truth_matrix":	[[4.0561362900338953e-12, 0.00015892501586517376, 0.99984107498007879], [0.04559779822644356, 8.8711167476432446e-05, 0.95431349060608], [0.939538132863061, 0.057604396431039567, 0.0028574707058993515], [0.798101192680376, 5.4899418763062066e-05, 0.20184390790086107]],
	"estimated_matrix":	[[0.022317876379220565, 2.6653998636356646e-05, 0.977655469622143], [0.047740259072707666, 0.0007393833987640497, 0.95152035752852826], [0.91442651549796161, 0.053872980905242, 0.031700503596796333], [0.792722996647663, 0.0013275037133868113, 0.20594949963895023]]
}
