{
	"input_file":	"/Users/daniel/ecological-inference-elections/instances/J1000_M50_G4_I3_seed4.json",
	"method":	"Multinomial",
	"convergence_threshold":	0.001,
	"iterations_made":	35,
	"max_iterations":	10000,
	"time_taken":	0.000159582,
	"ground_truth_matrix":	[[0.44903245838889477, 0.53995674525678361, 0.011010796354321745], [3.4434047031098527e-06, 0.2652128006240817, 0.734783755971215], [0.9999979768098, 2.4629276849086678e-13, 2.0231899539520577e-06], [0.00274924736319187, 0.99725048502813718, 2.67608670872541e-07]],
	"estimated_matrix":	[[0.45034313339316911, 0.53767502280050861, 0.011981843806322246], [0.0195003000708363, 0.26057428114298264, 0.719925418786181], [0.96845700096292164, 0.024635178323940864, 0.00690782071313755], [0.016051463860889081, 0.97906319772881545, 0.0048853384102953944]]
}
