{
	"input_file":	"/Users/daniel/ecological-inference-elections/instances/J1000_M50_G4_I4_seed15.json",
	"method":	"Multinomial",
	"convergence_threshold":	0.001,
	"iterations_made":	36,
	"max_iterations":	10000,
	"time_taken":	0.000425051,
	"ground_truth_matrix":	[[0.99995009920620637, 1.1611420200241996e-12, 1.2926712010845151e-05, 3.6974080621763533e-05], [5.18687826323303e-10, 0.73754759574575124, 0.062036190599123277, 0.20041621313643762], [2.5975124936117613e-07, 1.375619159481824e-13, 0.98203776540977361, 0.01796197483883942], [1.4439977768092807e-08, 1.8914809657822828e-07, 0.00033437533111941025, 0.99966542108080625]],
	"estimated_matrix":	[[0.969038429981682, 0.0076209812037911747, 0.011108255314090144, 0.012232333500436766], [0.013321914262679965, 0.72708580711889137, 0.061456526754222016, 0.19813575186420679], [0.00848190891319574, 0.0051185977203497, 0.96034467369812659, 0.026054819668328129], [0.0080654205919205267, 0.0062722929732771261, 0.00951591021894976, 0.97614637621585265]]
}
