{
	"input_file":	"/Users/daniel/ecological-inference-elections/instances/J1000_M50_G4_I4_seed10.json",
	"method":	"Multinomial",
	"convergence_threshold":	0.001,
	"iterations_made":	33,
	"max_iterations":	10000,
	"time_taken":	0.000321189,
	"ground_truth_matrix":	[[0.91672391205161974, 0.0832662455075139, 8.1618165435779754e-06, 1.6806243226189219e-06], [0.12241051519039228, 4.9282954792886928e-24, 0.67222172797611446, 0.20536775683349331], [0.99414606384987336, 0.00508106547089011, 0.00012096403583302554, 0.00065190664340363425], [0.015520993393777639, 0.025969232851349455, 0.21970269647945082, 0.73880707727542227]],
	"estimated_matrix":	[[0.90131239240139227, 0.078630531741247, 0.011793598011795529, 0.00826347784556521], [0.12802169269376606, 0.0020910532212569015, 0.65619874875188677, 0.21368850533309028], [0.97274088542755577, 0.00522209338378919, 0.00929828096262697, 0.012738740226028149], [0.042227527238769581, 0.025473114235721982, 0.21192487331239934, 0.720374485213109]]
}
