{
	"input_file":	"/Users/daniel/ecological-inference-elections/instances/J1000_M50_G4_I4_seed1.json",
	"method":	"Multinomial",
	"convergence_threshold":	0.001,
	"iterations_made":	39,
	"max_iterations":	10000,
	"time_taken":	0.000376326,
	"ground_truth_matrix":	[[0.999655042554651, 2.4074904847134567e-36, 2.9121643010498387e-05, 0.00031583580233853539], [0.36572340039044, 0.63379386208479382, 0.00048273752386814153, 8.9811263291090547e-13], [0.0014754207997198117, 2.7393600041192819e-08, 0.99844027520152867, 8.427660515152243e-05], [0.999999924932613, 7.40419104583696e-11, 7.4676655500236966e-08, 3.166896444723528e-10]],
	"estimated_matrix":	[[0.9858490811662256, 0.0047872459833298376, 0.00927583833237368, 8.78345180712278e-05], [0.36066486175009022, 0.62799060551354735, 0.0113445327363623, 5.4670683125136721e-24], [0.029514516587361823, 0.0034453168592775314, 0.96696895029134056, 7.12162620200315e-05], [0.98544953677110425, 0.0048580292385428971, 0.0096924339903528955, 3.9871833062526059e-23]]
}
