{
	"input_file":	"/Users/daniel/ecological-inference-elections/instances/J1000_M50_G4_I4_seed13.json",
	"method":	"Multinomial",
	"convergence_threshold":	0.001,
	"iterations_made":	35,
	"max_iterations":	10000,
	"time_taken":	0.001479033,
	"ground_truth_matrix":	[[0.051559837075464764, 0.092239508151280861, 0.851727099428211, 0.0044735553450434432], [0.995627283691327, 2.3473240574343677e-13, 3.9614013620773675e-11, 0.0043727162688239132], [1.70036645656411e-06, 7.5957513702140032e-21, 0.999982931258232, 1.5368375311489158e-05], [4.4258343318790551e-14, 0.39793828355280958, 1.0247738184580512e-19, 0.60206171644714623]],
	"estimated_matrix":	[[0.0536916173600874, 0.085215421751469941, 0.85127325489821537, 0.00981970599022747], [0.969456625191793, 0.00454151364654403, 0.0189759378672101, 0.00702592329445274], [0.012404462835065681, 0.00671679337382737, 0.97242142511759233, 0.0084573186735146643], [0.0097604157635216328, 0.39165274719838389, 0.0177427441704047, 0.58084409286768979]]
}
