{
    "log_likelihood_mean_(last_iteration_value)": -24.892854126522515,
    "time_taken_mean": 2.8613490053999993,
    "time_from_paper": 38.2,
    "percentage_improvement(%)": 1235.0346262517485,
    "iterations_made_mean": 12.1,
    "MAE": 0.011247709870693167
}