{
    "log_likelihood_mean_(last_iteration_value)": -72.05833871288425,
    "time_taken_mean": 2.77701655085,
    "time_from_paper": 36.2,
    "percentage_improvement(%)": 1203.5572290312698,
    "iterations_made_mean": 12.85,
    "MAE": 0.011217587218436952
}