{
    "log_likelihood_mean_(last_iteration_value)": -102.63811454990392,
    "time_taken_mean": 2.883852797,
    "time_from_paper": 34.6,
    "percentage_improvement(%)": 1099.7838459713864,
    "iterations_made_mean": 12.5,
    "MAE": 0.008897878854824733
}