{
    "log_likelihood_mean_(last_iteration_value)": -22.721142716303774,
    "time_taken_mean": 2.70759130135,
    "time_from_paper": 37.4,
    "percentage_improvement(%)": 1281.3015273520944,
    "iterations_made_mean": 15.2,
    "MAE": 0.014658251557306273
}