{
    "log_likelihood_mean_(last_iteration_value)": -110.95580512250964,
    "time_taken_mean": 2.8198233000000004,
    "time_from_paper": 32.1,
    "percentage_improvement(%)": 1038.3692020702147,
    "iterations_made_mean": 8.25,
    "MAE": 0.016246564445912458
}