{
    "log_likelihood_mean_(last_iteration_value)": -24.463744958981827,
    "time_taken_mean": 2.84421924945,
    "time_from_paper": 34.8,
    "percentage_improvement(%)": 1123.5343673568568,
    "iterations_made_mean": 16.0,
    "MAE": 0.017747687207101872
}