{
    "log_likelihood_mean_(last_iteration_value)": -104.35359902597338,
    "time_taken_mean": 2.9429727999999997,
    "time_from_paper": 29.8,
    "percentage_improvement(%)": 912.5815637847554,
    "iterations_made_mean": 7.9,
    "MAE": 0.024074952853017067
}