{
	"input_file":	"/Users/daniel/ecological-inference-elections/instances/J1000_M50_G2_I2_seed17.json",
	"method":	"MVN PDF",
	"convergence_threshold":	0.001,
	"iterations_made":	9,
	"max_iterations":	10000,
	"time_taken":	0.002144378,
	"ground_truth_matrix":	[[0.986723938311108, 0.013276061688891864], [0.89150695645320632, 0.10849304354679357]],
	"estimated_matrix":	[[0.98132443594299024, 0.018675564057009677], [0.89424164143320517, 0.10575835856679482]]
}
