{
	"input_file":	"/Users/daniel/ecological-inference-elections/instances/J1000_M50_G2_I3_seed4.json",
	"method":	"MVN PDF",
	"convergence_threshold":	0.001,
	"iterations_made":	22,
	"max_iterations":	10000,
	"time_taken":	0.028535994,
	"ground_truth_matrix":	[[0.44903245838889477, 0.53995674525678361, 0.011010796354321745], [3.4434047031098527e-06, 0.2652128006240817, 0.734783755971215]],
	"estimated_matrix":	[[0.44226814700426664, 0.53997610832946918, 0.017755744666264173], [0.0092357893472149941, 0.26117523571029916, 0.72958897494248565]]
}
