{
	"input_file":	"/Users/daniel/ecological-inference-elections/instances/J1000_M50_G2_I3_seed12.json",
	"method":	"MVN PDF",
	"convergence_threshold":	0.001,
	"iterations_made":	25,
	"max_iterations":	10000,
	"time_taken":	0.012420472,
	"ground_truth_matrix":	[[0.0047096716017928555, 0.99529032839793841, 2.6870020091424674e-13], [0.56625772838408028, 2.2510679224885655e-06, 0.43374002054799726]],
	"estimated_matrix":	[[0.0044774859658082275, 0.992785697705924, 0.0027368163282678738], [0.570803320766154, 0.003047509512519574, 0.4261491697213266]]
}
