{
	"input_file":	"/Users/daniel/ecological-inference-elections/instances/J1000_M50_G2_I3_seed1.json",
	"method":	"MVN PDF",
	"convergence_threshold":	0.001,
	"iterations_made":	26,
	"max_iterations":	10000,
	"time_taken":	0.01138066,
	"ground_truth_matrix":	[[0.99997086915642619, 2.4082510966307938e-36, 2.913084357385133e-05], [0.00019016042659505717, 0.365830454360628, 0.633979385212777]],
	"estimated_matrix":	[[0.997276317857157, 0.0011529962807316219, 0.0015706858621114949], [0.003071126885754053, 0.37009187237664237, 0.62683700073760362]]
}
