{
	"input_file":	"/Users/daniel/ecological-inference-elections/instances/J1000_M50_G2_I3_seed14.json",
	"method":	"MVN PDF",
	"convergence_threshold":	0.001,
	"iterations_made":	22,
	"max_iterations":	10000,
	"time_taken":	0.006861724,
	"ground_truth_matrix":	[[0.50242356773588659, 0.0031756552981290253, 0.49440077696598433], [0.017233240925500406, 0.96563268662067581, 0.017134072453823684]],
	"estimated_matrix":	[[0.49525684159328442, 0.0095063952369935, 0.495236763169722], [0.0215109004045486, 0.957229150943102, 0.02125994865234938]]
}
