{
	"input_file":	"/Users/daniel/ecological-inference-elections/instances/J1000_M50_G2_I3_seed6.json",
	"method":	"MVN PDF",
	"convergence_threshold":	0.001,
	"iterations_made":	24,
	"max_iterations":	10000,
	"time_taken":	0.013060594,
	"ground_truth_matrix":	[[0.99461627254662432, 6.4599770659159347e-10, 0.0053837268073778548], [0.010785958780962172, 0.15605213438158222, 0.83316190683745561]],
	"estimated_matrix":	[[0.99205488700501043, 0.00091811722376852138, 0.0070269957712209875], [0.013264732587436781, 0.15869499017551411, 0.828040277237049]]
}
