{
	"input_file":	"/Users/daniel/ecological-inference-elections/instances/J1000_M50_G2_I3_seed7.json",
	"method":	"MVN PDF",
	"convergence_threshold":	0.001,
	"iterations_made":	6,
	"max_iterations":	10000,
	"time_taken":	0.002899213,
	"ground_truth_matrix":	[[4.0561362900338953e-12, 0.00015892501586517376, 0.99984107498007879], [0.04559779822644356, 8.8711167476432446e-05, 0.95431349060608]],
	"estimated_matrix":	[[0.00481182440114939, 0.00021395190981479741, 0.99497422368903565], [0.0399146445697331, 0.00021267502816551143, 0.9598726804021015]]
}
