{
	"input_file":	"/Users/daniel/ecological-inference-elections/instances/J1000_M50_G2_I4_seed14.json",
	"method":	"MVN PDF",
	"convergence_threshold":	0.001,
	"iterations_made":	13,
	"max_iterations":	10000,
	"time_taken":	0.007087513,
	"ground_truth_matrix":	[[0.277315797262229, 0.0017528225930946296, 0.2728875682509, 0.4480438118937764], [0.17303146702208214, 0.0030702499343959952, 0.02839986330688115, 0.79549841973664071]],
	"estimated_matrix":	[[0.28059160554416951, 0.0016239862576869454, 0.26260043954085788, 0.45518396865728544], [0.16758823225950653, 0.0025873454093578215, 0.038538910439086763, 0.79128551189204877]]
}
