{
	"input_file":	"/Users/daniel/ecological-inference-elections/instances/J1000_M50_G2_I4_seed16.json",
	"method":	"MVN PDF",
	"convergence_threshold":	0.001,
	"iterations_made":	28,
	"max_iterations":	10000,
	"time_taken":	0.014043587,
	"ground_truth_matrix":	[[1.157583930174721e-05, 0.096383127517382927, 0.0014016751020481349, 0.90220362154126732], [7.03187870012956e-11, 0.076969573524923549, 0.92300750367545847, 2.2922729299127316e-05]],
	"estimated_matrix":	[[3.543881341683678e-07, 0.0942767794640616, 0.0090910081430680169, 0.896631858004736], [8.55152611211268e-05, 0.077830697945860963, 0.91544342354888264, 0.0066403632441351381]]
}
