{
	"input_file":	"/Users/daniel/ecological-inference-elections/instances/J1000_M50_G2_I4_seed7.json",
	"method":	"MVN PDF",
	"convergence_threshold":	0.001,
	"iterations_made":	29,
	"max_iterations":	10000,
	"time_taken":	0.012758197,
	"ground_truth_matrix":	[[4.0536834649891558e-12, 0.000158828910795897, 0.999236451502437, 0.00060471958271352357], [9.26467370001359e-05, 0.99665051757268042, 0.0030686900153488635, 0.00018814567497059035]],
	"estimated_matrix":	[[2.6636782431978522e-05, 0.0011963714733634785, 0.99751971339695655, 0.0012572783472481425], [0.00013147144510423518, 0.99569318123861139, 0.0036881006181271117, 0.00048724669815725834]]
}
