{
	"input_file":	"/Users/daniel/ecological-inference-elections/instances/J1000_M50_G2_I4_seed17.json",
	"method":	"MVN PDF",
	"convergence_threshold":	0.001,
	"iterations_made":	25,
	"max_iterations":	10000,
	"time_taken":	0.009848615,
	"ground_truth_matrix":	[[4.8274966436314777e-05, 6.4952456057230758e-07, 0.89146333992914173, 0.10848773557986136], [9.1516939216706357e-15, 0.74343115215173228, 0.25656884784812167, 1.367782815340137e-13]],
	"estimated_matrix":	[[4.5981790915017675e-05, 0.00946120367033052, 0.887932239400859, 0.10256057513789556], [9.4477390246950247e-09, 0.734772127801181, 0.26345362118085713, 0.0017742415702227681]]
}
