{
	"input_file":	"/Users/daniel/ecological-inference-elections/instances/J1000_M50_G2_I4_seed6.json",
	"method":	"MVN PDF",
	"convergence_threshold":	0.001,
	"iterations_made":	25,
	"max_iterations":	10000,
	"time_taken":	0.013518712,
	"ground_truth_matrix":	[[0.99456091398991675, 6.4596175151860667e-10, 0.0053834271588058466, 5.5658205315555012e-05], [0.0017220035834117475, 0.0091937722916886431, 0.082771021112504922, 0.9063132030123946]],
	"estimated_matrix":	[[0.99177504924527327, 0.00074392462972238576, 0.001893427893422028, 0.0055875982315823245], [0.0048134416212168973, 0.008335526029794, 0.0886209480019685, 0.89823008434702079]]
}
