{
	"input_file":	"/Users/daniel/ecological-inference-elections/instances/J1000_M50_G2_I4_seed1.json",
	"method":	"MVN PDF",
	"convergence_threshold":	0.001,
	"iterations_made":	49,
	"max_iterations":	10000,
	"time_taken":	0.015748489,
	"ground_truth_matrix":	[[0.999655042554651, 2.4074904847134567e-36, 2.9121643010498387e-05, 0.00031583580233853539], [0.36572340039044, 0.63379386208479382, 0.00048273752386814153, 8.9811263291090547e-13]],
	"estimated_matrix":	[[0.995323194304396, 0.0038580862985509367, 0.00032303859585137632, 0.00049568080120148544], [0.37530994712769744, 0.62432152703486321, 0.00036852583743341729, 5.8515590057063943e-15]]
}
