{
	"input_file":	"/Users/daniel/ecological-inference-elections/instances/J1000_M50_G3_I2_seed7.json",
	"method":	"MVN PDF",
	"convergence_threshold":	0.001,
	"iterations_made":	27,
	"max_iterations":	10000,
	"time_taken":	0.009086497,
	"ground_truth_matrix":	[[2.5522326767945322e-08, 0.9999999744776733], [0.999395184355074, 0.00060481564492609124], [9.29494581127132e-05, 0.99990705054188733]],
	"estimated_matrix":	[[0.00099905157648426152, 0.99900094842351572], [0.99746722537639543, 0.00253277462360455], [0.0011173792973939829, 0.998882620702606]]
}
