{
	"input_file":	"/Users/daniel/ecological-inference-elections/instances/J1000_M50_G3_I2_seed16.json",
	"method":	"MVN PDF",
	"convergence_threshold":	0.001,
	"iterations_made":	0,
	"max_iterations":	10000,
	"time_taken":	0.000276145,
	"ground_truth_matrix":	[[0.00012008791872011569, 0.99987991208128], [0.0015512028396192823, 0.99844879716038071], [9.1359200417399955e-10, 0.999999999086408]],
	"estimated_matrix":	[[0.00035371358970149583, 0.99964628641029851], [0.00168782000890468, 0.99831217999109545], [0.00032747092119257215, 0.99967252907880733]]
}
