{
	"input_file":	"/Users/daniel/ecological-inference-elections/instances/J1000_M50_G3_I2_seed6.json",
	"method":	"MVN PDF",
	"convergence_threshold":	0.001,
	"iterations_made":	22,
	"max_iterations":	10000,
	"time_taken":	0.009212631,
	"ground_truth_matrix":	[[0.99999999935050554, 6.4949440704202767e-10], [0.98976699176617067, 0.01023300823382935], [0.15775365884341325, 0.84224634115658681]],
	"estimated_matrix":	[[0.99314306927885054, 0.0068569307211492373], [0.98635809290052567, 0.013641907099474425], [0.17057195224316024, 0.82942804775683976]]
}
