{
	"input_file":	"/Users/daniel/ecological-inference-elections/instances/J1000_M50_G3_I2_seed13.json",
	"method":	"MVN PDF",
	"convergence_threshold":	0.001,
	"iterations_made":	22,
	"max_iterations":	10000,
	"time_taken":	0.011103449,
	"ground_truth_matrix":	[[0.35855404622437054, 0.64144595377562952], [0.994775108708334, 0.00522489129166593], [0.99999999999976419, 2.3576333190981048e-13]],
	"estimated_matrix":	[[0.36385487791142068, 0.63614512208857932], [0.99229449879574039, 0.0077055012042595], [0.99411007118167438, 0.0058899288183256841]]
}
