{
	"input_file":	"/Users/daniel/ecological-inference-elections/instances/J1000_M50_G3_I3_seed16.json",
	"method":	"MVN PDF",
	"convergence_threshold":	0.001,
	"iterations_made":	25,
	"max_iterations":	10000,
	"time_taken":	0.012260796,
	"ground_truth_matrix":	[[0.00011836674817802049, 0.9855490462569, 0.014332586994922319], [0.88116886790925131, 1.0856317212505253e-10, 0.11883113198218569], [0.590689285699045, 1.4669664701593805e-05, 0.40929604463625319]],
	"estimated_matrix":	[[0.011097895067450779, 0.980414745460487, 0.0084873594720620543], [0.877780343366628, 0.0015940490613565795, 0.12062560757201543], [0.586936683373336, 0.0019222059826395446, 0.4111411106440247]]
}
