{
	"input_file":	"/Users/daniel/ecological-inference-elections/instances/J1000_M50_G3_I3_seed5.json",
	"method":	"MVN PDF",
	"convergence_threshold":	0.001,
	"iterations_made":	23,
	"max_iterations":	10000,
	"time_taken":	0.040222395,
	"ground_truth_matrix":	[[0.00037609419255136086, 0.00018437740377465111, 0.999439528403674], [0.99992364299903247, 7.6356831472323554e-05, 1.69495155286752e-10], [0.0010051832741895443, 0.998461133779651, 0.00053368294615954324]],
	"estimated_matrix":	[[0.00072436776145310951, 0.00089099977254520366, 0.99838463246600173], [0.998280014718413, 0.001075628001438332, 0.00064435728014877866], [0.0021239732899762621, 0.997012911012276, 0.00086311569774783522]]
}
