{
	"input_file":	"/Users/daniel/ecological-inference-elections/instances/J1000_M50_G3_I3_seed8.json",
	"method":	"MVN PDF",
	"convergence_threshold":	0.001,
	"iterations_made":	24,
	"max_iterations":	10000,
	"time_taken":	0.012016727,
	"ground_truth_matrix":	[[0.51214798108224036, 0.48785109504985241, 9.2386790723127632e-07], [0.04822095507652556, 0.335840737699517, 0.61593830722395737], [0.88619064965224048, 0.11375383892743195, 5.5511420327635935e-05]],
	"estimated_matrix":	[[0.50783921307717739, 0.48616202085133253, 0.00599876607149007], [0.0577464384086385, 0.34028043521540979, 0.60197312637595168], [0.88421341324551928, 0.1092484863500313, 0.0065381004044495154]]
}
