{
	"input_file":	"/Users/daniel/ecological-inference-elections/instances/J1000_M50_G3_I3_seed6.json",
	"method":	"MVN PDF",
	"convergence_threshold":	0.001,
	"iterations_made":	24,
	"max_iterations":	10000,
	"time_taken":	0.014271314,
	"ground_truth_matrix":	[[0.99461627254662432, 6.4599770659159347e-10, 0.0053837268073778548], [0.010785958780962172, 0.15605213438158222, 0.83316190683745561], [0.030075475835514683, 0.32931574928328533, 0.6406087748812]],
	"estimated_matrix":	[[0.99072519135618176, 0.0019890343507348936, 0.0072857742930831516], [0.011931543762041429, 0.16260397392965961, 0.825464482308299], [0.0326767704216219, 0.32734186379705887, 0.63998136578131926]]
}
