{
	"input_file":	"/Users/daniel/ecological-inference-elections/instances/J1000_M50_G3_I3_seed9.json",
	"method":	"MVN PDF",
	"convergence_threshold":	0.001,
	"iterations_made":	23,
	"max_iterations":	10000,
	"time_taken":	0.015078469,
	"ground_truth_matrix":	[[1.6095110103234284e-17, 0.99999625504451417, 3.74495548587049e-06], [0.99989890715345942, 1.0685440071396793e-07, 0.00010098599213983148], [0.669421955842828, 0.024990598339720369, 0.30558744581745168]],
	"estimated_matrix":	[[0.0047154860970972119, 0.99487560533236352, 0.00040890857053942325], [0.98974228937269, 0.00585510758764485, 0.00440260303966498], [0.67447137715062666, 0.023928806643051959, 0.30159981620632142]]
}
