{
	"input_file":	"/Users/daniel/ecological-inference-elections/instances/J1000_M50_G3_I4_seed1.json",
	"method":	"MVN PDF",
	"convergence_threshold":	0.001,
	"iterations_made":	26,
	"max_iterations":	10000,
	"time_taken":	0.010197361,
	"ground_truth_matrix":	[[0.999655042554651, 2.4074904847134567e-36, 2.9121643010498387e-05, 0.00031583580233853539], [0.36572340039044, 0.63379386208479382, 0.00048273752386814153, 8.9811263291090547e-13], [0.0014754207997198117, 2.7393600041192819e-08, 0.99844027520152867, 8.427660515152243e-05]],
	"estimated_matrix":	[[0.99233199390809967, 0.0066114673861689824, 0.00094719197741270232, 0.00010934672831857475], [0.37263795438849978, 0.62598502645350929, 0.0012842287824721809, 9.2790375518639578e-05], [0.0025782922203928323, 0.00061595142025497524, 0.99680575609534261, 2.6400961144160951e-10]]
}
