{
	"input_file":	"/Users/daniel/ecological-inference-elections/instances/J1000_M50_G3_I4_seed3.json",
	"method":	"MVN PDF",
	"convergence_threshold":	0.001,
	"iterations_made":	25,
	"max_iterations":	10000,
	"time_taken":	0.014453995,
	"ground_truth_matrix":	[[0.0079106308946006038, 1.3359687628713447e-05, 0.99207600641393079, 3.0038398784776768e-09], [3.9173543631709834e-12, 1.70193247748301e-14, 0.399114912726801, 0.6008850872692646], [2.2512335977835538e-13, 0.0049070051827384649, 0.01200888592695798, 0.98308410889007847]],
	"estimated_matrix":	[[0.0059725156047505043, 1.2862938517774679e-07, 0.978605102000323, 0.015422253765541237], [0.00028450369138983159, 0.00028049130564987526, 0.40569565747037689, 0.59373934753258339], [0.0003705031880836004, 0.0038944374986747969, 0.022897296933829137, 0.97283776237941233]]
}
