{
	"input_file":	"/Users/daniel/ecological-inference-elections/instances/J1000_M50_G3_I4_seed11.json",
	"method":	"MVN PDF",
	"convergence_threshold":	0.001,
	"iterations_made":	21,
	"max_iterations":	10000,
	"time_taken":	0.01187328,
	"ground_truth_matrix":	[[5.7849557710814577e-05, 0.72599254048754625, 0.27394960995474266, 1.8563433107768719e-16], [0.629076392770558, 0.043211562540931836, 0.327712029563299, 1.5125211107815766e-08], [2.04896300774977e-16, 0.0001582648905465613, 0.999469403491397, 0.00037233161805649986]],
	"estimated_matrix":	[[0.0076983973774452158, 0.714905384703362, 0.27725839165326238, 0.00013782626593026687], [0.616427347895309, 0.046855224094063667, 0.33671742785120728, 1.5942024645081351e-10], [0.0058091989729850647, 0.0087487324342752169, 0.98446672042083261, 0.00097534817190713264]]
}
