{
	"input_file":	"/Users/daniel/ecological-inference-elections/instances/J1000_M50_G4_I2_seed13.json",
	"method":	"MVN PDF",
	"convergence_threshold":	0.001,
	"iterations_made":	26,
	"max_iterations":	10000,
	"time_taken":	0.008523584,
	"ground_truth_matrix":	[[0.35855404622437054, 0.64144595377562952], [0.994775108708334, 0.00522489129166593], [0.99999999999976419, 2.3576333190981048e-13], [9.05936054994728e-09, 0.9999999909406394]],
	"estimated_matrix":	[[0.358712328263683, 0.641287671736317], [0.985949773154582, 0.014050226845418097], [0.98830319893684437, 0.011696801063155503], [0.0165883184058623, 0.98341168159413772]]
}
