{
	"input_file":	"/Users/daniel/ecological-inference-elections/instances/J1000_M50_G4_I2_seed7.json",
	"method":	"MVN PDF",
	"convergence_threshold":	0.001,
	"iterations_made":	26,
	"max_iterations":	10000,
	"time_taken":	0.012917002,
	"ground_truth_matrix":	[[2.5522326767945322e-08, 0.9999999744776733], [0.999395184355074, 0.00060481564492609124], [9.29494581127132e-05, 0.99990705054188733], [0.94223052899787663, 0.057769471002123436]],
	"estimated_matrix":	[[0.0041068548998018321, 0.99589314510019833], [0.99408812337705055, 0.0059118766229493474], [0.0044444690428193283, 0.99555553095718075], [0.93768857247647563, 0.062311427523524428]]
}
