{
	"input_file":	"/Users/daniel/ecological-inference-elections/instances/J1000_M50_G4_I2_seed16.json",
	"method":	"MVN PDF",
	"convergence_threshold":	0.001,
	"iterations_made":	26,
	"max_iterations":	10000,
	"time_taken":	0.014643069,
	"ground_truth_matrix":	[[0.00012008791872011569, 0.99987991208128], [0.0015512028396192823, 0.99844879716038071], [9.1359200417399955e-10, 0.999999999086408], [0.99997516579232559, 2.4834207674401713e-05]],
	"estimated_matrix":	[[0.00066107189594718434, 0.99933892810405278], [0.001434060193643638, 0.99856593980635644], [0.00064128203584212459, 0.999358717964158], [0.998534721020529, 0.0014652789794712291]]
}
