{
	"input_file":	"/Users/daniel/ecological-inference-elections/instances/J1000_M50_G4_I2_seed11.json",
	"method":	"MVN PDF",
	"convergence_threshold":	0.001,
	"iterations_made":	24,
	"max_iterations":	10000,
	"time_taken":	0.013499953,
	"ground_truth_matrix":	[[7.9677056171278447e-05, 0.9999203229438286], [0.99999999999999944, 6.776221769702628e-16], [0.935724621868451, 0.064275378131548863], [0.99999995384603235, 4.6153967646176253e-08]],
	"estimated_matrix":	[[0.0077842182778016539, 0.99221578172219838], [0.99574611452107431, 0.0042538854789255665], [0.93510856919274821, 0.064891430807251849], [0.99680028192928649, 0.0031997180707134584]]
}
