{
	"input_file":	"/Users/daniel/ecological-inference-elections/instances/J1000_M50_G4_I3_seed4.json",
	"method":	"MVN PDF",
	"convergence_threshold":	0.001,
	"iterations_made":	26,
	"max_iterations":	10000,
	"time_taken":	0.018239124,
	"ground_truth_matrix":	[[0.44903245838889477, 0.53995674525678361, 0.011010796354321745], [3.4434047031098527e-06, 0.2652128006240817, 0.734783755971215], [0.9999979768098, 2.4629276849086678e-13, 2.0231899539520577e-06], [0.00274924736319187, 0.99725048502813718, 2.67608670872541e-07]],
	"estimated_matrix":	[[0.450876243570128, 0.54045234747944426, 0.00867140895042747], [0.010035052726136477, 0.26126102159494147, 0.728703925678922], [0.98544121843635779, 0.013069849885364878, 0.0014889316782775125], [0.0085602310604867369, 0.98878423804321625, 0.0026555308962970836]]
}
