{
	"input_file":	"/Users/daniel/ecological-inference-elections/instances/J1000_M50_G4_I3_seed3.json",
	"method":	"MVN PDF",
	"convergence_threshold":	0.001,
	"iterations_made":	24,
	"max_iterations":	10000,
	"time_taken":	0.01672759,
	"ground_truth_matrix":	[[0.00791063091836287, 1.3359687668843812e-05, 0.99207600939396834], [0.99986580333509434, 0.00013361615659477971, 5.8050831082086e-07], [0.39911491272837052, 0.6008850872716277, 1.89025262423649e-15], [0.0049070051827395681, 0.012008885926960682, 0.98308410889029962]],
	"estimated_matrix":	[[0.0098152571618067563, 0.0019550663320244068, 0.988229676506169], [0.992863760158224, 0.00387113305297463, 0.0032651067888013752], [0.395313558533612, 0.600349048410284, 0.0043373930561043557], [0.012968458607814377, 0.00793698527287552, 0.97909455611931]]
}
