{
	"input_file":	"/Users/daniel/ecological-inference-elections/instances/J1000_M50_G4_I3_seed15.json",
	"method":	"MVN PDF",
	"convergence_threshold":	0.001,
	"iterations_made":	23,
	"max_iterations":	10000,
	"time_taken":	0.02110387,
	"ground_truth_matrix":	[[0.999987072808857, 1.161184953770297e-12, 1.292718998180975e-05], [1.6635498571078325e-05, 7.0324844161886856e-10, 0.99998336379818042], [0.23637117740325295, 0.763628711116097, 1.1148064981343467e-07], [1.3756195168007121e-13, 0.98203802049537636, 0.017961979504486039]],
	"estimated_matrix":	[[0.9887210795192003, 0.00836086373360286, 0.0029180567471966609], [0.0016683730366839791, 0.002125321385473835, 0.99620630557784218], [0.23472965633475745, 0.763050873517437, 0.0022194701478055732], [0.007691144691309576, 0.97542671514819068, 0.016882140160499767]]
}
