{
	"input_file":	"/Users/daniel/ecological-inference-elections/instances/J1000_M50_G4_I3_seed9.json",
	"method":	"MVN PDF",
	"convergence_threshold":	0.001,
	"iterations_made":	23,
	"max_iterations":	10000,
	"time_taken":	0.013168121,
	"ground_truth_matrix":	[[1.6095110103234284e-17, 0.99999625504451417, 3.74495548587049e-06], [0.99989890715345942, 1.0685440071396793e-07, 0.00010098599213983148], [0.669421955842828, 0.024990598339720369, 0.30558744581745168], [0.016415444272561055, 0.00050115407760959927, 0.98308340164982921]],
	"estimated_matrix":	[[0.0021371469464900759, 0.99653279924210469, 0.0013300538114052521], [0.9881925109717532, 0.0022948726705472, 0.00951261635769965], [0.67597190484932346, 0.024697500713332456, 0.29933059443734417], [0.021097304905424493, 0.0016935391849220022, 0.97720915590965352]]
}
