{
	"input_file":	"/Users/daniel/ecological-inference-elections/instances/J1000_M50_G4_I4_seed15.json",
	"method":	"MVN PDF",
	"convergence_threshold":	0.001,
	"iterations_made":	24,
	"max_iterations":	10000,
	"time_taken":	0.038398103,
	"ground_truth_matrix":	[[0.99995009920620637, 1.1611420200241996e-12, 1.2926712010845151e-05, 3.6974080621763533e-05], [5.18687826323303e-10, 0.73754759574575124, 0.062036190599123277, 0.20041621313643762], [2.5975124936117613e-07, 1.375619159481824e-13, 0.98203776540977361, 0.01796197483883942], [1.4439977768092807e-08, 1.8914809657822828e-07, 0.00033437533111941025, 0.99966542108080625]],
	"estimated_matrix":	[[0.999187272048097, 0.00017384513533674626, 0.000252494241446324, 0.00038638857511993826], [0.00035889356999684366, 0.735685539269102, 0.061363626726300635, 0.20259194043460066], [0.00019632276321952113, 0.0024843546898673389, 0.97918701286979282, 0.0181323096771203], [0.00017702237924998793, 0.0037140459264856213, 0.0023265702953256286, 0.993782361398939]]
}
