{
	"input_file":	"/Users/daniel/ecological-inference-elections/instances/J1000_M50_G4_I4_seed8.json",
	"method":	"MVN PDF",
	"convergence_threshold":	0.001,
	"iterations_made":	22,
	"max_iterations":	10000,
	"time_taken":	0.027684709,
	"ground_truth_matrix":	[[0.51192629327656136, 0.48763992436724779, 9.2346800279611949e-07, 0.00043285888818805316], [0.019580385928674452, 0.035910800596472364, 0.83706134547973576, 0.10744746799511731], [0.1918788225512881, 0.808066136102384, 7.17354445456834e-08, 5.4969610883351122e-05], [2.8443600525500413e-08, 0.78674629404488527, 0.213253677508137, 3.377260462559607e-12]],
	"estimated_matrix":	[[0.499900308035901, 0.49067400720835475, 0.00794283726103801, 0.0014828474947061079], [0.017327069428953047, 0.046221233778947837, 0.835987757159299, 0.10046393963280022], [0.19409169253444372, 0.798010478545339, 0.0068878821947864115, 0.0010099467254307752], [0.012770085422430374, 0.789507919806976, 0.19545160179632418, 0.0022703929742696341]]
}
