{
	"input_file":	"/Users/daniel/ecological-inference-elections/instances/J1000_M50_G4_I4_seed10.json",
	"method":	"MVN PDF",
	"convergence_threshold":	0.001,
	"iterations_made":	26,
	"max_iterations":	10000,
	"time_taken":	0.015300369,
	"ground_truth_matrix":	[[0.91672391205161974, 0.0832662455075139, 8.1618165435779754e-06, 1.6806243226189219e-06], [0.12241051519039228, 4.9282954792886928e-24, 0.67222172797611446, 0.20536775683349331], [0.99414606384987336, 0.00508106547089011, 0.00012096403583302554, 0.00065190664340363425], [0.015520993393777639, 0.025969232851349455, 0.21970269647945082, 0.73880707727542227]],
	"estimated_matrix":	[[0.91503493380390821, 0.0791929781352072, 0.0035879098920051267, 0.0021841781688793963], [0.12319854917604116, 0.0024349441640241936, 0.6596580477690307, 0.21470845889090387], [0.98818786780709755, 0.00511993170516039, 0.0030782116657441429, 0.0036139888219979968], [0.024322742688905406, 0.024336159687845287, 0.219000675241885, 0.73234042238136432]]
}
