{
	"input_file":	"/Users/daniel/ecological-inference-elections/instances/J1000_M50_G4_I4_seed9.json",
	"method":	"MVN PDF",
	"convergence_threshold":	0.001,
	"iterations_made":	22,
	"max_iterations":	10000,
	"time_taken":	0.017506365,
	"ground_truth_matrix":	[[1.35968147070997e-17, 0.8447760655518366, 3.1636606087885916e-06, 0.15522077078755459], [2.2729819009634442e-11, 2.14815048187967e-08, 0.96401186501510527, 0.035988113480660243], [0.69687378030862579, 0.0049759515668958533, 0.00015191294102871541, 0.29799835518344958], [0.32432651290004, 0.000783207512691629, 0.00709341940918334, 0.667796860178085]],
	"estimated_matrix":	[[0.011185348133464506, 0.83459234334796872, 0.0024752076596368856, 0.15174710085892981], [0.00710763730273913, 0.0036954769467770071, 0.95861254903585125, 0.030584336714632711], [0.690225770635177, 0.0057512648335905445, 0.0032180242333024432, 0.30080494029793009], [0.31260463651061421, 0.0063798348534818625, 0.0066484334109365665, 0.67436709522496741]]
}
