{
	"input_file":	"/Users/daniel/ecological-inference-elections/instances/J1000_M50_G4_I4_seed2.json",
	"method":	"MVN PDF",
	"convergence_threshold":	0.001,
	"iterations_made":	24,
	"max_iterations":	10000,
	"time_taken":	0.018477133,
	"ground_truth_matrix":	[[0.084479052756222375, 0.85683231166988649, 0.058644780138747313, 4.3855435143756829e-05], [0.00068243266951199929, 0.99931201352684462, 2.2785193860964842e-07, 5.3259517047540055e-06], [0.99378103941309359, 0.0052223654849163454, 0.000996589776717101, 5.3252729724449279e-09], [2.8730822978732757e-05, 2.2248483044558e-05, 0.04144947684683209, 0.95849954384714453]],
	"estimated_matrix":	[[0.087156030943372723, 0.85451446316670454, 0.055325751967870075, 0.0030037539220525364], [0.0028324725236570382, 0.99401183172124252, 0.0015899330113969988, 0.0015657627437035771], [0.98890685771079556, 0.00826908116659632, 0.000808090012300396, 0.002015971110307783], [0.00146544353268735, 0.0033190855675472959, 0.046706786593382545, 0.9485086843063828]]
}
