{
	"input_file":	"/Users/daniel/ecological-inference-elections/instances/J1000_M50_G4_I4_seed16.json",
	"method":	"MVN PDF",
	"convergence_threshold":	0.001,
	"iterations_made":	23,
	"max_iterations":	10000,
	"time_taken":	0.01951045,
	"ground_truth_matrix":	[[1.157583930174721e-05, 0.096383127517382927, 0.0014016751020481349, 0.90220362154126732], [7.03187870012956e-11, 0.076969573524923549, 0.92300750367545847, 2.2922729299127316e-05], [0.887791842955003, 6.98311761688681e-06, 2.1974009643851172e-08, 0.11220115195337058], [7.3642882986156262e-05, 0.451600326565512, 0.54832603052153339, 2.99684932960239e-11]],
	"estimated_matrix":	[[0.0033737114155623347, 0.087625952013929032, 0.013473764209644939, 0.895526572360864], [0.0015339394451007609, 0.0789705088771506, 0.91526664495528032, 0.00422890672246817], [0.88668731115365629, 0.0036139888276193674, 0.00667362948031375, 0.10302507053841058], [0.0018099256000280622, 0.44738270455531359, 0.54450942344701259, 0.0062979463976455749]]
}
