{
	"input_file":	"/Users/daniel/ecological-inference-elections/instances/J1000_M50_G4_I4_seed14.json",
	"method":	"MVN PDF",
	"convergence_threshold":	0.001,
	"iterations_made":	21,
	"max_iterations":	10000,
	"time_taken":	0.035349189,
	"ground_truth_matrix":	[[0.277315797262229, 0.0017528225930946296, 0.2728875682509, 0.4480438118937764], [0.17303146702208214, 0.0030702499343959952, 0.02839986330688115, 0.79549841973664071], [0.54905318736596653, 5.5919235425898975e-05, 0.1797875415150553, 0.2711033518835525], [4.08030967290139e-07, 0.5501299267069143, 0.44856499864865057, 0.001304666613467897]],
	"estimated_matrix":	[[0.26673073684302356, 0.0069744782945839242, 0.27837208707722477, 0.44792269778516774], [0.17856774604952058, 0.0047325394428293557, 0.032229063799996148, 0.784470650707654], [0.54602913797863117, 0.0048038421949832136, 0.18291604773254042, 0.26625097209384513], [0.0076592190463738918, 0.53275296007281248, 0.44659433647143526, 0.012993484409378338]]
}
