{
	"input_file":	"../../instances/J100_M50_G3_I3_L50_seed9.json",
	"method":	"MVN PDF",
	"convergence_threshold":	0.001,
	"iterations_made":	20,
	"max_iterations":	10000,
	"time_taken":	0.00610519,
	"ground_truth_matrix":	[[0.0074912953861159658, 0.50062704625065, 0.491881658363234], [0.26431498514720508, 0.28198911632292084, 0.45369589852987391], [0.5924477648098716, 0.31160369262214915, 0.095948542567979231]],
	"estimated_matrix":	[[0.016577503287495465, 0.49324664009864766, 0.49017585661385671], [0.25233864355914076, 0.30887610938839521, 0.438785247052464], [0.61091443331637851, 0.28088708363421533, 0.10819848304940619]],
	"log_likelihood":	[-155.26093249449414, -113.42579951599173, -91.663254560191973, -78.0839186195976, -69.392588096828248, -63.74095561089937, -60.028381580661012, -57.572056573045856, -55.938016709915246, -54.846458462007817, -54.115288830375455, -53.625151397072, -53.2972909277394, -53.079387030486821, -52.936431207797412, -52.844824345537248, -52.78853942020686, -52.756612728595421, -52.741492864167625, -52.737946167920541, -52.690340430397775]
}
