{
	"input_file":	"../../instances/J100_M50_G3_I3_L50_seed13.json",
	"method":	"MVN PDF",
	"convergence_threshold":	0.001,
	"iterations_made":	15,
	"max_iterations":	10000,
	"time_taken":	0.004901,
	"ground_truth_matrix":	[[0.42795213106645874, 0.0771833377876456, 0.49486453114589557], [0.44539345432817962, 0.47485814852501324, 0.0797483971468072], [0.27148763699248735, 0.431879006667955, 0.29663335633955767]],
	"estimated_matrix":	[[0.443042658527049, 0.080747123740244536, 0.47621021773270655], [0.41293576839647173, 0.48842679406331124, 0.098637437540217171], [0.28633979156499728, 0.43198396208815326, 0.28167624634684946]],
	"log_likelihood":	[-113.97935926579018, -86.290980823288862, -71.129355432035439, -61.824755615742852, -56.0129708288314, -52.349051685550748, -50.032083667692248, -48.5694340256649, -47.652220393990568, -47.0843899618243, -46.740454540724258, -46.539609214720159, -46.429609517927766, -46.376604739502731, -46.358664048197888, -46.361618935936185]
}
