{
	"input_file":	"../../instances/J100_M50_G3_I3_L50_seed16.json",
	"method":	"MVN PDF",
	"convergence_threshold":	0.001,
	"iterations_made":	11,
	"max_iterations":	10000,
	"time_taken":	0.003194,
	"ground_truth_matrix":	[[0.14090457732224396, 0.41296232609275713, 0.44613309658499889], [0.062522697791787138, 0.599349633264765, 0.3381276689434477], [0.82257953957974517, 0.12602514504674908, 0.0513953153735057]],
	"estimated_matrix":	[[0.1559812227446338, 0.37876443189718079, 0.46525434535818533], [0.069060784051056756, 0.611531694351557, 0.31940752159738622], [0.81857295322787527, 0.12994766300316921, 0.051479383768955646]],
	"log_likelihood":	[-226.76548403477057, -148.26163809559057, -107.38266502532633, -83.0553367763194, -68.145414050956873, -59.020340458274745, -53.58249964696526, -50.508988648399821, -48.921601364194522, -48.229386743188968, -48.0422408959101, -48.113601791022468]
}
