{
	"input_file":	"../../instances/J100_M50_G3_I3_L50_seed7.json",
	"method":	"MVN PDF",
	"convergence_threshold":	0.001,
	"iterations_made":	19,
	"max_iterations":	10000,
	"time_taken":	0.005262,
	"ground_truth_matrix":	[[0.036577241285230634, 0.697546888897068, 0.26587586981770139], [0.21879765890019268, 0.6495810753685386, 0.13162126573126864], [0.64224846952680181, 0.069064020825201869, 0.28868750964799622]],
	"estimated_matrix":	[[0.020989899786093027, 0.70808717751361727, 0.27092292270028973], [0.22220605134394442, 0.6278730452686756, 0.14992090338738], [0.65343994662456317, 0.075479084859627149, 0.27108096851580976]],
	"log_likelihood":	[-184.94045370573673, -134.62309379685638, -106.37975396822942, -87.901268713426759, -75.3931934374901, -66.7571401794717, -60.73213332376978, -56.510965932270558, -53.553787397095967, -51.4890085945582, -50.0563035100344, -49.0714832753472, -48.403595626728844, -47.959368872792723, -47.672362415148839, -47.495287006794243, -47.394530211767162, -47.346243808113, -47.333546482176317, -47.344524834843611]
}
