{
	"input_file":	"../../instances/J100_M50_G3_I3_L50_seed9.json",
	"method":	"Multinomial",
	"convergence_threshold":	0.001,
	"iterations_made":	22,
	"max_iterations":	10000,
	"time_taken":	0.00029298,
	"ground_truth_matrix":	[[0.0074912953861159658, 0.50062704625065, 0.491881658363234], [0.26431498514720508, 0.28198911632292084, 0.45369589852987391], [0.5924477648098716, 0.31160369262214915, 0.095948542567979231]],
	"estimated_matrix":	[[0.019239778758077891, 0.491378804026088, 0.48938141721583411], [0.250080422331733, 0.3086090409271724, 0.44131053674109472], [0.612371943477077, 0.28131988011014414, 0.10630817641277872]],
	"log_likelihood":	[-166.87046760942462, -117.90377744816584, -90.030059368733248, -73.561332398537758, -63.456139850201346, -57.026642987562546, -52.793989045313971, -49.917893519835, -47.905743989181545, -46.459988916211614, -45.395728041479124, -44.594942125799861, -43.980377037601158, -43.50025374335678, -43.1190941945647, -42.812086653451779, -42.561547058611417, -42.354649215550218, -42.181939349143356, -42.0363453531369, -41.912504074248623, -41.806296817755772, -41.673926989047011]
}
