{
	"input_file":	"../../instances/J100_M50_G3_I3_L50_seed11.json",
	"method":	"Multinomial",
	"convergence_threshold":	0.001,
	"iterations_made":	20,
	"max_iterations":	10000,
	"time_taken":	0.000209621,
	"ground_truth_matrix":	[[0.23647057945119962, 0.02339651959646144, 0.740132900952339], [0.516247965232227, 0.218010359126032, 0.265741675641741], [0.0036490791266723327, 0.1895586707975162, 0.80679225007581146]],
	"estimated_matrix":	[[0.194496737937915, 0.024916682857387216, 0.78058657920469776], [0.519269395658482, 0.23183277065520966, 0.24889783368630816], [0.022167033664906469, 0.19000480091066652, 0.787828165424427]],
	"log_likelihood":	[-176.51868722972489, -119.61228882176295, -88.634460637375724, -70.993900436071755, -60.500519591841417, -53.997037864732917, -49.808841859644986, -47.013970346286648, -45.086752385326541, -43.717462945369924, -42.717890765457661, -41.970288161771656, -41.398937903340915, -40.953869399431731, -40.601286127333864, -40.317798346795165, -40.086866720406533, -39.896560245976517, -39.738112569495968, -39.6049733308936, -39.448633344869435]
}
