{
	"input_file":	"../../instances/J100_M50_G3_I3_L50_seed1.json",
	"method":	"Multinomial",
	"convergence_threshold":	0.001,
	"iterations_made":	17,
	"max_iterations":	10000,
	"time_taken":	0.00016208,
	"ground_truth_matrix":	[[0.29749272785290543, 0.70244421200198748, 6.3060145107194e-05], [0.58481013050579844, 0.25781025207282132, 0.15737961742138015], [0.181511853553677, 0.373368719881009, 0.445119426565314]],
	"estimated_matrix":	[[0.28806268448640465, 0.69608956027711055, 0.015847755236484844], [0.58953436996401465, 0.252481263131714, 0.15798436690427151], [0.18525230874573131, 0.388298408223099, 0.42644928303116969]],
	"log_likelihood":	[-156.37686180206043, -105.44998147117879, -77.922417601624943, -62.646653674187547, -53.8763543395847, -48.6507039662265, -45.4155727041541, -43.3345517218841, -41.945014262889, -40.983721109808357, -40.29650015514683, -39.790383535424752, -39.407646270304546, -39.111392835265143, -38.877366272106414, -38.689182808548374, -38.535492716415483, -38.357220439514627]
}
