{
	"input_file":	"../../instances/J100_M50_G3_I3_L50_seed3.json",
	"method":	"Multinomial",
	"convergence_threshold":	0.001,
	"iterations_made":	13,
	"max_iterations":	10000,
	"time_taken":	0.000144601,
	"ground_truth_matrix":	[[0.33688219083814136, 0.518408337162583, 0.1447094719992755], [0.13709494665374614, 0.42840825980005576, 0.43449679354619813], [0.32007545057654463, 0.55390092484015363, 0.12602362458330174]],
	"estimated_matrix":	[[0.30092385999488042, 0.549471539897332, 0.14960460010778776], [0.1552172902743551, 0.411251289717231, 0.43353142000841388], [0.33154017954762949, 0.540783669688627, 0.12767615076374336]],
	"log_likelihood":	[-95.82052898928184, -77.466824889654731, -67.3380296196367, -61.64750369950162, -58.375104684101139, -56.4455639079181, -55.278450502084027, -54.554318993218743, -54.093639013326388, -53.793347568359, -53.593010602103725, -53.456430148632982, -53.361456222522726, -53.287243978085378]
}
