{
	"input_file":	"../../instances/J100_M50_G3_I3_L50_seed12.json",
	"method":	"Multinomial",
	"convergence_threshold":	0.001,
	"iterations_made":	25,
	"max_iterations":	10000,
	"time_taken":	0.00024286,
	"ground_truth_matrix":	[[0.0919790771562763, 0.74013821186145934, 0.16788271098226437], [0.23206761290778644, 0.004465558007663243, 0.76346682908455032], [0.42078789622427676, 0.006192728205026937, 0.57301937557069638]],
	"estimated_matrix":	[[0.096064563609536358, 0.74570447083383451, 0.15823096555662913], [0.24853622330353764, 0.0088454594634538846, 0.74261831723300842], [0.4039878962237971, 0.011440649003151747, 0.58457145477305128]],
	"log_likelihood":	[-272.48720447179085, -170.231258983315, -116.73511061870489, -87.207702114179668, -70.107581400405238, -59.7758965553293, -53.29083803429198, -49.0761690238406, -46.248528964610585, -44.295578494698688, -42.91062955399763, -41.904630264543883, -41.157816901252822, -40.592369748932818, -40.156519854842763, -39.815070670853856, -39.543606734750412, -39.324873626041651, -39.146466314587663, -38.999323247032734, -38.876726877192326, -38.773628692906, -38.686185935139129, -38.611438765414675, -38.547082095143359, -38.4437525949981]
}
