{
	"input_file":	"../../instances/J100_M50_G3_I3_L50_seed10.json",
	"method":	"MVN CDF",
	"convergence_threshold":	0.001,
	"iterations_made":	136,
	"max_iterations":	10000,
	"time_taken":	0.35914299999999977,
	"ground_truth_matrix":	[[0.590040182963056, 0.00838622005696103, 0.401573596979983], [0.59386635266519261, 0.296677408979759, 0.10945623835504842], [0.12026555402602122, 0.77879320819781883, 0.1009412377761599]],
	"estimated_matrix":	[[0.539394811347643, 0.0741651026692222, 0.38644008598313473], [0.61744464767914276, 0.26342355732157552, 0.11913179499928157], [0.15222996284156873, 0.721370764996692, 0.12639927216173932]],
	"log_likelihood":	[-0.26987067190412251, -0.26722893111236168, -0.26464736229840852, -0.262124059834538, -0.25965719743977944, -0.25724502424338974, -0.2548858610835491, -0.25257809701376888, -0.25032018601468431, -0.24811064389451878, -0.24594804535820436, -0.24383102124716616, -0.24175825592867109, -0.23972848482650355, -0.23774049209378781, -0.23579310840285361, -0.23388520885742262, -0.23201571101811069, -0.23018357302561437, -0.22838779182872337, -0.22662740149928451, -0.22490147163852112, -0.22320910585762158, -0.22154944034317575, -0.21992164249050622, -0.21832490960356363, -0.2167584676666475, -0.21522157016595306, -0.21371349697719691, -0.2122335533061051, -0.21078106867511806, -0.20935539596243249, -0.2079559104895, -0.20658200914407521, -0.20523310955381521, -0.20390864928912841, -0.20260808511158687, -0.20133089225246245, -0.20007656372509877, -0.19884460966943446, -0.197634556726887, -0.19644594744338956, -0.19527833969722194, -0.19413130615888172, -0.193004433767002, -0.1918973232333834, -0.19080958856987248, -0.1897408566316377, -0.18869076668741233, -0.18765897000398524, -0.1866451294489446, -0.18564891911519907, -0.18467002395677826, -0.1837081394417269, -0.18276297122520219, -0.18183423482804534, -0.18092165533671925, -0.18002496711107174, -0.17914391350984707, -0.17827824662096312, -0.17742772701089274, -0.17659212347653969, -0.17577121281723923, -0.17496477960579551, -0.174172615976457, -0.17339452141889811, -0.17263030258037568, -0.17187977307679655, -0.17114275331013887, -0.17041907029481063, -0.16970855748549293, -0.169011054622441, -0.16832640756883688, -0.16765446816333651, -0.166995094077974, -0.16634814867145628, -0.16571350086101627, -0.16509102498658554, -0.16448060068794379, -0.16388211277686796, -0.1632954511206893, -0.16272051052761316, -0.16215719062632433, -0.16160539576241678, -0.16106503488612256, -0.16053602144420379, -0.16001827328068721, -0.15951171252964355, -0.15901626551518114, -0.15853186265175845, -0.15805843834434832, -0.157595930889312, -0.15714428238059031, -0.15670343860749972, -0.15627334896156658, -0.15585396633683055, -0.1554452470356687, -0.15504715067142316, -0.1546596400684993, -0.15428268116793764, -0.153916242926629, -0.15356029721936618, -0.15321481874018839, -0.15287978489791931, -0.15255517571938026, -0.15224097374207138, -0.151937163914908, -0.151643733487635, -0.1513606719118068, -0.15108797072708871, -0.15082562345664974, -0.15057362549439371, -0.15033197399804374, -0.15010066777151859, -0.14987970715640875, -0.14966909391489364, -0.14946883111333359, -0.1492789230097063, -0.1490993749286352, -0.14893019314859959, -0.14877138478140914, -0.14862295764957095, -0.14848492016610759, -0.14835728121601913, -0.14824005002956717, -0.14813323606333442, -0.14803684887639459, -0.14795089800886, -0.14787539285812767, -0.14781034255842296, -0.14775575585886805, -0.14771164100054571, -0.14767800559800451, -0.14765485652150062, -0.14764219977279341, -0.14764004037732067, -0.147648382259201]
}
