{
	"input_file":	"../../instances/J100_M50_G3_I3_L50_seed5.json",
	"method":	"MVN CDF",
	"convergence_threshold":	0.001,
	"iterations_made":	114,
	"max_iterations":	10000,
	"time_taken":	0.302271753,
	"ground_truth_matrix":	[[0.099277505208629477, 0.80913423592827161, 0.0915882588630989], [0.608148478297384, 0.16248736605778868, 0.22936415564482709], [0.57283457335997, 0.28825508098764524, 0.13891034565238466]],
	"estimated_matrix":	[[0.15055883199469478, 0.72655865046793922, 0.12288251753736594], [0.58431531489775856, 0.23090111640013875, 0.18478356870210269], [0.52131841606816653, 0.33813743279107472, 0.1405441511407588]],
	"log_likelihood":	[-0.20676239270435923, -0.20426449237443187, -0.20182193643257362, -0.1994330094674539, -0.19709606844109168, -0.19480953910800256, -0.19257191264393561, -0.1903817424639945, -0.18823764122594075, -0.18613827799558672, -0.18408237557767637, -0.1820687079845604, -0.18009609805069823, -0.178163415170469, -0.1762695731602528, -0.17441352823191864, -0.17259427707086133, -0.17081085501755028, -0.16906233434129073, -0.16734782259677672, -0.165666461071206, -0.164017423303973, -0.16239991367924536, -0.16081316609058957, -0.15925644266700367, -0.157729032561565, -0.1562302507975909, -0.1547594371692069, -0.15331595519154195, -0.15189919110260039, -0.15050855290693751, -0.14914346946650686, -0.14780338962877534, -0.14648778139760513, -0.14519613113638594, -0.14392794280955168, -0.14268273725549166, -0.14146005149184462, -0.14025943804660668, -0.13908046432439955, -0.13792271199431905, -0.13678577640434864, -0.13566926602074045, -0.13457280188883289, -0.13349601712135967, -0.13243855639854654, -0.131400075496673, -0.13038024083384439, -0.129378729027482, -0.12839522648085547, -0.12742942897480763, -0.12648104128430104, -0.12554977680489332, -0.12463535719685512, -0.12373751204007725, -0.12285597850604958, -0.12199050104277551, -0.12114083106738074, -0.1203067266773004, -0.1194879523662279, -0.11868427875739034, -0.1178954823422538, -0.11712134523484587, -0.1163616549303714, -0.11561620407469733, -0.11488479024781664, -0.11416721575106345, -0.11346328740189544, -0.11277281634129553, -0.11209561785020512, -0.11143151116166877, -0.11078031930094834, -0.11014186891070692, -0.10951599009923674, -0.10890251628826332, -0.10830128406986361, -0.10771213306260966, -0.10713490578859892, -0.10656944753943953, -0.106015606259784, -0.10547323243055709, -0.10494217895871709, -0.10442230107357738, -0.10391345622643483, -0.10341550399530888, -0.10292830599251949, -0.10245172578289673, -0.10198562879731379, -0.10152988225791194, -0.10108435510272906, -0.10064891791531462, -0.10022344286043322, -0.099807803620336338, -0.099401875333171824, -0.0990055345421663, -0.098618659137509446, -0.09824112830855225, -0.097872822499423043, -0.097513623359970061, -0.097163413708184543, -0.096822077490909333, -0.0964894997464128, -0.096165566570899336, -0.0958501650858783, -0.09554318341146395, -0.0952445106367273, -0.094954036793001628, -0.09467165283421676, -0.094397250610693054, -0.094130722851829773, -0.0938719631474646, -0.0936208659304101, -0.093377326457525, -0.0931412408037346, -0.084997827775064969]
}
